Campaign_id,Channel,Spend,Clicks,Impressions,Date
CMP1825,Google Ads,30915.23,4556,99196,03/13/2025
CMP6913,Google Ads,917.29,145,5905,09/16/2025
CMP8929,LinkedIn Ads,24202.15,1889,30893,2025-04-01
CMP5515,Google Ads,3471.42,828,14156,06/26/2025
CMP6202,Google Ads,41702.74,2451,74357,11/13/2025
CMP3734,Instagram Ads,9290.98,526,12458,07/14/2025
CMP5821,Facebook Ads,65394.93,4424,89841,12/16/2025
CMP2678,LinkedIn Ads,44805.47,2261,51735,11/24/2025
CMP0917,Facebook Ads,3551.1,373,6207,2025-03-02
CMP6483,Email Marketing,8705.19,1220,62142,2025-07-05
CMP9561,LinkedIn Ads,36833.61,1846,49447,2025-12-03
CMP2505,Email Marketing,23015.2,1779,22969,07/17/2025
CMP0189,Email Marketing,27792.05,1926,96466,2025-02-10
CMP7434,Google Ads,85152.6,4365,96646,2025-02-04
CMP9978,Facebook Ads,25049.27,1581,22032,2025-04-10
CMP5948,Instagram Ads,1927.28,287,33385,10/18/2025
CMP8728,Facebook Ads,15155.24,1401,18828,2025-09-10
CMP3471,YouTube Ads,50096.75,3345,97673,07/24/2025
CMP1050,Instagram Ads,4279.96,351,4757,10/29/2025
CMP1105,Google Ads,7243.57,630,45309,05/23/2025
CMP9356,YouTube Ads,33110.91,2040,63953,07/28/2025
CMP6736,LinkedIn Ads,13384.0,937,97561,11/27/2025
CMP1791,Facebook Ads,9852.67,829,27112,03/13/2025
CMP1236,LinkedIn Ads,2884.27,852,74132,2025-04-10
CMP3503,LinkedIn Ads,1990.78,218,9685,07/19/2025
CMP9106,Email Marketing,41791.36,8023,96163,2025-01-06
CMP5139,Google Ads,7026.78,648,8572,09/29/2025
CMP9750,Google Ads,37336.38,3903,90501,10/19/2025
CMP9563,YouTube Ads,49802.29,2641,70522,04/15/2025
CMP4916,LinkedIn Ads,1714.99,644,43441,11/15/2025
CMP2171,Instagram Ads,4931.7,550,11016,03/22/2025
CMP8667,Google Ads,93182.4,4955,89538,02/23/2025
CMP2547,Instagram Ads,15632.07,2527,38930,06/25/2025
CMP4115,Google Ads,13372.07,1349,14097,05/22/2025
CMP2648,Email Marketing,67845.9,4569,59912,10/15/2025
CMP8939,Google Ads,58667.66,4821,50393,2025-09-08
CMP0654,Instagram Ads,19522.23,2843,29535,02/22/2025
CMP3879,Facebook Ads,5098.88,1738,25206,06/20/2025
CMP1772,LinkedIn Ads,3394.47,531,7075,08/24/2025
CMP6529,Instagram Ads,13336.36,3590,38517,05/23/2025
CMP8786,Instagram Ads,2998.49,168,5617,05/14/2025
CMP5664,Email Marketing,47505.77,3624,43114,09/19/2025
CMP7145,Google Ads,79358.89,6656,70146,2025-10-12
CMP5410,YouTube Ads,16152.4,1070,43145,2025-03-06
CMP4845,YouTube Ads,4357.15,442,18683,07/14/2025
CMP0007,Instagram Ads,9120.97,910,39606,10/24/2025
CMP3502,YouTube Ads,33244.23,6078,64021,02/13/2025
CMP3849,Email Marketing,31402.07,1890,42687,03/17/2025
CMP1194,LinkedIn Ads,65499.22,5209,56321,12/23/2025
CMP0091,Google Ads,10274.71,1842,57724,12/23/2025
CMP1989,LinkedIn Ads,17977.46,1691,19477,09/29/2025
CMP8271,LinkedIn Ads,67380.63,3702,73810,2025-01-09
CMP8541,LinkedIn Ads,28995.35,3969,84149,2025-09-02
CMP1321,Facebook Ads,9175.51,997,21769,03/20/2025
CMP6813,Google Ads,16489.04,1770,29110,10/27/2025
CMP4893,LinkedIn Ads,69478.02,4459,56921,2025-07-10
CMP0476,LinkedIn Ads,51012.21,3362,46057,08/28/2025
CMP9247,Email Marketing,1264.83,92,5552,2025-11-03
CMP7450,Instagram Ads,23250.74,3155,46236,2025-04-08
CMP5734,Facebook Ads,18985.43,1174,87215,11/30/2025
CMP2497,Facebook Ads,14485.62,1019,18544,10/16/2025
CMP9927,YouTube Ads,31030.48,1926,96156,03/25/2025
CMP6150,LinkedIn Ads,12634.97,3299,95718,12/20/2025
CMP9838,Google Ads,20796.08,6461,76177,09/30/2025
CMP0208,LinkedIn Ads,9219.21,914,66251,2025-05-07
CMP4426,YouTube Ads,70096.91,6395,72539,2025-12-08
CMP1420,Instagram Ads,32001.44,2047,61087,10/19/2025
CMP7989,Facebook Ads,18315.54,2166,48507,2025-02-11
CMP3955,Email Marketing,49497.55,4052,55271,2025-04-05
CMP1525,Instagram Ads,24918.31,1706,31045,2025-06-06
CMP9018,Instagram Ads,27276.99,3767,48112,2025-09-05
CMP8780,Email Marketing,5243.13,834,26267,2025-05-09
CMP3181,Instagram Ads,8618.27,1528,31816,2025-08-01
CMP4787,Email Marketing,23998.58,1356,18551,2025-09-09
CMP5583,Facebook Ads,5842.33,308,8734,2025-02-09
CMP0879,Facebook Ads,5163.92,1294,21555,2025-08-05
CMP3698,YouTube Ads,68811.61,3740,51856,2025-02-06
CMP1626,Facebook Ads,25009.49,3507,83987,2025-11-02
CMP6694,LinkedIn Ads,58869.44,7749,92357,04/29/2025
CMP3825,Instagram Ads,32712.32,3291,83927,2025-06-10
CMP1170,Google Ads,16903.47,1309,23747,10/19/2025
CMP6595,Instagram Ads,49835.56,4473,67597,2025-11-02
CMP0424,Google Ads,48150.39,2811,32005,10/22/2025
CMP2871,LinkedIn Ads,55157.57,5387,70021,05/23/2025
CMP7701,Instagram Ads,22569.48,2780,55523,02/23/2025
CMP6562,YouTube Ads,2081.14,515,6809,2025-10-05
CMP8890,LinkedIn Ads,2856.65,494,56165,2025-05-07
CMP8999,Facebook Ads,33034.92,1844,39752,2025-06-09
CMP2595,Instagram Ads,1970.63,162,74199,02/17/2025
CMP8166,Email Marketing,31678.6,2134,40254,2025-01-08
CMP3123,YouTube Ads,110245.03,6163,68616,2025-05-02
CMP0043,Instagram Ads,84766.95,4941,97164,10/24/2025
CMP9043,YouTube Ads,71158.18,3780,51441,2025-07-04
CMP0716,Instagram Ads,115748.76,7799,99609,07/15/2025
CMP2069,YouTube Ads,49066.0,2769,79356,08/14/2025
CMP2530,Google Ads,18711.53,2221,63537,12/21/2025
CMP8743,LinkedIn Ads,71901.85,4047,43505,01/19/2025
CMP1481,LinkedIn Ads,19959.97,1347,14903,02/21/2025
CMP5315,Google Ads,13752.65,1518,40452,03/16/2025
CMP2786,Facebook Ads,11116.33,833,12350,2025-04-05
CMP7530,Instagram Ads,3700.87,203,89404,08/27/2025
CMP5662,YouTube Ads,51567.8,2667,41210,12/20/2025
CMP7917,Google Ads,20163.94,1612,33091,10/22/2025
CMP6485,Instagram Ads,1382.68,75,3061,2025-12-09
CMP3116,YouTube Ads,44432.08,2826,34850,2025-04-12
CMP5062,LinkedIn Ads,6478.79,423,6373,02/16/2025
CMP8838,Instagram Ads,76901.85,4160,71579,03/26/2025
CMP1887,LinkedIn Ads,5305.81,338,11869,04/26/2025
CMP4333,YouTube Ads,8780.19,981,18199,2025-11-12
CMP1776,Email Marketing,5820.04,1981,32647,10/15/2025
CMP7607,Email Marketing,15414.97,3394,41608,01/24/2025
CMP8808,Facebook Ads,33866.51,3766,52940,12/23/2025
CMP6798,Email Marketing,13964.16,1052,14978,05/24/2025
CMP3869,Instagram Ads,12981.84,1454,15022,11/27/2025
CMP7451,Google Ads,48397.64,3525,88870,2025-02-11
CMP9251,Facebook Ads,6049.05,474,10992,04/30/2025
CMP2130,YouTube Ads,18438.28,3320,34853,2025-05-12
CMP9648,Instagram Ads,993.01,139,4068,2025-06-03
CMP5932,YouTube Ads,9816.72,943,79812,04/24/2025
CMP0511,Google Ads,33265.69,3340,64781,02/25/2025
CMP9967,Facebook Ads,1308.99,179,10609,11/21/2025
CMP8693,Instagram Ads,54881.01,4191,61469,02/20/2025
CMP3523,LinkedIn Ads,18713.88,1921,61186,08/21/2025
CMP4177,Instagram Ads,7320.27,1992,22006,02/13/2025
CMP2132,YouTube Ads,12506.61,650,9861,10/15/2025
CMP6930,Email Marketing,4474.47,344,8743,06/30/2025
CMP3675,Google Ads,41142.26,4606,47890,05/23/2025
CMP9122,Google Ads,107346.29,7661,81822,12/22/2025
CMP5568,Instagram Ads,1701.37,96,2800,10/17/2025
CMP1504,Email Marketing,16459.12,1812,71531,08/21/2025
CMP9300,YouTube Ads,819.96,157,13135,11/13/2025
CMP7958,YouTube Ads,25059.2,3442,59939,09/20/2025
CMP9718,LinkedIn Ads,43553.83,5515,71066,04/23/2025
CMP3461,Facebook Ads,10179.04,1235,35491,2025-04-01
CMP3771,YouTube Ads,97576.24,6876,75233,2025-01-07
CMP1276,Instagram Ads,44698.01,3566,77465,12/30/2025
CMP2816,YouTube Ads,105978.44,5699,62305,02/15/2025
CMP1289,LinkedIn Ads,18054.73,2831,42668,03/28/2025
CMP5725,Instagram Ads,16381.09,2469,97339,03/16/2025
CMP1235,Facebook Ads,86493.21,8145,84306,10/16/2025
CMP5296,Email Marketing,13111.86,1286,43436,08/29/2025
CMP5767,YouTube Ads,7247.64,685,11724,01/20/2025
CMP1480,YouTube Ads,38787.15,4203,79867,10/25/2025
CMP3085,Instagram Ads,44486.92,3946,81299,2025-01-02
CMP2828,Google Ads,29953.95,2948,34472,08/13/2025
CMP4635,LinkedIn Ads,40567.98,2821,55578,01/27/2025
CMP4656,Instagram Ads,20942.93,2513,96861,10/26/2025
CMP2113,YouTube Ads,11385.63,1438,94908,2025-12-07
CMP8625,Google Ads,79641.66,6987,86675,2025-10-01
CMP7968,Facebook Ads,3194.67,613,31693,2025-01-06
CMP0619,Email Marketing,14544.89,1123,46140,03/20/2025
CMP2713,Email Marketing,3943.84,407,59366,12/13/2025
CMP7356,Facebook Ads,15902.62,2009,71993,08/29/2025
CMP4617,LinkedIn Ads,42942.09,4370,67916,03/24/2025
CMP7874,Instagram Ads,13305.07,890,74684,09/22/2025
CMP8411,Facebook Ads,15268.85,801,59340,04/24/2025
CMP6127,Facebook Ads,6505.78,718,52615,01/15/2025
CMP2255,Google Ads,64798.29,3807,39601,12/23/2025
CMP1299,Google Ads,15965.36,933,35544,2025-08-10
CMP4935,Google Ads,2895.0,294,8258,11/15/2025
CMP8783,Google Ads,60494.07,4013,84831,05/30/2025
CMP3069,Email Marketing,16931.74,1452,89584,2025-04-07
CMP9080,Google Ads,12724.49,3901,53177,07/18/2025
CMP5650,Facebook Ads,27970.23,1748,98068,06/20/2025
CMP2869,Email Marketing,62483.7,5746,62899,2025-04-04
CMP4808,Facebook Ads,4572.34,254,7741,2025-11-06
CMP0600,Email Marketing,10680.15,1221,27048,01/25/2025
CMP6554,Email Marketing,27129.41,3217,59637,2025-06-04
CMP4370,Google Ads,27187.96,7005,97300,2025-05-11
CMP4844,Instagram Ads,75084.68,4986,60447,03/27/2025
CMP5777,YouTube Ads,31474.95,2299,59008,01/30/2025
CMP2622,Google Ads,23480.96,1788,20714,08/13/2025
CMP5934,LinkedIn Ads,4123.09,315,76349,12/14/2025
CMP2256,YouTube Ads,26485.78,3310,50096,05/23/2025
CMP6341,YouTube Ads,9412.26,586,17435,12/27/2025
CMP3280,Google Ads,6817.46,1796,19790,03/30/2025
CMP5693,Email Marketing,7348.64,613,10511,2025-03-06
CMP5923,YouTube Ads,10797.68,547,31391,03/13/2025
CMP7658,YouTube Ads,23420.53,1303,19009,2025-03-02
CMP6709,YouTube Ads,5972.09,306,11666,11/25/2025
CMP9033,Email Marketing,24541.72,1540,79042,2025-08-03
CMP4983,Facebook Ads,25854.2,1371,23229,04/26/2025
CMP9025,Instagram Ads,10373.24,1330,18406,2025-01-10
CMP2527,Facebook Ads,96240.3,5581,88341,10/16/2025
CMP9450,Instagram Ads,55774.0,3503,87344,2025-02-08
CMP4950,LinkedIn Ads,55639.34,3346,34096,07/27/2025
CMP6810,LinkedIn Ads,14548.25,1721,62875,03/15/2025
CMP2143,Instagram Ads,20270.08,4651,69499,2025-04-05
CMP0830,Instagram Ads,49980.17,5091,52351,03/23/2025
CMP8164,YouTube Ads,73949.61,4135,63186,2025-12-09
CMP3525,YouTube Ads,1516.24,448,48254,2025-11-09
CMP1762,LinkedIn Ads,13237.21,1857,19555,2025-07-07
CMP3190,Instagram Ads,9141.35,2414,74512,09/16/2025
CMP1947,Facebook Ads,7730.51,856,14672,06/23/2025
CMP8194,Google Ads,435.93,89,7938,06/20/2025
CMP2291,Instagram Ads,14209.13,2659,82356,2025-12-11
CMP8026,Email Marketing,27080.6,2505,75783,2025-09-01
CMP5041,Email Marketing,6291.72,486,92183,05/16/2025
CMP2794,YouTube Ads,31935.46,6279,84447,12/15/2025
CMP7226,Instagram Ads,12547.57,1290,56890,04/15/2025
CMP1021,Email Marketing,6814.87,1112,20098,06/16/2025
CMP8735,Instagram Ads,42295.37,2952,73601,12/15/2025
CMP9144,Instagram Ads,20298.35,1269,31473,12/27/2025
CMP9184,Email Marketing,5689.07,1228,37842,12/13/2025
CMP2400,Instagram Ads,6610.99,344,7513,2025-10-02
CMP3311,YouTube Ads,34534.41,2352,37537,2025-12-03
CMP8701,Facebook Ads,13209.45,3864,85616,07/31/2025
CMP9017,Facebook Ads,101822.81,5398,55334,2025-01-09
CMP4677,Email Marketing,3402.88,837,9754,10/21/2025
CMP2869,LinkedIn Ads,3950.2,198,25040,07/23/2025
CMP0614,Google Ads,31003.72,2376,41110,06/21/2025
CMP2199,YouTube Ads,13422.55,2285,63344,02/27/2025
CMP3051,Google Ads,91054.09,5573,98549,10/18/2025
CMP7008,YouTube Ads,7231.08,760,44982,02/18/2025
CMP4273,LinkedIn Ads,29482.9,1879,32870,06/18/2025
CMP5891,Email Marketing,4312.62,304,32972,08/27/2025
CMP5096,Email Marketing,25166.84,1358,17389,2025-01-06
CMP2510,LinkedIn Ads,30407.4,3110,81395,2025-09-10
CMP9762,Google Ads,43554.9,3709,70879,2025-05-07
CMP8282,Facebook Ads,22774.26,4446,77065,06/17/2025
CMP8009,Google Ads,61596.16,3699,68895,08/21/2025
CMP7576,Email Marketing,2149.84,228,42392,2025-02-01
CMP1045,YouTube Ads,3578.06,965,9897,08/30/2025
CMP6888,Instagram Ads,65983.15,3724,52132,07/13/2025
CMP5698,Google Ads,21101.68,2250,25392,2025-07-03
CMP8921,LinkedIn Ads,53381.11,3157,71721,2025-07-05
CMP1849,Google Ads,91740.68,6918,88533,2025-09-01
CMP9795,Email Marketing,5745.07,847,94181,01/23/2025
CMP0925,Facebook Ads,15960.14,2419,68046,10/22/2025
CMP3882,Instagram Ads,29063.09,2068,20777,04/24/2025
CMP2870,Email Marketing,86190.85,7049,90965,01/25/2025
CMP6822,LinkedIn Ads,11614.53,1278,21558,2025-03-10
CMP7587,Google Ads,66666.37,3430,75713,10/13/2025
CMP1296,LinkedIn Ads,9582.01,807,50637,2025-08-04
CMP1193,Facebook Ads,85260.05,5983,79015,04/22/2025
CMP3471,Facebook Ads,30704.8,1972,99186,2025-03-09
CMP3922,YouTube Ads,21694.62,2368,44154,2025-01-10
CMP7636,Google Ads,122544.3,7742,96688,06/13/2025
CMP3626,Email Marketing,819.37,116,21126,10/27/2025
CMP6224,YouTube Ads,25425.43,2095,34208,12/17/2025
CMP7551,Facebook Ads,31789.71,5820,98045,2025-07-10
CMP0555,Google Ads,13399.28,844,89584,07/31/2025
CMP3584,YouTube Ads,11054.32,3107,61770,11/23/2025
CMP6740,Google Ads,4859.42,321,4192,2025-02-10
CMP2938,Google Ads,5733.71,1123,14624,2025-09-04
CMP6113,LinkedIn Ads,31605.21,4678,62161,12/23/2025
CMP0520,Google Ads,28721.08,3156,55120,2025-01-09
CMP7110,Email Marketing,15090.0,831,45420,01/22/2025
CMP0763,Google Ads,84678.82,4643,91709,10/16/2025
CMP2363,Email Marketing,5261.39,680,54205,10/16/2025
CMP6289,Email Marketing,33023.67,1668,20343,2025-10-02
CMP1246,Instagram Ads,84077.53,6349,81320,2025-01-11
CMP8039,Facebook Ads,86882.6,4580,48636,2025-10-08
CMP4840,Facebook Ads,4935.32,1254,95468,03/20/2025
CMP5910,Google Ads,1140.11,60,13995,08/16/2025
CMP7354,YouTube Ads,40944.36,4247,74710,01/14/2025
CMP5316,LinkedIn Ads,1938.59,199,3617,02/13/2025
CMP2778,Facebook Ads,9233.9,1283,37247,03/16/2025
CMP1261,Instagram Ads,16022.68,1060,34990,2025-11-09
CMP0111,LinkedIn Ads,52398.57,3162,45544,06/18/2025
CMP9739,Facebook Ads,17795.6,1363,41378,12/22/2025
CMP5229,Instagram Ads,157313.8,8094,98321,2025-05-05
CMP1866,YouTube Ads,49381.54,2475,28188,2025-03-04
CMP7184,Instagram Ads,19912.13,1183,92811,07/29/2025
CMP2526,Email Marketing,11906.8,3138,57460,2025-03-11
CMP6854,YouTube Ads,6177.45,418,6818,2025-02-10
CMP5817,Facebook Ads,9576.18,775,86803,11/27/2025
CMP3638,YouTube Ads,104852.5,8549,99891,12/19/2025
CMP9644,Email Marketing,10961.42,1284,67597,01/13/2025
CMP1902,Email Marketing,6072.02,763,20569,08/22/2025
CMP7413,Instagram Ads,2179.22,664,10804,12/30/2025
CMP2693,Email Marketing,12010.99,2163,33970,03/23/2025
CMP3023,Facebook Ads,67183.79,7130,85948,2025-11-11
CMP3520,Facebook Ads,46388.26,3131,38483,2025-02-02
CMP7497,Google Ads,49216.4,2797,36387,09/28/2025
CMP5701,Instagram Ads,28186.72,5107,62012,2025-11-12
CMP1932,Facebook Ads,5748.91,1008,42026,12/22/2025
CMP6287,LinkedIn Ads,27828.27,2043,26347,12/22/2025
CMP5155,LinkedIn Ads,16376.08,928,83187,2025-05-01
CMP8282,Email Marketing,49253.93,3401,66876,2025-01-08
CMP3614,Instagram Ads,2129.91,331,6285,05/28/2025
CMP9007,YouTube Ads,5497.31,1222,16838,2025-06-10
CMP3581,LinkedIn Ads,21720.18,1388,15423,2025-02-06
CMP7194,Google Ads,15168.75,909,33056,10/29/2025
CMP2282,Facebook Ads,3655.56,293,29124,09/30/2025
CMP4795,Instagram Ads,42933.98,2240,77069,09/21/2025
CMP2079,Email Marketing,2838.25,561,19392,06/14/2025
CMP4403,Email Marketing,32509.98,3123,56293,11/21/2025
CMP6047,LinkedIn Ads,34640.61,2731,65968,02/17/2025
CMP8757,LinkedIn Ads,30635.11,1809,30551,2025-11-09
CMP9276,LinkedIn Ads,1473.58,446,47054,11/17/2025
CMP7480,Google Ads,34011.37,1707,58072,2025-09-03
CMP1351,Instagram Ads,9404.73,2761,89098,11/17/2025
CMP1560,Google Ads,7739.45,2003,29973,10/31/2025
CMP5630,Google Ads,27602.93,5735,57353,2025-06-02
CMP5134,Instagram Ads,5619.74,611,41223,2025-10-03
CMP2689,LinkedIn Ads,24217.06,1795,48030,03/19/2025
CMP1647,Facebook Ads,19200.88,1257,18142,06/29/2025
CMP4066,YouTube Ads,75074.0,4965,80774,05/26/2025
CMP3091,Email Marketing,34119.5,2471,53347,2025-03-05
CMP1164,YouTube Ads,4409.42,234,3581,2025-09-03
CMP7718,Google Ads,1288.64,350,4187,05/15/2025
CMP8210,LinkedIn Ads,13187.62,3345,57518,2025-02-10
CMP8378,Facebook Ads,12960.87,1388,22365,11/21/2025
CMP3910,Google Ads,7528.44,403,34044,2025-01-03
CMP2878,Google Ads,1773.15,120,3660,03/25/2025
CMP4248,Facebook Ads,17011.36,1089,50741,05/18/2025
CMP1047,Instagram Ads,128036.89,9497,95365,2025-12-09
CMP2735,Instagram Ads,17540.38,1094,22618,10/21/2025
CMP0202,Facebook Ads,4727.49,533,8026,03/18/2025
CMP6871,Facebook Ads,20381.09,2083,44179,06/13/2025
CMP0863,Facebook Ads,42536.79,2162,31253,07/25/2025
CMP1416,YouTube Ads,1029.95,115,61866,05/30/2025
CMP9695,LinkedIn Ads,36169.71,2288,27614,2025-06-05
CMP0158,Instagram Ads,1980.49,218,2191,2025-07-06
CMP0982,Facebook Ads,19129.0,4634,95277,04/29/2025
CMP1392,YouTube Ads,5247.59,1085,14527,07/21/2025
CMP2142,Facebook Ads,19460.52,1119,40230,07/21/2025
CMP3322,Facebook Ads,4916.94,942,78638,03/26/2025
CMP3402,LinkedIn Ads,27444.22,3845,42410,2025-03-03
CMP9885,Google Ads,7093.17,1392,30183,12/31/2025
CMP4263,Facebook Ads,8099.36,464,6073,2025-12-10
CMP2291,Google Ads,1379.55,81,3567,04/24/2025
CMP1377,YouTube Ads,40264.35,2170,78823,2025-08-02
CMP2111,Google Ads,3419.29,1053,45456,08/25/2025
CMP8129,Google Ads,19583.03,3545,52165,04/20/2025
CMP4027,Email Marketing,20322.74,2093,40680,2025-09-10
CMP3268,Email Marketing,28308.38,2091,70919,2025-06-10
CMP7941,Instagram Ads,33853.44,4165,76141,05/19/2025
CMP4603,Google Ads,38408.52,4387,63824,10/27/2025
CMP8744,Email Marketing,16587.47,832,9328,04/23/2025
CMP2847,Facebook Ads,19969.13,2476,33005,12/24/2025
CMP9301,YouTube Ads,22973.03,1203,20625,2025-10-09
CMP3812,YouTube Ads,1534.38,131,30679,2025-01-01
CMP2908,Instagram Ads,366.12,72,9806,12/27/2025
CMP6121,Email Marketing,83304.81,6531,88787,06/22/2025
CMP7983,Email Marketing,21971.41,1477,43586,10/15/2025
CMP5027,Email Marketing,23051.91,4875,92242,2025-01-01
CMP3620,Email Marketing,17040.62,902,76127,03/14/2025
CMP1454,Email Marketing,57253.93,5550,89821,05/16/2025
CMP1771,Email Marketing,573.74,62,2167,2025-03-08
CMP6150,Google Ads,66473.06,4785,64847,12/18/2025
CMP4832,Google Ads,41928.3,2189,43774,2025-07-02
CMP1526,Instagram Ads,92035.28,5076,79860,12/27/2025
CMP2574,Google Ads,4438.71,728,15272,2025-08-04
CMP4347,Email Marketing,8441.2,1268,38899,01/26/2025
CMP5912,Google Ads,5871.09,767,58047,2025-05-12
CMP4782,Google Ads,7864.6,996,64071,07/23/2025
CMP6350,Facebook Ads,28453.42,3174,50630,08/17/2025
CMP4401,YouTube Ads,3195.48,204,10079,2025-08-12
CMP9663,Facebook Ads,9450.46,549,74561,09/25/2025
CMP3861,LinkedIn Ads,3509.59,373,41171,01/18/2025
CMP2416,Google Ads,28013.17,1466,60856,03/27/2025
CMP7134,Facebook Ads,42263.52,2472,84211,05/13/2025
CMP5344,Instagram Ads,70546.92,3803,70116,2025-07-01
CMP9284,YouTube Ads,121386.08,6262,78372,02/21/2025
CMP5634,LinkedIn Ads,22585.31,1618,36620,10/20/2025
CMP9973,Email Marketing,21077.92,6631,92919,06/19/2025
CMP6103,Google Ads,20108.16,2532,46284,2025-09-09
CMP5258,Instagram Ads,90013.31,6878,97525,02/15/2025
CMP7938,YouTube Ads,5873.78,510,51009,03/23/2025
CMP8590,YouTube Ads,1333.25,227,5794,04/13/2025
CMP3263,Instagram Ads,43680.57,3852,50280,11/22/2025
CMP7309,Facebook Ads,59004.49,4857,64204,06/26/2025
CMP0450,LinkedIn Ads,3767.44,216,8507,04/20/2025
CMP6710,YouTube Ads,8721.79,449,4628,12/16/2025
CMP0139,Facebook Ads,42152.64,2541,35081,2025-06-06
CMP3576,LinkedIn Ads,42042.32,3303,41602,2025-04-01
CMP4632,Instagram Ads,19904.3,1821,91707,06/22/2025
CMP4896,Facebook Ads,18864.84,1034,21651,2025-04-11
CMP8149,Instagram Ads,16899.97,1764,36003,01/19/2025
CMP3644,Email Marketing,85708.25,5279,72075,2025-10-12
CMP9147,Facebook Ads,4821.66,449,40506,05/13/2025
CMP3642,Instagram Ads,54989.7,3098,31272,2025-04-08
CMP1930,LinkedIn Ads,8886.08,699,9035,11/14/2025
CMP6254,YouTube Ads,6003.08,1742,41106,03/19/2025
CMP7497,Facebook Ads,24632.76,1527,43469,2025-07-09
CMP7407,Instagram Ads,9312.81,740,29444,03/23/2025
CMP6610,LinkedIn Ads,8235.65,3190,64573,2025-01-10
CMP8701,Facebook Ads,1018.58,396,4348,2025-08-05
CMP8247,YouTube Ads,5165.1,1418,42123,01/24/2025
CMP5536,LinkedIn Ads,19052.12,2242,92017,2025-08-09
CMP0314,Facebook Ads,59758.77,3028,31402,04/19/2025
CMP0613,LinkedIn Ads,67826.73,4240,85928,11/16/2025
CMP0324,Google Ads,19068.09,1947,92406,07/14/2025
CMP0153,Instagram Ads,23341.3,5470,57164,09/24/2025
CMP1719,YouTube Ads,14730.89,1978,96210,02/24/2025
CMP8572,Facebook Ads,26119.41,3406,48913,01/21/2025
CMP3843,Google Ads,1745.19,95,3671,10/21/2025
CMP1660,Instagram Ads,40262.2,3837,86454,2025-01-06
CMP0647,Instagram Ads,25992.29,2611,49214,2025-01-03
CMP2794,Instagram Ads,69843.11,3635,48861,05/18/2025
CMP7480,Instagram Ads,65448.5,3967,52556,11/29/2025
CMP2612,Google Ads,53518.95,4889,56529,10/19/2025
CMP0473,Email Marketing,23989.03,2190,97325,2025-07-09
CMP5149,Google Ads,137777.8,8648,94349,10/23/2025
CMP1561,LinkedIn Ads,45069.0,4122,88732,2025-06-12
CMP0191,Email Marketing,36792.17,2120,22568,2025-11-09
CMP0825,YouTube Ads,31698.55,2304,31190,07/26/2025
CMP1443,LinkedIn Ads,12079.68,2639,60598,2025-12-09
CMP0003,Google Ads,105869.24,7940,81194,2025-05-06
CMP5585,Instagram Ads,5671.35,886,9113,08/21/2025
CMP5953,Email Marketing,4137.87,984,61314,2025-04-12
CMP4784,YouTube Ads,46016.15,3112,70417,01/24/2025
CMP6705,Google Ads,15129.85,2552,35330,2025-03-03
CMP5537,Google Ads,8047.86,430,56325,2025-11-12
CMP8261,Facebook Ads,1001.42,85,67382,01/25/2025
CMP2904,Email Marketing,22497.54,1472,77832,2025-07-03
CMP8260,LinkedIn Ads,93346.23,5038,56875,2025-08-05
CMP2264,LinkedIn Ads,104185.14,5784,80974,09/20/2025
CMP9070,Email Marketing,5380.22,872,30487,05/29/2025
CMP2914,YouTube Ads,78283.4,5737,73105,12/30/2025
CMP6840,Email Marketing,42711.2,2392,71979,2025-05-08
CMP0928,Facebook Ads,50722.55,3122,36993,05/27/2025
CMP8867,Google Ads,16130.3,3757,49013,2025-12-12
CMP8371,Email Marketing,40803.5,2888,39701,07/15/2025
CMP0213,Email Marketing,11770.01,881,34943,08/15/2025
CMP9641,YouTube Ads,52557.83,3268,98790,2025-10-04
CMP2848,Email Marketing,9346.7,1027,69350,2025-08-08
CMP4179,Google Ads,57738.71,3870,45327,03/21/2025
CMP4935,LinkedIn Ads,39940.16,4556,77061,12/29/2025
CMP8277,Facebook Ads,53517.79,4498,56516,02/17/2025
CMP4810,Facebook Ads,156138.37,7830,83039,11/29/2025
CMP3995,Google Ads,48695.7,5308,91463,02/28/2025
CMP8469,Instagram Ads,75555.44,6626,69411,2025-07-09
CMP1573,Facebook Ads,11611.76,4418,72513,2025-03-02
CMP6951,Google Ads,38290.99,2252,28945,2025-11-08
CMP0621,Google Ads,903.99,161,11600,2025-09-05
CMP6679,LinkedIn Ads,49919.7,5212,61129,2025-11-06
CMP1037,Email Marketing,6231.01,422,78756,2025-07-02
CMP9938,Google Ads,59595.22,3184,38899,07/15/2025
CMP2235,Email Marketing,34632.8,4520,53248,11/21/2025
CMP6114,Google Ads,88134.21,7216,74551,2025-05-03
CMP1395,Instagram Ads,9047.47,1458,29532,11/27/2025
CMP4141,Facebook Ads,5995.93,421,17023,10/18/2025
CMP1104,Instagram Ads,6899.81,454,14871,2025-07-09
CMP4672,YouTube Ads,3595.32,446,11149,08/19/2025
CMP9267,YouTube Ads,50909.32,2641,49774,03/28/2025
CMP7146,Instagram Ads,16551.55,1150,49118,06/19/2025
CMP9039,Google Ads,6634.08,385,25038,03/13/2025
CMP1236,Google Ads,15911.78,5224,68476,10/25/2025
CMP4270,YouTube Ads,54616.27,3917,72736,03/18/2025
CMP4768,Facebook Ads,47500.83,4155,62909,07/23/2025
CMP2718,YouTube Ads,5090.8,963,20398,10/17/2025
CMP5879,Google Ads,13419.36,2047,30681,05/16/2025
CMP5919,LinkedIn Ads,67657.1,3774,63561,01/21/2025
CMP4315,YouTube Ads,26159.99,4720,73349,2025-01-12
CMP8466,Instagram Ads,21630.95,1875,51326,06/30/2025
CMP2277,LinkedIn Ads,3818.25,992,23706,11/26/2025
CMP1939,Email Marketing,29183.77,1748,32191,02/28/2025
CMP6733,Google Ads,1070.79,226,33938,10/31/2025
CMP2407,Google Ads,20637.6,1107,23802,09/22/2025
CMP4645,Google Ads,24772.73,1889,30389,08/30/2025
CMP9547,Facebook Ads,23822.17,4383,83685,12/18/2025
CMP6316,Facebook Ads,501.41,83,16230,09/16/2025
CMP9828,Google Ads,65377.16,4173,71655,02/17/2025
CMP0020,Email Marketing,82835.08,7119,87096,2025-09-07
CMP7900,LinkedIn Ads,20077.71,4769,47943,2025-10-03
CMP9803,YouTube Ads,12550.8,2161,55562,12/30/2025
CMP3366,Email Marketing,30046.21,3399,43405,03/21/2025
CMP6940,YouTube Ads,45808.89,2307,49925,07/23/2025
CMP6066,YouTube Ads,27847.73,4012,74733,2025-07-06
CMP1952,Email Marketing,30448.09,1879,32116,03/24/2025
CMP9021,YouTube Ads,4792.25,902,93364,11/22/2025
CMP1445,Google Ads,8612.05,958,36483,2025-08-11
CMP9789,Google Ads,21117.49,2074,24973,04/14/2025
CMP8452,Email Marketing,14042.03,2569,32365,01/19/2025
CMP4521,LinkedIn Ads,31540.05,3287,48285,04/13/2025
CMP9005,Instagram Ads,170501.57,9210,97176,06/28/2025
CMP6619,YouTube Ads,645.32,116,2609,09/17/2025
CMP1918,YouTube Ads,37692.87,2253,35776,10/22/2025
CMP3986,Instagram Ads,59499.17,5633,62142,10/28/2025
CMP3611,Email Marketing,62991.28,3817,93904,07/31/2025
CMP4068,Instagram Ads,12389.18,867,14190,06/25/2025
CMP9400,Instagram Ads,9300.5,828,25957,04/13/2025
CMP4092,YouTube Ads,21406.4,1327,48665,2025-03-03
CMP8872,Google Ads,41287.59,3090,65214,2025-10-09
CMP8375,Instagram Ads,29208.67,1869,54150,2025-07-03
CMP8233,Instagram Ads,15551.88,1481,53605,2025-03-03
CMP3453,LinkedIn Ads,7170.74,875,78153,2025-10-11
CMP5622,Instagram Ads,20750.55,2092,26105,2025-03-08
CMP2149,YouTube Ads,63543.19,3794,91916,05/19/2025
CMP2451,LinkedIn Ads,1382.73,140,3276,2025-10-03
CMP4112,YouTube Ads,4167.69,440,76427,12/20/2025
CMP1578,LinkedIn Ads,38985.29,5533,99595,2025-04-07
CMP5753,Email Marketing,21146.91,1679,81374,11/29/2025
CMP7988,Email Marketing,6344.77,692,60580,05/27/2025
CMP5528,LinkedIn Ads,115953.86,6681,84742,2025-06-02
CMP4774,Email Marketing,34852.84,2529,37058,05/19/2025
CMP6783,Facebook Ads,675.1,144,26102,2025-01-05
CMP1688,Google Ads,18037.99,1009,10361,2025-08-10
CMP1703,Instagram Ads,10312.31,2594,83015,07/19/2025
CMP2072,Facebook Ads,37955.14,6919,71041,01/18/2025
CMP4464,YouTube Ads,22503.84,1156,60306,12/24/2025
CMP9241,LinkedIn Ads,72443.02,5291,70610,2025-08-06
CMP5045,Instagram Ads,11380.17,2178,56028,2025-06-01
CMP0137,Email Marketing,67674.03,6238,66478,2025-05-01
CMP6122,Facebook Ads,47113.34,4642,55967,2025-08-05
CMP1298,LinkedIn Ads,45862.65,3974,83962,2025-10-11
CMP6766,Facebook Ads,2068.86,423,10973,02/26/2025
CMP3077,Instagram Ads,427.81,127,4542,2025-01-10
CMP7184,Email Marketing,689.26,169,3075,2025-08-01
CMP8166,Instagram Ads,94159.26,5759,62776,06/19/2025
CMP8900,LinkedIn Ads,15212.25,837,25803,2025-09-05
CMP7258,Facebook Ads,3585.4,599,98681,02/18/2025
CMP5114,Instagram Ads,3448.25,222,22789,2025-09-10
CMP5906,Google Ads,70667.85,3618,89385,2025-01-05
CMP1961,LinkedIn Ads,1673.1,86,33862,10/25/2025
CMP4076,Facebook Ads,11574.22,798,67525,06/23/2025
CMP1760,Facebook Ads,15732.0,1956,65942,10/13/2025
CMP5869,Email Marketing,10261.58,563,19659,2025-06-09
CMP9285,Facebook Ads,23660.48,2898,73253,08/28/2025
CMP7363,Instagram Ads,20240.7,2268,36517,2025-01-01
CMP5966,YouTube Ads,20605.24,1363,33298,2025-04-12
CMP9036,Facebook Ads,19296.69,2369,82352,11/25/2025
CMP2127,Facebook Ads,1119.61,256,6099,2025-09-04
CMP8027,YouTube Ads,14252.23,4243,83785,04/24/2025
CMP8052,Google Ads,18822.95,5284,63349,10/13/2025
CMP8668,Google Ads,20574.9,1203,98246,2025-09-02
CMP6314,Facebook Ads,30859.72,2205,27312,10/19/2025
CMP9447,Instagram Ads,111921.39,7565,90407,2025-07-08
CMP2592,YouTube Ads,69299.85,3679,80632,2025-11-06
CMP5300,YouTube Ads,28386.17,2356,33551,2025-12-07
CMP0004,Email Marketing,4407.71,341,6543,09/23/2025
CMP5160,Google Ads,84949.57,4571,92402,09/19/2025
CMP5828,Facebook Ads,5282.98,592,20141,10/26/2025
CMP6551,YouTube Ads,5549.53,366,30499,2025-05-09
CMP1563,YouTube Ads,15678.55,4971,86181,10/23/2025
CMP7116,LinkedIn Ads,10522.72,1627,17799,2025-01-12
CMP4994,YouTube Ads,4492.74,376,7397,03/18/2025
CMP6437,LinkedIn Ads,53966.62,4762,80005,04/24/2025
CMP7797,YouTube Ads,10363.42,857,99689,05/15/2025
CMP2210,LinkedIn Ads,18454.82,1672,75308,11/30/2025
CMP4035,Facebook Ads,9575.64,595,11390,06/15/2025
CMP5707,Facebook Ads,37028.27,2872,44039,01/13/2025
CMP7246,YouTube Ads,6091.05,1854,21112,04/30/2025
CMP1406,Google Ads,6368.4,943,98938,11/14/2025
CMP5000,LinkedIn Ads,1960.65,236,63759,2025-03-10
CMP7914,YouTube Ads,34679.76,2365,97672,2025-09-12
CMP4186,Facebook Ads,2044.14,340,9878,12/23/2025
CMP6368,Email Marketing,48142.66,2765,37561,2025-04-12
CMP6333,Facebook Ads,82574.84,4215,51899,02/20/2025
CMP8203,LinkedIn Ads,16928.42,5886,75490,2025-07-05
CMP0302,Instagram Ads,50701.67,5815,91694,2025-04-06
CMP6344,Google Ads,15119.85,2345,74737,06/24/2025
CMP3727,LinkedIn Ads,12394.77,2396,33504,2025-09-06
CMP2271,YouTube Ads,93284.89,5653,72956,2025-12-03
CMP7047,Facebook Ads,21260.27,2639,88013,10/13/2025
CMP0484,Instagram Ads,26689.77,3418,56269,11/23/2025
CMP4373,YouTube Ads,33136.45,5066,76323,04/29/2025
CMP7809,Facebook Ads,53548.92,5003,67840,11/29/2025
CMP3167,Facebook Ads,7431.57,468,6224,2025-08-01
CMP3352,Google Ads,32680.63,1849,25209,2025-08-09
CMP9961,Email Marketing,24556.03,2613,51856,10/20/2025
CMP0631,YouTube Ads,10222.87,974,16328,01/22/2025
CMP9138,LinkedIn Ads,85522.66,6318,69649,01/26/2025
CMP4685,LinkedIn Ads,13621.17,1780,23821,01/28/2025
CMP8203,Google Ads,46278.26,2447,25562,12/23/2025
CMP2931,LinkedIn Ads,110711.3,7395,79373,04/14/2025
CMP2687,Email Marketing,8494.79,2074,98110,12/28/2025
CMP8384,YouTube Ads,19421.82,1601,22958,01/23/2025
CMP2657,Facebook Ads,2559.1,260,25444,2025-08-06
CMP3324,Google Ads,11386.42,4196,83600,2025-12-09
CMP3554,YouTube Ads,81894.68,7844,88438,08/15/2025
CMP4557,YouTube Ads,11581.83,3451,84396,03/17/2025
CMP9472,YouTube Ads,26161.07,1406,41117,01/26/2025
CMP9748,YouTube Ads,29173.43,1503,75685,10/24/2025
CMP6209,Google Ads,16577.45,4559,58010,08/30/2025
CMP6780,YouTube Ads,17859.34,2900,29504,01/30/2025
CMP7925,Email Marketing,47423.7,4755,92263,2025-12-06
CMP9219,LinkedIn Ads,81656.87,6023,70118,2025-10-09
CMP0026,Google Ads,3872.32,288,5143,2025-02-03
CMP9182,Email Marketing,1316.24,96,29831,12/20/2025
CMP5308,Google Ads,12115.38,1454,16920,07/22/2025
CMP5537,Email Marketing,64771.33,3937,64797,11/27/2025
CMP8798,Instagram Ads,64471.69,3441,62616,01/29/2025
CMP8780,Google Ads,35008.16,2415,29297,2025-01-07
CMP8754,Facebook Ads,46689.54,5011,76839,2025-01-11
CMP4449,LinkedIn Ads,19044.19,1067,13376,2025-10-07
CMP6132,Google Ads,4404.13,429,28489,01/13/2025
CMP8580,Instagram Ads,19526.33,1223,44904,02/20/2025
CMP6351,Email Marketing,2566.78,998,70464,01/23/2025
CMP8530,Email Marketing,14956.01,5169,99721,2025-09-06
CMP5229,LinkedIn Ads,14375.65,1977,89965,03/22/2025
CMP3385,YouTube Ads,36734.36,4550,47916,03/14/2025
CMP5550,YouTube Ads,2220.98,465,60149,08/30/2025
CMP2933,Email Marketing,94631.14,7351,80134,12/20/2025
CMP8741,Google Ads,22594.97,4701,63039,12/24/2025
CMP7626,LinkedIn Ads,4844.62,966,32368,2025-12-11
CMP5413,Instagram Ads,12248.76,4043,61412,2025-01-09
CMP5712,YouTube Ads,12448.31,1093,77324,07/27/2025
CMP8729,LinkedIn Ads,47576.09,4887,54535,11/14/2025
CMP3412,Email Marketing,58103.5,3581,79459,2025-11-08
CMP1277,Email Marketing,162122.23,9457,95311,02/28/2025
CMP7295,Facebook Ads,12544.98,3374,42374,02/25/2025
CMP1484,Facebook Ads,23642.64,1867,20208,11/22/2025
CMP6390,YouTube Ads,21996.43,3713,77750,12/15/2025
CMP7123,Email Marketing,9916.92,781,47123,2025-10-11
CMP8993,Google Ads,3254.59,193,2110,2025-03-07
CMP6460,Email Marketing,30593.75,3185,43697,2025-11-08
CMP9101,LinkedIn Ads,18027.28,3467,49223,2025-10-12
CMP7975,Email Marketing,4626.63,1162,59243,11/25/2025
CMP2946,LinkedIn Ads,42854.93,3524,68770,08/19/2025
CMP9469,LinkedIn Ads,58771.82,3928,97802,05/18/2025
CMP9309,LinkedIn Ads,27276.53,6088,94390,2025-04-09
CMP4579,LinkedIn Ads,8044.53,690,69757,2025-09-11
CMP1280,Email Marketing,68376.49,5169,85058,06/25/2025
CMP9404,Email Marketing,30348.66,3498,45452,05/31/2025
CMP4982,Email Marketing,7803.81,2183,75886,08/31/2025
CMP0448,Instagram Ads,3421.55,725,65538,2025-09-02
CMP4210,Google Ads,24526.53,1877,99180,10/30/2025
CMP3870,LinkedIn Ads,38863.41,2210,25699,06/25/2025
CMP8126,LinkedIn Ads,28109.29,1999,52222,11/23/2025
CMP4332,Google Ads,2347.08,221,8884,2025-01-09
CMP6223,Email Marketing,69586.25,6440,94485,03/16/2025
CMP6259,Email Marketing,1622.7,386,43377,09/30/2025
CMP5489,Instagram Ads,14077.4,3336,37007,2025-02-12
CMP9646,Facebook Ads,40409.23,2814,70151,2025-03-04
CMP0196,LinkedIn Ads,4858.17,1125,14805,08/17/2025
CMP0389,YouTube Ads,3141.36,166,14050,2025-03-12
CMP1416,YouTube Ads,11455.28,819,19027,11/28/2025
CMP7651,Email Marketing,18236.93,978,11924,05/22/2025
CMP2654,Google Ads,11612.22,3233,38344,07/18/2025
CMP1138,LinkedIn Ads,23886.94,2549,28302,11/27/2025
CMP1741,LinkedIn Ads,18492.2,4293,95768,2025-07-02
CMP8155,Facebook Ads,1204.84,64,87572,2025-07-12
CMP9415,Google Ads,110772.6,5846,69552,2025-09-09
CMP1149,YouTube Ads,581.33,63,31602,12/19/2025
CMP5464,Email Marketing,11544.94,3331,41692,11/28/2025
CMP7531,Instagram Ads,18880.2,3377,86907,01/21/2025
CMP1750,Email Marketing,65377.99,5936,92287,11/20/2025
CMP9715,Facebook Ads,11650.07,3234,66124,2025-04-10
CMP0269,Google Ads,4280.73,509,46470,01/22/2025
CMP7510,Email Marketing,19644.87,1270,72328,04/30/2025
CMP7721,YouTube Ads,4402.26,298,8003,2025-08-03
CMP1595,LinkedIn Ads,24787.82,1448,82114,2025-02-02
CMP1034,Facebook Ads,46981.65,2813,57864,12/14/2025
CMP5269,Facebook Ads,3636.71,657,7975,2025-02-02
CMP6061,YouTube Ads,12485.94,1846,23627,10/25/2025
CMP6163,Facebook Ads,1169.88,299,4048,2025-04-01
CMP6820,Email Marketing,27006.65,5721,64391,03/15/2025
CMP0617,YouTube Ads,27703.2,2097,25593,02/15/2025
CMP1926,YouTube Ads,11633.42,1317,14541,2025-04-10
CMP4529,Google Ads,8401.21,511,27391,12/17/2025
CMP0886,Email Marketing,14710.25,2385,49735,2025-09-05
CMP8805,Facebook Ads,1857.07,169,22715,2025-01-03
CMP6866,Facebook Ads,35149.61,5386,99922,02/26/2025
CMP3277,LinkedIn Ads,3770.56,351,30922,2025-06-09
CMP2918,LinkedIn Ads,12265.7,1167,50953,2025-10-04
CMP9318,Google Ads,2706.65,609,38779,08/27/2025
CMP4836,YouTube Ads,9412.38,746,22550,2025-11-10
CMP3547,YouTube Ads,28360.28,3840,64061,2025-08-08
CMP9696,Facebook Ads,19178.26,7408,77196,01/23/2025
CMP8702,LinkedIn Ads,97118.67,5756,64818,08/20/2025
CMP6663,Facebook Ads,6018.24,784,19394,11/28/2025
CMP7525,YouTube Ads,28136.59,9612,99948,08/21/2025
CMP6069,Email Marketing,79007.69,5816,62856,11/18/2025
CMP6978,Instagram Ads,112306.94,8937,93495,04/17/2025
CMP5964,Google Ads,7420.8,834,16544,11/13/2025
CMP1098,YouTube Ads,16754.83,3404,94974,06/21/2025
CMP9505,Email Marketing,7889.2,973,29498,05/17/2025
CMP5657,LinkedIn Ads,48707.34,4157,65730,2025-04-03
CMP4789,LinkedIn Ads,100326.27,6081,83389,12/21/2025
CMP2930,Instagram Ads,1469.67,273,12085,02/27/2025
CMP0372,Instagram Ads,67539.63,5640,56596,2025-09-03
CMP4777,Facebook Ads,1278.46,72,10250,04/29/2025
CMP5347,LinkedIn Ads,80881.9,5504,79772,2025-08-10
CMP5022,Facebook Ads,10732.82,978,36079,05/28/2025
CMP2635,Email Marketing,13576.12,2386,72165,03/31/2025
CMP9414,Facebook Ads,19579.9,2183,59788,04/16/2025
CMP2424,Instagram Ads,87519.94,4472,60776,2025-01-10
CMP2382,LinkedIn Ads,3419.8,1328,43971,2025-07-10
CMP4749,YouTube Ads,40555.26,2459,89410,08/15/2025
CMP2285,Email Marketing,7946.68,1007,74215,07/25/2025
CMP3198,YouTube Ads,30226.33,1869,71000,05/23/2025
CMP1432,YouTube Ads,18198.52,1642,53697,2025-05-11
CMP2424,Email Marketing,28492.96,3078,58051,2025-07-01
CMP9192,Google Ads,28926.02,1869,30271,2025-01-08
CMP6945,Email Marketing,20425.89,1193,56289,2025-03-11
CMP8607,Instagram Ads,19398.18,1005,10665,2025-12-07
CMP2866,YouTube Ads,72989.33,5868,62570,2025-12-03
CMP4948,YouTube Ads,50341.55,4097,41834,08/26/2025
CMP7743,Google Ads,46678.56,4763,87696,2025-09-09
CMP9813,Email Marketing,52469.9,4810,49416,2025-12-08
CMP1960,Instagram Ads,76081.31,6054,69177,05/13/2025
CMP2220,Instagram Ads,1934.28,266,23405,2025-03-08
CMP1259,YouTube Ads,14963.31,2622,27403,02/18/2025
CMP4933,Instagram Ads,25016.56,5989,91842,10/24/2025
CMP7945,LinkedIn Ads,5944.85,1385,46605,03/21/2025
CMP8613,YouTube Ads,134275.1,9079,95394,02/28/2025
CMP0285,LinkedIn Ads,37971.99,2602,47640,03/13/2025
CMP4992,Google Ads,12737.79,1993,99577,12/22/2025
CMP1288,LinkedIn Ads,7257.49,1880,92546,2025-05-09
CMP8413,YouTube Ads,2428.0,530,9768,2025-10-05
CMP2029,YouTube Ads,44872.5,2456,28922,2025-05-04
CMP4545,YouTube Ads,15584.13,2935,47591,09/14/2025
CMP0230,YouTube Ads,17445.06,2981,30442,05/25/2025
CMP8261,Email Marketing,44917.28,3052,64221,2025-05-04
CMP6949,Facebook Ads,18436.82,1914,69403,2025-10-06
CMP5919,Email Marketing,35300.39,2332,39784,2025-12-02
CMP5112,Email Marketing,23167.7,1900,60190,05/29/2025
CMP6021,Facebook Ads,4292.76,301,3675,07/22/2025
CMP6469,LinkedIn Ads,26555.21,1716,93099,03/28/2025
CMP6624,Google Ads,27176.71,1789,32522,05/23/2025
CMP6558,Instagram Ads,71948.28,5511,64367,07/27/2025
CMP2002,Instagram Ads,26961.87,4123,66138,2025-10-03
CMP0439,Facebook Ads,71959.15,5002,52152,03/20/2025
CMP8519,LinkedIn Ads,13014.05,1704,63082,2025-12-09
CMP8857,YouTube Ads,1309.27,66,4316,2025-02-03
CMP0590,Google Ads,32712.48,2330,25182,2025-05-06
CMP7987,Google Ads,61841.49,5579,76560,2025-11-10
CMP8302,Google Ads,24623.71,2207,53299,07/13/2025
CMP2101,Instagram Ads,4290.54,270,47727,11/17/2025
CMP6750,Instagram Ads,4924.7,727,9398,2025-01-05
CMP4996,Google Ads,4096.74,1440,46249,06/16/2025
CMP6901,Instagram Ads,4352.22,406,4674,2025-12-01
CMP8002,Google Ads,28682.79,3423,92552,09/15/2025
CMP3306,LinkedIn Ads,22093.35,1284,85288,2025-02-10
CMP6587,Facebook Ads,23433.16,1556,83863,10/24/2025
CMP8701,LinkedIn Ads,15165.97,1768,57981,2025-09-02
CMP3279,LinkedIn Ads,28324.92,2108,54730,08/21/2025
CMP3057,YouTube Ads,25231.01,1794,67431,08/28/2025
CMP7107,YouTube Ads,12000.55,1031,97238,2025-06-07
CMP4920,LinkedIn Ads,46691.66,2660,55773,2025-02-02
CMP4202,Email Marketing,19051.67,1984,80804,02/28/2025
CMP7605,LinkedIn Ads,35804.68,3622,75377,01/19/2025
CMP4552,Email Marketing,20538.74,1491,74182,01/22/2025
CMP9857,Instagram Ads,18676.05,972,10333,2025-06-07
CMP9355,Email Marketing,12076.36,1038,67568,10/25/2025
CMP2004,Instagram Ads,53857.63,3244,45160,2025-01-05
CMP7201,LinkedIn Ads,8571.5,2464,35332,2025-01-10
CMP4037,Instagram Ads,16613.96,1536,20993,2025-08-07
CMP0896,Email Marketing,27542.55,3976,90027,07/16/2025
CMP2000,YouTube Ads,17313.33,1862,32983,07/21/2025
CMP4873,Facebook Ads,25024.4,1847,23001,11/26/2025
CMP8056,LinkedIn Ads,127533.87,6815,98592,06/20/2025
CMP5765,LinkedIn Ads,100794.85,6023,80920,06/17/2025
CMP3011,Email Marketing,25877.44,5301,60117,07/25/2025
CMP2586,Facebook Ads,114770.52,5895,69681,11/29/2025
CMP7398,LinkedIn Ads,15797.47,2237,98360,12/18/2025
CMP2981,LinkedIn Ads,30355.49,4722,51456,2025-12-01
CMP7577,Facebook Ads,50863.37,2922,36312,01/26/2025
CMP6029,Facebook Ads,2777.23,1011,76349,09/27/2025
CMP3329,Facebook Ads,19126.62,1229,36891,07/15/2025
CMP4637,Email Marketing,30955.14,3152,90760,07/29/2025
CMP4069,Instagram Ads,78189.55,5655,78402,02/13/2025
CMP6514,Email Marketing,27366.39,2971,29815,2025-05-08
CMP5454,Facebook Ads,58871.56,2952,63726,2025-10-12
CMP8267,YouTube Ads,49565.66,2528,51930,2025-10-12
CMP2784,YouTube Ads,50517.11,2828,66597,2025-09-03
CMP1915,Instagram Ads,2022.51,180,7788,05/24/2025
CMP4322,YouTube Ads,65582.64,3619,43026,2025-11-06
CMP7209,Google Ads,2273.34,658,26762,2025-04-04
CMP1901,LinkedIn Ads,4387.03,502,7346,12/30/2025
CMP2426,Google Ads,4949.32,816,47823,05/26/2025
CMP9596,Facebook Ads,971.54,83,78486,10/20/2025
CMP1546,Instagram Ads,2812.48,195,5402,12/15/2025
CMP5301,Facebook Ads,1403.69,133,5784,12/29/2025
CMP5398,Google Ads,61174.13,7473,88005,10/19/2025
CMP0910,Email Marketing,3423.42,831,11269,2025-11-05
CMP2670,LinkedIn Ads,32959.85,2384,54742,2025-01-12
CMP5081,Email Marketing,9881.18,1125,81103,02/19/2025
CMP7806,Instagram Ads,49191.85,4967,75801,2025-05-08
CMP0663,YouTube Ads,55157.13,3847,46793,11/28/2025
CMP4763,LinkedIn Ads,12826.54,698,59325,2025-02-09
CMP4074,YouTube Ads,30749.96,2470,58063,2025-10-10
CMP1549,LinkedIn Ads,36634.86,4201,88619,10/27/2025
CMP2942,Facebook Ads,1662.19,420,53505,12/27/2025
CMP7372,YouTube Ads,28116.68,1448,36743,2025-06-04
CMP1743,LinkedIn Ads,510.06,196,72041,2025-01-03
CMP9862,Email Marketing,33709.06,2530,65795,2025-12-11
CMP4959,Google Ads,894.16,326,18395,02/27/2025
CMP2379,Email Marketing,31611.87,1834,33690,2025-03-10
CMP6913,Google Ads,7133.98,390,17264,12/26/2025
CMP3976,Facebook Ads,40530.66,2382,40644,07/20/2025
CMP7075,LinkedIn Ads,76870.57,6088,66972,2025-11-10
CMP7994,Facebook Ads,12262.2,1044,95623,2025-05-08
CMP6835,LinkedIn Ads,14241.22,1063,17327,11/27/2025
CMP3150,LinkedIn Ads,23878.41,3639,47068,04/23/2025
CMP7676,Facebook Ads,45012.16,3011,40455,2025-02-08
CMP1413,Email Marketing,6124.58,1107,65293,03/22/2025
CMP4976,Facebook Ads,7743.44,2330,29450,2025-10-01
CMP8249,Google Ads,3964.16,395,10344,11/13/2025
CMP5821,Google Ads,40753.84,2241,75010,12/20/2025
CMP7174,LinkedIn Ads,4303.59,266,16539,2025-09-11
CMP1935,Facebook Ads,20368.81,1336,49400,12/29/2025
CMP5960,Instagram Ads,5222.47,301,20058,08/13/2025
CMP4699,YouTube Ads,2854.95,399,24447,2025-01-08
CMP8678,LinkedIn Ads,10166.54,615,31908,07/31/2025
CMP0488,LinkedIn Ads,1355.26,90,21082,09/22/2025
CMP2693,LinkedIn Ads,7135.21,452,10056,2025-05-12
CMP8517,Instagram Ads,60178.01,3343,56959,12/25/2025
CMP0130,Instagram Ads,93969.82,5050,71178,12/25/2025
CMP7245,Email Marketing,54041.75,3363,47252,2025-04-06
CMP2065,YouTube Ads,14820.84,2375,72882,09/19/2025
CMP0384,Google Ads,34453.76,4903,72770,2025-05-06
CMP4256,Email Marketing,13780.85,2953,68518,11/30/2025
CMP5554,Facebook Ads,118747.58,9578,99748,11/18/2025
CMP9385,Email Marketing,13773.04,1512,20346,2025-07-05
CMP5920,LinkedIn Ads,5233.8,350,14843,07/30/2025
CMP3520,LinkedIn Ads,11561.58,806,12233,07/26/2025
CMP9574,LinkedIn Ads,139313.49,6987,85422,12/19/2025
CMP7500,Facebook Ads,148922.15,8458,94343,2025-02-03
CMP9160,Instagram Ads,22326.75,1282,17566,02/26/2025
CMP1930,Instagram Ads,24334.58,3117,41967,2025-06-09
CMP5000,Instagram Ads,13450.92,799,30256,2025-08-09
CMP6842,LinkedIn Ads,32081.05,2587,77112,06/22/2025
CMP2270,YouTube Ads,120319.11,7601,85422,2025-08-12
CMP6712,LinkedIn Ads,14073.78,1669,32516,01/24/2025
CMP0407,YouTube Ads,62946.39,5110,84589,2025-05-03
CMP0867,YouTube Ads,25031.27,1601,70387,09/15/2025
CMP0311,Instagram Ads,17938.64,1054,28975,10/24/2025
CMP0738,LinkedIn Ads,2273.11,224,5049,2025-01-08
CMP1628,YouTube Ads,6115.09,1218,24040,2025-11-05
CMP5330,Facebook Ads,1462.37,415,5561,07/19/2025
CMP6153,Google Ads,1720.2,257,8799,2025-02-11
CMP1886,Instagram Ads,3987.9,375,9947,07/28/2025
CMP0306,Instagram Ads,69438.21,4851,74623,2025-07-05
CMP1375,Email Marketing,27799.93,1716,67592,03/14/2025
CMP6943,YouTube Ads,986.87,392,61210,08/26/2025
CMP7901,Instagram Ads,36187.13,2105,80363,07/14/2025
CMP0746,Facebook Ads,108714.56,8800,98886,2025-03-06
CMP9118,Instagram Ads,23425.82,1777,58618,2025-12-06
CMP4030,Email Marketing,17617.49,2848,44157,2025-03-11
CMP9975,LinkedIn Ads,742.16,52,2560,07/31/2025
CMP1330,Email Marketing,15742.8,1320,87362,2025-10-12
CMP9852,Instagram Ads,25794.76,1501,52692,12/23/2025
CMP0154,Facebook Ads,5898.87,374,99405,12/15/2025
CMP3624,Facebook Ads,9504.1,3023,66724,2025-10-09
CMP6490,Google Ads,26799.82,2381,38352,03/29/2025
CMP9880,YouTube Ads,4055.34,317,25006,2025-03-02
CMP4495,Facebook Ads,8499.72,428,90864,12/21/2025
CMP0033,LinkedIn Ads,15680.85,899,86012,06/15/2025
CMP8120,Instagram Ads,20434.38,6267,69797,04/25/2025
CMP6421,Facebook Ads,12889.24,720,45870,01/13/2025
CMP2695,Instagram Ads,7588.57,564,42737,02/19/2025
CMP5478,Instagram Ads,5296.71,491,34394,06/24/2025
CMP9830,YouTube Ads,11198.52,833,59478,10/24/2025
CMP1066,Facebook Ads,16392.9,991,10126,01/29/2025
CMP0915,YouTube Ads,6098.19,351,8842,07/25/2025
CMP0174,LinkedIn Ads,63232.05,3852,52321,11/14/2025
CMP8475,Instagram Ads,7138.33,1626,79045,2025-07-01
CMP9392,Facebook Ads,58583.25,8387,85540,2025-04-08
CMP0723,Google Ads,8757.65,688,18735,09/20/2025
CMP2416,LinkedIn Ads,21710.16,2859,42458,2025-05-01
CMP8309,YouTube Ads,4105.09,482,9157,04/13/2025
CMP7658,YouTube Ads,95320.58,5475,92756,10/17/2025
CMP7444,Google Ads,34352.7,1847,67002,11/24/2025
CMP7877,Email Marketing,19065.11,3129,45452,2025-05-04
CMP1888,Facebook Ads,10936.52,1853,40086,10/27/2025
CMP3588,Instagram Ads,24537.97,2905,96219,2025-11-10
CMP1658,Google Ads,20983.38,2298,90795,02/26/2025
CMP6101,Email Marketing,43275.22,2208,24460,11/16/2025
CMP2143,Facebook Ads,20343.2,2231,27124,2025-11-07
CMP9623,Facebook Ads,40125.44,2459,72184,06/17/2025
CMP8328,YouTube Ads,26861.71,1764,66092,08/29/2025
CMP8343,Instagram Ads,45686.11,4300,67350,06/14/2025
CMP7763,Instagram Ads,45565.27,3334,78177,10/26/2025
CMP3841,LinkedIn Ads,12949.08,1303,30651,07/13/2025
CMP1377,Instagram Ads,37206.02,4300,60262,10/26/2025
CMP7661,LinkedIn Ads,50731.21,3060,55602,2025-12-06
CMP1244,Instagram Ads,11261.35,653,12802,09/20/2025
CMP1613,Google Ads,2494.73,787,11351,04/13/2025
CMP4497,Facebook Ads,46095.58,2308,94489,2025-06-10
CMP6617,LinkedIn Ads,87397.14,6257,78015,08/30/2025
CMP3439,LinkedIn Ads,27614.28,2162,32634,2025-10-10
CMP3078,LinkedIn Ads,42514.18,6893,93480,08/19/2025
CMP5007,Email Marketing,5088.02,305,3268,2025-01-07
CMP8809,Instagram Ads,2983.83,240,44739,01/17/2025
CMP9959,YouTube Ads,19271.47,3173,53234,07/20/2025
CMP9331,LinkedIn Ads,20828.03,5041,85755,02/23/2025
CMP0440,Facebook Ads,6161.81,334,28083,07/17/2025
CMP7450,Google Ads,11573.21,4297,50319,06/17/2025
CMP7836,Email Marketing,16255.21,846,11012,04/16/2025
CMP7779,Facebook Ads,90150.48,4761,81129,10/28/2025
CMP0122,Facebook Ads,9717.93,574,60422,2025-06-11
CMP7540,LinkedIn Ads,5698.96,370,77514,05/28/2025
CMP6408,YouTube Ads,12004.75,1750,24954,11/13/2025
CMP9317,Google Ads,2724.73,407,53583,03/22/2025
CMP3560,LinkedIn Ads,21157.39,4578,55907,2025-08-07
CMP7389,Facebook Ads,10209.16,899,35130,08/25/2025
CMP6245,Instagram Ads,115201.99,6592,99774,07/23/2025
CMP5360,Email Marketing,42517.04,4021,62849,2025-12-02
CMP7714,Instagram Ads,12845.91,748,23150,2025-07-11
CMP2760,Google Ads,3344.53,233,90000,03/20/2025
CMP8722,Facebook Ads,19203.8,5757,59941,11/22/2025
CMP6400,Email Marketing,12599.46,3687,42412,2025-03-01
CMP3909,Facebook Ads,810.11,82,13978,2025-08-01
CMP1583,Email Marketing,2400.34,734,24004,09/20/2025
CMP3394,YouTube Ads,16403.02,3555,53781,04/20/2025
CMP5182,Google Ads,18867.21,1792,53011,2025-03-02
CMP3581,LinkedIn Ads,81615.18,4142,41522,02/22/2025
CMP5315,Email Marketing,92154.67,6416,93267,12/22/2025
CMP5210,Email Marketing,5043.7,603,65193,2025-08-11
CMP8249,YouTube Ads,1754.35,267,94357,2025-12-11
CMP1301,Google Ads,9173.04,817,20029,04/14/2025
CMP9799,LinkedIn Ads,26357.97,5435,98895,2025-12-06
CMP0389,Facebook Ads,46542.16,5477,98059,04/16/2025
CMP3645,YouTube Ads,35123.89,4321,52002,08/15/2025
CMP2319,Facebook Ads,1312.82,237,18457,2025-09-10
CMP5104,Facebook Ads,22299.41,3286,96591,2025-01-04
CMP3300,Instagram Ads,13495.63,705,65068,2025-04-07
CMP9985,Email Marketing,22333.91,1326,58810,2025-04-09
CMP4919,YouTube Ads,15839.56,1301,72411,03/31/2025
CMP9211,YouTube Ads,5323.89,639,65025,08/29/2025
CMP6132,LinkedIn Ads,65508.44,3456,55025,2025-11-07
CMP6698,Google Ads,15764.68,838,18315,03/25/2025
CMP5712,YouTube Ads,109645.83,8055,94946,2025-08-07
CMP3971,LinkedIn Ads,5687.5,420,6522,12/13/2025
CMP7463,Email Marketing,7451.27,1091,21315,10/24/2025
CMP6298,LinkedIn Ads,15810.63,1366,94545,2025-07-04
CMP8736,Email Marketing,38272.6,4851,52172,07/30/2025
CMP2339,Instagram Ads,24750.86,1680,29462,2025-04-01
CMP6846,YouTube Ads,40831.16,5411,56636,2025-09-08
CMP7971,Facebook Ads,9898.4,953,67878,04/19/2025
CMP3144,Instagram Ads,49298.93,3660,55581,11/16/2025
CMP2043,Instagram Ads,1207.67,400,10423,2025-01-05
CMP4360,Google Ads,3083.13,735,89205,09/25/2025
CMP4356,LinkedIn Ads,52487.65,6250,64027,2025-08-08
CMP3926,Instagram Ads,60008.63,6578,89173,01/30/2025
CMP6584,Email Marketing,1329.41,102,20201,09/29/2025
CMP7786,YouTube Ads,31595.61,5458,56149,11/23/2025
CMP5334,Email Marketing,25751.33,1963,60236,07/24/2025
CMP1646,Email Marketing,32249.46,2457,52444,12/31/2025
CMP0521,Facebook Ads,26466.33,6577,67264,2025-11-12
CMP7900,Email Marketing,13672.91,2023,72866,03/29/2025
CMP5350,LinkedIn Ads,14361.46,952,38747,2025-07-12
CMP8061,Google Ads,97709.8,5502,92673,10/22/2025
CMP6253,Email Marketing,120014.21,7209,86161,04/25/2025
CMP9703,Facebook Ads,24448.18,1952,99598,2025-07-03
CMP9668,YouTube Ads,32202.03,1639,26885,06/13/2025
CMP3640,Google Ads,1490.02,125,53814,08/24/2025
CMP7468,Facebook Ads,11980.04,2371,80835,2025-07-12
CMP2023,Instagram Ads,102753.62,9453,94605,04/21/2025
CMP5459,Facebook Ads,60694.28,3500,95947,04/26/2025
CMP2609,Google Ads,27424.46,3263,73819,12/14/2025
CMP4638,Instagram Ads,47941.48,3246,93275,2025-08-10
CMP0887,Email Marketing,53005.25,3798,41855,10/23/2025
CMP3437,Facebook Ads,7226.73,2717,27644,10/22/2025
CMP2757,Google Ads,15208.17,778,14589,2025-02-04
CMP2435,Email Marketing,45265.95,6669,96706,2025-02-03
CMP2827,Email Marketing,99679.7,6200,99674,2025-10-12
CMP7293,Instagram Ads,504.05,111,3520,2025-04-03
CMP9615,YouTube Ads,29000.35,3978,77055,02/18/2025
CMP7106,Instagram Ads,4558.24,1075,76897,2025-02-02
CMP9111,YouTube Ads,14663.39,4052,71479,10/27/2025
CMP1923,Facebook Ads,32452.97,5745,80525,2025-12-10
CMP2642,Google Ads,37463.01,2153,75727,01/18/2025
CMP2812,LinkedIn Ads,349.14,51,88266,01/24/2025
CMP8036,Email Marketing,38458.91,2934,43017,09/19/2025
CMP0602,Facebook Ads,11590.23,663,20568,04/21/2025
CMP2106,Email Marketing,26472.21,6964,83567,2025-11-05
CMP1365,Instagram Ads,133015.58,7018,90673,03/15/2025
CMP3157,Email Marketing,65352.31,4667,50777,09/19/2025
CMP7105,LinkedIn Ads,2452.4,359,5396,05/19/2025
CMP5397,Email Marketing,14600.55,793,13662,05/20/2025
CMP6204,Google Ads,4790.75,409,18187,2025-06-06
CMP4621,YouTube Ads,10745.02,2538,37527,01/25/2025
CMP8712,YouTube Ads,126356.02,7275,79937,2025-02-09
CMP2548,Email Marketing,3122.12,342,18563,05/17/2025
CMP9973,LinkedIn Ads,43067.69,7550,94639,2025-01-07
CMP3749,Instagram Ads,28124.59,1474,85313,07/28/2025
CMP1535,Facebook Ads,2069.72,520,77407,05/27/2025
CMP2236,LinkedIn Ads,61841.75,4268,67248,12/13/2025
CMP0120,Email Marketing,69146.15,4427,57702,2025-06-05
CMP2762,Email Marketing,10523.66,1893,70618,2025-07-07
CMP2794,Instagram Ads,13723.88,742,16841,2025-08-05
CMP3491,Google Ads,87959.69,9369,98734,2025-06-06
CMP0943,Instagram Ads,2185.13,207,2772,2025-02-06
CMP6588,Instagram Ads,1013.95,101,3161,2025-12-04
CMP7986,Google Ads,6934.46,1074,22398,07/22/2025
CMP4416,Google Ads,93266.19,5426,59484,03/24/2025
CMP3252,Google Ads,3896.65,1216,26846,07/22/2025
CMP7853,Email Marketing,5289.87,536,36838,2025-09-10
CMP6552,YouTube Ads,30814.78,6420,97157,02/25/2025
CMP3875,Google Ads,56658.23,5655,90907,2025-02-11
CMP7028,Facebook Ads,38887.19,2548,82951,2025-06-04
CMP4053,Email Marketing,18078.48,1675,58250,02/22/2025
CMP2437,Facebook Ads,3047.19,320,17789,05/21/2025
CMP0835,LinkedIn Ads,34203.2,4350,55385,11/21/2025
CMP6998,Email Marketing,1597.77,361,8770,2025-06-07
CMP0780,Facebook Ads,170.61,50,7359,06/14/2025
CMP7060,Facebook Ads,18274.83,2062,35064,2025-05-06
CMP2135,Instagram Ads,46658.94,3010,49260,10/29/2025
CMP9574,LinkedIn Ads,1277.19,267,13433,2025-05-11
CMP3121,Facebook Ads,137473.61,7353,94361,2025-08-02
CMP3310,YouTube Ads,8385.6,2567,96472,2025-09-04
CMP9181,Instagram Ads,50344.76,3723,49973,2025-02-03
CMP8256,Google Ads,17219.44,1172,23880,2025-08-03
CMP3117,Email Marketing,59449.23,4105,54100,09/20/2025
CMP6394,LinkedIn Ads,13919.56,2274,81589,2025-02-01
CMP8402,LinkedIn Ads,88348.96,5847,68036,05/13/2025
CMP2804,Facebook Ads,3974.6,596,7978,01/21/2025
CMP4080,Facebook Ads,2527.02,1001,72070,06/27/2025
CMP9000,Instagram Ads,21597.39,2239,96644,2025-10-11
CMP5825,Facebook Ads,25906.16,4632,97745,2025-09-01
CMP6259,Email Marketing,35564.91,2615,35730,2025-10-10
CMP6480,Facebook Ads,29749.29,1948,60465,2025-11-08
CMP3032,Facebook Ads,26413.34,2383,26754,2025-03-04
CMP6459,Email Marketing,5900.13,1588,81668,2025-06-02
CMP1643,Email Marketing,17866.38,1174,71045,2025-07-01
CMP0223,Email Marketing,1266.51,185,7733,2025-12-02
CMP0154,Google Ads,102262.37,6080,73089,12/29/2025
CMP7280,Facebook Ads,30107.44,2767,42289,2025-05-05
CMP0348,Google Ads,8962.26,1165,15476,09/19/2025
CMP6999,LinkedIn Ads,20911.41,1497,21316,04/26/2025
CMP2779,Google Ads,8964.98,466,31428,05/25/2025
CMP1390,Google Ads,7228.03,1287,81233,09/29/2025
CMP4941,YouTube Ads,26301.64,1476,39618,05/19/2025
CMP1252,Google Ads,5267.91,650,21482,07/19/2025
CMP4563,Facebook Ads,14154.95,711,13855,2025-04-04
CMP6783,YouTube Ads,27117.74,5513,85440,2025-01-12
CMP8071,YouTube Ads,44240.03,6778,72282,2025-12-02
CMP3594,Email Marketing,4688.68,531,13436,04/15/2025
CMP1805,Google Ads,52163.57,3006,47789,03/13/2025
CMP6899,Facebook Ads,3369.84,969,29621,2025-12-03
CMP6959,Instagram Ads,3344.77,768,9088,10/25/2025
CMP5985,Facebook Ads,2120.6,551,12353,10/19/2025
CMP8642,Email Marketing,19160.75,1975,41257,06/22/2025
CMP0984,Email Marketing,2566.84,227,6209,2025-06-01
CMP4228,YouTube Ads,38134.27,2557,67781,2025-05-08
CMP2051,Email Marketing,22533.22,1690,29769,04/23/2025
CMP7675,LinkedIn Ads,57178.33,3368,43050,03/26/2025
CMP1711,Google Ads,8368.41,2798,49540,05/25/2025
CMP5065,Facebook Ads,23269.42,1702,74311,01/17/2025
CMP7927,Google Ads,1536.8,372,8297,2025-08-06
CMP6401,Email Marketing,16438.91,1111,48640,02/19/2025
CMP2461,Google Ads,60367.48,6571,78962,10/28/2025
CMP1529,Email Marketing,15516.56,933,32352,2025-01-12
CMP8574,Instagram Ads,9478.54,1124,60652,2025-04-07
CMP3422,YouTube Ads,12792.14,664,81544,10/18/2025
CMP8965,Google Ads,8576.49,820,67393,03/28/2025
CMP1462,Google Ads,13586.16,1937,25486,08/31/2025
CMP9319,LinkedIn Ads,7398.74,422,7189,07/25/2025
CMP5139,Instagram Ads,10173.18,896,12943,05/15/2025
CMP9189,Google Ads,3649.14,481,22258,03/23/2025
CMP1532,Instagram Ads,53420.9,3887,63063,08/27/2025
CMP6504,LinkedIn Ads,13979.92,1694,28145,2025-12-06
CMP1874,Instagram Ads,4370.13,363,61582,08/29/2025
CMP6231,Google Ads,70119.46,3573,49381,04/20/2025
CMP4130,Email Marketing,1952.32,392,25082,05/21/2025
CMP6877,YouTube Ads,50615.57,2792,30063,2025-05-04
CMP2696,Facebook Ads,38063.76,3483,47780,2025-02-10
CMP6376,Google Ads,117264.31,6464,75519,2025-12-04
CMP5186,Google Ads,36327.07,1928,21727,09/13/2025
CMP0061,LinkedIn Ads,13980.03,1349,18478,10/24/2025
CMP8948,Facebook Ads,19739.31,3142,80766,04/18/2025
CMP0266,Instagram Ads,70077.45,4163,42234,2025-05-03
CMP8888,LinkedIn Ads,52917.29,6317,70572,2025-01-04
CMP8893,LinkedIn Ads,41217.22,2384,52012,12/19/2025
CMP1626,Google Ads,3231.34,233,15606,2025-12-11
CMP8925,Google Ads,82848.46,7326,85037,01/17/2025
CMP6244,Google Ads,37752.67,1973,27632,06/29/2025
CMP0125,Instagram Ads,15881.43,2128,31351,2025-04-12
CMP6793,Google Ads,326.6,63,4035,2025-11-07
CMP7046,Facebook Ads,19117.79,3256,74841,11/26/2025
CMP6397,Email Marketing,31167.42,1701,24769,09/22/2025
CMP8262,Google Ads,111661.66,6472,84764,11/18/2025
CMP0421,LinkedIn Ads,382.31,128,3512,12/29/2025
CMP2139,LinkedIn Ads,34109.82,5917,85160,2025-01-12
CMP6195,Instagram Ads,6558.76,897,88410,03/15/2025
CMP9764,Google Ads,2530.66,340,16034,2025-03-04
CMP3408,LinkedIn Ads,17323.34,1055,15195,07/31/2025
CMP6149,Instagram Ads,123823.14,7437,85040,2025-03-04
CMP0516,Google Ads,31698.8,2890,46932,2025-11-11
CMP1993,Facebook Ads,3468.73,292,81444,09/23/2025
CMP3555,Google Ads,7519.8,1185,44931,12/21/2025
CMP5711,Email Marketing,41236.82,5390,74285,2025-11-09
CMP3243,Email Marketing,89993.94,4655,96030,02/22/2025
CMP7993,LinkedIn Ads,45546.85,3521,60478,05/20/2025
CMP9293,Instagram Ads,5969.99,576,51015,01/18/2025
CMP8692,Instagram Ads,1329.38,295,54206,06/15/2025
CMP6090,Instagram Ads,6204.1,1337,21010,06/13/2025
CMP3812,YouTube Ads,3313.68,444,10681,04/19/2025
CMP1226,YouTube Ads,100469.23,6959,86707,2025-11-08
CMP8170,Google Ads,8141.98,1775,37968,08/20/2025
CMP0349,Instagram Ads,6142.77,379,4337,10/22/2025
CMP0607,YouTube Ads,3109.6,370,71142,2025-09-01
CMP4932,Instagram Ads,27396.37,2882,43574,2025-12-10
CMP7448,LinkedIn Ads,35180.55,2039,86029,11/13/2025
CMP1723,Instagram Ads,46441.47,7188,92124,02/15/2025
CMP0861,Instagram Ads,544.43,163,7646,2025-05-06
CMP6219,Instagram Ads,53065.46,2840,93575,10/26/2025
CMP9571,LinkedIn Ads,104610.64,7370,85480,09/25/2025
CMP5275,Email Marketing,7802.33,1900,65269,2025-01-06
CMP3374,Email Marketing,3959.7,203,12225,01/31/2025
CMP3079,LinkedIn Ads,4595.23,747,15701,10/30/2025
CMP7439,Email Marketing,9202.61,2116,22184,2025-08-03
CMP3327,LinkedIn Ads,2436.88,331,26635,03/26/2025
CMP1756,Email Marketing,1512.34,542,16444,08/24/2025
CMP5767,Instagram Ads,4674.07,1177,17509,2025-09-08
CMP0871,LinkedIn Ads,6587.13,1564,37728,11/29/2025
CMP9733,Instagram Ads,55981.02,5026,71410,2025-10-08
CMP3598,Google Ads,1080.72,86,8964,2025-03-05
CMP6629,LinkedIn Ads,5579.93,879,53496,12/21/2025
CMP4719,Email Marketing,36961.14,2409,80159,02/18/2025
CMP3910,Facebook Ads,3347.27,618,43302,06/20/2025
CMP0342,Facebook Ads,2003.01,365,36581,2025-05-01
CMP4056,LinkedIn Ads,2390.03,142,16337,10/18/2025
CMP1539,Google Ads,29167.78,2799,41924,06/29/2025
CMP0223,Instagram Ads,50369.57,2783,41470,2025-06-12
CMP0340,Facebook Ads,26028.16,1854,55781,03/14/2025
CMP7057,Instagram Ads,2445.28,415,29041,07/13/2025
CMP7361,YouTube Ads,20937.31,1136,24931,06/28/2025
CMP5068,Facebook Ads,7459.67,643,7387,06/25/2025
CMP5686,Instagram Ads,752.49,67,16442,12/17/2025
CMP9145,Email Marketing,14248.13,1293,23313,2025-03-02
CMP9717,Google Ads,4318.53,550,8972,2025-09-08
CMP4642,YouTube Ads,49700.78,2590,89205,05/19/2025
CMP3586,Google Ads,20249.87,2955,64020,12/14/2025
CMP4949,YouTube Ads,18169.15,1469,42728,12/14/2025
CMP2224,LinkedIn Ads,13082.3,1684,74651,02/13/2025
CMP7159,Google Ads,11543.13,1128,20167,2025-10-06
CMP7644,LinkedIn Ads,11423.81,3828,55773,10/14/2025
CMP4955,Facebook Ads,38329.99,4245,78064,11/14/2025
CMP2064,LinkedIn Ads,1558.07,147,89828,09/23/2025
CMP1754,Instagram Ads,14300.71,847,79901,10/17/2025
CMP9579,Email Marketing,91874.84,6106,68954,12/26/2025
CMP2235,Facebook Ads,20074.11,2585,90562,2025-09-06
CMP0001,Facebook Ads,33518.19,7258,81140,02/19/2025
CMP7272,LinkedIn Ads,1348.27,174,9294,2025-05-09
CMP7195,Email Marketing,20816.88,2068,82892,11/22/2025
CMP2798,YouTube Ads,54091.33,9006,99211,2025-03-09
CMP6019,Email Marketing,15284.08,1652,38068,02/24/2025
CMP1969,YouTube Ads,1772.32,140,53043,01/18/2025
CMP7510,Instagram Ads,1147.64,131,3195,09/15/2025
CMP2859,Email Marketing,20842.44,1491,21844,10/16/2025
CMP4964,LinkedIn Ads,9452.71,1040,10940,08/30/2025
CMP8609,Instagram Ads,12085.41,1479,18963,10/25/2025
CMP0484,Email Marketing,4185.27,999,22863,02/24/2025
CMP3877,Google Ads,25524.5,1623,24806,2025-04-08
CMP1195,LinkedIn Ads,67982.09,5018,51063,01/16/2025
CMP9401,YouTube Ads,5887.78,851,28179,08/13/2025
CMP8660,Facebook Ads,3631.92,1242,13274,2025-09-12
CMP5892,LinkedIn Ads,79804.65,4527,76487,06/24/2025
CMP8130,Facebook Ads,40520.42,2386,29194,09/14/2025
CMP1101,LinkedIn Ads,46981.54,5173,58034,2025-06-02
CMP1933,LinkedIn Ads,3386.78,260,32221,06/19/2025
CMP5864,Google Ads,4680.77,1229,22691,10/22/2025
CMP0929,YouTube Ads,23695.44,1866,93425,05/15/2025
CMP0974,Facebook Ads,38456.75,2290,28769,06/18/2025
CMP9995,Email Marketing,7946.07,404,6634,2025-02-08
CMP2122,Instagram Ads,3167.35,733,96808,2025-12-09
CMP3732,Google Ads,1218.91,76,9255,2025-11-04
CMP9053,LinkedIn Ads,7091.14,446,8834,12/23/2025
CMP7176,Google Ads,52578.42,6074,82694,06/25/2025
CMP3722,LinkedIn Ads,109914.92,8835,99973,2025-08-01
CMP4631,Google Ads,38005.2,2914,43173,2025-06-05
CMP1259,Google Ads,13889.44,2276,34794,12/28/2025
CMP9035,Instagram Ads,47476.8,4051,87674,05/17/2025
CMP6732,Email Marketing,59288.08,8016,83509,04/15/2025
CMP2012,Instagram Ads,7428.25,2375,97015,2025-01-05
CMP0554,Instagram Ads,22679.58,2459,38433,02/13/2025
CMP6269,LinkedIn Ads,2654.7,413,60198,07/14/2025
CMP0513,YouTube Ads,4827.6,262,47587,06/22/2025
CMP7112,LinkedIn Ads,16380.0,985,97581,2025-11-10
CMP7595,LinkedIn Ads,73937.55,5941,77052,09/23/2025
CMP3904,Facebook Ads,3183.11,193,3990,05/21/2025
CMP0633,YouTube Ads,11027.91,1531,37949,2025-09-05
CMP4334,Facebook Ads,10760.32,3840,60170,2025-05-01
CMP3570,LinkedIn Ads,12171.73,643,9678,05/22/2025
CMP4525,Instagram Ads,7075.98,1092,66871,03/31/2025
CMP0631,Facebook Ads,146660.95,8352,91711,10/24/2025
CMP4245,Instagram Ads,6862.66,397,4112,06/30/2025
CMP8306,LinkedIn Ads,4225.5,1096,16835,04/15/2025
CMP1170,Email Marketing,11854.22,2369,57898,06/17/2025
CMP7712,Instagram Ads,2971.07,560,83515,01/23/2025
CMP5130,YouTube Ads,135780.61,8376,95817,12/31/2025
CMP2459,LinkedIn Ads,25652.88,1335,87093,04/25/2025
CMP8831,Email Marketing,31904.01,1785,17891,01/27/2025
CMP4411,Facebook Ads,45187.11,2450,77398,06/18/2025
CMP3950,LinkedIn Ads,59763.54,6766,98049,06/30/2025
CMP9916,Facebook Ads,22699.11,3481,60847,2025-06-03
CMP9922,Instagram Ads,11580.81,1449,39602,2025-11-02
CMP3246,Facebook Ads,959.07,177,61515,2025-03-08
CMP2071,Google Ads,3585.65,246,58547,2025-07-02
CMP5806,Facebook Ads,31016.21,4612,54732,05/31/2025
CMP0742,Google Ads,112159.82,5865,98829,07/29/2025
CMP3006,Email Marketing,127332.63,7556,79274,09/18/2025
CMP7431,LinkedIn Ads,20368.39,3642,44000,10/29/2025
CMP9243,YouTube Ads,54679.75,4799,70838,2025-07-08
CMP2347,Google Ads,35130.47,3501,98288,05/23/2025
CMP1943,Instagram Ads,20799.87,2043,37893,03/28/2025
CMP4566,Facebook Ads,5753.03,473,14579,09/18/2025
CMP8845,YouTube Ads,850.57,77,27576,01/14/2025
CMP8535,Facebook Ads,45781.08,2466,61486,12/28/2025
CMP2242,Instagram Ads,38078.58,1958,97896,2025-10-02
CMP7430,Email Marketing,120537.57,8452,98406,2025-07-02
CMP8541,Instagram Ads,32867.01,2336,26955,11/17/2025
CMP6164,Facebook Ads,23248.86,3255,90257,03/19/2025
CMP1454,YouTube Ads,9096.66,3559,96802,2025-04-02
CMP6852,Email Marketing,23455.31,2562,36481,10/26/2025
CMP2951,Instagram Ads,17680.21,1246,32394,2025-08-09
CMP3587,Google Ads,34412.06,1768,39653,06/16/2025
CMP5225,Email Marketing,11184.38,761,16881,12/27/2025
CMP0475,Instagram Ads,13330.55,2128,37117,07/29/2025
CMP6413,LinkedIn Ads,23411.32,3315,57731,01/28/2025
CMP0748,Instagram Ads,21712.56,3407,60672,03/27/2025
CMP5402,Facebook Ads,12736.08,4471,81293,2025-11-01
CMP9059,Google Ads,9909.36,856,87843,2025-05-07
CMP3758,Instagram Ads,13124.33,1581,23155,04/21/2025
CMP8628,Google Ads,54097.22,3309,67732,01/22/2025
CMP4052,Google Ads,14555.56,3121,37711,07/13/2025
CMP1254,Google Ads,88347.98,5965,68127,2025-01-08
CMP2488,Google Ads,158568.05,9686,98452,2025-10-04
CMP4951,Instagram Ads,7257.9,1710,62149,2025-02-12
CMP6658,YouTube Ads,15171.65,2029,38511,12/26/2025
CMP6450,Instagram Ads,25945.6,5903,73641,04/25/2025
CMP7812,YouTube Ads,10840.13,1366,16280,03/15/2025
CMP8026,YouTube Ads,1954.5,393,34763,2025-12-11
CMP0966,LinkedIn Ads,13802.0,1736,35033,06/22/2025
CMP0092,Instagram Ads,54634.67,3477,92491,2025-08-09
CMP7914,YouTube Ads,109408.75,7084,74719,2025-11-02
CMP0224,Facebook Ads,28578.56,6178,70149,2025-12-04
CMP8595,LinkedIn Ads,28175.44,1583,20332,2025-03-08
CMP4442,YouTube Ads,38262.51,3094,44255,03/26/2025
CMP6083,YouTube Ads,22686.14,2108,81235,04/18/2025
CMP0161,Instagram Ads,7789.02,1518,56565,2025-04-02
CMP8811,LinkedIn Ads,2944.74,825,45389,08/28/2025
CMP3704,Instagram Ads,5265.35,281,84420,05/21/2025
CMP6608,Instagram Ads,61528.85,4482,75546,04/14/2025
CMP2922,Instagram Ads,4188.98,888,75880,09/25/2025
CMP9703,YouTube Ads,51689.6,3356,38338,2025-12-11
CMP1497,YouTube Ads,3429.81,637,21200,2025-01-01
CMP6970,Email Marketing,21271.93,2729,63825,2025-02-03
CMP7774,Instagram Ads,31188.39,2646,42863,2025-06-11
CMP7164,YouTube Ads,59595.49,4064,59887,2025-09-05
CMP5992,LinkedIn Ads,87191.5,5718,89823,04/20/2025
CMP0175,Facebook Ads,35197.07,3007,59944,2025-03-01
CMP4158,YouTube Ads,2620.08,360,3703,11/28/2025
CMP4146,Instagram Ads,19241.53,987,83955,01/16/2025
CMP8939,Google Ads,1285.99,428,7006,03/20/2025
CMP0919,LinkedIn Ads,8567.08,1071,85555,2025-06-10
CMP5186,Email Marketing,17880.73,1550,24179,2025-07-12
CMP8217,Facebook Ads,17537.04,4418,97545,08/16/2025
CMP2834,Email Marketing,810.43,102,99888,10/15/2025
CMP1411,YouTube Ads,3500.7,772,62687,02/16/2025
CMP0330,Facebook Ads,2199.91,161,3368,08/24/2025
CMP3131,Email Marketing,17644.16,2224,98745,07/14/2025
CMP3703,Facebook Ads,21964.22,3669,37756,2025-01-06
CMP9482,Instagram Ads,44940.46,4334,47725,11/20/2025
CMP3452,Email Marketing,39910.66,2891,58866,12/16/2025
CMP4407,Google Ads,39508.05,6385,69275,04/22/2025
CMP3055,LinkedIn Ads,12845.98,1006,20325,2025-10-07
CMP1714,Email Marketing,601.71,114,49039,2025-01-09
CMP5866,Instagram Ads,23678.63,1962,23331,2025-12-01
CMP6543,LinkedIn Ads,16432.38,1084,33927,2025-04-11
CMP3839,YouTube Ads,9077.27,912,16136,05/18/2025
CMP4925,YouTube Ads,51583.58,8636,93439,10/18/2025
CMP1482,Instagram Ads,14469.54,1691,20541,07/22/2025
CMP2820,Instagram Ads,4057.12,708,42308,04/15/2025
CMP6132,Google Ads,11561.48,1355,64566,08/30/2025
CMP6166,LinkedIn Ads,63841.98,4027,94566,02/19/2025
CMP5360,Instagram Ads,90702.69,7006,90440,2025-01-10
CMP0441,Facebook Ads,24049.34,1509,81760,2025-08-07
CMP6524,Google Ads,18775.72,3819,86617,2025-07-04
CMP2948,LinkedIn Ads,9667.98,1217,21758,2025-12-12
CMP8477,Google Ads,6214.57,726,62938,02/21/2025
CMP6292,Email Marketing,1585.07,144,61597,2025-10-12
CMP1900,YouTube Ads,37559.73,4162,61017,08/31/2025
CMP8712,LinkedIn Ads,6979.22,1360,90436,06/22/2025
CMP7455,LinkedIn Ads,3900.75,525,8362,2025-04-03
CMP6051,Instagram Ads,40275.19,2814,57797,01/13/2025
CMP7320,Instagram Ads,8289.14,2654,41017,02/27/2025
CMP1378,YouTube Ads,4687.38,308,14395,11/21/2025
CMP4000,Email Marketing,49570.76,4711,70623,2025-09-02
CMP1657,LinkedIn Ads,23239.28,5992,69191,11/23/2025
CMP4209,Email Marketing,23111.37,1348,87576,2025-10-08
CMP8423,YouTube Ads,47681.55,2893,33949,2025-11-07
CMP3043,Instagram Ads,18317.71,5550,67740,07/24/2025
CMP0307,LinkedIn Ads,15903.19,2176,88142,08/25/2025
CMP5319,Facebook Ads,5095.04,676,10352,12/31/2025
CMP8872,LinkedIn Ads,12560.62,4618,64338,06/24/2025
CMP8176,Facebook Ads,31564.73,5765,71761,07/19/2025
CMP1288,Email Marketing,91735.61,4648,65771,2025-12-02
CMP7398,Email Marketing,1526.65,292,63260,10/27/2025
CMP0384,Instagram Ads,68137.27,6145,74933,2025-01-05
CMP2024,Google Ads,11391.63,1838,53871,02/26/2025
CMP6572,YouTube Ads,45893.87,2933,55545,2025-03-08
CMP5207,YouTube Ads,41309.71,4412,72205,07/26/2025
CMP2911,LinkedIn Ads,744.76,63,39802,06/21/2025
CMP9506,Email Marketing,33648.17,3476,56801,11/22/2025
CMP1320,YouTube Ads,58375.12,6047,76787,2025-12-01
CMP1491,Instagram Ads,5600.1,430,4977,2025-01-12
CMP2645,LinkedIn Ads,11188.05,2010,50373,12/31/2025
CMP3392,YouTube Ads,25870.3,3811,62447,2025-05-11
CMP9897,Instagram Ads,11139.33,1052,22875,2025-05-02
CMP7704,LinkedIn Ads,17408.83,904,11222,2025-03-10
CMP7878,Email Marketing,5829.73,349,9836,01/21/2025
CMP7210,LinkedIn Ads,1324.34,262,18260,05/15/2025
CMP5568,Facebook Ads,36207.19,3308,33859,05/16/2025
CMP8054,Facebook Ads,11133.37,1452,36078,08/16/2025
CMP0586,Facebook Ads,3636.32,1231,21401,2025-09-07
CMP2594,YouTube Ads,54541.76,5042,85085,08/14/2025
CMP9953,Instagram Ads,29428.69,2157,52361,01/15/2025
CMP5967,Email Marketing,109140.15,6156,68662,09/22/2025
CMP2554,YouTube Ads,30591.65,2624,67679,07/13/2025
CMP7930,LinkedIn Ads,704.79,83,3865,2025-08-06
CMP1960,Email Marketing,16955.53,1510,27813,10/19/2025
CMP0539,LinkedIn Ads,31978.87,1669,84103,09/17/2025
CMP1302,Google Ads,54669.33,4692,60541,2025-06-05
CMP3742,Email Marketing,42161.09,7522,96028,2025-08-11
CMP1044,Facebook Ads,9019.8,2530,70492,04/27/2025
CMP0837,Instagram Ads,7398.07,1246,85087,2025-01-03
CMP3523,YouTube Ads,31245.4,2507,65862,10/25/2025
CMP3192,YouTube Ads,149477.8,7525,85221,2025-09-05
CMP8312,LinkedIn Ads,45462.4,2374,69397,2025-03-06
CMP8243,Instagram Ads,32307.82,7259,84040,2025-04-04
CMP8123,Facebook Ads,5026.84,318,25435,2025-11-12
CMP2993,Facebook Ads,10569.16,1612,16249,2025-07-06
CMP4917,YouTube Ads,34048.17,2388,29563,06/15/2025
CMP9997,Email Marketing,26612.2,1383,22595,08/31/2025
CMP7733,Instagram Ads,9721.67,1237,50600,2025-01-07
CMP6835,Google Ads,9784.31,503,54963,2025-01-07
CMP3418,Email Marketing,32496.91,4243,95935,2025-11-07
CMP9175,Email Marketing,12375.72,930,28142,08/14/2025
CMP7860,Email Marketing,74707.94,3899,79717,01/24/2025
CMP9603,LinkedIn Ads,532.75,153,9774,06/25/2025
CMP7731,Facebook Ads,13994.85,714,11697,07/31/2025
CMP1442,LinkedIn Ads,17431.78,1392,34142,2025-05-12
CMP2302,Google Ads,99970.46,5193,93652,2025-04-07
CMP5935,Instagram Ads,7735.32,1110,28081,2025-12-01
CMP7969,Google Ads,10033.11,543,71258,09/20/2025
CMP8262,Instagram Ads,30380.95,4080,72622,06/20/2025
CMP1841,YouTube Ads,37268.94,2153,22738,02/14/2025
CMP1198,Email Marketing,24686.74,2318,58485,03/19/2025
CMP8647,Email Marketing,128871.77,7134,98922,07/25/2025
CMP0140,Facebook Ads,18219.36,3549,44255,04/25/2025
CMP3283,YouTube Ads,24689.54,4775,48484,03/17/2025
CMP0647,Facebook Ads,55795.06,2905,72788,06/17/2025
CMP6952,Instagram Ads,15039.06,939,32537,01/14/2025
CMP7274,Email Marketing,31748.32,3467,98981,08/17/2025
CMP2043,Google Ads,39275.22,2125,24950,09/22/2025
CMP9910,Instagram Ads,20155.49,3450,43534,02/16/2025
CMP7487,Google Ads,2434.28,147,2951,07/24/2025
CMP4927,Facebook Ads,19893.72,1433,93909,07/19/2025
CMP0744,Facebook Ads,9606.99,776,34636,2025-07-03
CMP1003,YouTube Ads,21033.1,2757,29502,11/13/2025
CMP2481,Email Marketing,26888.29,3025,89643,02/26/2025
CMP6115,Instagram Ads,15921.33,5310,83515,01/14/2025
CMP6680,Google Ads,49717.81,3138,72710,09/26/2025
CMP1510,LinkedIn Ads,3209.71,165,10693,08/26/2025
CMP0012,Instagram Ads,71071.25,3896,64422,2025-12-05
CMP1580,LinkedIn Ads,105383.45,6183,66592,10/20/2025
CMP2337,Facebook Ads,21646.02,1396,88403,07/26/2025
CMP4934,Instagram Ads,108189.52,7621,95121,09/24/2025
CMP6915,Instagram Ads,30700.01,2429,88665,01/18/2025
CMP0235,Facebook Ads,10408.43,608,85182,2025-02-05
CMP5635,Facebook Ads,69717.56,6696,84406,04/20/2025
CMP4577,Email Marketing,23634.7,2813,69435,2025-06-04
CMP1582,Email Marketing,30544.67,4302,46875,2025-07-07
CMP7495,Google Ads,17622.24,1177,17765,2025-06-03
CMP1360,YouTube Ads,28275.08,1678,25935,09/19/2025
CMP5799,YouTube Ads,33199.46,6439,80765,09/29/2025
CMP8698,Facebook Ads,5740.76,1350,51082,03/26/2025
CMP4562,Google Ads,23097.48,2478,54543,09/25/2025
CMP4916,Google Ads,8401.33,564,11813,2025-09-12
CMP0971,LinkedIn Ads,3755.21,344,20389,03/24/2025
CMP3169,Facebook Ads,4050.63,627,47928,05/22/2025
CMP2488,Facebook Ads,17345.23,1216,60114,06/17/2025
CMP9805,LinkedIn Ads,28017.69,2755,32432,2025-05-03
CMP5594,Instagram Ads,7552.43,440,7370,2025-11-05
CMP7984,Instagram Ads,9428.7,2191,31443,2025-05-11
CMP7086,LinkedIn Ads,3051.6,703,9425,05/24/2025
CMP4117,Instagram Ads,324.5,76,12891,2025-06-09
CMP4355,Google Ads,99023.31,8043,94868,10/17/2025
CMP0690,YouTube Ads,21615.27,1259,16129,11/26/2025
CMP5910,YouTube Ads,116718.3,6961,90160,01/21/2025
CMP8565,Google Ads,80661.52,5195,54257,2025-10-08
CMP5390,Google Ads,37111.53,3821,40309,01/15/2025
CMP4075,Instagram Ads,3606.92,441,60459,12/24/2025
CMP5274,Email Marketing,46964.97,2905,54601,03/30/2025
CMP3729,Instagram Ads,16259.74,879,42086,02/16/2025
CMP6271,Facebook Ads,52911.26,3556,36692,06/29/2025
CMP5289,Google Ads,5554.86,438,16611,09/17/2025
CMP1245,Facebook Ads,3514.22,235,14237,2025-06-12
CMP6501,Facebook Ads,15524.32,898,52494,05/31/2025
CMP4029,YouTube Ads,3467.67,1171,22317,04/25/2025
CMP2382,Google Ads,20310.59,1048,40901,2025-10-11
CMP3150,LinkedIn Ads,27535.17,2174,26386,11/18/2025
CMP4319,LinkedIn Ads,55409.81,3036,50526,2025-01-05
CMP5271,Email Marketing,39430.76,3308,34361,2025-07-03
CMP9898,Facebook Ads,86685.33,5757,96385,11/27/2025
CMP7541,YouTube Ads,52941.32,4122,59392,2025-03-02
CMP5696,LinkedIn Ads,8938.99,2472,94577,2025-01-07
CMP0452,Email Marketing,40860.87,4070,80346,2025-10-03
CMP4992,Instagram Ads,39269.93,2384,32482,09/18/2025
CMP0112,YouTube Ads,12232.76,779,8943,10/28/2025
CMP2642,Email Marketing,21001.77,1069,27509,2025-02-04
CMP5437,Google Ads,10989.46,876,14341,12/17/2025
CMP5625,Facebook Ads,5987.37,687,14564,12/29/2025
CMP3287,Facebook Ads,6063.58,718,48032,02/18/2025
CMP0970,Email Marketing,4533.55,832,50909,09/28/2025
CMP9308,YouTube Ads,11881.02,618,51130,2025-07-04
CMP2535,YouTube Ads,26593.36,4752,51042,08/14/2025
CMP0636,YouTube Ads,32100.42,1703,17765,05/30/2025
CMP1634,LinkedIn Ads,13151.86,2521,27317,2025-10-11
CMP7339,Google Ads,9448.38,1122,89648,2025-07-07
CMP5871,Google Ads,81160.57,5453,64970,10/30/2025
CMP8640,YouTube Ads,68514.07,5802,77377,07/21/2025
CMP3245,Instagram Ads,67344.69,7034,84095,07/13/2025
CMP7932,YouTube Ads,28637.09,2555,52961,05/28/2025
CMP9626,Email Marketing,24879.87,4496,76878,2025-10-06
CMP3085,Instagram Ads,8102.55,479,72485,12/17/2025
CMP0733,Facebook Ads,18856.63,986,14930,04/24/2025
CMP0256,Google Ads,31710.0,1737,52002,2025-01-03
CMP5420,Facebook Ads,17291.93,1920,53107,07/25/2025
CMP4231,LinkedIn Ads,31181.26,5124,91180,2025-01-12
CMP6179,Instagram Ads,14209.7,2049,26837,2025-06-01
CMP3654,Google Ads,8691.42,1924,85571,2025-08-09
CMP4203,Email Marketing,49200.6,6574,95719,05/27/2025
CMP3312,Google Ads,78321.55,6984,74712,2025-07-03
CMP0624,LinkedIn Ads,6211.03,392,26179,2025-04-02
CMP7243,YouTube Ads,13714.26,728,7380,2025-07-04
CMP5593,Instagram Ads,15709.06,1484,25006,11/26/2025
CMP1043,Facebook Ads,7087.83,846,26112,08/13/2025
CMP4716,YouTube Ads,7691.56,637,23115,2025-12-06
CMP0287,YouTube Ads,42980.54,2833,96435,06/14/2025
CMP0097,LinkedIn Ads,683.33,194,2448,07/18/2025
CMP8939,Google Ads,6463.43,382,4594,2025-01-09
CMP7368,Email Marketing,31558.54,2847,33151,2025-09-05
CMP7442,YouTube Ads,9466.08,1883,49203,11/23/2025
CMP0344,LinkedIn Ads,2073.37,639,41302,07/30/2025
CMP3410,LinkedIn Ads,36664.93,3472,57199,08/20/2025
CMP6536,Facebook Ads,53295.88,8732,96805,04/22/2025
CMP5955,LinkedIn Ads,112912.13,7115,73854,07/29/2025
CMP1781,YouTube Ads,57856.81,7460,87490,11/16/2025
CMP2568,Email Marketing,43131.11,4289,52369,08/15/2025
CMP4479,Email Marketing,35717.5,2603,91211,10/22/2025
CMP2140,LinkedIn Ads,4858.99,339,43446,2025-03-02
CMP5432,Google Ads,17988.4,2972,43064,03/19/2025
CMP9560,LinkedIn Ads,41817.26,2823,64270,05/29/2025
CMP2675,LinkedIn Ads,21009.12,1140,17524,07/29/2025
CMP4087,Google Ads,45143.12,2452,89014,02/19/2025
CMP0327,YouTube Ads,112504.64,5987,92193,10/27/2025
CMP9287,Instagram Ads,13438.14,746,46535,2025-05-02
CMP2450,Google Ads,63375.08,3279,89674,06/14/2025
CMP8106,Google Ads,136878.86,6894,83508,2025-06-07
CMP0385,LinkedIn Ads,4832.24,1417,43755,2025-03-05
CMP7506,Email Marketing,8879.67,731,12517,2025-08-03
CMP7703,LinkedIn Ads,5045.64,344,52907,05/19/2025
CMP6956,LinkedIn Ads,27234.21,5655,94704,06/27/2025
CMP7371,Email Marketing,12338.27,702,13114,02/28/2025
CMP1065,Facebook Ads,43966.88,6615,76961,02/14/2025
CMP1154,Facebook Ads,100466.26,5179,78382,08/24/2025
CMP2273,Facebook Ads,7925.88,1379,99788,02/16/2025
CMP1302,LinkedIn Ads,25750.97,4386,43996,2025-12-04
CMP9697,Google Ads,17802.58,1564,60001,2025-10-02
CMP3103,Email Marketing,23569.63,1489,18254,2025-07-04
CMP9705,Instagram Ads,38952.83,3427,80846,05/27/2025
CMP8693,Google Ads,30986.03,4173,87831,03/24/2025
CMP0990,YouTube Ads,10064.11,704,58373,08/17/2025
CMP5923,Email Marketing,14068.49,1129,91270,06/13/2025
CMP4920,LinkedIn Ads,10439.06,1608,43087,03/29/2025
CMP5315,LinkedIn Ads,40132.04,3854,62768,03/14/2025
CMP6250,Email Marketing,15005.28,1686,21580,2025-11-08
CMP6411,LinkedIn Ads,9739.1,1159,21647,2025-12-01
CMP9001,Instagram Ads,9119.89,828,31850,09/13/2025
CMP5790,Google Ads,10577.06,712,10769,2025-08-11
CMP3546,LinkedIn Ads,3002.22,156,66291,11/20/2025
CMP1997,YouTube Ads,8429.25,1134,18964,2025-11-07
CMP6063,LinkedIn Ads,17260.29,907,34258,12/19/2025
CMP4597,YouTube Ads,40658.76,2762,46663,2025-07-03
CMP9985,Facebook Ads,25345.67,2051,34649,2025-10-01
CMP5270,Google Ads,43140.64,4071,71367,05/17/2025
CMP4526,Email Marketing,13782.14,795,20754,01/31/2025
CMP7907,YouTube Ads,22455.04,1167,21152,2025-06-09
CMP3084,YouTube Ads,7949.58,1036,81309,2025-01-02
CMP6931,Email Marketing,1427.59,202,3430,03/15/2025
CMP1290,Instagram Ads,12989.09,1259,62940,07/15/2025
CMP4482,LinkedIn Ads,12779.77,860,38169,08/21/2025
CMP2031,Google Ads,35441.46,3958,44799,2025-11-06
CMP6481,Facebook Ads,4569.44,332,44809,06/15/2025
CMP2161,LinkedIn Ads,3684.47,999,10372,03/19/2025
CMP5904,Instagram Ads,6940.96,714,46323,2025-05-02
CMP6488,Email Marketing,6968.57,416,22314,08/18/2025
CMP9138,Google Ads,12213.45,708,8879,04/26/2025
CMP2501,Facebook Ads,21740.4,2667,67612,11/21/2025
CMP6799,YouTube Ads,792.29,132,10907,01/19/2025
CMP1321,YouTube Ads,76910.06,4220,50249,03/26/2025
CMP4611,Instagram Ads,35648.27,3116,74910,03/23/2025
CMP4266,LinkedIn Ads,10356.96,1382,17619,01/15/2025
CMP3353,Facebook Ads,1252.86,135,16770,02/24/2025
CMP3512,YouTube Ads,31912.13,3006,41763,11/28/2025
CMP0203,Facebook Ads,8659.53,1417,25713,07/18/2025
CMP8056,LinkedIn Ads,37002.87,4938,75509,2025-08-12
CMP0512,YouTube Ads,1163.2,61,8557,2025-01-01
CMP1594,Google Ads,25021.23,1813,50241,2025-05-08
CMP0574,Google Ads,8595.31,1211,41590,04/15/2025
CMP7808,Facebook Ads,428.71,107,3880,2025-01-05
CMP9228,LinkedIn Ads,11656.01,798,10294,04/21/2025
CMP7086,LinkedIn Ads,28956.87,1483,56057,10/23/2025
CMP4614,Email Marketing,28273.08,1710,64805,01/13/2025
CMP0723,YouTube Ads,88684.34,4628,59061,2025-08-09
CMP7476,LinkedIn Ads,12572.8,1392,73380,2025-10-07
CMP6669,Facebook Ads,30108.84,3341,78049,06/27/2025
CMP8885,LinkedIn Ads,14389.89,3586,49229,2025-10-05
CMP8835,Email Marketing,1914.85,225,23532,11/17/2025
CMP2613,YouTube Ads,28163.93,1721,20287,12/21/2025
CMP8913,Google Ads,11313.57,900,70100,2025-11-05
CMP5487,LinkedIn Ads,10960.14,716,17325,2025-11-07
CMP9454,Instagram Ads,5942.07,921,55477,11/26/2025
CMP0010,YouTube Ads,5347.9,1064,16129,2025-06-02
CMP1583,Facebook Ads,176.56,58,5080,2025-03-03
CMP1949,LinkedIn Ads,8997.26,3351,48860,2025-02-11
CMP9662,LinkedIn Ads,10587.03,736,85259,01/17/2025
CMP6288,YouTube Ads,13313.57,915,14845,11/14/2025
CMP7987,Google Ads,25412.49,2115,64242,2025-12-02
CMP3955,YouTube Ads,2697.74,331,63509,2025-10-10
CMP2104,YouTube Ads,9662.42,512,90505,08/16/2025
CMP6360,YouTube Ads,5877.55,848,87682,2025-02-03
CMP2667,Google Ads,20849.03,2512,40048,02/26/2025
CMP6346,Email Marketing,47141.26,2943,87704,01/23/2025
CMP8084,Facebook Ads,122108.12,7335,95562,2025-01-03
CMP9916,YouTube Ads,3064.02,274,5103,12/24/2025
CMP8905,Google Ads,12131.5,3930,56869,2025-12-08
CMP5860,LinkedIn Ads,78141.02,4204,54602,2025-12-03
CMP3220,LinkedIn Ads,75557.85,6166,88489,2025-02-09
CMP0652,Facebook Ads,5064.67,653,28535,12/26/2025
CMP1848,YouTube Ads,56165.59,4406,89282,2025-05-01
CMP3499,Facebook Ads,85088.95,7828,89036,04/20/2025
CMP1162,Facebook Ads,37301.2,2130,89435,03/16/2025
CMP6775,Email Marketing,32212.23,1896,49411,07/28/2025
CMP0454,Facebook Ads,57637.74,6172,90035,2025-07-11
CMP6661,Email Marketing,17655.81,2626,85275,09/24/2025
CMP1087,YouTube Ads,5577.07,348,13120,01/21/2025
CMP5595,Instagram Ads,41185.97,5008,72161,2025-07-06
CMP9660,Email Marketing,73807.53,5638,75424,2025-05-12
CMP5611,YouTube Ads,69085.86,5099,69763,2025-09-05
CMP5312,Facebook Ads,13895.95,1616,76188,2025-06-06
CMP9794,LinkedIn Ads,49989.13,3135,89776,03/13/2025
CMP9059,Instagram Ads,24663.78,1945,28799,03/30/2025
CMP5528,Facebook Ads,74239.8,8192,86866,07/20/2025
CMP4174,YouTube Ads,2652.15,567,11443,2025-12-07
CMP4175,LinkedIn Ads,57969.97,4560,61606,05/22/2025
CMP8021,YouTube Ads,10404.28,1025,16166,2025-10-06
CMP0893,Google Ads,2707.2,618,11211,2025-02-10
CMP3357,Google Ads,2755.33,1031,88546,06/22/2025
CMP9891,YouTube Ads,20093.38,2313,36961,2025-02-05
CMP2816,LinkedIn Ads,30130.81,2268,28626,03/24/2025
CMP7967,Google Ads,9580.98,554,14541,04/24/2025
CMP3611,Instagram Ads,374.0,56,16075,2025-07-06
CMP3805,Google Ads,13261.15,886,12747,08/15/2025
CMP4452,Facebook Ads,82175.6,8103,90252,09/26/2025
CMP7245,YouTube Ads,7930.77,1577,28931,2025-09-02
CMP3394,Facebook Ads,28221.28,2943,43184,2025-08-05
CMP0398,Email Marketing,28267.7,2049,75834,2025-03-02
CMP0336,LinkedIn Ads,68083.1,3698,59185,02/15/2025
CMP4258,LinkedIn Ads,4687.82,740,22722,10/27/2025
CMP6250,Instagram Ads,5382.13,828,8288,12/29/2025
CMP1299,YouTube Ads,9730.77,1905,35442,03/14/2025
CMP8529,Google Ads,5707.51,427,32384,10/21/2025
CMP2752,Facebook Ads,1956.92,150,4252,2025-09-02
CMP2034,LinkedIn Ads,56263.38,6282,74540,2025-02-04
CMP2815,Instagram Ads,19213.53,6712,69272,09/16/2025
CMP2168,Facebook Ads,61445.48,6884,81818,05/23/2025
CMP4067,Facebook Ads,2725.96,742,85903,07/13/2025
CMP6472,YouTube Ads,57399.77,5999,72971,09/26/2025
CMP6639,Instagram Ads,18370.66,3389,70612,09/13/2025
CMP4890,Google Ads,72451.65,7456,81219,2025-12-07
CMP0263,Facebook Ads,82532.11,5280,59086,08/19/2025
CMP2332,Google Ads,12799.43,1848,31762,07/24/2025
CMP2137,LinkedIn Ads,5744.64,301,8730,11/24/2025
CMP6334,Email Marketing,8935.74,689,58804,2025-01-07
CMP7856,Google Ads,16274.48,2765,48200,09/17/2025
CMP4418,Google Ads,1961.41,310,5235,09/24/2025
CMP7542,Instagram Ads,40425.62,5400,83496,01/27/2025
CMP7101,YouTube Ads,9318.74,611,6739,10/17/2025
CMP7207,Email Marketing,22214.76,4426,96705,2025-11-04
CMP0722,Instagram Ads,696.63,118,3587,10/19/2025
CMP3451,Google Ads,3803.95,217,10680,05/16/2025
CMP8086,Google Ads,16554.23,991,12481,06/25/2025
CMP5417,Email Marketing,63262.3,5399,89155,2025-08-12
CMP4019,Facebook Ads,2980.96,272,4913,06/18/2025
CMP9695,Instagram Ads,8223.71,486,35769,2025-12-10
CMP1616,Email Marketing,37118.01,4193,73068,07/24/2025
CMP7884,Email Marketing,6739.15,843,10692,01/30/2025
CMP5469,Instagram Ads,4504.62,680,17496,2025-09-09
CMP4694,Facebook Ads,35760.73,6640,82028,03/23/2025
CMP1346,Google Ads,968.78,189,98656,2025-08-08
CMP0035,LinkedIn Ads,884.98,183,25274,2025-07-07
CMP5076,Instagram Ads,2571.68,129,15103,2025-12-02
CMP2785,LinkedIn Ads,6675.8,930,66272,05/30/2025
CMP9932,Instagram Ads,9024.98,2158,22629,2025-07-11
CMP2668,Email Marketing,32970.76,3756,63952,09/18/2025
CMP3853,Instagram Ads,33402.9,5401,89327,08/25/2025
CMP1929,Facebook Ads,4561.01,969,16113,2025-07-02
CMP7891,LinkedIn Ads,19786.51,1054,55723,2025-09-12
CMP7754,Email Marketing,2210.98,422,6434,2025-09-04
CMP4132,LinkedIn Ads,22156.43,2088,26453,07/23/2025
CMP6920,Email Marketing,4095.19,1557,43259,03/26/2025
CMP2428,Google Ads,6207.29,541,20394,2025-11-09
CMP0152,Email Marketing,47183.94,2859,49281,2025-10-07
CMP3305,Facebook Ads,20327.18,1411,21373,09/16/2025
CMP3223,LinkedIn Ads,7270.86,695,97849,10/30/2025
CMP5450,Google Ads,65709.03,4877,55390,2025-02-02
CMP3784,Instagram Ads,19429.22,1875,79449,2025-03-06
CMP4348,Google Ads,6184.75,1927,71565,08/19/2025
CMP4484,YouTube Ads,9650.74,3464,73636,11/24/2025
CMP3497,YouTube Ads,76863.06,4761,88676,2025-01-05
CMP3282,Google Ads,27595.33,7086,91795,11/28/2025
CMP4231,Facebook Ads,68988.12,4839,88174,2025-01-08
CMP4732,Instagram Ads,69162.43,5715,73082,2025-05-02
CMP3925,Google Ads,3510.96,783,37396,08/20/2025
CMP7624,YouTube Ads,14686.62,1035,18003,05/23/2025
CMP3102,YouTube Ads,8513.33,3020,34804,11/14/2025
CMP8763,Facebook Ads,84743.65,6253,64742,01/16/2025
CMP6594,Facebook Ads,11069.38,828,23957,2025-05-09
CMP8100,YouTube Ads,26223.04,3222,62011,2025-08-07
CMP5824,Google Ads,85234.71,6153,89107,2025-01-08
CMP9743,YouTube Ads,28711.46,6326,75585,2025-11-03
CMP1963,YouTube Ads,2545.32,374,6257,2025-02-10
CMP4919,Email Marketing,10354.39,1475,19946,07/14/2025
CMP8700,Instagram Ads,8449.51,1070,11845,2025-03-06
CMP1525,Facebook Ads,64817.36,4989,70806,02/21/2025
CMP2028,Facebook Ads,22700.61,1789,77551,2025-10-02
CMP8869,Google Ads,170606.71,9043,95429,12/20/2025
CMP6614,Google Ads,14411.24,3492,42880,06/20/2025
CMP9639,Google Ads,3328.53,1026,16002,2025-04-07
CMP9195,Facebook Ads,3997.84,734,12749,11/29/2025
CMP3579,Email Marketing,11610.93,2125,94820,12/16/2025
CMP4478,YouTube Ads,34721.09,3122,97663,2025-02-05
CMP8648,Instagram Ads,11159.66,1165,47123,10/30/2025
CMP2043,Email Marketing,29602.55,2138,57079,2025-12-09
CMP2101,YouTube Ads,11158.63,2426,26164,2025-10-12
CMP0763,Email Marketing,4141.43,858,11463,04/22/2025
CMP1815,Email Marketing,1141.01,261,3803,04/16/2025
CMP6042,Instagram Ads,44259.14,3152,55887,12/15/2025
CMP3388,LinkedIn Ads,28181.39,1590,48291,2025-06-12
CMP0051,LinkedIn Ads,4822.11,1349,62762,01/31/2025
CMP4706,Facebook Ads,6684.67,1194,39151,2025-08-01
CMP3676,LinkedIn Ads,20250.63,1178,28335,07/19/2025
CMP0281,Facebook Ads,73942.96,8011,86570,2025-10-10
CMP8553,Instagram Ads,12111.45,1669,92427,2025-04-12
CMP1756,Facebook Ads,18036.86,1082,39068,2025-09-12
CMP2998,Email Marketing,11203.26,4378,67147,2025-11-01
CMP7882,Facebook Ads,7568.49,494,26559,2025-06-08
CMP9857,YouTube Ads,12431.82,2973,75927,08/30/2025
CMP7724,Facebook Ads,30952.9,2781,71794,2025-09-08
CMP2245,Facebook Ads,2489.5,409,55835,07/31/2025
CMP7230,Email Marketing,7738.55,502,19789,04/22/2025
CMP6704,Google Ads,34344.97,2683,38754,08/19/2025
CMP1533,Instagram Ads,69221.16,4448,80423,2025-04-05
CMP0105,LinkedIn Ads,31301.29,1736,30358,02/21/2025
CMP0002,LinkedIn Ads,108745.2,5767,93275,08/20/2025
CMP9367,Google Ads,26759.19,4559,89464,03/22/2025
CMP3239,Facebook Ads,6919.57,1937,40666,08/19/2025
CMP3346,Instagram Ads,84821.77,4958,84199,2025-10-08
CMP6195,Google Ads,4933.79,1584,24462,03/31/2025
CMP2519,LinkedIn Ads,6121.28,940,16213,03/27/2025
CMP9695,YouTube Ads,19761.99,3761,45260,2025-01-11
CMP2821,YouTube Ads,18755.08,2337,60336,2025-07-11
CMP8773,LinkedIn Ads,5603.04,1240,13930,12/22/2025
CMP1855,YouTube Ads,60432.54,3282,64825,10/25/2025
CMP2072,Facebook Ads,9986.57,570,8652,2025-06-10
CMP8808,Google Ads,9300.38,1119,36033,2025-11-03
CMP2290,Facebook Ads,17508.22,1514,93589,11/16/2025
CMP5274,LinkedIn Ads,23470.2,1181,23578,06/22/2025
CMP0397,Email Marketing,1099.4,135,5977,11/23/2025
CMP1610,LinkedIn Ads,48196.39,5354,72651,11/19/2025
CMP6211,Email Marketing,31023.72,1677,17093,11/27/2025
CMP2424,YouTube Ads,96475.7,8897,89574,2025-09-09
CMP8216,YouTube Ads,3391.05,371,7565,01/21/2025
CMP0046,Email Marketing,9623.51,1056,36247,11/22/2025
CMP2457,LinkedIn Ads,21685.25,4662,51508,07/31/2025
CMP0803,Instagram Ads,23450.49,1444,42648,2025-12-07
CMP6664,Facebook Ads,22553.65,1730,33508,2025-11-11
CMP8616,Facebook Ads,648.37,182,18484,01/25/2025
CMP9107,YouTube Ads,927.24,131,98797,05/13/2025
CMP8449,Facebook Ads,18640.3,1587,51556,2025-02-02
CMP6555,YouTube Ads,74275.54,4885,90854,09/25/2025
CMP4876,Facebook Ads,3112.91,174,4714,2025-08-03
CMP4127,Google Ads,6484.09,384,62550,05/30/2025
CMP0694,Facebook Ads,29120.49,1926,54858,2025-08-07
CMP0382,Email Marketing,9211.47,1012,13089,07/30/2025
CMP8278,Google Ads,13410.17,3043,31604,2025-04-05
CMP5433,Email Marketing,13216.2,1003,19596,12/23/2025
CMP0943,Instagram Ads,16462.19,888,33302,04/17/2025
CMP2002,LinkedIn Ads,61234.89,3685,97479,02/22/2025
CMP2028,YouTube Ads,13133.37,671,8334,2025-04-05
CMP2208,LinkedIn Ads,106787.98,5342,86414,01/21/2025
CMP8273,LinkedIn Ads,13499.78,3239,44918,09/14/2025
CMP0175,Facebook Ads,3152.43,158,29355,01/16/2025
CMP2096,YouTube Ads,1063.95,157,70664,07/13/2025
CMP4648,YouTube Ads,28208.56,1534,17689,2025-02-01
CMP0950,Google Ads,10488.86,630,42793,09/27/2025
CMP6505,YouTube Ads,49078.0,2859,64566,10/28/2025
CMP3533,YouTube Ads,21333.73,4193,80900,2025-03-05
CMP4181,Google Ads,23239.62,4866,93149,2025-02-10
CMP5530,Facebook Ads,32895.65,3289,66536,01/24/2025
CMP0295,Google Ads,3202.84,276,27288,04/15/2025
CMP0447,LinkedIn Ads,7226.94,1916,22184,04/19/2025
CMP0853,LinkedIn Ads,26018.5,4557,68725,10/20/2025
CMP9198,Email Marketing,8183.21,1322,20690,09/26/2025
CMP9086,Google Ads,60013.07,3715,71181,06/25/2025
CMP8661,Facebook Ads,2651.38,427,55406,11/27/2025
CMP6072,LinkedIn Ads,4519.31,345,92584,01/25/2025
CMP4741,Instagram Ads,29028.35,1539,77246,08/20/2025
CMP9385,YouTube Ads,110504.78,6943,84046,10/21/2025
CMP9836,Email Marketing,30614.83,7524,97650,09/25/2025
CMP9319,Facebook Ads,17388.01,1403,21258,05/31/2025
CMP3186,Facebook Ads,2828.2,493,26952,04/25/2025
CMP0898,LinkedIn Ads,8445.62,426,83555,08/31/2025
CMP0501,Email Marketing,23012.59,1474,59932,2025-08-06
CMP9870,Instagram Ads,73753.07,4047,87221,09/24/2025
CMP4665,Google Ads,61076.99,3388,47178,2025-02-03
CMP8999,Facebook Ads,77480.17,4887,55245,2025-06-10
CMP6266,YouTube Ads,27641.67,2873,51584,2025-07-02
CMP2388,Facebook Ads,32741.1,2619,71272,2025-03-03
CMP9628,Instagram Ads,30638.68,2277,68719,01/21/2025
CMP8420,LinkedIn Ads,59729.91,3250,80694,07/19/2025
CMP8256,Facebook Ads,3066.23,216,11837,2025-10-11
CMP4576,Google Ads,34477.6,2629,40408,06/14/2025
CMP8550,Facebook Ads,80289.27,7827,78344,07/30/2025
CMP4426,Google Ads,37494.36,3659,66915,05/25/2025
CMP2290,Email Marketing,48761.4,3422,54850,2025-02-11
CMP8063,Email Marketing,145801.84,7818,83971,01/25/2025
CMP4318,Google Ads,62116.94,4342,54072,05/15/2025
CMP2174,Instagram Ads,8778.54,1452,48907,07/25/2025
CMP3358,Facebook Ads,6646.32,1715,90871,03/25/2025
CMP8410,Email Marketing,12117.06,1134,43648,2025-07-10
CMP1218,Email Marketing,19528.06,2480,73458,10/31/2025
CMP6482,Instagram Ads,7850.61,402,68881,02/18/2025
CMP4099,Google Ads,46243.45,3903,54213,03/14/2025
CMP1232,Google Ads,7629.71,427,23165,10/29/2025
CMP6880,Facebook Ads,38230.24,4523,77041,2025-09-09
CMP3796,YouTube Ads,9017.49,520,33854,2025-01-04
CMP9379,LinkedIn Ads,4727.89,425,98834,12/26/2025
CMP1950,LinkedIn Ads,20646.99,5785,64694,2025-12-09
CMP0254,Instagram Ads,1746.29,146,2295,02/13/2025
CMP2609,Google Ads,8411.15,3048,53558,06/21/2025
CMP2464,Email Marketing,15565.51,1120,11550,03/31/2025
CMP9735,Google Ads,57920.56,4888,75076,12/16/2025
CMP8958,Google Ads,10306.35,569,22753,01/20/2025
CMP8885,LinkedIn Ads,47313.14,4158,96265,05/30/2025
CMP8392,YouTube Ads,15638.61,1131,84511,05/26/2025
CMP0587,Email Marketing,29882.32,7281,87830,2025-02-04
CMP8836,Email Marketing,2958.4,157,26479,08/20/2025
CMP7560,LinkedIn Ads,49020.34,4409,82010,2025-05-10
CMP2522,Facebook Ads,53877.45,4278,43958,2025-10-09
CMP6531,Email Marketing,42718.11,2610,26410,2025-08-07
CMP5905,LinkedIn Ads,42577.71,5125,51930,08/22/2025
CMP8877,Facebook Ads,98640.56,5663,99841,05/18/2025
CMP3214,Facebook Ads,14138.16,2459,48271,2025-07-05
CMP6413,Facebook Ads,44158.1,2287,27502,10/21/2025
CMP5372,Facebook Ads,52901.19,6288,71866,2025-05-09
CMP6614,YouTube Ads,18498.28,2895,31052,09/29/2025
CMP8266,Google Ads,54872.35,5871,75391,2025-07-07
CMP9154,Instagram Ads,2935.0,362,4048,2025-07-09
CMP1966,Email Marketing,85683.98,6802,69149,02/27/2025
CMP5466,YouTube Ads,18875.98,1152,32935,02/14/2025
CMP7434,Google Ads,16519.95,2735,44830,04/21/2025
CMP7797,Email Marketing,5647.46,847,70750,2025-07-08
CMP2453,Email Marketing,13705.63,1837,86320,02/14/2025
CMP2000,Email Marketing,46765.82,4340,79559,01/31/2025
CMP3851,YouTube Ads,80776.77,4619,71046,06/28/2025
CMP7015,LinkedIn Ads,6731.07,382,9650,10/26/2025
CMP2746,Facebook Ads,49081.93,5834,66580,06/22/2025
CMP5960,Instagram Ads,26759.17,4769,95411,2025-07-03
CMP5445,Google Ads,34072.36,1959,19842,01/21/2025
CMP3803,Google Ads,8069.13,587,32988,2025-01-03
CMP7873,Google Ads,23379.46,1721,70391,2025-06-08
CMP8517,YouTube Ads,58527.83,6326,82859,11/14/2025
CMP3639,LinkedIn Ads,85924.63,5270,60851,05/30/2025
CMP8443,Email Marketing,51987.05,2797,94233,05/28/2025
CMP8903,Google Ads,13064.61,2240,98606,2025-02-02
CMP0117,Email Marketing,2854.04,808,41959,2025-05-01
CMP3342,Email Marketing,32818.63,3844,74449,09/30/2025
CMP7472,Facebook Ads,16166.77,1483,25680,06/14/2025
CMP6209,Facebook Ads,2597.85,317,76870,11/13/2025
CMP9074,Facebook Ads,16160.96,1725,97624,2025-09-10
CMP7491,Email Marketing,8836.12,862,30189,04/22/2025
CMP0480,Instagram Ads,3943.19,756,25827,10/18/2025
CMP5357,Email Marketing,9142.07,667,78700,2025-01-05
CMP5959,Email Marketing,41392.36,3283,34049,2025-04-10
CMP8014,Email Marketing,117590.67,7636,86489,2025-10-09
CMP9356,Instagram Ads,24953.8,3594,36214,09/13/2025
CMP9540,LinkedIn Ads,1211.85,97,2352,08/14/2025
CMP9764,LinkedIn Ads,62228.48,4127,71074,04/20/2025
CMP8503,Facebook Ads,1061.94,355,19126,2025-12-12
CMP0890,YouTube Ads,2397.68,759,26699,01/23/2025
CMP7629,YouTube Ads,73870.61,4194,67989,08/13/2025
CMP6099,Email Marketing,17062.63,2977,69414,11/23/2025
CMP0663,Facebook Ads,3766.05,192,4272,2025-01-05
CMP9402,Instagram Ads,3632.85,992,16349,03/25/2025
CMP9457,Facebook Ads,150893.56,9665,97651,2025-06-12
CMP8379,Facebook Ads,11429.04,676,9430,2025-03-01
CMP8190,Google Ads,36010.93,7975,81783,07/23/2025
CMP2579,Google Ads,73467.42,7592,92018,2025-05-12
CMP1463,Google Ads,7952.81,833,16773,2025-08-03
CMP2229,Email Marketing,69263.52,4384,46949,2025-08-05
CMP9370,Facebook Ads,26595.43,3165,58550,2025-02-10
CMP4940,YouTube Ads,5651.96,356,15582,05/25/2025
CMP6469,Email Marketing,22379.14,1201,70788,2025-05-01
CMP6154,Facebook Ads,2072.91,352,4243,2025-07-07
CMP0021,Facebook Ads,121187.35,9370,95804,2025-07-03
CMP1944,Facebook Ads,8241.51,831,38105,2025-03-07
CMP2136,Facebook Ads,3453.72,182,5544,03/21/2025
CMP5929,YouTube Ads,13163.25,2013,23227,2025-11-09
CMP1399,LinkedIn Ads,14137.31,4889,57862,04/27/2025
CMP1754,Instagram Ads,41957.09,2188,43869,03/23/2025
CMP4092,Google Ads,1115.72,84,18343,07/27/2025
CMP5051,YouTube Ads,4396.91,429,10504,12/13/2025
CMP4033,Instagram Ads,4508.33,921,64858,2025-09-05
CMP1942,YouTube Ads,790.3,129,18074,07/31/2025
CMP1475,LinkedIn Ads,20589.79,1785,23217,2025-06-10
CMP7337,Google Ads,3079.38,174,21415,02/25/2025
CMP0696,LinkedIn Ads,6009.77,882,61370,08/25/2025
CMP5917,YouTube Ads,16012.3,2065,38116,07/25/2025
CMP7129,Facebook Ads,77261.85,4405,47735,12/13/2025
CMP8130,Google Ads,6690.85,543,28812,06/20/2025
CMP7201,Instagram Ads,33211.96,3274,59340,03/18/2025
CMP2265,Email Marketing,627.6,205,64259,05/17/2025
CMP9656,Google Ads,974.91,288,10888,10/29/2025
CMP0322,Email Marketing,55489.35,4353,87865,2025-06-10
CMP4417,YouTube Ads,892.14,130,2396,12/29/2025
CMP8223,Google Ads,34372.27,2488,79286,2025-03-11
CMP3665,Email Marketing,2683.53,253,10535,08/13/2025
CMP1673,LinkedIn Ads,4409.51,865,52070,2025-06-09
CMP3823,Facebook Ads,20695.35,3629,44247,12/19/2025
CMP1867,YouTube Ads,624.31,170,60467,05/16/2025
CMP0836,YouTube Ads,77354.72,4478,62390,02/24/2025
CMP0450,Email Marketing,17908.79,4301,88565,2025-07-10
CMP9365,YouTube Ads,75220.14,4182,80049,10/27/2025
CMP0368,Email Marketing,56171.75,4175,72451,05/29/2025
CMP4261,Instagram Ads,6279.42,1182,72137,2025-03-03
CMP9357,LinkedIn Ads,31615.39,3112,68433,2025-06-01
CMP0768,LinkedIn Ads,28821.13,2673,64168,02/17/2025
CMP6607,Google Ads,26876.68,1426,86928,09/19/2025
CMP6939,YouTube Ads,13600.46,1282,68150,07/20/2025
CMP0707,YouTube Ads,28889.51,1928,48483,05/13/2025
CMP8100,YouTube Ads,23035.82,4115,86191,05/26/2025
CMP1754,LinkedIn Ads,115468.28,6586,78157,2025-04-12
CMP6909,Email Marketing,80213.39,4687,85840,2025-12-07
CMP7034,Google Ads,21821.32,1905,36818,03/19/2025
CMP6324,Facebook Ads,19050.83,1506,22946,2025-05-05
CMP9403,Facebook Ads,21275.62,2239,36854,12/23/2025
CMP4236,LinkedIn Ads,25567.85,1289,64852,09/27/2025
CMP1039,Google Ads,2201.02,352,41308,02/27/2025
CMP2675,Facebook Ads,29513.71,6724,95681,04/20/2025
CMP0718,Instagram Ads,17587.54,4236,44102,06/20/2025
CMP4950,LinkedIn Ads,2742.46,586,20958,02/19/2025
CMP4738,Instagram Ads,4539.2,476,5703,2025-02-02
CMP4239,YouTube Ads,74390.42,4745,72548,11/19/2025
CMP6566,LinkedIn Ads,5206.88,1241,74240,2025-10-02
CMP3711,Instagram Ads,57166.05,3076,83598,11/17/2025
CMP4080,Email Marketing,48354.17,3292,78253,2025-09-10
CMP1480,Instagram Ads,42971.57,2189,46601,2025-04-12
CMP2959,Google Ads,156807.21,7877,92105,2025-07-05
CMP1288,LinkedIn Ads,6881.56,1063,91491,2025-02-11
CMP6731,Email Marketing,8967.81,2110,86884,10/24/2025
CMP0126,Google Ads,4949.32,354,5247,10/21/2025
CMP2932,Google Ads,34708.03,3820,40445,2025-12-07
CMP0820,Instagram Ads,11714.43,2197,59121,2025-09-06
CMP8807,Google Ads,60581.92,3741,76869,2025-07-06
CMP0474,LinkedIn Ads,9553.99,546,19151,2025-09-07
CMP3020,LinkedIn Ads,8341.6,2419,46106,07/23/2025
CMP0151,Email Marketing,37243.75,7021,90508,2025-06-04
CMP7405,LinkedIn Ads,80225.96,5734,64700,2025-09-06
CMP1699,Google Ads,17891.96,1200,25183,02/21/2025
CMP8472,Email Marketing,1410.43,541,52888,2025-02-10
CMP7884,Email Marketing,21920.01,4627,66819,2025-10-02
CMP0224,Instagram Ads,22983.09,1155,60473,07/29/2025
CMP1818,Facebook Ads,3032.36,258,9008,04/28/2025
CMP6323,YouTube Ads,6366.77,522,8303,11/22/2025
CMP2022,Email Marketing,89821.53,5741,75071,09/15/2025
CMP4397,Google Ads,3400.08,489,6120,2025-01-12
CMP3225,Google Ads,6393.45,336,16601,03/20/2025
CMP8049,Email Marketing,14958.9,1440,83368,07/23/2025
CMP2726,LinkedIn Ads,1024.36,175,24245,2025-12-10
CMP7779,Instagram Ads,3574.65,256,95613,2025-01-02
CMP5390,Email Marketing,9963.96,3234,85275,2025-08-11
CMP4371,YouTube Ads,24357.06,1405,32072,2025-06-06
CMP8433,Google Ads,66800.61,6543,95736,09/16/2025
CMP4569,Instagram Ads,53704.74,2794,35343,05/14/2025
CMP8767,Instagram Ads,12220.33,1130,92234,11/14/2025
CMP5252,Facebook Ads,10503.1,2070,86364,08/22/2025
CMP6325,YouTube Ads,47699.4,4795,76435,10/28/2025
CMP9812,Google Ads,28680.42,2626,42117,12/26/2025
CMP2254,Instagram Ads,6133.83,1955,51393,02/15/2025
CMP4388,Facebook Ads,32275.64,2330,28703,10/31/2025
CMP1691,Facebook Ads,19279.38,1373,16775,09/13/2025
CMP8472,YouTube Ads,9815.48,778,8471,04/19/2025
CMP3033,Facebook Ads,161.52,58,25033,12/21/2025
CMP0489,YouTube Ads,119000.5,7928,84756,2025-04-03
CMP6287,Google Ads,5602.77,302,39848,2025-01-05
CMP1394,YouTube Ads,20755.58,6235,68890,2025-05-09
CMP5069,LinkedIn Ads,45058.12,2641,79162,02/20/2025
CMP7489,LinkedIn Ads,574.47,64,25904,05/23/2025
CMP0321,Email Marketing,4997.15,496,8039,2025-09-12
CMP6439,Instagram Ads,14464.17,3603,41202,02/16/2025
CMP1648,LinkedIn Ads,71357.76,4455,82493,08/29/2025
CMP3190,LinkedIn Ads,27428.94,4541,57009,2025-11-10
CMP6640,Facebook Ads,52893.64,5021,52910,2025-08-01
CMP9270,Google Ads,87296.9,4384,63928,2025-05-12
CMP9689,LinkedIn Ads,16031.0,1536,25672,2025-09-02
CMP2073,Google Ads,3227.09,321,13400,12/26/2025
CMP3061,LinkedIn Ads,4000.67,204,3925,2025-11-10
CMP7553,Instagram Ads,33853.1,4231,45989,2025-02-03
CMP2261,LinkedIn Ads,21211.45,1627,40901,2025-08-02
CMP2371,Instagram Ads,19405.63,1296,14045,07/26/2025
CMP7824,Instagram Ads,18493.22,4863,69138,01/28/2025
CMP9070,Instagram Ads,43869.78,4861,91262,01/24/2025
CMP2319,Facebook Ads,70179.38,4120,50125,12/30/2025
CMP3598,Email Marketing,24927.5,3408,46849,01/28/2025
CMP7701,Facebook Ads,25731.32,1384,67942,2025-09-11
CMP8466,Facebook Ads,16884.8,1122,23091,2025-04-05
CMP8885,Instagram Ads,632.05,173,2818,06/29/2025
CMP1904,YouTube Ads,764.57,58,50732,08/26/2025
CMP0715,Email Marketing,36466.76,1912,49543,08/14/2025
CMP1162,LinkedIn Ads,37764.67,2621,79810,2025-03-01
CMP8261,YouTube Ads,40225.78,2730,42928,04/27/2025
CMP9390,Facebook Ads,13794.25,2873,56018,2025-12-05
CMP8433,Facebook Ads,28291.51,1706,64145,2025-03-10
CMP5445,Google Ads,23924.86,1490,22149,2025-06-12
CMP4863,Facebook Ads,60435.69,5947,97469,09/26/2025
CMP4473,YouTube Ads,5719.94,368,59071,08/18/2025
CMP4909,YouTube Ads,19912.24,1649,67979,2025-01-04
CMP4882,LinkedIn Ads,3849.57,1156,20074,06/21/2025
CMP6447,Instagram Ads,42933.47,5128,60849,2025-10-02
CMP0160,YouTube Ads,11394.32,603,6458,06/16/2025
CMP0452,Email Marketing,15952.24,883,80654,02/21/2025
CMP1553,YouTube Ads,1806.62,362,92004,2025-01-06
CMP2756,Email Marketing,3867.6,257,5118,2025-09-07
CMP2903,Google Ads,1854.68,326,12838,2025-10-06
CMP0832,Google Ads,8057.58,959,43878,2025-04-04
CMP5568,Google Ads,7723.08,2364,59417,2025-10-09
CMP9748,YouTube Ads,6136.82,412,8490,10/30/2025
CMP1078,Google Ads,1891.86,251,3274,12/13/2025
CMP9486,Google Ads,1039.83,121,2393,01/17/2025
CMP4657,Google Ads,8944.12,664,11438,02/18/2025
CMP2856,YouTube Ads,45581.24,2885,49077,2025-05-05
CMP6356,Google Ads,1059.55,110,6359,2025-07-09
CMP7021,YouTube Ads,1508.48,125,9705,08/13/2025
CMP7848,YouTube Ads,41684.64,2894,37003,04/22/2025
CMP6144,Facebook Ads,477.92,51,4688,08/23/2025
CMP5701,Google Ads,6592.18,1060,11552,07/14/2025
CMP1733,LinkedIn Ads,12215.05,2137,72416,2025-01-02
CMP3627,Instagram Ads,3088.03,830,45388,01/17/2025
CMP0761,Instagram Ads,996.53,73,34018,2025-04-10
CMP1912,Google Ads,33545.92,3266,52335,2025-11-03
CMP7480,Instagram Ads,75221.92,4608,75737,2025-06-10
CMP9723,Email Marketing,63094.76,6366,79803,03/27/2025
CMP2936,Google Ads,24871.32,2367,92992,2025-01-07
CMP0405,Email Marketing,2725.78,1082,80097,08/16/2025
CMP9024,Google Ads,8281.5,824,25715,03/28/2025
CMP5777,YouTube Ads,14015.35,1119,18317,2025-08-09
CMP1837,YouTube Ads,21155.52,1782,59216,06/20/2025
CMP9323,Email Marketing,111366.1,5704,62784,03/27/2025
CMP5566,Facebook Ads,70459.0,4432,64750,12/25/2025
CMP2533,YouTube Ads,72543.83,3978,78268,09/18/2025
CMP8420,Facebook Ads,10698.66,2002,24036,01/28/2025
CMP3747,Facebook Ads,9181.16,2597,88833,02/15/2025
CMP2158,Email Marketing,27292.63,6175,70799,2025-04-08
CMP2074,Email Marketing,1244.69,263,84221,11/21/2025
CMP3589,Facebook Ads,15454.56,1518,19115,2025-03-07
CMP0679,Facebook Ads,8008.02,816,67973,01/25/2025
CMP0942,Instagram Ads,72255.72,3831,95748,08/14/2025
CMP8803,Facebook Ads,6071.4,1622,19304,2025-12-01
CMP1213,LinkedIn Ads,28190.01,1598,41129,01/21/2025
CMP0478,Instagram Ads,36967.11,3088,34498,05/22/2025
CMP1330,Facebook Ads,10017.03,909,17534,09/14/2025
CMP6844,LinkedIn Ads,110995.01,6219,62359,01/21/2025
CMP9345,YouTube Ads,26620.14,3015,53605,2025-05-06
CMP7070,LinkedIn Ads,17058.32,1304,27735,2025-07-04
CMP9905,LinkedIn Ads,11106.51,1908,23925,03/28/2025
CMP4842,Facebook Ads,15211.9,936,35518,2025-07-12
CMP2479,Google Ads,147397.07,8482,91021,11/22/2025
CMP1608,Email Marketing,34183.79,6727,83628,2025-03-05
CMP6231,Instagram Ads,10733.4,873,30914,2025-03-05
CMP0944,Instagram Ads,12756.1,1982,71681,05/14/2025
CMP5994,Email Marketing,39750.23,4141,71337,2025-11-07
CMP9236,Email Marketing,17366.38,2095,37201,08/21/2025
CMP5497,Facebook Ads,20432.62,2015,49250,10/16/2025
CMP8238,LinkedIn Ads,3020.08,491,10333,05/24/2025
CMP8774,Email Marketing,1628.9,196,3038,11/13/2025
CMP6539,YouTube Ads,11563.87,711,20690,2025-10-07
CMP1849,Facebook Ads,4999.02,282,3775,05/22/2025
CMP4354,Facebook Ads,19827.66,1053,52437,05/27/2025
CMP4061,Facebook Ads,7790.76,1003,56454,2025-12-06
CMP6761,Facebook Ads,48748.88,7552,88217,12/15/2025
CMP8122,YouTube Ads,7070.93,1418,48696,2025-03-03
CMP9126,Instagram Ads,8198.32,1331,43724,2025-03-12
CMP7548,Instagram Ads,50517.76,3507,37003,12/14/2025
CMP2681,Email Marketing,6774.99,464,90697,07/30/2025
CMP2164,YouTube Ads,48052.28,3329,58357,07/28/2025
CMP1015,Email Marketing,10239.73,694,8113,03/20/2025
CMP5333,Email Marketing,107324.19,5442,70045,01/19/2025
CMP2098,Google Ads,12759.77,1576,42525,2025-06-12
CMP9399,Email Marketing,30181.58,1625,18176,07/23/2025
CMP0575,Facebook Ads,4147.99,455,17941,06/27/2025
CMP0439,YouTube Ads,39039.9,3105,86525,11/20/2025
CMP5772,Email Marketing,65251.54,3543,91507,03/17/2025
CMP3717,Email Marketing,57389.82,3164,82733,2025-05-11
CMP3639,Instagram Ads,3743.9,579,31556,2025-07-08
CMP0803,YouTube Ads,4843.51,423,62177,07/19/2025
CMP3276,LinkedIn Ads,414.92,151,7056,2025-05-03
CMP9071,Facebook Ads,68926.23,5602,75174,2025-04-04
CMP4295,YouTube Ads,30942.95,3242,35852,04/13/2025
CMP3551,Email Marketing,12073.93,630,22023,12/31/2025
