Conversion_id,User_id,Revenue,Conversion_date,Revenue_Log,Revenue_Rank,High_Value_Conversion,Revenue_Category,Conversion_Year,Conversion_Month,Conversion_Weekday,Conversion_Quarter,Conversion_Day
CONV00001,U1680,27495.64,31-12-2025,10.22181909,926,1,Very High,2025,December,Wednesday,4,31
CONV00002,U9864,35942.97,05-02-2025,10.48971662,563,1,Very High,2025,February,Wednesday,1,5
CONV00003,U2616,14254.63,30-12-2025,9.564907195,1432,0,Very High,2025,December,Tuesday,4,30
CONV00004,U9892,23241.53,19-05-2025,10.05373907,1083,0,Very High,2025,May,Monday,2,19
CONV00005,U5926,3942.98,13-11-2025,8.279945645,1862,0,Very High,2025,November,Thursday,4,13
CONV00006,U4555,18559.19,01-09-2025,9.828774243,1273,0,Very High,2025,September,Monday,3,1
CONV00007,U1170,26939.92,15-11-2025,10.2014016,943,1,Very High,2025,November,Saturday,4,15
CONV00008,U9126,42221.17,17-05-2025,10.65070072,281,1,Very High,2025,May,Saturday,2,17
CONV00009,U3457,11025.01,02-11-2025,9.308012306,1578,0,Very High,2025,November,Sunday,4,2
CONV00010,U9198,29437.01,31-10-2025,10.29004198,826,1,Very High,2025,October,Friday,4,31
CONV00011,U8349,2832.26,13-09-2025,7.949183271,1909,0,Very High,2025,September,Saturday,3,13
CONV00012,U6253,12945,19-11-2025,9.468542139,1489,0,Very High,2025,November,Wednesday,4,19
CONV00013,U4372,15028.26,30-11-2025,9.617754247,1400,0,Very High,2025,November,Sunday,4,30
CONV00014,U8318,42162.63,12-03-2025,10.64931328,284,1,Very High,2025,March,Wednesday,1,12
CONV00015,U8690,24685.98,04-01-2025,10.11403126,1030,0,Very High,2025,January,Saturday,1,4
CONV00016,U1291,40893.15,09-03-2025,10.6187423,345,1,Very High,2025,March,Sunday,1,9
CONV00017,U2706,30526.4,15-06-2025,10.32637992,785,1,Very High,2025,June,Sunday,2,15
CONV00018,U6119,6489.71,20-08-2025,8.778127203,1762,0,Very High,2025,August,Wednesday,3,20
CONV00019,U3609,31739.6,11-01-2025,10.3653519,744,1,Very High,2025,January,Saturday,1,11
CONV00020,U7954,36305.95,18-05-2025,10.49976446,552,1,Very High,2025,May,Sunday,2,18
CONV00021,U3120,21837.03,03-03-2025,9.991408224,1146,0,Very High,2025,March,Monday,1,3
CONV00022,U1613,17295.48,28-02-2025,9.758258292,1318,0,Very High,2025,February,Friday,1,28
CONV00023,U6913,12865.42,03-05-2025,9.462376096,1493,0,Very High,2025,May,Saturday,2,3
CONV00024,U0242,20617.5,04-03-2025,9.93394401,1197,0,Very High,2025,March,Tuesday,1,4
CONV00025,U4346,34981.28,13-09-2025,10.46259693,606,1,Very High,2025,September,Saturday,3,13
CONV00026,U3567,27338.66,22-02-2025,10.21609367,930,1,Very High,2025,February,Saturday,1,22
CONV00027,U2580,42641.46,01-02-2025,10.66060575,263,1,Very High,2025,February,Saturday,1,1
CONV00028,U4034,31159.38,06-11-2025,10.3469027,760,1,Very High,2025,November,Thursday,4,6
CONV00029,U5148,6978.47,23-05-2025,8.850728262,1741,0,Very High,2025,May,Friday,2,23
CONV00030,U9225,11051.14,01-03-2025,9.310379353,1577,0,Very High,2025,March,Saturday,1,1
CONV00031,U7180,30778.05,31-10-2025,10.33458954,773,1,Very High,2025,October,Friday,4,31
CONV00032,U2201,5798.28,02-06-2025,8.665489051,1785,0,Very High,2025,June,Monday,2,2
CONV00033,U3336,13567.2,02-01-2026,9.515484098,1467,0,Very High,2026,January,Friday,1,2
CONV00034,U0723,6975.57,10-01-2025,8.850312671,1742,0,Very High,2025,January,Friday,1,10
CONV00035,U0159,34705.47,03-03-2025,10.4546814,617,1,Very High,2025,March,Monday,1,3
CONV00036,U2089,44999.58,16-02-2025,10.71443066,186,1,Very High,2025,February,Sunday,1,16
CONV00037,U5795,37599.14,12-11-2025,10.53476305,490,1,Very High,2025,November,Wednesday,4,12
CONV00038,U6746,12784.28,14-12-2025,9.456049788,1499,0,Very High,2025,December,Sunday,4,14
CONV00039,U5729,1671.39,12-06-2025,7.42200902,1954,0,Very High,2025,June,Thursday,2,12
CONV00040,U5754,34136.15,21-12-2025,10.43814151,649,1,Very High,2025,December,Sunday,4,21
CONV00041,U2926,5865.93,07-11-2025,8.677086778,1782,0,Very High,2025,November,Friday,4,7
CONV00042,U1895,13108.76,08-08-2025,9.48111227,1484,0,Very High,2025,August,Friday,3,8
CONV00043,U3229,47469.29,04-08-2025,10.76785932,90,1,Very High,2025,August,Monday,3,4
CONV00044,U8309,16646.05,30-06-2025,9.719988303,1342,0,Very High,2025,June,Monday,2,30
CONV00045,U2852,20600.72,08-12-2025,9.933129846,1199,0,Very High,2025,December,Monday,4,8
CONV00046,U9940,22368.41,23-12-2025,10.01544968,1124,0,Very High,2025,December,Tuesday,4,23
CONV00047,U4650,31153.41,23-09-2025,10.34671109,761,1,Very High,2025,September,Tuesday,3,23
CONV00048,U0401,30758.06,17-02-2025,10.33393986,775,1,Very High,2025,February,Monday,1,17
CONV00049,U6292,7804.78,03-10-2025,8.962619764,1709,0,Very High,2025,October,Friday,4,3
CONV00050,U8487,12835.31,22-09-2025,9.460033153,1495,0,Very High,2025,September,Monday,3,22
CONV00051,U9158,44625.58,20-11-2025,10.70608492,200,1,Very High,2025,November,Thursday,4,20
CONV00052,U7374,32064.24,06-06-2025,10.37552786,730,1,Very High,2025,June,Friday,2,6
CONV00053,U4682,16325.62,18-05-2025,9.700552184,1356,0,Very High,2025,May,Sunday,2,18
CONV00054,U3506,16878.63,16-02-2025,9.733862848,1334,0,Very High,2025,February,Sunday,1,16
CONV00055,U0321,791.86,02-11-2025,6.675646661,1988,0,High,2025,November,Sunday,4,2
CONV00056,U9884,14010.3,08-05-2025,9.547619426,1448,0,Very High,2025,May,Thursday,2,8
CONV00057,U2092,45392.98,03-12-2025,10.72313478,169,1,Very High,2025,December,Wednesday,4,3
CONV00058,U7565,19265.64,10-04-2025,9.866130382,1249,0,Very High,2025,April,Thursday,2,10
CONV00059,U4134,37576.7,12-02-2025,10.53416607,491,1,Very High,2025,February,Wednesday,1,12
CONV00060,U0660,42041.83,04-02-2025,10.64644414,295,1,Very High,2025,February,Tuesday,1,4
CONV00061,U3572,38461.46,01-09-2025,10.55743798,453,1,Very High,2025,September,Monday,3,1
CONV00062,U5097,46479.91,15-03-2025,10.74679697,130,1,Very High,2025,March,Saturday,1,15
CONV00063,U3979,15428.34,15-03-2025,9.644026171,1384,0,Very High,2025,March,Saturday,1,15
CONV00064,U7019,25545.06,15-12-2025,10.14823838,1004,0,Very High,2025,December,Monday,4,15
CONV00065,U7533,9218.78,14-01-2026,9.129106455,1656,0,Very High,2026,January,Wednesday,1,14
CONV00066,U9708,12652.01,16-06-2025,9.445650411,1507,0,Very High,2025,June,Monday,2,16
CONV00067,U6210,42622.17,27-06-2025,10.66015328,264,1,Very High,2025,June,Friday,2,27
CONV00068,U4527,47429.1,14-10-2025,10.76701233,93,1,Very High,2025,October,Tuesday,4,14
CONV00069,U7801,22684.64,27-11-2025,10.0294874,1109,0,Very High,2025,November,Thursday,4,27
CONV00070,U9529,26780.64,21-07-2025,10.19547186,947,1,Very High,2025,July,Monday,3,21
CONV00071,U3778,16119.62,26-03-2025,9.687854477,1361,0,Very High,2025,March,Wednesday,1,26
CONV00072,U4531,14508.44,01-11-2025,9.582554751,1423,0,Very High,2025,November,Saturday,4,1
CONV00073,U8752,48727.6,23-03-2025,10.79402141,46,1,Very High,2025,March,Sunday,1,23
CONV00074,U1681,23735.15,21-01-2025,10.07475448,1062,0,Very High,2025,January,Tuesday,1,21
CONV00075,U1870,4167.07,23-02-2025,8.335208378,1851,0,Very High,2025,February,Sunday,1,23
CONV00076,U1941,30008.28,01-11-2025,10.30926195,805,1,Very High,2025,November,Saturday,4,1
CONV00077,U9643,31240.85,27-08-2025,10.34951382,757,1,Very High,2025,August,Wednesday,3,27
CONV00078,U2574,4215.71,03-05-2025,8.346810482,1848,0,Very High,2025,May,Saturday,2,3
CONV00079,U4721,43050.53,30-12-2025,10.67015305,251,1,Very High,2025,December,Tuesday,4,30
CONV00080,U3684,13648.81,02-12-2025,9.521480881,1461,0,Very High,2025,December,Tuesday,4,2
CONV00081,U4729,34589.56,04-09-2025,10.45133609,622,1,Very High,2025,September,Thursday,3,4
CONV00082,U9799,16454.92,29-01-2025,9.70844057,1350,0,Very High,2025,January,Wednesday,1,29
CONV00083,U9620,13840.8,12-01-2025,9.535448279,1452,0,Very High,2025,January,Sunday,1,12
CONV00084,U2974,40805.12,29-10-2025,10.61658735,350,1,Very High,2025,October,Wednesday,4,29
CONV00085,U2635,25025.72,09-07-2025,10.12769933,1020,0,Very High,2025,July,Wednesday,3,9
CONV00086,U5297,25972.51,01-03-2025,10.16483245,982,1,Very High,2025,March,Saturday,1,1
CONV00087,U8168,3054.78,25-11-2025,8.024790158,1899,0,Very High,2025,November,Tuesday,4,25
CONV00088,U1990,40066.03,06-02-2025,10.59830908,376,1,Very High,2025,February,Thursday,1,6
CONV00089,U3682,32561.63,04-03-2025,10.39092059,706,1,Very High,2025,March,Tuesday,1,4
CONV00090,U7906,27787.62,11-09-2025,10.23238186,913,1,Very High,2025,September,Thursday,3,11
CONV00091,U4527,39492.01,09-08-2025,10.58387897,394,1,Very High,2025,August,Saturday,3,9
CONV00092,U8023,24474.9,28-03-2025,10.10544424,1036,0,Very High,2025,March,Friday,1,28
CONV00093,U3913,42872.64,02-11-2025,10.66601246,259,1,Very High,2025,November,Sunday,4,2
CONV00094,U6326,25018.77,07-12-2025,10.12742159,1022,0,Very High,2025,December,Sunday,4,7
CONV00095,U1634,36260.97,10-10-2025,10.49852481,555,1,Very High,2025,October,Friday,4,10
CONV00096,U6513,16764,20-12-2025,9.727048659,1338,0,Very High,2025,December,Saturday,4,20
CONV00097,U1122,46085.99,08-05-2025,10.73828598,150,1,Very High,2025,May,Thursday,2,8
CONV00098,U7270,45219.49,28-03-2025,10.71930558,175,1,Very High,2025,March,Friday,1,28
CONV00099,U4001,34249.12,04-10-2025,10.44144535,644,1,Very High,2025,October,Saturday,4,4
CONV00100,U8154,23326.92,03-11-2025,10.05740621,1078,0,Very High,2025,November,Monday,4,3
CONV00101,U4713,4156.16,12-01-2026,8.332587428,1853,0,Very High,2026,January,Monday,1,12
CONV00102,U4098,49968.99,18-09-2025,10.8191779,2,1,Very High,2025,September,Thursday,3,18
CONV00103,U4848,48908.25,15-01-2026,10.79772182,39,1,Very High,2026,January,Thursday,1,15
CONV00104,U4690,17939.89,18-05-2025,9.794837744,1291,0,Very High,2025,May,Sunday,2,18
CONV00105,U2241,31559.18,19-11-2025,10.35965148,750,1,Very High,2025,November,Wednesday,4,19
CONV00106,U4836,9194.18,21-06-2025,9.126434713,1658,0,Very High,2025,June,Saturday,2,21
CONV00107,U4211,43584.65,29-09-2025,10.68248325,239,1,Very High,2025,September,Monday,3,29
CONV00108,U6512,39638.76,13-10-2025,10.58758793,390,1,Very High,2025,October,Monday,4,13
CONV00109,U4296,32108.19,07-11-2025,10.37689756,726,1,Very High,2025,November,Friday,4,7
CONV00110,U5375,3629.24,05-12-2025,8.197054041,1879,0,Very High,2025,December,Friday,4,5
CONV00111,U0610,5311,03-07-2025,8.577723691,1808,0,Very High,2025,July,Thursday,3,3
CONV00112,U8851,36466.66,31-08-2025,10.50418112,546,1,Very High,2025,August,Sunday,3,31
CONV00113,U0537,22447.46,19-01-2026,10.01897729,1119,0,Very High,2026,January,Monday,1,19
CONV00114,U5877,9895.52,04-02-2025,9.199938459,1629,0,Very High,2025,February,Tuesday,1,4
CONV00115,U0350,49446.63,20-02-2025,10.80866941,16,1,Very High,2025,February,Thursday,1,20
CONV00116,U5384,14225.1,21-03-2025,9.562833585,1434,0,Very High,2025,March,Friday,1,21
CONV00117,U0423,39604.24,16-03-2025,10.58671671,391,1,Very High,2025,March,Sunday,1,16
CONV00118,U6898,3646.12,11-10-2025,8.201693094,1875,0,Very High,2025,October,Saturday,4,11
CONV00119,U0711,23173.1,03-01-2026,10.05079055,1086,0,Very High,2026,January,Saturday,1,3
CONV00120,U8033,45013.7,10-01-2026,10.71474438,185,1,Very High,2026,January,Saturday,1,10
CONV00121,U9591,19354.77,27-10-2025,9.870745845,1238,0,Very High,2025,October,Monday,4,27
CONV00122,U1875,38563.66,25-12-2025,10.56009159,446,1,Very High,2025,December,Thursday,4,25
CONV00123,U6533,15971.14,11-08-2025,9.678601233,1368,0,Very High,2025,August,Monday,3,11
CONV00124,U1528,37070.4,04-09-2025,10.52060106,515,1,Very High,2025,September,Thursday,3,4
CONV00125,U5401,18003.1,31-12-2025,9.798354789,1290,0,Very High,2025,December,Wednesday,4,31
CONV00126,U1698,8159.14,07-11-2025,9.007016605,1697,0,Very High,2025,November,Friday,4,7
CONV00127,U9407,28267.8,20-05-2025,10.249514,889,1,Very High,2025,May,Tuesday,2,20
CONV00128,U4382,35283.59,24-01-2025,10.4712016,590,1,Very High,2025,January,Friday,1,24
CONV00129,U6567,31842.01,05-02-2025,10.36857317,740,1,Very High,2025,February,Wednesday,1,5
CONV00130,U5586,36219,15-04-2025,10.49736673,557,1,Very High,2025,April,Tuesday,2,15
CONV00131,U0816,22434.09,25-12-2025,10.01838153,1120,0,Very High,2025,December,Thursday,4,25
CONV00132,U1865,14520.7,17-07-2025,9.583399361,1422,0,Very High,2025,July,Thursday,3,17
CONV00133,U6476,10618.94,03-12-2025,9.270488645,1595,0,Very High,2025,December,Wednesday,4,3
CONV00134,U8150,19320.27,31-08-2025,9.868961841,1242,0,Very High,2025,August,Sunday,3,31
CONV00135,U1181,22092.87,06-08-2025,10.00305547,1135,0,Very High,2025,August,Wednesday,3,6
CONV00136,U6844,1532.4,08-06-2025,7.335242771,1959,0,Very High,2025,June,Sunday,2,8
CONV00137,U7156,29649.13,12-03-2025,10.29722179,818,1,Very High,2025,March,Wednesday,1,12
CONV00138,U1252,26764.94,25-09-2025,10.19488546,949,1,Very High,2025,September,Thursday,3,25
CONV00139,U4194,8067.05,06-05-2025,8.995667096,1703,0,Very High,2025,May,Tuesday,2,6
CONV00140,U9495,44161.38,07-09-2025,10.69562857,221,1,Very High,2025,September,Sunday,3,7
CONV00141,U7246,14096.35,21-11-2025,9.553742115,1444,0,Very High,2025,November,Friday,4,21
CONV00142,U0933,32410.99,04-08-2025,10.3862837,718,1,Very High,2025,August,Monday,3,4
CONV00143,U9082,40585.89,11-02-2025,10.61120039,360,1,Very High,2025,February,Tuesday,1,11
CONV00144,U7382,4674.29,14-03-2025,8.450046472,1835,0,Very High,2025,March,Friday,1,14
CONV00145,U8587,18512.95,24-10-2025,9.826279781,1274,0,Very High,2025,October,Friday,4,24
CONV00146,U5483,28119.18,15-02-2025,10.24424275,897,1,Very High,2025,February,Saturday,1,15
CONV00147,U2318,35074.76,11-07-2025,10.46526557,602,1,Very High,2025,July,Friday,3,11
CONV00148,U5382,41533.47,30-03-2025,10.63427896,312,1,Very High,2025,March,Sunday,1,30
CONV00149,U5941,17415.75,02-07-2025,9.765187666,1313,0,Very High,2025,July,Wednesday,3,2
CONV00150,U1658,37062.88,03-10-2025,10.52039819,516,1,Very High,2025,October,Friday,4,3
CONV00151,U2659,31424.65,01-05-2025,10.35537972,754,1,Very High,2025,May,Thursday,2,1
CONV00152,U3892,37743.36,10-09-2025,10.53859134,482,1,Very High,2025,September,Wednesday,3,10
CONV00153,U3179,49229.77,22-07-2025,10.80427411,24,1,Very High,2025,July,Tuesday,3,22
CONV00154,U3272,12875.16,26-11-2025,9.463132819,1491,0,Very High,2025,November,Wednesday,4,26
CONV00155,U2043,8435.46,09-06-2025,9.040318068,1685,0,Very High,2025,June,Monday,2,9
CONV00156,U7392,3136.22,14-07-2025,8.051092336,1896,0,Very High,2025,July,Monday,3,14
CONV00157,U5222,17096.87,24-02-2025,9.746709173,1329,0,Very High,2025,February,Monday,1,24
CONV00158,U2274,30959.74,25-01-2026,10.34047523,768,1,Very High,2026,January,Sunday,1,25
CONV00159,U9976,38920.55,05-10-2025,10.56930336,426,1,Very High,2025,October,Sunday,4,5
CONV00160,U7490,45304.77,21-02-2025,10.72118968,173,1,Very High,2025,February,Friday,1,21
CONV00161,U7033,12407.93,14-01-2025,9.426171654,1519,0,Very High,2025,January,Tuesday,1,14
CONV00162,U1109,39427.41,13-10-2025,10.5822419,399,1,Very High,2025,October,Monday,4,13
CONV00163,U6117,18176.15,12-05-2025,9.80792059,1286,0,Very High,2025,May,Monday,2,12
CONV00164,U2186,17258.09,12-02-2025,9.75609424,1319,0,Very High,2025,February,Wednesday,1,12
CONV00165,U2210,47208.45,03-02-2025,10.76234936,103,1,Very High,2025,February,Monday,1,3
CONV00166,U5081,27380.02,29-09-2025,10.21760535,929,1,Very High,2025,September,Monday,3,29
CONV00167,U5439,18716.95,17-06-2025,9.837238235,1265,0,Very High,2025,June,Tuesday,2,17
CONV00168,U8130,46253.37,06-01-2026,10.74191122,143,1,Very High,2026,January,Tuesday,1,6
CONV00169,U2957,5578.6,17-10-2025,8.626872368,1798,0,Very High,2025,October,Friday,4,17
CONV00170,U7273,36477.31,28-07-2025,10.50447312,544,1,Very High,2025,July,Monday,3,28
CONV00171,U1230,18483.9,04-01-2026,9.824709462,1278,0,Very High,2026,January,Sunday,1,4
CONV00172,U0571,39036.51,17-03-2025,10.57227826,419,1,Very High,2025,March,Monday,1,17
CONV00173,U7372,38272.68,27-07-2025,10.55251773,458,1,Very High,2025,July,Sunday,3,27
CONV00174,U4090,9709.38,16-03-2025,9.180950695,1636,0,Very High,2025,March,Sunday,1,16
CONV00175,U7312,34852.04,05-05-2025,10.45889564,611,1,Very High,2025,May,Monday,2,5
CONV00176,U7293,49335.45,07-03-2025,10.80641844,23,1,Very High,2025,March,Friday,1,7
CONV00177,U2581,35160.85,05-01-2026,10.46771697,599,1,Very High,2026,January,Monday,1,5
CONV00178,U3879,27924.06,21-09-2025,10.23727977,905,1,Very High,2025,September,Sunday,3,21
CONV00179,U5068,24193.92,05-08-2025,10.09389797,1044,0,Very High,2025,August,Tuesday,3,5
CONV00180,U1216,26109.32,23-08-2025,10.17008592,978,1,Very High,2025,August,Saturday,3,23
CONV00181,U7089,6645.98,19-09-2025,8.801917895,1759,0,Very High,2025,September,Friday,3,19
CONV00182,U5670,4403.57,29-09-2025,8.390397917,1845,0,Very High,2025,September,Monday,3,29
CONV00183,U1531,29794.52,03-10-2025,10.30211333,812,1,Very High,2025,October,Friday,4,3
CONV00184,U0675,47453.07,08-02-2025,10.76751757,92,1,Very High,2025,February,Saturday,1,8
CONV00185,U0497,14838.75,12-10-2025,9.60506467,1408,0,Very High,2025,October,Sunday,4,12
CONV00186,U4874,3465.7,04-09-2025,8.150958412,1887,0,Very High,2025,September,Thursday,3,4
CONV00187,U5122,17595.84,25-06-2025,9.775474619,1302,0,Very High,2025,June,Wednesday,2,25
CONV00188,U7643,12771.98,07-03-2025,9.455087281,1500,0,Very High,2025,March,Friday,1,7
CONV00189,U5365,9896.79,28-10-2025,9.200066779,1628,0,Very High,2025,October,Tuesday,4,28
CONV00190,U0380,23132.92,23-02-2025,10.04905522,1088,0,Very High,2025,February,Sunday,1,23
CONV00191,U9790,14644.54,01-12-2025,9.591891131,1417,0,Very High,2025,December,Monday,4,1
CONV00192,U6607,3032.31,24-07-2025,8.017409711,1901,0,Very High,2025,July,Thursday,3,24
CONV00193,U7379,49459.99,30-10-2025,10.80893956,15,1,Very High,2025,October,Thursday,4,30
CONV00194,U9140,30321.92,19-07-2025,10.31965914,797,1,Very High,2025,July,Saturday,3,19
CONV00195,U7762,30509.9,09-10-2025,10.32583928,786,1,Very High,2025,October,Thursday,4,9
CONV00196,U4903,41500.32,17-11-2025,10.63348051,314,1,Very High,2025,November,Monday,4,17
CONV00197,U6036,49004.95,07-07-2025,10.799697,34,1,Very High,2025,July,Monday,3,7
CONV00198,U9478,3042.08,07-11-2025,8.020625439,1900,0,Very High,2025,November,Friday,4,7
CONV00199,U3969,5939.83,17-01-2025,8.689604133,1779,0,Very High,2025,January,Friday,1,17
CONV00200,U6724,23844.47,11-10-2025,10.07934954,1057,0,Very High,2025,October,Saturday,4,11
CONV00201,U7838,47855.93,11-10-2025,10.77597121,79,1,Very High,2025,October,Saturday,4,11
CONV00202,U4332,47888.2,17-11-2025,10.77664529,75,1,Very High,2025,November,Monday,4,17
CONV00203,U3397,16193.52,31-12-2025,9.692428192,1358,0,Very High,2025,December,Wednesday,4,31
CONV00204,U8900,17584.17,07-08-2025,9.774811212,1306,0,Very High,2025,August,Thursday,3,7
CONV00205,U5675,37493.26,21-08-2025,10.53194313,492,1,Very High,2025,August,Thursday,3,21
CONV00206,U1790,12344.46,13-11-2025,9.421043663,1522,0,Very High,2025,November,Thursday,4,13
CONV00207,U5412,38652.92,30-08-2025,10.56240347,443,1,Very High,2025,August,Saturday,3,30
CONV00208,U7823,48213.74,10-12-2025,10.78342006,62,1,Very High,2025,December,Wednesday,4,10
CONV00209,U3805,42591.49,02-10-2025,10.65943323,265,1,Very High,2025,October,Thursday,4,2
CONV00210,U8117,46338.97,04-05-2025,10.74376015,135,1,Very High,2025,May,Sunday,2,4
CONV00211,U4663,26453.77,18-09-2025,10.18319176,964,1,Very High,2025,September,Thursday,3,18
CONV00212,U5418,32590.12,16-04-2025,10.39179514,702,1,Very High,2025,April,Wednesday,2,16
CONV00213,U3165,32116.93,12-04-2025,10.37716972,725,1,Very High,2025,April,Saturday,2,12
CONV00214,U3028,46823.36,13-03-2025,10.75415886,116,1,Very High,2025,March,Thursday,1,13
CONV00215,U4948,1066.07,15-11-2025,6.972671854,1976,0,Very High,2025,November,Saturday,4,15
CONV00216,U5027,25374.76,20-04-2025,10.14154967,1009,0,Very High,2025,April,Sunday,2,20
CONV00217,U6022,47889.35,26-11-2025,10.7766693,74,1,Very High,2025,November,Wednesday,4,26
CONV00218,U7715,11311.38,10-10-2025,9.33365298,1568,0,Very High,2025,October,Friday,4,10
CONV00219,U1280,41524.32,13-11-2025,10.63405864,313,1,Very High,2025,November,Thursday,4,13
CONV00220,U8526,10667.37,02-09-2025,9.275038568,1592,0,Very High,2025,September,Tuesday,3,2
CONV00221,U2162,28413.6,07-10-2025,10.25465838,884,1,Very High,2025,October,Tuesday,4,7
CONV00222,U3571,21473.02,15-11-2025,9.974599111,1169,0,Very High,2025,November,Saturday,4,15
CONV00223,U0520,38564.12,20-06-2025,10.56010352,445,1,Very High,2025,June,Friday,2,20
CONV00224,U6155,43790.41,15-02-2025,10.68719296,231,1,Very High,2025,February,Saturday,1,15
CONV00225,U3649,23418.69,25-01-2025,10.0613324,1075,0,Very High,2025,January,Saturday,1,25
CONV00226,U7547,9829.78,25-07-2025,9.193273559,1632,0,Very High,2025,July,Friday,3,25
CONV00227,U3944,29900.24,30-04-2025,10.30565523,808,1,Very High,2025,April,Wednesday,2,30
CONV00228,U6591,11254.83,09-09-2025,9.328641496,1571,0,Very High,2025,September,Tuesday,3,9
CONV00229,U5225,33790.33,02-11-2025,10.42795954,659,1,Very High,2025,November,Sunday,4,2
CONV00230,U6776,28057.55,21-06-2025,10.24204868,901,1,Very High,2025,June,Saturday,2,21
CONV00231,U5643,39397.33,06-12-2025,10.58147871,403,1,Very High,2025,December,Saturday,4,6
CONV00232,U7759,42948.29,08-05-2025,10.6677754,256,1,Very High,2025,May,Thursday,2,8
CONV00233,U8684,13122.28,20-03-2025,9.482143031,1483,0,Very High,2025,March,Thursday,1,20
CONV00234,U0845,30445.99,19-05-2025,10.32374242,792,1,Very High,2025,May,Monday,2,19
CONV00235,U7855,47872.48,17-04-2025,10.77631698,77,1,Very High,2025,April,Thursday,2,17
CONV00236,U3975,10623.4,21-01-2026,9.270908522,1593,0,Very High,2026,January,Wednesday,1,21
CONV00237,U5887,25884.42,22-06-2025,10.16143515,984,1,Very High,2025,June,Sunday,2,22
CONV00238,U3329,2762.91,05-08-2025,7.924401623,1911,0,Very High,2025,August,Tuesday,3,5
CONV00239,U9489,10211.49,09-08-2025,9.23136676,1611,0,Very High,2025,August,Saturday,3,9
CONV00240,U5531,32263.88,27-05-2025,10.38173461,721,1,Very High,2025,May,Tuesday,2,27
CONV00241,U8001,47883.23,21-04-2025,10.7765415,76,1,Very High,2025,April,Monday,2,21
CONV00242,U2253,35504.89,19-11-2025,10.47745388,582,1,Very High,2025,November,Wednesday,4,19
CONV00243,U7917,827.31,21-12-2025,6.71938748,1987,0,High,2025,December,Sunday,4,21
CONV00244,U4698,35044.02,22-01-2025,10.4643888,603,1,Very High,2025,January,Wednesday,1,22
CONV00245,U8626,39849.35,12-05-2025,10.59288647,382,1,Very High,2025,May,Monday,2,12
CONV00246,U3701,42469.42,23-06-2025,10.65656311,269,1,Very High,2025,June,Monday,2,23
CONV00247,U0920,8983.49,08-12-2025,9.103255036,1665,0,Very High,2025,December,Monday,4,8
CONV00248,U3765,28555.82,27-04-2025,10.25965107,873,1,Very High,2025,April,Sunday,2,27
CONV00249,U0540,48092.72,20-04-2025,10.78090689,65,1,Very High,2025,April,Sunday,2,20
CONV00250,U3940,44878.03,28-10-2025,10.71172593,193,1,Very High,2025,October,Tuesday,4,28
CONV00251,U8205,22135.87,23-07-2025,10.00499982,1133,0,Very High,2025,July,Wednesday,3,23
CONV00252,U6500,14029.69,01-07-2025,9.549002352,1446,0,Very High,2025,July,Tuesday,3,1
CONV00253,U3044,19313.6,08-01-2026,9.868616566,1244,0,Very High,2026,January,Thursday,1,8
CONV00254,U6226,37112.94,10-01-2026,10.52174792,512,1,Very High,2026,January,Saturday,1,10
CONV00255,U5897,4821.21,01-06-2025,8.480987608,1827,0,Very High,2025,June,Sunday,2,1
CONV00256,U1469,30047.77,26-07-2025,10.31057701,803,1,Very High,2025,July,Saturday,3,26
CONV00257,U9168,8894.35,17-05-2025,9.093283947,1670,0,Very High,2025,May,Saturday,2,17
CONV00258,U1037,21344.57,11-04-2025,9.968599503,1174,0,Very High,2025,April,Friday,2,11
CONV00259,U9729,5795.13,21-11-2025,8.664945732,1786,0,Very High,2025,November,Friday,4,21
CONV00260,U7213,41264.99,11-07-2025,10.62779395,328,1,Very High,2025,July,Friday,3,11
CONV00261,U3291,48246.44,03-10-2025,10.78409805,61,1,Very High,2025,October,Friday,4,3
CONV00262,U5340,39400.39,23-07-2025,10.58155637,402,1,Very High,2025,July,Wednesday,3,23
CONV00263,U9013,47177.26,20-01-2025,10.76168847,105,1,Very High,2025,January,Monday,1,20
CONV00264,U8181,12480.05,03-04-2025,9.431966773,1516,0,Very High,2025,April,Thursday,2,3
CONV00265,U7852,25577.33,24-11-2025,10.14950079,1002,0,Very High,2025,November,Monday,4,24
CONV00266,U9730,38563.23,14-12-2025,10.56008044,447,1,Very High,2025,December,Sunday,4,14
CONV00267,U6548,1022.11,27-06-2025,6.930602287,1977,0,Very High,2025,June,Friday,2,27
CONV00268,U9425,19861.14,18-05-2025,9.896570686,1220,0,Very High,2025,May,Sunday,2,18
CONV00269,U7910,46067.1,25-02-2025,10.73787602,152,1,Very High,2025,February,Tuesday,1,25
CONV00270,U3390,24070.05,08-10-2025,10.08876515,1049,0,Very High,2025,October,Wednesday,4,8
CONV00271,U1886,5913.45,06-02-2025,8.685153788,1780,0,Very High,2025,February,Thursday,1,6
CONV00272,U5423,11976.85,26-10-2025,9.39081439,1539,0,Very High,2025,October,Sunday,4,26
CONV00273,U3233,19747.37,10-09-2025,9.890826235,1226,0,Very High,2025,September,Wednesday,3,10
CONV00274,U9460,18606.75,28-02-2025,9.83133344,1269,0,Very High,2025,February,Friday,1,28
CONV00275,U5135,19930.93,05-11-2025,9.900078247,1217,0,Very High,2025,November,Wednesday,4,5
CONV00276,U4874,33769.45,21-11-2025,10.42734144,660,1,Very High,2025,November,Friday,4,21
CONV00277,U2317,30023.08,07-10-2025,10.30975501,804,1,Very High,2025,October,Tuesday,4,7
CONV00278,U2839,14797.32,17-10-2025,9.60226894,1411,0,Very High,2025,October,Friday,4,17
CONV00279,U7940,19505.24,28-03-2025,9.878489693,1231,0,Very High,2025,March,Friday,1,28
CONV00280,U7273,28487.19,03-10-2025,10.25724489,878,1,Very High,2025,October,Friday,4,3
CONV00281,U2756,38741.11,07-09-2025,10.5646824,434,1,Very High,2025,September,Sunday,3,7
CONV00282,U6011,36089.52,22-10-2025,10.49378551,560,1,Very High,2025,October,Wednesday,4,22
CONV00283,U0529,43178.88,21-08-2025,10.67312993,247,1,Very High,2025,August,Thursday,3,21
CONV00284,U5745,21694.27,18-01-2026,9.984849543,1154,0,Very High,2026,January,Sunday,1,18
CONV00285,U4606,16520.85,24-11-2025,9.712439026,1345,0,Very High,2025,November,Monday,4,24
CONV00286,U1561,3434.65,19-03-2025,8.141961415,1888,0,Very High,2025,March,Wednesday,1,19
CONV00287,U4056,7537.5,02-01-2026,8.927778502,1718,0,Very High,2026,January,Friday,1,2
CONV00288,U1526,14272.17,24-08-2025,9.56613683,1430,0,Very High,2025,August,Sunday,3,24
CONV00289,U7512,18232.03,24-11-2025,9.810990063,1284,0,Very High,2025,November,Monday,4,24
CONV00290,U4400,27591.87,19-06-2025,10.22531268,921,1,Very High,2025,June,Thursday,2,19
CONV00291,U7530,42953.75,23-01-2025,10.66790252,255,1,Very High,2025,January,Thursday,1,23
CONV00292,U4946,32902.1,31-03-2025,10.40132216,691,1,Very High,2025,March,Monday,1,31
CONV00293,U5006,32946.52,16-01-2026,10.40267127,687,1,Very High,2026,January,Friday,1,16
CONV00294,U3706,959.7,15-10-2025,6.867662185,1979,0,High,2025,October,Wednesday,4,15
CONV00295,U3752,40394.86,19-07-2025,10.60648258,368,1,Very High,2025,July,Saturday,3,19
CONV00296,U2341,919.5,25-02-2025,6.824917001,1982,0,High,2025,February,Tuesday,1,25
CONV00297,U6746,43068.14,14-11-2025,10.67056201,249,1,Very High,2025,November,Friday,4,14
CONV00298,U7036,14209.9,13-06-2025,9.561764555,1436,0,Very High,2025,June,Friday,2,13
CONV00299,U0440,26128.58,20-12-2025,10.17082328,977,1,Very High,2025,December,Saturday,4,20
CONV00300,U8109,25229.34,05-08-2025,10.13580252,1015,0,Very High,2025,August,Tuesday,3,5
CONV00301,U6338,27544.63,24-10-2025,10.22359918,923,1,Very High,2025,October,Friday,4,24
CONV00302,U3535,20199.76,30-01-2025,9.913475506,1207,0,Very High,2025,January,Thursday,1,30
CONV00303,U8809,4638.06,14-11-2025,8.442267038,1836,0,Very High,2025,November,Friday,4,14
CONV00304,U1084,36632.94,05-07-2025,10.50873041,534,1,Very High,2025,July,Saturday,3,5
CONV00305,U7429,15809.86,03-12-2025,9.668452325,1375,0,Very High,2025,December,Wednesday,4,3
CONV00306,U8134,39257.86,20-07-2025,10.57793243,412,1,Very High,2025,July,Sunday,3,20
CONV00307,U1935,21751.57,01-02-2025,9.98748719,1151,0,Very High,2025,February,Saturday,1,1
CONV00308,U7458,25230.7,07-10-2025,10.13585642,1014,0,Very High,2025,October,Tuesday,4,7
CONV00309,U1890,627.14,24-05-2025,6.442763072,1995,0,High,2025,May,Saturday,2,24
CONV00310,U2933,45740.41,11-02-2025,10.73075929,160,1,Very High,2025,February,Tuesday,1,11
CONV00311,U4445,6410.35,02-03-2025,8.765825136,1765,0,Very High,2025,March,Sunday,1,2
CONV00312,U1130,42319.9,06-09-2025,10.65303633,277,1,Very High,2025,September,Saturday,3,6
CONV00313,U9238,12507.91,16-06-2025,9.434196469,1515,0,Very High,2025,June,Monday,2,16
CONV00314,U2467,12033.39,15-01-2025,9.395523663,1536,0,Very High,2025,January,Wednesday,1,15
CONV00315,U1704,21280.88,16-05-2025,9.965611285,1175,0,Very High,2025,May,Friday,2,16
CONV00316,U8516,18938.35,23-08-2025,9.848997047,1260,0,Very High,2025,August,Saturday,3,23
CONV00317,U1227,22031.65,30-11-2025,10.00028072,1137,0,Very High,2025,November,Sunday,4,30
CONV00318,U5346,12063.76,12-07-2025,9.398044086,1535,0,Very High,2025,July,Saturday,3,12
CONV00319,U7366,6476.47,07-09-2025,8.776085281,1763,0,Very High,2025,September,Sunday,3,7
CONV00320,U1482,41406.14,13-04-2025,10.63120861,318,1,Very High,2025,April,Sunday,2,13
CONV00321,U4067,2923.06,11-07-2025,7.98072834,1905,0,Very High,2025,July,Friday,3,11
CONV00322,U9014,5544.41,02-06-2025,8.620725838,1799,0,Very High,2025,June,Monday,2,2
CONV00323,U2142,34471.12,12-05-2025,10.44790616,627,1,Very High,2025,May,Monday,2,12
CONV00324,U0358,32476.35,28-02-2025,10.3882982,713,1,Very High,2025,February,Friday,1,28
CONV00325,U0830,41173.43,09-04-2025,10.62557271,335,1,Very High,2025,April,Wednesday,2,9
CONV00326,U3067,44229.48,22-05-2025,10.69716942,217,1,Very High,2025,May,Thursday,2,22
CONV00327,U7849,19459.26,14-02-2025,9.876129716,1234,0,Very High,2025,February,Friday,1,14
CONV00328,U0320,24244.38,09-08-2025,10.09598136,1040,0,Very High,2025,August,Saturday,3,9
CONV00329,U2947,11341.5,11-02-2025,9.336312012,1566,0,Very High,2025,February,Tuesday,1,11
CONV00330,U3814,33014.79,31-03-2025,10.40474121,683,1,Very High,2025,March,Monday,1,31
CONV00331,U9433,42041.5,14-08-2025,10.64643629,296,1,Very High,2025,August,Thursday,3,14
CONV00332,U5879,35177.76,29-11-2025,10.46819777,596,1,Very High,2025,November,Saturday,4,29
CONV00333,U8883,2379.21,09-06-2025,7.774943998,1926,0,Very High,2025,June,Monday,2,9
CONV00334,U5436,6959.23,03-12-2025,8.847967799,1744,0,Very High,2025,December,Wednesday,4,3
CONV00335,U2321,18562.05,28-02-2025,9.828928325,1272,0,Very High,2025,February,Friday,1,28
CONV00336,U4945,36751.43,28-06-2025,10.51195962,529,1,Very High,2025,June,Saturday,2,28
CONV00337,U5847,40815.48,07-05-2025,10.6168412,349,1,Very High,2025,May,Wednesday,2,7
CONV00338,U9386,9513.05,30-07-2025,9.160524932,1643,0,Very High,2025,July,Wednesday,3,30
CONV00339,U5426,49127.79,14-02-2025,10.8022005,29,1,Very High,2025,February,Friday,1,14
CONV00340,U3436,17848.82,02-06-2025,9.789748703,1293,0,Very High,2025,June,Monday,2,2
CONV00341,U2726,19246.27,17-08-2025,9.865124511,1250,0,Very High,2025,August,Sunday,3,17
CONV00342,U3696,40060.13,26-03-2025,10.59816182,377,1,Very High,2025,March,Wednesday,1,26
CONV00343,U5601,36733.26,15-04-2025,10.51146511,531,1,Very High,2025,April,Tuesday,2,15
CONV00344,U0508,30562.22,22-08-2025,10.3275526,783,1,Very High,2025,August,Friday,3,22
CONV00345,U6706,46315.89,09-01-2026,10.74326197,137,1,Very High,2026,January,Friday,1,9
CONV00346,U6438,24801.94,21-10-2025,10.11871747,1027,0,Very High,2025,October,Tuesday,4,21
CONV00347,U9834,1773.92,08-09-2025,7.48151063,1947,0,Very High,2025,September,Monday,3,8
CONV00348,U7716,5011.28,25-09-2025,8.51964618,1819,0,Very High,2025,September,Thursday,3,25
CONV00349,U0732,13538.34,10-06-2025,9.513354801,1469,0,Very High,2025,June,Tuesday,2,10
CONV00350,U1585,40504.92,26-02-2025,10.60920342,363,1,Very High,2025,February,Wednesday,1,26
CONV00351,U6859,46849.89,20-10-2025,10.75472528,114,1,Very High,2025,October,Monday,4,20
CONV00352,U8227,28788.53,08-11-2025,10.26776706,855,1,Very High,2025,November,Saturday,4,8
CONV00353,U3472,21457.06,30-04-2025,9.973855611,1170,0,Very High,2025,April,Wednesday,2,30
CONV00354,U5239,28040.03,21-02-2025,10.24142407,903,1,Very High,2025,February,Friday,1,21
CONV00355,U9627,21014.9,29-09-2025,9.953034573,1184,0,Very High,2025,September,Monday,3,29
CONV00356,U1731,14661.6,02-11-2025,9.593055313,1416,0,Very High,2025,November,Sunday,4,2
CONV00357,U9978,14133,04-09-2025,9.556338521,1440,0,Very High,2025,September,Thursday,3,4
CONV00358,U3893,46081.33,23-02-2025,10.73818486,151,1,Very High,2025,February,Sunday,1,23
CONV00359,U1610,48723.86,11-05-2025,10.79394465,49,1,Very High,2025,May,Sunday,2,11
CONV00360,U3080,41286.49,07-09-2025,10.62831483,326,1,Very High,2025,September,Sunday,3,7
CONV00361,U1076,20467.56,03-07-2025,9.926645329,1202,0,Very High,2025,July,Thursday,3,3
CONV00362,U0945,3002.68,19-05-2025,8.007593483,1903,0,Very High,2025,May,Monday,2,19
CONV00363,U2030,18937.1,03-01-2026,9.848931045,1261,0,Very High,2026,January,Saturday,1,3
CONV00364,U2680,34598.1,22-05-2025,10.45158295,620,1,Very High,2025,May,Thursday,2,22
CONV00365,U3627,10733.18,18-12-2025,9.281188322,1590,0,Very High,2025,December,Thursday,4,18
CONV00366,U0146,9073.43,25-09-2025,9.113215847,1663,0,Very High,2025,September,Thursday,3,25
CONV00367,U4512,17761.11,13-08-2025,9.784822816,1297,0,Very High,2025,August,Wednesday,3,13
CONV00368,U8381,32543.43,25-12-2025,10.39036151,709,1,Very High,2025,December,Thursday,4,25
CONV00369,U4530,14205.8,14-12-2025,9.561476002,1437,0,Very High,2025,December,Sunday,4,14
CONV00370,U6621,7426.51,05-12-2025,8.912945954,1723,0,Very High,2025,December,Friday,4,5
CONV00371,U9553,9900.8,21-01-2026,9.200471838,1627,0,Very High,2026,January,Wednesday,1,21
CONV00372,U5874,8914.34,08-10-2025,9.095528668,1669,0,Very High,2025,October,Wednesday,4,8
CONV00373,U9160,17113.81,06-04-2025,9.74769945,1328,0,Very High,2025,April,Sunday,2,6
CONV00374,U5429,15055.53,06-08-2025,9.619567063,1398,0,Very High,2025,August,Wednesday,3,6
CONV00375,U1167,6430.89,20-09-2025,8.769023709,1764,0,Very High,2025,September,Saturday,3,20
CONV00376,U2251,49365.98,11-05-2025,10.80703706,21,1,Very High,2025,May,Sunday,2,11
CONV00377,U5450,31907.7,20-11-2025,10.37063398,734,1,Very High,2025,November,Thursday,4,20
CONV00378,U8022,21968.72,28-02-2025,9.997420421,1140,0,Very High,2025,February,Friday,1,28
CONV00379,U3268,16449.55,06-08-2025,9.70811419,1351,0,Very High,2025,August,Wednesday,3,6
CONV00380,U3708,6882.07,03-01-2026,8.836820052,1749,0,Very High,2026,January,Saturday,1,3
CONV00381,U4886,26254.28,14-06-2025,10.17562239,974,1,Very High,2025,June,Saturday,2,14
CONV00382,U5886,45951.17,19-04-2025,10.73535635,155,1,Very High,2025,April,Saturday,2,19
CONV00383,U0360,6596.52,20-11-2025,8.7944491,1760,0,Very High,2025,November,Thursday,4,20
CONV00384,U0797,5851.62,27-11-2025,8.674644703,1784,0,Very High,2025,November,Thursday,4,27
CONV00385,U2025,35242.48,14-10-2025,10.47003583,592,1,Very High,2025,October,Tuesday,4,14
CONV00386,U4424,7289.59,11-12-2025,8.894339755,1729,0,Very High,2025,December,Thursday,4,11
CONV00387,U8155,39008.97,08-05-2025,10.57157253,420,1,Very High,2025,May,Thursday,2,8
CONV00388,U8981,46689.66,22-09-2025,10.75129942,122,1,Very High,2025,September,Monday,3,22
CONV00389,U8096,25829.41,10-04-2025,10.15930776,990,1,Very High,2025,April,Thursday,2,10
CONV00390,U4328,40752.33,22-09-2025,10.61529283,352,1,Very High,2025,September,Monday,3,22
CONV00391,U1557,7350.52,13-02-2025,8.902662374,1727,0,Very High,2025,February,Thursday,1,13
CONV00392,U1523,6134.68,22-07-2025,8.72187619,1773,0,Very High,2025,July,Tuesday,3,22
CONV00393,U2733,36457.35,29-03-2025,10.50392579,547,1,Very High,2025,March,Saturday,1,29
CONV00394,U7179,39068.63,22-04-2025,10.57310072,416,1,Very High,2025,April,Tuesday,2,22
CONV00395,U1851,3635.13,19-08-2025,8.198675208,1878,0,Very High,2025,August,Tuesday,3,19
CONV00396,U9258,17245.88,11-05-2025,9.755386537,1322,0,Very High,2025,May,Sunday,2,11
CONV00397,U6306,49395.69,19-03-2025,10.8076387,19,1,Very High,2025,March,Wednesday,1,19
CONV00398,U2710,12424.14,16-02-2025,9.427477119,1518,0,Very High,2025,February,Sunday,1,16
CONV00399,U3851,40162.43,24-02-2025,10.60071216,374,1,Very High,2025,February,Monday,1,24
CONV00400,U0292,2273.68,11-03-2025,7.729594662,1929,0,Very High,2025,March,Tuesday,1,11
CONV00401,U8329,33737.98,14-11-2025,10.42640912,662,1,Very High,2025,November,Friday,4,14
CONV00402,U5440,23920.12,04-11-2025,10.08251703,1056,0,Very High,2025,November,Tuesday,4,4
CONV00403,U3634,41579.25,01-02-2025,10.63538057,310,1,Very High,2025,February,Saturday,1,1
CONV00404,U2690,35984.38,03-10-2025,10.49086802,562,1,Very High,2025,October,Friday,4,3
CONV00405,U6438,39180.31,13-05-2025,10.57595513,414,1,Very High,2025,May,Tuesday,2,13
CONV00406,U9648,33093.61,04-04-2025,10.40712571,682,1,Very High,2025,April,Friday,2,4
CONV00407,U9065,46256.36,03-09-2025,10.74197587,142,1,Very High,2025,September,Wednesday,3,3
CONV00408,U1697,30504.96,28-07-2025,10.32567735,787,1,Very High,2025,July,Monday,3,28
CONV00409,U4483,22915.86,27-07-2025,10.03962816,1102,0,Very High,2025,July,Sunday,3,27
CONV00410,U4898,16038.58,18-01-2026,9.682814697,1364,0,Very High,2026,January,Sunday,1,18
CONV00411,U5658,32679.28,10-01-2026,10.39452712,700,1,Very High,2026,January,Saturday,1,10
CONV00412,U1891,29348.91,30-07-2025,10.28704476,828,1,Very High,2025,July,Wednesday,3,30
CONV00413,U0210,19353.08,26-09-2025,9.870658529,1240,0,Very High,2025,September,Friday,3,26
CONV00414,U4106,39325.69,22-03-2025,10.5796587,408,1,Very High,2025,March,Saturday,1,22
CONV00415,U9206,28282.89,02-05-2025,10.25004766,888,1,Very High,2025,May,Friday,2,2
CONV00416,U6350,48308.74,03-08-2025,10.78538848,60,1,Very High,2025,August,Sunday,3,3
CONV00417,U3696,32557.8,15-12-2025,10.39080296,707,1,Very High,2025,December,Monday,4,15
CONV00418,U4820,4186.22,17-09-2025,8.339792308,1849,0,Very High,2025,September,Wednesday,3,17
CONV00419,U4573,8465.98,08-11-2025,9.043929172,1682,0,Very High,2025,November,Saturday,4,8
CONV00420,U0655,3017.34,18-04-2025,8.01246229,1902,0,Very High,2025,April,Friday,2,18
CONV00421,U5208,26270.01,22-10-2025,10.17622133,972,1,Very High,2025,October,Wednesday,4,22
CONV00422,U5725,16928.23,05-05-2025,9.736796993,1332,0,Very High,2025,May,Monday,2,5
CONV00423,U0145,22560.53,28-03-2025,10.02400152,1115,0,Very High,2025,March,Friday,1,28
CONV00424,U6323,14500.04,10-06-2025,9.58197565,1424,0,Very High,2025,June,Tuesday,2,10
CONV00425,U0719,16355.48,03-06-2025,9.702379428,1355,0,Very High,2025,June,Tuesday,2,3
CONV00426,U3454,11052.17,31-12-2025,9.310472544,1576,0,Very High,2025,December,Wednesday,4,31
CONV00427,U1182,23231.65,28-12-2025,10.0533139,1084,0,Very High,2025,December,Sunday,4,28
CONV00428,U9144,11768.46,14-02-2025,9.37326332,1552,0,Very High,2025,February,Friday,1,14
CONV00429,U0277,26974.3,08-08-2025,10.20267691,941,1,Very High,2025,August,Friday,3,8
CONV00430,U5861,39451.15,24-09-2025,10.58284382,396,1,Very High,2025,September,Wednesday,3,24
CONV00431,U6474,8238.01,12-12-2025,9.01663547,1695,0,Very High,2025,December,Friday,4,12
CONV00432,U2361,45751.36,27-06-2025,10.73099865,159,1,Very High,2025,June,Friday,2,27
CONV00433,U0685,20007.04,20-01-2025,9.903889472,1212,0,Very High,2025,January,Monday,1,20
CONV00434,U8398,11429,09-04-2025,9.343996757,1563,0,Very High,2025,April,Wednesday,2,9
CONV00435,U0892,27708.4,18-10-2025,10.22952698,916,1,Very High,2025,October,Saturday,4,18
CONV00436,U5421,32945.91,05-07-2025,10.40265276,688,1,Very High,2025,July,Saturday,3,5
CONV00437,U5380,34826.18,16-11-2025,10.4581534,613,1,Very High,2025,November,Sunday,4,16
CONV00438,U0080,11465.52,03-07-2025,9.347186764,1561,0,Very High,2025,July,Thursday,3,3
CONV00439,U7864,38850.96,09-09-2025,10.5675138,430,1,Very High,2025,September,Tuesday,3,9
CONV00440,U8825,44373.62,13-04-2025,10.70042296,209,1,Very High,2025,April,Sunday,2,13
CONV00441,U9485,45362.03,13-08-2025,10.72245274,170,1,Very High,2025,August,Wednesday,3,13
CONV00442,U5994,38721.17,12-08-2025,10.56416758,436,1,Very High,2025,August,Tuesday,3,12
CONV00443,U5962,12324.6,15-10-2025,9.419433679,1525,0,Very High,2025,October,Wednesday,4,15
CONV00444,U9271,36734.22,03-01-2026,10.51149125,530,1,Very High,2026,January,Saturday,1,3
CONV00445,U6053,10735.32,29-05-2025,9.281387665,1589,0,Very High,2025,May,Thursday,2,29
CONV00446,U5310,31861.57,02-03-2025,10.36918725,737,1,Very High,2025,March,Sunday,1,2
CONV00447,U6202,44962.22,09-07-2025,10.7136001,187,1,Very High,2025,July,Wednesday,3,9
CONV00448,U5654,30408.44,23-09-2025,10.32250837,794,1,Very High,2025,September,Tuesday,3,23
CONV00449,U4601,8289.19,08-05-2025,9.022828167,1694,0,Very High,2025,May,Thursday,2,8
CONV00450,U7890,10929.85,17-12-2025,9.299344346,1581,0,Very High,2025,December,Wednesday,4,17
CONV00451,U2640,2439.95,28-03-2025,7.800142587,1925,0,Very High,2025,March,Friday,1,28
CONV00452,U6643,1421.69,26-11-2025,7.260304725,1967,0,Very High,2025,November,Wednesday,4,26
CONV00453,U7892,20832.96,02-04-2025,9.944339627,1193,0,Very High,2025,April,Wednesday,2,2
CONV00454,U5615,3907.72,02-09-2025,8.270965234,1864,0,Very High,2025,September,Tuesday,3,2
CONV00455,U6878,9282.4,15-04-2025,9.135983138,1651,0,Very High,2025,April,Tuesday,2,15
CONV00456,U7902,30372,30-12-2025,10.32130933,795,1,Very High,2025,December,Tuesday,4,30
CONV00457,U0712,11859.57,18-01-2026,9.380974732,1544,0,Very High,2026,January,Sunday,1,18
CONV00458,U4171,43023.14,11-09-2025,10.66951663,252,1,Very High,2025,September,Thursday,3,11
CONV00459,U0117,26228.21,04-11-2025,10.17462895,975,1,Very High,2025,November,Tuesday,4,4
CONV00460,U6981,13434.49,17-12-2025,9.505654992,1475,0,Very High,2025,December,Wednesday,4,17
CONV00461,U3338,28099.35,05-08-2025,10.24353731,899,1,Very High,2025,August,Tuesday,3,5
CONV00462,U9465,36921.23,23-07-2025,10.51656909,523,1,Very High,2025,July,Wednesday,3,23
CONV00463,U1643,39411.02,15-05-2025,10.58182612,401,1,Very High,2025,May,Thursday,2,15
CONV00464,U0087,46330.16,01-03-2025,10.74357002,136,1,Very High,2025,March,Saturday,1,1
CONV00465,U0619,32980.67,25-07-2025,10.40370723,685,1,Very High,2025,July,Friday,3,25
CONV00466,U8490,39305.99,12-06-2025,10.57915764,409,1,Very High,2025,June,Thursday,2,12
CONV00467,U5894,48794.47,05-05-2025,10.79539276,43,1,Very High,2025,May,Monday,2,5
CONV00468,U8483,3896.55,10-01-2025,8.26810343,1866,0,Very High,2025,January,Friday,1,10
CONV00469,U5694,48171.33,05-06-2025,10.78254007,64,1,Very High,2025,June,Thursday,2,5
CONV00470,U1745,15065.47,13-11-2025,9.620227024,1396,0,Very High,2025,November,Thursday,4,13
CONV00471,U4099,28376.85,15-01-2026,10.25336419,886,1,Very High,2026,January,Thursday,1,15
CONV00472,U0449,3843.94,24-09-2025,8.254513277,1868,0,Very High,2025,September,Wednesday,3,24
CONV00473,U5786,35190.52,30-09-2025,10.46856042,594,1,Very High,2025,September,Tuesday,3,30
CONV00474,U1246,16036.7,17-10-2025,9.68269748,1365,0,Very High,2025,October,Friday,4,17
CONV00475,U3848,11845.77,30-05-2025,9.379810536,1545,0,Very High,2025,May,Friday,2,30
CONV00476,U1286,30884.44,06-01-2026,10.33804015,770,1,Very High,2026,January,Tuesday,1,6
CONV00477,U9413,49227.54,19-06-2025,10.80422882,25,1,Very High,2025,June,Thursday,2,19
CONV00478,U0888,47012.89,28-09-2025,10.75819837,112,1,Very High,2025,September,Sunday,3,28
CONV00479,U8491,916.72,14-09-2025,6.821892333,1983,0,High,2025,September,Sunday,3,14
CONV00480,U4255,12238.39,21-04-2025,9.412414718,1527,0,Very High,2025,April,Monday,2,21
CONV00481,U6100,22811.09,24-07-2025,10.03504594,1105,0,Very High,2025,July,Thursday,3,24
CONV00482,U3864,19353.73,16-10-2025,9.870692113,1239,0,Very High,2025,October,Thursday,4,16
CONV00483,U8471,39373.98,10-10-2025,10.58088587,406,1,Very High,2025,October,Friday,4,10
CONV00484,U2677,13087.34,26-02-2025,9.479477037,1485,0,Very High,2025,February,Wednesday,1,26
CONV00485,U9181,1481.85,16-10-2025,7.301721191,1965,0,Very High,2025,October,Thursday,4,16
CONV00486,U8822,16591.97,16-04-2025,9.716734391,1343,0,Very High,2025,April,Wednesday,2,16
CONV00487,U7599,8794.99,15-12-2025,9.082051215,1672,0,Very High,2025,December,Monday,4,15
CONV00488,U1297,16017.36,13-04-2025,9.681490843,1367,0,Very High,2025,April,Sunday,2,13
CONV00489,U7290,26286.32,19-07-2025,10.17684197,971,1,Very High,2025,July,Saturday,3,19
CONV00490,U4123,10923.29,06-01-2026,9.298744029,1582,0,Very High,2026,January,Tuesday,1,6
CONV00491,U0882,38367.32,16-01-2025,10.5549874,456,1,Very High,2025,January,Thursday,1,16
CONV00492,U5069,14566.68,18-05-2025,9.586560655,1419,0,Very High,2025,May,Sunday,2,18
CONV00493,U5847,48761.59,03-07-2025,10.7947187,44,1,Very High,2025,July,Thursday,3,3
CONV00494,U8836,23098.9,24-04-2025,10.04758357,1091,0,Very High,2025,April,Thursday,2,24
CONV00495,U5689,40333.03,18-09-2025,10.60495081,371,1,Very High,2025,September,Thursday,3,18
CONV00496,U0002,14694.73,12-10-2025,9.595312254,1414,0,Very High,2025,October,Sunday,4,12
CONV00497,U7053,39939.99,16-06-2025,10.59515839,381,1,Very High,2025,June,Monday,2,16
CONV00498,U2676,19228.72,05-12-2025,9.864212278,1251,0,Very High,2025,December,Friday,4,5
CONV00499,U4455,26831.24,03-06-2025,10.19735943,944,1,Very High,2025,June,Tuesday,2,3
CONV00500,U7461,35173.39,28-11-2025,10.46807354,597,1,Very High,2025,November,Friday,4,28
CONV00501,U0363,13825.16,28-04-2025,9.534317729,1453,0,Very High,2025,April,Monday,2,28
CONV00502,U8087,15923.05,17-05-2025,9.675585824,1371,0,Very High,2025,May,Saturday,2,17
CONV00503,U1315,38894.82,18-03-2025,10.56864207,428,1,Very High,2025,March,Tuesday,1,18
CONV00504,U6252,35876.78,19-01-2025,10.48787344,567,1,Very High,2025,January,Sunday,1,19
CONV00505,U8539,19761.59,06-01-2026,9.891546036,1225,0,Very High,2026,January,Tuesday,1,6
CONV00506,U8535,32106.74,10-03-2025,10.3768524,727,1,Very High,2025,March,Monday,1,10
CONV00507,U7114,39822.32,04-07-2025,10.59220795,383,1,Very High,2025,July,Friday,3,4
CONV00508,U7787,18884.23,21-12-2025,9.846135414,1262,0,Very High,2025,December,Sunday,4,21
CONV00509,U0984,8118.96,17-02-2025,9.002080507,1699,0,Very High,2025,February,Monday,1,17
CONV00510,U5691,1556.97,25-08-2025,7.351138971,1956,0,Very High,2025,August,Monday,3,25
CONV00511,U7169,35003.37,20-10-2025,10.46322819,604,1,Very High,2025,October,Monday,4,20
CONV00512,U4511,3909.39,07-11-2025,8.271392392,1863,0,Very High,2025,November,Friday,4,7
CONV00513,U8290,44205.15,02-08-2025,10.6966192,218,1,Very High,2025,August,Saturday,3,2
CONV00514,U8831,34319.6,11-08-2025,10.44350104,636,1,Very High,2025,August,Monday,3,11
CONV00515,U5277,33115.11,27-02-2025,10.40777515,681,1,Very High,2025,February,Thursday,1,27
CONV00516,U1618,41896.83,07-02-2025,10.64298931,300,1,Very High,2025,February,Friday,1,7
CONV00517,U9928,46091.24,26-02-2025,10.73839989,149,1,Very High,2025,February,Wednesday,1,26
CONV00518,U6815,41270.33,16-07-2025,10.62792335,327,1,Very High,2025,July,Wednesday,3,16
CONV00519,U3538,36396.01,10-10-2025,10.50224191,550,1,Very High,2025,October,Friday,4,10
CONV00520,U2932,21051.64,16-10-2025,9.954781247,1181,0,Very High,2025,October,Thursday,4,16
CONV00521,U1706,20377.08,06-04-2025,9.922215092,1205,0,Very High,2025,April,Sunday,2,6
CONV00522,U9013,38327.13,29-06-2025,10.55393937,457,1,Very High,2025,June,Sunday,2,29
CONV00523,U9016,22651.24,23-05-2025,10.02801402,1111,0,Very High,2025,May,Friday,2,23
CONV00524,U2214,49227.52,10-06-2025,10.80422841,26,1,Very High,2025,June,Tuesday,2,10
CONV00525,U9115,5167.21,03-11-2025,8.550281679,1813,0,Very High,2025,November,Monday,4,3
CONV00526,U4094,15364.97,18-05-2025,9.639910603,1385,0,Very High,2025,May,Sunday,2,18
CONV00527,U2833,29023.51,06-10-2025,10.27589592,843,1,Very High,2025,October,Monday,4,6
CONV00528,U6252,38659.62,21-02-2025,10.56257679,440,1,Very High,2025,February,Friday,1,21
CONV00529,U9869,31793.58,07-01-2025,10.36705111,742,1,Very High,2025,January,Tuesday,1,7
CONV00530,U5355,8083.28,06-10-2025,8.997676714,1702,0,Very High,2025,October,Monday,4,6
CONV00531,U7077,7043.36,31-05-2025,8.859982576,1736,0,Very High,2025,May,Saturday,2,31
CONV00532,U1394,38804.34,28-07-2025,10.56631315,432,1,Very High,2025,July,Monday,3,28
CONV00533,U9361,49855.4,27-04-2025,10.81690215,3,1,Very High,2025,April,Sunday,2,27
CONV00534,U9438,20972.31,26-02-2025,9.951005956,1186,0,Very High,2025,February,Wednesday,1,26
CONV00535,U4995,41168.41,22-04-2025,10.62545078,336,1,Very High,2025,April,Tuesday,2,22
CONV00536,U3272,38007.82,13-01-2026,10.54557352,467,1,Very High,2026,January,Tuesday,1,13
CONV00537,U2420,34842.86,31-05-2025,10.45863222,612,1,Very High,2025,May,Saturday,2,31
CONV00538,U3472,37642.58,02-05-2025,10.5359177,487,1,Very High,2025,May,Friday,2,2
CONV00539,U0302,33344.65,13-07-2025,10.41468261,672,1,Very High,2025,July,Sunday,3,13
CONV00540,U4445,47286.24,30-01-2025,10.76399577,101,1,Very High,2025,January,Thursday,1,30
CONV00541,U5902,43436.82,17-03-2025,10.67908577,241,1,Very High,2025,March,Monday,1,17
CONV00542,U5169,4857.02,12-09-2025,8.488386226,1826,0,Very High,2025,September,Friday,3,12
CONV00543,U8674,19973.29,11-06-2025,9.902201226,1213,0,Very High,2025,June,Wednesday,2,11
CONV00544,U3870,3569.48,22-09-2025,8.18045532,1882,0,Very High,2025,September,Monday,3,22
CONV00545,U6437,36629.54,19-12-2025,10.5086376,535,1,Very High,2025,December,Friday,4,19
CONV00546,U9919,7022.72,08-07-2025,8.857048271,1739,0,Very High,2025,July,Tuesday,3,8
CONV00547,U5063,26428.37,23-12-2025,10.18223117,966,1,Very High,2025,December,Tuesday,4,23
CONV00548,U8733,42056.36,06-03-2025,10.64678968,294,1,Very High,2025,March,Thursday,1,6
CONV00549,U4486,7011.52,19-03-2025,8.855452402,1740,0,Very High,2025,March,Wednesday,1,19
CONV00550,U3784,4434.03,11-01-2026,8.397289659,1842,0,Very High,2026,January,Sunday,1,11
CONV00551,U6127,23955.42,10-04-2025,10.08399163,1055,0,Very High,2025,April,Thursday,2,10
CONV00552,U4422,33731.28,06-08-2025,10.42621052,663,1,Very High,2025,August,Wednesday,3,6
CONV00553,U5324,20540.91,24-08-2025,9.930222468,1200,0,Very High,2025,August,Sunday,3,24
CONV00554,U9729,43851.26,27-10-2025,10.68858154,229,1,Very High,2025,October,Monday,4,27
CONV00555,U4026,49199.62,24-09-2025,10.8036615,28,1,Very High,2025,September,Wednesday,3,24
CONV00556,U3111,44277.68,23-06-2025,10.69825858,213,1,Very High,2025,June,Monday,2,23
CONV00557,U8471,32482.02,16-03-2025,10.38847277,712,1,Very High,2025,March,Sunday,1,16
CONV00558,U8953,16511.32,11-03-2025,9.711862048,1346,0,Very High,2025,March,Tuesday,1,11
CONV00559,U7450,34740.01,17-03-2025,10.45567611,616,1,Very High,2025,March,Monday,1,17
CONV00560,U7363,26428.96,03-12-2025,10.18225349,965,1,Very High,2025,December,Wednesday,4,3
CONV00561,U2800,33146.75,25-06-2025,10.40873012,679,1,Very High,2025,June,Wednesday,2,25
CONV00562,U7312,6318.92,01-06-2025,8.751461829,1769,0,Very High,2025,June,Sunday,2,1
CONV00563,U8170,44193.79,13-10-2025,10.69636219,219,1,Very High,2025,October,Monday,4,13
CONV00564,U1301,12613.3,21-11-2025,9.44258637,1509,0,Very High,2025,November,Friday,4,21
CONV00565,U0903,7696.03,02-12-2025,8.948589819,1713,0,Very High,2025,December,Tuesday,4,2
CONV00566,U1785,33768.48,21-08-2025,10.42731271,661,1,Very High,2025,August,Thursday,3,21
CONV00567,U5902,15315.08,30-01-2025,9.636658536,1388,0,Very High,2025,January,Thursday,1,30
CONV00568,U2205,14083.72,20-03-2025,9.552845801,1445,0,Very High,2025,March,Thursday,1,20
CONV00569,U1791,26682.86,22-10-2025,10.19181417,955,1,Very High,2025,October,Wednesday,4,22
CONV00570,U4255,18015.74,01-10-2025,9.799056605,1289,0,Very High,2025,October,Wednesday,4,1
CONV00571,U2948,14879.16,15-11-2025,9.607784061,1407,0,Very High,2025,November,Saturday,4,15
CONV00572,U3397,2751.86,23-11-2025,7.92039565,1913,0,Very High,2025,November,Sunday,4,23
CONV00573,U4615,15364.06,28-05-2025,9.63985138,1386,0,Very High,2025,May,Wednesday,2,28
CONV00574,U9322,9193.64,22-11-2025,9.126375985,1659,0,Very High,2025,November,Saturday,4,22
CONV00575,U2225,23300.59,01-10-2025,10.05627688,1081,0,Very High,2025,October,Wednesday,4,1
CONV00576,U8538,34070.78,20-06-2025,10.43622475,651,1,Very High,2025,June,Friday,2,20
CONV00577,U1085,2043.07,30-03-2025,7.622698197,1933,0,Very High,2025,March,Sunday,1,30
CONV00578,U1915,16067.72,08-06-2025,9.684629804,1363,0,Very High,2025,June,Sunday,2,8
CONV00579,U7405,15464.76,07-06-2025,9.646383827,1382,0,Very High,2025,June,Saturday,2,7
CONV00580,U7908,17335.74,29-09-2025,9.760583228,1316,0,Very High,2025,September,Monday,3,29
CONV00581,U8457,36366.25,27-12-2025,10.50142392,551,1,Very High,2025,December,Saturday,4,27
CONV00582,U9737,44514.7,17-02-2025,10.70359721,203,1,Very High,2025,February,Monday,1,17
CONV00583,U3439,14685.09,01-07-2025,9.594656066,1415,0,Very High,2025,July,Tuesday,3,1
CONV00584,U4484,28201.48,03-03-2025,10.2471652,892,1,Very High,2025,March,Monday,1,3
CONV00585,U4642,4026.52,09-11-2025,8.300906081,1857,0,Very High,2025,November,Sunday,4,9
CONV00586,U0827,4762.92,08-03-2025,8.468826138,1828,0,Very High,2025,March,Saturday,1,8
CONV00587,U7305,16950.44,18-11-2025,9.738108065,1331,0,Very High,2025,November,Tuesday,4,18
CONV00588,U7673,34381.66,13-03-2025,10.44530765,632,1,Very High,2025,March,Thursday,1,13
CONV00589,U4228,35130.92,27-07-2025,10.4668654,601,1,Very High,2025,July,Sunday,3,27
CONV00590,U1850,42365.43,08-07-2025,10.65411158,275,1,Very High,2025,July,Tuesday,3,8
CONV00591,U1753,4010.74,25-06-2025,8.296980341,1858,0,Very High,2025,June,Wednesday,2,25
CONV00592,U3993,19498.91,18-10-2025,9.878165129,1232,0,Very High,2025,October,Saturday,4,18
CONV00593,U9294,12189.64,16-07-2025,9.408423723,1531,0,Very High,2025,July,Wednesday,3,16
CONV00594,U9703,27976.84,28-11-2025,10.23916805,904,1,Very High,2025,November,Friday,4,28
CONV00595,U9772,32426.96,15-07-2025,10.38677629,716,1,Very High,2025,July,Tuesday,3,15
CONV00596,U0004,22922.23,26-03-2025,10.03990609,1101,0,Very High,2025,March,Wednesday,1,26
CONV00597,U5188,45703.61,12-06-2025,10.72995445,162,1,Very High,2025,June,Thursday,2,12
CONV00598,U8363,15062.14,06-08-2025,9.620005979,1397,0,Very High,2025,August,Wednesday,3,6
CONV00599,U1798,21869.92,12-06-2025,9.99291318,1142,0,Very High,2025,June,Thursday,2,12
CONV00600,U8932,24006.13,25-04-2025,10.08610615,1050,0,Very High,2025,April,Friday,2,25
CONV00601,U2057,32595.27,14-03-2025,10.39195314,701,1,Very High,2025,March,Friday,1,14
CONV00602,U6814,46550.4,10-09-2025,10.74831236,127,1,Very High,2025,September,Wednesday,3,10
CONV00603,U6304,21526.21,01-07-2025,9.977072995,1164,0,Very High,2025,July,Tuesday,3,1
CONV00604,U6732,2156.36,08-10-2025,7.676640531,1930,0,Very High,2025,October,Wednesday,4,8
CONV00605,U1312,26557.2,10-04-2025,10.18709383,959,1,Very High,2025,April,Thursday,2,10
CONV00606,U1450,37213.46,05-06-2025,10.52445267,505,1,Very High,2025,June,Thursday,2,5
CONV00607,U8766,25876.82,21-01-2025,10.16114151,985,1,Very High,2025,January,Tuesday,1,21
CONV00608,U4739,46181.79,19-04-2025,10.7403625,145,1,Very High,2025,April,Saturday,2,19
CONV00609,U9473,32987.83,06-04-2025,10.4039243,684,1,Very High,2025,April,Sunday,2,6
CONV00610,U4553,14408.11,06-06-2025,9.575615924,1428,0,Very High,2025,June,Friday,2,6
CONV00611,U2477,40488.11,12-12-2025,10.60878833,364,1,Very High,2025,December,Friday,4,12
CONV00612,U1383,41175.33,11-04-2025,10.62561886,333,1,Very High,2025,April,Friday,2,11
CONV00613,U2741,42170.74,19-04-2025,10.64950561,282,1,Very High,2025,April,Saturday,2,19
CONV00614,U4938,46161.73,08-09-2025,10.73992804,148,1,Very High,2025,September,Monday,3,8
CONV00615,U8691,46397.52,25-08-2025,10.74502284,134,1,Very High,2025,August,Monday,3,25
CONV00616,U5798,32777.26,18-08-2025,10.39752077,694,1,Very High,2025,August,Monday,3,18
CONV00617,U9572,33926.91,27-07-2025,10.43199326,655,1,Very High,2025,July,Sunday,3,27
CONV00618,U5133,919.57,10-10-2025,6.824993043,1981,0,High,2025,October,Friday,4,10
CONV00619,U5760,12968.86,24-04-2025,9.470383483,1487,0,Very High,2025,April,Thursday,2,24
CONV00620,U3553,35549.72,06-11-2025,10.47871569,579,1,Very High,2025,November,Thursday,4,6
CONV00621,U9275,9621.02,14-04-2025,9.171809501,1640,0,Very High,2025,April,Monday,2,14
CONV00622,U6996,38620.92,29-12-2025,10.56157527,444,1,Very High,2025,December,Monday,4,29
CONV00623,U5451,13600.91,14-02-2025,9.517965503,1466,0,Very High,2025,February,Friday,1,14
CONV00624,U8062,38551.01,03-03-2025,10.55976352,448,1,Very High,2025,March,Monday,1,3
CONV00625,U1154,38973.24,20-10-2025,10.57065619,422,1,Very High,2025,October,Monday,4,20
CONV00626,U6398,16826.63,29-05-2025,9.730777457,1335,0,Very High,2025,May,Thursday,2,29
CONV00627,U7834,36524.49,06-09-2025,10.50576565,542,1,Very High,2025,September,Saturday,3,6
CONV00628,U7899,46784.59,15-03-2025,10.75333053,119,1,Very High,2025,March,Saturday,1,15
CONV00629,U1486,48065.81,09-07-2025,10.7803472,66,1,Very High,2025,July,Wednesday,3,9
CONV00630,U6295,34946.17,02-01-2026,10.46159277,607,1,Very High,2026,January,Friday,1,2
CONV00631,U7176,10058.09,01-05-2025,9.216231982,1620,0,Very High,2025,May,Thursday,2,1
CONV00632,U5042,40683.02,13-10-2025,10.61359067,358,1,Very High,2025,October,Monday,4,13
CONV00633,U6644,32865.57,18-03-2025,10.40021131,692,1,Very High,2025,March,Tuesday,1,18
CONV00634,U1181,24700.29,19-01-2025,10.11461075,1029,0,Very High,2025,January,Sunday,1,19
CONV00635,U0236,45280.79,25-04-2025,10.72066024,174,1,Very High,2025,April,Friday,2,25
CONV00636,U1743,40059.17,07-03-2025,10.59813785,378,1,Very High,2025,March,Friday,1,7
CONV00637,U6587,29010.37,20-06-2025,10.2754431,846,1,Very High,2025,June,Friday,2,20
CONV00638,U1979,21050.14,12-06-2025,9.954709994,1182,0,Very High,2025,June,Thursday,2,12
CONV00639,U0667,42444.65,29-03-2025,10.65597971,271,1,Very High,2025,March,Saturday,1,29
CONV00640,U2940,29889.66,24-02-2025,10.30530134,809,1,Very High,2025,February,Monday,1,24
CONV00641,U4440,12343.06,30-09-2025,9.420930255,1524,0,Very High,2025,September,Tuesday,3,30
CONV00642,U4935,28106.66,04-07-2025,10.24379742,898,1,Very High,2025,July,Friday,3,4
CONV00643,U8316,31509.98,29-04-2025,10.35809134,752,1,Very High,2025,April,Tuesday,2,29
CONV00644,U7773,33672.06,13-09-2025,10.42445339,664,1,Very High,2025,September,Saturday,3,13
CONV00645,U5478,5668.84,13-11-2025,8.642916178,1791,0,Very High,2025,November,Thursday,4,13
CONV00646,U1161,29838.98,11-05-2025,10.30360438,811,1,Very High,2025,May,Sunday,2,11
CONV00647,U5344,37018.52,24-05-2025,10.51920062,517,1,Very High,2025,May,Saturday,2,24
CONV00648,U0891,46430.41,26-08-2025,10.74573145,132,1,Very High,2025,August,Tuesday,3,26
CONV00649,U5876,6796.98,10-06-2025,8.824380788,1753,0,Very High,2025,June,Tuesday,2,10
CONV00650,U7514,17507.01,31-08-2025,9.770413769,1310,0,Very High,2025,August,Sunday,3,31
CONV00651,U3764,26327.55,13-03-2025,10.17840918,969,1,Very High,2025,March,Thursday,1,13
CONV00652,U4042,29183.62,04-06-2025,10.28139714,834,1,Very High,2025,June,Wednesday,2,4
CONV00653,U0657,25458.71,11-09-2025,10.14485248,1007,0,Very High,2025,September,Thursday,3,11
CONV00654,U8115,37777.4,26-05-2025,10.53949279,479,1,Very High,2025,May,Monday,2,26
CONV00655,U1487,15589.41,31-01-2025,9.654411261,1380,0,Very High,2025,January,Friday,1,31
CONV00656,U7599,9654.81,08-04-2025,9.175315086,1638,0,Very High,2025,April,Tuesday,2,8
CONV00657,U1159,26780.56,26-07-2025,10.19546887,948,1,Very High,2025,July,Saturday,3,26
CONV00658,U1327,46646.04,30-11-2025,10.75036475,124,1,Very High,2025,November,Sunday,4,30
CONV00659,U0670,32584.55,29-07-2025,10.39162422,703,1,Very High,2025,July,Tuesday,3,29
CONV00660,U3910,24185.43,03-11-2025,10.09354701,1045,0,Very High,2025,November,Monday,4,3
CONV00661,U8251,3195.77,26-12-2025,8.069896204,1892,0,Very High,2025,December,Friday,4,26
CONV00662,U7704,41356.26,27-01-2026,10.63000326,320,1,Very High,2026,January,Tuesday,1,27
CONV00663,U1076,4468.43,05-05-2025,8.405016163,1840,0,Very High,2025,May,Monday,2,5
CONV00664,U2425,10610.68,12-10-2025,9.26971056,1596,0,Very High,2025,October,Sunday,4,12
CONV00665,U7765,37016.61,27-06-2025,10.51914902,518,1,Very High,2025,June,Friday,2,27
CONV00666,U8514,29145.88,17-12-2025,10.28010315,836,1,Very High,2025,December,Wednesday,4,17
CONV00667,U7296,7031.74,17-09-2025,8.858331667,1737,0,Very High,2025,September,Wednesday,3,17
CONV00668,U0776,23068.36,22-03-2025,10.04626061,1093,0,Very High,2025,March,Saturday,1,22
CONV00669,U2515,2537,03-04-2025,7.839131648,1921,0,Very High,2025,April,Thursday,2,3
CONV00670,U9216,16188.72,09-01-2026,9.692131752,1359,0,Very High,2026,January,Friday,1,9
CONV00671,U4941,46587.91,28-03-2025,10.74911781,126,1,Very High,2025,March,Friday,1,28
CONV00672,U8314,15130.07,17-07-2025,9.624505525,1392,0,Very High,2025,July,Thursday,3,17
CONV00673,U5550,24209.57,20-12-2025,10.09454459,1042,0,Very High,2025,December,Saturday,4,20
CONV00674,U3611,16655.14,05-09-2025,9.720534196,1341,0,Very High,2025,September,Friday,3,5
CONV00675,U3207,42547.84,02-02-2025,10.65840787,268,1,Very High,2025,February,Sunday,1,2
CONV00676,U9914,33504.94,01-10-2025,10.41947802,668,1,Very High,2025,October,Wednesday,4,1
CONV00677,U4664,48887.42,23-07-2025,10.79729584,40,1,Very High,2025,July,Wednesday,3,23
CONV00678,U7250,36536.03,25-06-2025,10.50608155,541,1,Very High,2025,June,Wednesday,2,25
CONV00679,U1411,23993.35,11-04-2025,10.08557366,1052,0,Very High,2025,April,Friday,2,11
CONV00680,U1450,45763.32,17-01-2025,10.73126003,158,1,Very High,2025,January,Friday,1,17
CONV00681,U3265,27916.41,07-04-2025,10.23700579,906,1,Very High,2025,April,Monday,2,7
CONV00682,U3679,13502.51,13-02-2025,9.510704931,1473,0,Very High,2025,February,Thursday,1,13
CONV00683,U4010,14222.24,17-01-2025,9.562632526,1435,0,Very High,2025,January,Friday,1,17
CONV00684,U4226,48725.81,14-12-2025,10.79398467,47,1,Very High,2025,December,Sunday,4,14
CONV00685,U2669,16324.22,22-11-2025,9.70046643,1357,0,Very High,2025,November,Saturday,4,22
CONV00686,U5833,26715.81,23-02-2025,10.19304823,954,1,Very High,2025,February,Sunday,1,23
CONV00687,U9811,43685.94,22-04-2025,10.68480448,237,1,Very High,2025,April,Tuesday,2,22
CONV00688,U5762,26149.45,26-03-2025,10.17162168,976,1,Very High,2025,March,Wednesday,1,26
CONV00689,U8248,44904.31,13-05-2025,10.71231133,191,1,Very High,2025,May,Tuesday,2,13
CONV00690,U6838,41032.81,22-09-2025,10.62215164,341,1,Very High,2025,September,Monday,3,22
CONV00691,U7241,48520.52,07-11-2025,10.78976269,53,1,Very High,2025,November,Friday,4,7
CONV00692,U2333,6704.54,23-12-2025,8.810689329,1756,0,Very High,2025,December,Tuesday,4,23
CONV00693,U7066,2123.24,12-02-2025,7.66116937,1932,0,Very High,2025,February,Wednesday,1,12
CONV00694,U0710,1008.48,06-02-2025,6.917190626,1978,0,Very High,2025,February,Thursday,1,6
CONV00695,U5760,42370.15,14-02-2025,10.65422299,274,1,Very High,2025,February,Friday,1,14
CONV00696,U3963,5405.73,04-10-2025,8.595399753,1804,0,Very High,2025,October,Saturday,4,4
CONV00697,U2815,5384.94,09-10-2025,8.591547133,1805,0,Very High,2025,October,Thursday,4,9
CONV00698,U7204,41819.74,23-12-2025,10.64114767,303,1,Very High,2025,December,Tuesday,4,23
CONV00699,U2026,7227.66,20-09-2025,8.885808959,1732,0,Very High,2025,September,Saturday,3,20
CONV00700,U5376,14538.77,29-09-2025,9.584642933,1421,0,Very High,2025,September,Monday,3,29
CONV00701,U7012,42132.38,22-04-2025,10.64859558,288,1,Very High,2025,April,Tuesday,2,22
CONV00702,U7178,4707.79,29-09-2025,8.457186254,1832,0,Very High,2025,September,Monday,3,29
CONV00703,U1061,10413.04,02-08-2025,9.250910175,1603,0,Very High,2025,August,Saturday,3,2
CONV00704,U9535,39579.89,20-11-2025,10.58610171,392,1,Very High,2025,November,Thursday,4,20
CONV00705,U7939,38515.98,22-09-2025,10.55885446,450,1,Very High,2025,September,Monday,3,22
CONV00706,U0487,41600.47,07-03-2025,10.63589078,309,1,Very High,2025,March,Friday,1,7
CONV00707,U4961,38128.49,06-12-2025,10.54874328,462,1,Very High,2025,December,Saturday,4,6
CONV00708,U8033,17508.97,13-10-2025,9.770525712,1309,0,Very High,2025,October,Monday,4,13
CONV00709,U6286,19128.66,02-09-2025,9.858995289,1255,0,Very High,2025,September,Tuesday,3,2
CONV00710,U2690,15966.75,21-09-2025,9.678326342,1369,0,Very High,2025,September,Sunday,3,21
CONV00711,U8838,28331.64,25-10-2025,10.25176978,887,1,Very High,2025,October,Saturday,4,25
CONV00712,U5780,1893.28,27-05-2025,7.546594098,1940,0,Very High,2025,May,Tuesday,2,27
CONV00713,U5592,17584.58,25-07-2025,9.774834527,1305,0,Very High,2025,July,Friday,3,25
CONV00714,U5114,34555.57,27-11-2025,10.45035297,623,1,Very High,2025,November,Thursday,4,27
CONV00715,U0613,21412.42,09-09-2025,9.971773107,1172,0,Very High,2025,September,Tuesday,3,9
CONV00716,U5186,16459.86,16-07-2025,9.708740721,1349,0,Very High,2025,July,Wednesday,3,16
CONV00717,U5564,18485.05,09-04-2025,9.824771673,1277,0,Very High,2025,April,Wednesday,2,9
CONV00718,U3508,15217.35,15-06-2025,9.630257216,1391,0,Very High,2025,June,Sunday,2,15
CONV00719,U1553,3829.85,25-11-2025,8.25084199,1870,0,Very High,2025,November,Tuesday,4,25
CONV00720,U4946,33341.11,26-09-2025,10.41457644,673,1,Very High,2025,September,Friday,3,26
CONV00721,U8972,35314.92,30-04-2025,10.47208913,589,1,Very High,2025,April,Wednesday,2,30
CONV00722,U4390,30913.9,17-12-2025,10.33899355,769,1,Very High,2025,December,Wednesday,4,17
CONV00723,U7578,37448.46,10-04-2025,10.53074757,495,1,Very High,2025,April,Thursday,2,10
CONV00724,U3336,14708.71,05-08-2025,9.596263099,1412,0,Very High,2025,August,Tuesday,3,5
CONV00725,U2457,39953.72,18-04-2025,10.59550209,380,1,Very High,2025,April,Friday,2,18
CONV00726,U3310,1942.52,17-04-2025,7.572256041,1939,0,Very High,2025,April,Thursday,2,17
CONV00727,U7961,44877.02,21-01-2025,10.71170342,194,1,Very High,2025,January,Tuesday,1,21
CONV00728,U1480,7457.73,26-07-2025,8.917140437,1721,0,Very High,2025,July,Saturday,3,26
CONV00729,U8606,4967.31,28-05-2025,8.510835021,1821,0,Very High,2025,May,Wednesday,2,28
CONV00730,U6929,9170.14,30-04-2025,9.123816876,1660,0,Very High,2025,April,Wednesday,2,30
CONV00731,U6140,27514.38,09-01-2026,10.2225004,925,1,Very High,2026,January,Friday,1,9
CONV00732,U5050,30487.83,06-02-2025,10.32511567,789,1,Very High,2025,February,Thursday,1,6
CONV00733,U5068,45206.28,15-12-2025,10.71901341,176,1,Very High,2025,December,Monday,4,15
CONV00734,U4187,41224.03,11-06-2025,10.62680088,329,1,Very High,2025,June,Wednesday,2,11
CONV00735,U6657,4464.68,11-02-2025,8.404176777,1841,0,Very High,2025,February,Tuesday,1,11
CONV00736,U6921,13418.02,23-02-2025,9.504428383,1476,0,Very High,2025,February,Sunday,1,23
CONV00737,U7427,3078.89,11-01-2026,8.032649161,1898,0,Very High,2026,January,Sunday,1,11
CONV00738,U3279,29002.56,21-11-2025,10.27517386,848,1,Very High,2025,November,Friday,4,21
CONV00739,U2132,39735.79,11-11-2025,10.59003274,387,1,Very High,2025,November,Tuesday,4,11
CONV00740,U9717,4677.75,28-06-2025,8.450786259,1834,0,Very High,2025,June,Saturday,2,28
CONV00741,U9151,11821.01,30-11-2025,9.377718327,1549,0,Very High,2025,November,Sunday,4,30
CONV00742,U6571,13377.81,15-11-2025,9.501427391,1479,0,Very High,2025,November,Saturday,4,15
CONV00743,U7130,6366.36,12-09-2025,8.75894022,1766,0,Very High,2025,September,Friday,3,12
CONV00744,U2134,11170.55,04-09-2025,9.321125647,1573,0,Very High,2025,September,Thursday,3,4
CONV00745,U2392,12156.54,29-01-2025,9.405704832,1533,0,Very High,2025,January,Wednesday,1,29
CONV00746,U0170,16500.68,20-09-2025,9.711217473,1347,0,Very High,2025,September,Saturday,3,20
CONV00747,U9785,28071.5,13-05-2025,10.24254573,900,1,Very High,2025,May,Tuesday,2,13
CONV00748,U9802,2752.84,07-01-2026,7.92075158,1912,0,Very High,2026,January,Wednesday,1,7
CONV00749,U6077,29234.1,17-03-2025,10.28312532,831,1,Very High,2025,March,Monday,1,17
CONV00750,U1469,21930.02,20-06-2025,9.995657352,1141,0,Very High,2025,June,Friday,2,20
CONV00751,U5908,43908.35,28-08-2025,10.68988256,227,1,Very High,2025,August,Thursday,3,28
CONV00752,U8050,46181.21,08-04-2025,10.74034994,146,1,Very High,2025,April,Tuesday,2,8
CONV00753,U0588,35445.16,11-09-2025,10.4757702,587,1,Very High,2025,September,Thursday,3,11
CONV00754,U9190,6068.3,29-09-2025,8.710998556,1775,0,Very High,2025,September,Monday,3,29
CONV00755,U2960,41217.3,15-04-2025,10.62663761,331,1,Very High,2025,April,Tuesday,2,15
CONV00756,U2959,38528.54,23-08-2025,10.5591805,449,1,Very High,2025,August,Saturday,3,23
CONV00757,U1999,46492.85,24-07-2025,10.74707532,129,1,Very High,2025,July,Thursday,3,24
CONV00758,U7862,29913.11,21-08-2025,10.30608555,806,1,Very High,2025,August,Thursday,3,21
CONV00759,U2119,32360.38,29-04-2025,10.38472102,720,1,Very High,2025,April,Tuesday,2,29
CONV00760,U2917,1515.35,09-05-2025,7.32406141,1962,0,Very High,2025,May,Friday,2,9
CONV00761,U2526,40154.47,26-03-2025,10.60051395,375,1,Very High,2025,March,Wednesday,1,26
CONV00762,U6021,22549.4,02-10-2025,10.02350808,1116,0,Very High,2025,October,Thursday,4,2
CONV00763,U6034,31718.97,13-11-2025,10.36470173,745,1,Very High,2025,November,Thursday,4,13
CONV00764,U2541,32537.66,13-09-2025,10.3901842,710,1,Very High,2025,September,Saturday,3,13
CONV00765,U4922,45193.73,13-04-2025,10.71873577,178,1,Very High,2025,April,Sunday,2,13
CONV00766,U1254,25777.25,06-02-2025,10.15728639,993,1,Very High,2025,February,Thursday,1,6
CONV00767,U1340,37155.55,29-09-2025,10.52289535,507,1,Very High,2025,September,Monday,3,29
CONV00768,U4877,23022.41,01-07-2025,10.0442668,1094,0,Very High,2025,July,Tuesday,3,1
CONV00769,U3459,49118.22,13-04-2025,10.80200568,30,1,Very High,2025,April,Sunday,2,13
CONV00770,U0218,23278.07,10-04-2025,10.05530995,1082,0,Very High,2025,April,Thursday,2,10
CONV00771,U5911,33917.56,14-01-2026,10.43171764,656,1,Very High,2026,January,Wednesday,1,14
CONV00772,U0261,1827.36,07-01-2026,7.511174669,1944,0,Very High,2026,January,Wednesday,1,7
CONV00773,U3128,23439.56,01-03-2025,10.06222313,1074,0,Very High,2025,March,Saturday,1,1
CONV00774,U7296,43059.92,24-09-2025,10.67037114,250,1,Very High,2025,September,Wednesday,3,24
CONV00775,U0835,31705.29,12-07-2025,10.36427036,746,1,Very High,2025,July,Saturday,3,12
CONV00776,U4765,24562,06-02-2025,10.10899652,1034,0,Very High,2025,February,Thursday,1,6
CONV00777,U9444,13758.52,01-07-2025,9.529486227,1457,0,Very High,2025,July,Tuesday,3,1
CONV00778,U5682,1529.94,27-08-2025,7.333637205,1960,0,Very High,2025,August,Wednesday,3,27
CONV00779,U9629,30303.96,12-01-2026,10.31906667,798,1,Very High,2026,January,Monday,1,12
CONV00780,U5903,10756.83,21-09-2025,9.283389141,1588,0,Very High,2025,September,Sunday,3,21
CONV00781,U9925,21091.23,24-09-2025,9.956660005,1179,0,Very High,2025,September,Wednesday,3,24
CONV00782,U5879,8350.97,09-06-2025,9.030252718,1689,0,Very High,2025,June,Monday,2,9
CONV00783,U3715,24575.08,13-03-2025,10.10952889,1032,0,Very High,2025,March,Thursday,1,13
CONV00784,U8445,35467.04,05-12-2025,10.47638729,584,1,Very High,2025,December,Friday,4,5
CONV00785,U1670,5717.85,04-11-2025,8.651523015,1790,0,Very High,2025,November,Tuesday,4,4
CONV00786,U7234,43589.39,21-09-2025,10.68259199,238,1,Very High,2025,September,Sunday,3,21
CONV00787,U6812,40552.69,14-01-2025,10.61038205,361,1,Very High,2025,January,Tuesday,1,14
CONV00788,U5909,8004.76,13-12-2025,8.987916562,1706,0,Very High,2025,December,Saturday,4,13
CONV00789,U6707,34268.83,22-09-2025,10.44202065,643,1,Very High,2025,September,Monday,3,22
CONV00790,U1141,20381.72,09-03-2025,9.922442762,1204,0,Very High,2025,March,Sunday,1,9
CONV00791,U2474,49012.33,16-11-2025,10.79984758,33,1,Very High,2025,November,Sunday,4,16
CONV00792,U9071,16027.91,16-06-2025,9.682149246,1366,0,Very High,2025,June,Monday,2,16
CONV00793,U6619,44435.2,05-09-2025,10.70180973,207,1,Very High,2025,September,Friday,3,5
CONV00794,U1381,19804.68,11-02-2025,9.893724044,1223,0,Very High,2025,February,Tuesday,1,11
CONV00795,U9041,37973.79,14-06-2025,10.5446778,471,1,Very High,2025,June,Saturday,2,14
CONV00796,U6927,3467.31,27-09-2025,8.151422723,1886,0,Very High,2025,September,Saturday,3,27
CONV00797,U2044,36974.51,01-09-2025,10.51801108,521,1,Very High,2025,September,Monday,3,1
CONV00798,U8738,15310.48,22-11-2025,9.636358153,1389,0,Very High,2025,November,Saturday,4,22
CONV00799,U1725,10031.49,11-07-2025,9.213584105,1623,0,Very High,2025,July,Friday,3,11
CONV00800,U1343,44481.21,04-03-2025,10.70284461,206,1,Very High,2025,March,Tuesday,1,4
CONV00801,U9638,20041.73,22-10-2025,9.905621773,1209,0,Very High,2025,October,Wednesday,4,22
CONV00802,U8021,25536.4,17-08-2025,10.14789932,1005,0,Very High,2025,August,Sunday,3,17
CONV00803,U3484,37451.57,21-09-2025,10.53083061,494,1,Very High,2025,September,Sunday,3,21
CONV00804,U1981,2493.97,13-07-2025,7.822031984,1923,0,Very High,2025,July,Sunday,3,13
CONV00805,U0459,29686.4,16-03-2025,10.29847799,817,1,Very High,2025,March,Sunday,1,16
CONV00806,U0035,3844.44,05-03-2025,8.25464331,1867,0,Very High,2025,March,Wednesday,1,5
CONV00807,U6182,30482.63,25-09-2025,10.3249451,790,1,Very High,2025,September,Thursday,3,25
CONV00808,U7358,4921.09,06-04-2025,8.501488516,1822,0,Very High,2025,April,Sunday,2,6
CONV00809,U7260,43364.7,14-06-2025,10.67742409,243,1,Very High,2025,June,Saturday,2,14
CONV00810,U9165,27320.8,09-03-2025,10.2154402,931,1,Very High,2025,March,Sunday,1,9
CONV00811,U0306,26827.04,02-04-2025,10.19720289,945,1,Very High,2025,April,Wednesday,2,2
CONV00812,U7279,16361.34,03-03-2025,9.702737632,1353,0,Very High,2025,March,Monday,1,3
CONV00813,U0395,13230.3,01-10-2025,9.490340514,1480,0,Very High,2025,October,Wednesday,4,1
CONV00814,U1469,34091.12,21-03-2025,10.43682155,650,1,Very High,2025,March,Friday,1,21
CONV00815,U1618,44704.05,21-06-2025,10.70784175,195,1,Very High,2025,June,Saturday,2,21
CONV00816,U9602,37743.3,14-05-2025,10.53858975,483,1,Very High,2025,May,Wednesday,2,14
CONV00817,U1073,31860.29,04-10-2025,10.36914707,738,1,Very High,2025,October,Saturday,4,4
CONV00818,U9089,28628.16,14-12-2025,10.26218106,861,1,Very High,2025,December,Sunday,4,14
CONV00819,U6117,12635.49,03-11-2025,9.444343939,1508,0,Very High,2025,November,Monday,4,3
CONV00820,U4740,3478.66,30-12-2025,8.154689867,1885,0,Very High,2025,December,Tuesday,4,30
CONV00821,U5758,42113.87,29-11-2025,10.64815616,290,1,Very High,2025,November,Saturday,4,29
CONV00822,U1470,41609.66,14-08-2025,10.63611166,308,1,Very High,2025,August,Thursday,3,14
CONV00823,U5614,35533.83,30-11-2025,10.47826862,580,1,Very High,2025,November,Sunday,4,30
CONV00824,U5382,32498.94,09-01-2025,10.38899352,711,1,Very High,2025,January,Thursday,1,9
CONV00825,U9107,38242.03,09-01-2026,10.5517166,459,1,Very High,2026,January,Friday,1,9
CONV00826,U7294,48615.93,23-12-2025,10.7917271,50,1,Very High,2025,December,Tuesday,4,23
CONV00827,U0139,46844.27,19-03-2025,10.75460532,115,1,Very High,2025,March,Wednesday,1,19
CONV00828,U5863,30865.41,18-04-2025,10.33742382,771,1,Very High,2025,April,Friday,2,18
CONV00829,U9930,49221.05,08-05-2025,10.80409697,27,1,Very High,2025,May,Thursday,2,8
CONV00830,U9041,28502.5,01-05-2025,10.25778217,877,1,Very High,2025,May,Thursday,2,1
CONV00831,U2088,11784.28,29-05-2025,9.374606574,1550,0,Very High,2025,May,Thursday,2,29
CONV00832,U8732,28225.74,25-11-2025,10.24802503,891,1,Very High,2025,November,Tuesday,4,25
CONV00833,U7087,34168.59,11-08-2025,10.43909135,648,1,Very High,2025,August,Monday,3,11
CONV00834,U0770,22718.64,23-05-2025,10.03098503,1108,0,Very High,2025,May,Friday,2,23
CONV00835,U3697,45891.26,26-12-2025,10.73405175,156,1,Very High,2025,December,Friday,4,26
CONV00836,U0457,1689.16,28-09-2025,7.432578478,1953,0,Very High,2025,September,Sunday,3,28
CONV00837,U0892,12218.81,22-06-2025,9.410813684,1528,0,Very High,2025,June,Sunday,2,22
CONV00838,U2046,2150.51,23-02-2025,7.6739252,1931,0,Very High,2025,February,Sunday,1,23
CONV00839,U4940,3756.62,30-11-2025,8.231541057,1872,0,Very High,2025,November,Sunday,4,30
CONV00840,U1571,43296.85,08-12-2025,10.67585826,245,1,Very High,2025,December,Monday,4,8
CONV00841,U1660,39254.99,07-07-2025,10.57785932,413,1,Very High,2025,July,Monday,3,7
CONV00842,U9752,42118.58,04-03-2025,10.64826799,289,1,Very High,2025,March,Tuesday,1,4
CONV00843,U7888,12536.05,09-12-2025,9.436443539,1513,0,Very High,2025,December,Tuesday,4,9
CONV00844,U5862,27286.61,13-06-2025,10.21418803,934,1,Very High,2025,June,Friday,2,13
CONV00845,U8482,7657.72,04-11-2025,8.943600147,1716,0,Very High,2025,November,Tuesday,4,4
CONV00846,U3298,33559.08,27-02-2025,10.42109254,665,1,Very High,2025,February,Thursday,1,27
CONV00847,U5500,16766.64,15-11-2025,9.727206117,1337,0,Very High,2025,November,Saturday,4,15
CONV00848,U3655,31384.04,28-12-2025,10.35408663,755,1,Very High,2025,December,Sunday,4,28
CONV00849,U0111,18215.39,22-07-2025,9.810077017,1285,0,Very High,2025,July,Tuesday,3,22
CONV00850,U5897,10292.34,28-01-2025,9.239252363,1609,0,Very High,2025,January,Tuesday,1,28
CONV00851,U4030,9215.83,10-04-2025,9.12878644,1657,0,Very High,2025,April,Thursday,2,10
CONV00852,U5545,12387.42,13-05-2025,9.424517444,1521,0,Very High,2025,May,Tuesday,2,13
CONV00853,U7107,7649.4,29-01-2026,8.942513213,1717,0,Very High,2026,January,Thursday,1,29
CONV00854,U5210,12605.21,04-11-2025,9.441944829,1510,0,Very High,2025,November,Tuesday,4,4
CONV00855,U4050,14363.63,01-02-2025,9.572524214,1429,0,Very High,2025,February,Saturday,1,1
CONV00856,U1063,37689.75,16-04-2025,10.53716999,486,1,Very High,2025,April,Wednesday,2,16
CONV00857,U6126,35924.67,12-10-2025,10.48920736,564,1,Very High,2025,October,Sunday,4,12
CONV00858,U0600,10548.52,14-05-2025,9.26383564,1599,0,Very High,2025,May,Wednesday,2,14
CONV00859,U9362,27752.32,26-03-2025,10.23111075,915,1,Very High,2025,March,Wednesday,1,26
CONV00860,U0675,17150.51,10-09-2025,9.749841495,1327,0,Very High,2025,September,Wednesday,3,10
CONV00861,U4474,22363.58,23-07-2025,10.01523374,1125,0,Very High,2025,July,Wednesday,3,23
CONV00862,U8957,14183.04,03-12-2025,9.559872668,1439,0,Very High,2025,December,Wednesday,4,3
CONV00863,U5469,12876.17,04-05-2025,9.463211255,1490,0,Very High,2025,May,Sunday,2,4
CONV00864,U4279,41204.29,30-01-2025,10.62632193,332,1,Very High,2025,January,Thursday,1,30
CONV00865,U8400,11732.85,10-04-2025,9.370233106,1553,0,Very High,2025,April,Thursday,2,10
CONV00866,U7680,4750.85,21-09-2025,8.466289295,1829,0,Very High,2025,September,Sunday,3,21
CONV00867,U9150,29086.67,20-01-2025,10.27806965,839,1,Very High,2025,January,Monday,1,20
CONV00868,U5568,34445.26,08-05-2025,10.44715571,630,1,Very High,2025,May,Thursday,2,8
CONV00869,U2280,31677.05,08-04-2025,10.36337929,747,1,Very High,2025,April,Tuesday,2,8
CONV00870,U1044,24001.49,11-10-2025,10.08591285,1051,0,Very High,2025,October,Saturday,4,11
CONV00871,U9059,34606.72,16-04-2025,10.45183206,619,1,Very High,2025,April,Wednesday,2,16
CONV00872,U4651,33148.71,18-04-2025,10.40878925,678,1,Very High,2025,April,Friday,2,18
CONV00873,U6732,6892.31,02-08-2025,8.838306655,1748,0,Very High,2025,August,Saturday,3,2
CONV00874,U2129,40985.86,07-05-2025,10.62100681,343,1,Very High,2025,May,Wednesday,2,7
CONV00875,U3326,23218.34,21-09-2025,10.05274083,1085,0,Very High,2025,September,Sunday,3,21
CONV00876,U4045,28676.84,12-10-2025,10.26387998,859,1,Very High,2025,October,Sunday,4,12
CONV00877,U7477,35726.57,06-07-2025,10.48367794,571,1,Very High,2025,July,Sunday,3,6
CONV00878,U7080,33124.46,14-09-2025,10.40805745,680,1,Very High,2025,September,Sunday,3,14
CONV00879,U4486,33499.52,20-11-2025,10.41931624,669,1,Very High,2025,November,Thursday,4,20
CONV00880,U1254,39085.78,08-03-2025,10.57353958,415,1,Very High,2025,March,Saturday,1,8
CONV00881,U0438,33943.29,21-02-2025,10.43247593,654,1,Very High,2025,February,Friday,1,21
CONV00882,U0619,35600.43,10-01-2025,10.48014108,577,1,Very High,2025,January,Friday,1,10
CONV00883,U8986,47525.91,07-12-2025,10.76905136,87,1,Very High,2025,December,Sunday,4,7
CONV00884,U1647,26965.36,13-04-2025,10.20234544,942,1,Very High,2025,April,Sunday,2,13
CONV00885,U7220,35863.41,31-07-2025,10.48750072,568,1,Very High,2025,July,Thursday,3,31
CONV00886,U8567,33172,28-11-2025,10.40949157,677,1,Very High,2025,November,Friday,4,28
CONV00887,U0798,12860.14,11-08-2025,9.461965641,1494,0,Very High,2025,August,Monday,3,11
CONV00888,U5524,3626.99,09-05-2025,8.196434055,1880,0,Very High,2025,May,Friday,2,9
CONV00889,U1765,31525.93,06-07-2025,10.35859738,751,1,Very High,2025,July,Sunday,3,6
CONV00890,U1735,1242.23,22-07-2025,7.125468111,1970,0,Very High,2025,July,Tuesday,3,22
CONV00891,U4563,2674.98,27-12-2025,7.892070947,1918,0,Very High,2025,December,Saturday,4,27
CONV00892,U8785,47972.22,07-11-2025,10.77839822,70,1,Very High,2025,November,Friday,4,7
CONV00893,U2178,38204.96,12-07-2025,10.5507468,460,1,Very High,2025,July,Saturday,3,12
CONV00894,U9586,32209.3,25-08-2025,10.38004156,722,1,Very High,2025,August,Monday,3,25
CONV00895,U2033,21710.64,15-06-2025,9.985603801,1153,0,Very High,2025,June,Sunday,2,15
CONV00896,U2485,2376.38,10-08-2025,7.77375432,1927,0,Very High,2025,August,Sunday,3,10
CONV00897,U0649,40729.17,18-10-2025,10.61472437,355,1,Very High,2025,October,Saturday,4,18
CONV00898,U8837,40171.86,19-02-2025,10.60094692,373,1,Very High,2025,February,Wednesday,1,19
CONV00899,U0100,47706.23,04-02-2025,10.77283824,83,1,Very High,2025,February,Tuesday,1,4
CONV00900,U3349,21598.87,15-05-2025,9.980442575,1157,0,Very High,2025,May,Thursday,2,15
CONV00901,U9927,29032.88,07-06-2025,10.2762187,842,1,Very High,2025,June,Saturday,2,7
CONV00902,U6525,22348.12,29-07-2025,10.01454223,1126,0,Very High,2025,July,Tuesday,3,29
CONV00903,U0325,4620.03,13-08-2025,8.438372903,1838,0,Very High,2025,August,Wednesday,3,13
CONV00904,U4216,22953.35,26-07-2025,10.04126274,1099,0,Very High,2025,July,Saturday,3,26
CONV00905,U3207,1135.3,06-04-2025,7.035532649,1974,0,Very High,2025,April,Sunday,2,6
CONV00906,U6293,49382.34,10-09-2025,10.8073684,20,1,Very High,2025,September,Wednesday,3,10
CONV00907,U3183,45697.76,04-09-2025,10.72982644,163,1,Very High,2025,September,Thursday,3,4
CONV00908,U0946,21490,07-12-2025,9.975389522,1166,0,Very High,2025,December,Sunday,4,7
CONV00909,U0463,7820.27,12-01-2026,8.964602224,1708,0,Very High,2026,January,Monday,1,12
CONV00910,U2645,5069.14,29-01-2025,8.53112371,1817,0,Very High,2025,January,Wednesday,1,29
CONV00911,U6930,34745.92,11-04-2025,10.45584621,615,1,Very High,2025,April,Friday,2,11
CONV00912,U1457,38946.21,08-03-2025,10.56996242,424,1,Very High,2025,March,Saturday,1,8
CONV00913,U2760,3957.15,01-10-2025,8.283532023,1861,0,Very High,2025,October,Wednesday,4,1
CONV00914,U2796,35350.34,07-04-2025,10.47309158,588,1,Very High,2025,April,Monday,2,7
CONV00915,U3042,9545.11,07-05-2025,9.163889021,1642,0,Very High,2025,May,Wednesday,2,7
CONV00916,U1790,15009.72,04-12-2025,9.616519891,1402,0,Very High,2025,December,Thursday,4,4
CONV00917,U7830,5490.05,07-09-2025,8.610874773,1801,0,Very High,2025,September,Sunday,3,7
CONV00918,U0119,49351.39,05-08-2025,10.80674147,22,1,Very High,2025,August,Tuesday,3,5
CONV00919,U5515,17482.33,19-07-2025,9.769003134,1311,0,Very High,2025,July,Saturday,3,19
CONV00920,U5834,23117.5,11-07-2025,10.04838844,1090,0,Very High,2025,July,Friday,3,11
CONV00921,U4579,22869.94,15-01-2026,10.03762239,1103,0,Very High,2026,January,Thursday,1,15
CONV00922,U5279,43735.01,03-02-2025,10.68592707,233,1,Very High,2025,February,Monday,1,3
CONV00923,U1334,47103.14,13-07-2025,10.76011617,109,1,Very High,2025,July,Sunday,3,13
CONV00924,U2346,42911.73,10-10-2025,10.6669238,258,1,Very High,2025,October,Friday,4,10
CONV00925,U8991,22591.19,31-08-2025,10.02535955,1114,0,Very High,2025,August,Sunday,3,31
CONV00926,U1466,1946.48,25-03-2025,7.574291508,1937,0,Very High,2025,March,Tuesday,1,25
CONV00927,U7804,7219.94,27-12-2025,8.884740417,1733,0,Very High,2025,December,Saturday,4,27
CONV00928,U9842,19162.01,25-02-2025,9.860737137,1254,0,Very High,2025,February,Tuesday,1,25
CONV00929,U4245,6013.43,11-03-2025,8.701916861,1778,0,Very High,2025,March,Tuesday,1,11
CONV00930,U5135,583.09,15-07-2025,6.370055081,1996,0,High,2025,July,Tuesday,3,15
CONV00931,U5981,33355.27,01-01-2026,10.41500104,671,1,Very High,2026,January,Thursday,1,1
CONV00932,U5177,11335.76,06-04-2025,9.335805822,1567,0,Very High,2025,April,Sunday,2,6
CONV00933,U0563,25367.71,25-11-2025,10.1412718,1010,0,Very High,2025,November,Tuesday,4,25
CONV00934,U8111,3411.22,24-06-2025,8.135118385,1889,0,Very High,2025,June,Tuesday,2,24
CONV00935,U0862,19894.49,28-04-2025,9.898248352,1218,0,Very High,2025,April,Monday,2,28
CONV00936,U7757,4055.25,21-07-2025,8.30801418,1856,0,Very High,2025,July,Monday,3,21
CONV00937,U6452,37737.19,09-03-2025,10.53842786,484,1,Very High,2025,March,Sunday,1,9
CONV00938,U2254,14908.54,19-08-2025,9.609756556,1406,0,Very High,2025,August,Tuesday,3,19
CONV00939,U1671,47544.71,27-12-2025,10.76944684,86,1,Very High,2025,December,Saturday,4,27
CONV00940,U0860,17255.05,15-03-2025,9.755918086,1321,0,Very High,2025,March,Saturday,1,15
CONV00941,U3947,34555.21,22-08-2025,10.45034255,624,1,Very High,2025,August,Friday,3,22
CONV00942,U1469,14123.19,15-09-2025,9.555644209,1442,0,Very High,2025,September,Monday,3,15
CONV00943,U8016,25732.55,25-11-2025,10.15555087,995,1,Very High,2025,November,Tuesday,4,25
CONV00944,U9714,49997.73,25-04-2025,10.81975288,1,1,Very High,2025,April,Friday,2,25
CONV00945,U8807,35186.72,17-04-2025,10.46845244,595,1,Very High,2025,April,Thursday,2,17
CONV00946,U8831,37772.92,30-12-2025,10.5393742,480,1,Very High,2025,December,Tuesday,4,30
CONV00947,U7328,6876.39,16-06-2025,8.835994498,1751,0,Very High,2025,June,Monday,2,16
CONV00948,U1387,18496.2,22-03-2025,9.825374648,1276,0,Very High,2025,March,Saturday,1,22
CONV00949,U8511,22523.55,18-06-2025,10.0223611,1117,0,Very High,2025,June,Wednesday,2,18
CONV00950,U3439,41078.28,26-12-2025,10.62325914,337,1,Very High,2025,December,Friday,4,26
CONV00951,U2199,29793.27,13-11-2025,10.30207137,813,1,Very High,2025,November,Thursday,4,13
CONV00952,U4271,8584.31,29-07-2025,9.057807882,1677,0,Very High,2025,July,Tuesday,3,29
CONV00953,U8781,36767.41,05-05-2025,10.51239433,528,1,Very High,2025,May,Monday,2,5
CONV00954,U9912,8097.82,19-04-2025,8.999473651,1701,0,Very High,2025,April,Saturday,2,19
CONV00955,U2042,27644.25,02-10-2025,10.2272092,919,1,Very High,2025,October,Thursday,4,2
CONV00956,U2398,5348.37,03-05-2025,8.584734076,1807,0,Very High,2025,May,Saturday,2,3
CONV00957,U9648,17770.56,26-09-2025,9.785354706,1296,0,Very High,2025,September,Friday,3,26
CONV00958,U2798,17586.06,05-07-2025,9.774918683,1304,0,Very High,2025,July,Saturday,3,5
CONV00959,U9705,34489.59,29-03-2025,10.44844181,626,1,Very High,2025,March,Saturday,1,29
CONV00960,U0867,38987.64,15-12-2025,10.5710256,421,1,Very High,2025,December,Monday,4,15
CONV00961,U7679,47654.51,01-10-2025,10.77175354,85,1,Very High,2025,October,Wednesday,4,1
CONV00962,U5124,4296.31,23-02-2025,8.365744525,1847,0,Very High,2025,February,Sunday,1,23
CONV00963,U9080,34013.14,09-10-2025,10.4345316,653,1,Very High,2025,October,Thursday,4,9
CONV00964,U8723,1188.06,30-12-2025,7.080918358,1972,0,Very High,2025,December,Tuesday,4,30
CONV00965,U8653,30564.99,16-01-2026,10.32764323,782,1,Very High,2026,January,Friday,1,16
CONV00966,U2185,21424.75,03-10-2025,9.972348749,1171,0,Very High,2025,October,Friday,4,3
CONV00967,U8833,24414.67,10-03-2025,10.10298042,1037,0,Very High,2025,March,Monday,1,10
CONV00968,U8447,31078.56,03-02-2025,10.34430565,763,1,Very High,2025,February,Monday,1,3
CONV00969,U5799,44564.72,01-03-2025,10.70472023,201,1,Very High,2025,March,Saturday,1,1
CONV00970,U1389,8108.68,01-10-2025,9.000813689,1700,0,Very High,2025,October,Wednesday,4,1
CONV00971,U6133,44663.57,20-06-2025,10.70693585,197,1,Very High,2025,June,Friday,2,20
CONV00972,U2292,787.61,29-07-2025,6.670271902,1989,0,High,2025,July,Tuesday,3,29
CONV00973,U6899,33477.14,19-07-2025,10.41864797,670,1,Very High,2025,July,Saturday,3,19
CONV00974,U8120,16581.94,09-01-2026,9.716129735,1344,0,Very High,2026,January,Friday,1,9
CONV00975,U0347,25250.05,30-03-2025,10.13662302,1013,0,Very High,2025,March,Sunday,1,30
CONV00976,U0132,14470.06,13-08-2025,9.579906072,1426,0,Very High,2025,August,Wednesday,3,13
CONV00977,U4088,13544.77,15-06-2025,9.5138296,1468,0,Very High,2025,June,Sunday,2,15
CONV00978,U8231,49631.31,27-11-2025,10.81239731,7,1,Very High,2025,November,Thursday,4,27
CONV00979,U3149,31015.13,18-03-2025,10.34226267,765,1,Very High,2025,March,Tuesday,1,18
CONV00980,U3792,24220.16,10-05-2025,10.09498191,1041,0,Very High,2025,May,Saturday,2,10
CONV00981,U4597,12724.95,27-07-2025,9.451398495,1502,0,Very High,2025,July,Sunday,3,27
CONV00982,U3474,45469.86,30-05-2025,10.72482696,167,1,Very High,2025,May,Friday,2,30
CONV00983,U1828,34306.59,15-03-2025,10.44312189,638,1,Very High,2025,March,Saturday,1,15
CONV00984,U8665,32687.29,12-11-2025,10.39477219,698,1,Very High,2025,November,Wednesday,4,12
CONV00985,U1972,44260.05,17-02-2025,10.69786034,215,1,Very High,2025,February,Monday,1,17
CONV00986,U8956,36404.86,07-12-2025,10.50248503,549,1,Very High,2025,December,Sunday,4,7
CONV00987,U6852,44633.54,02-11-2025,10.70626328,199,1,Very High,2025,November,Sunday,4,2
CONV00988,U7146,26426.26,06-03-2025,10.18215133,967,1,Very High,2025,March,Thursday,1,6
CONV00989,U4746,39822.32,15-02-2025,10.59220795,383,1,Very High,2025,February,Saturday,1,15
CONV00990,U1229,25709.28,12-04-2025,10.15464619,996,1,Very High,2025,April,Saturday,2,12
CONV00991,U2622,34987.73,17-11-2025,10.46278129,605,1,Very High,2025,November,Monday,4,17
CONV00992,U4972,13791.48,26-04-2025,9.531878795,1456,0,Very High,2025,April,Saturday,2,26
CONV00993,U2428,43732.45,24-05-2025,10.68586853,234,1,Very High,2025,May,Saturday,2,24
CONV00994,U9915,47348.18,05-08-2025,10.76530478,99,1,Very High,2025,August,Tuesday,3,5
CONV00995,U4832,40888.15,12-07-2025,10.61862003,346,1,Very High,2025,July,Saturday,3,12
CONV00996,U8805,36268.81,25-12-2025,10.49874099,554,1,Very High,2025,December,Thursday,4,25
CONV00997,U3378,13805.28,02-09-2025,9.53287884,1455,0,Very High,2025,September,Tuesday,3,2
CONV00998,U6040,25050.08,31-03-2025,10.12867222,1019,0,Very High,2025,March,Monday,1,31
CONV00999,U4622,44320.03,06-02-2025,10.69921456,210,1,Very High,2025,February,Thursday,1,6
CONV01000,U6987,32433.38,18-05-2025,10.38697425,714,1,Very High,2025,May,Sunday,2,18
CONV01001,U9885,1525.44,19-03-2025,7.330693506,1961,0,Very High,2025,March,Wednesday,1,19
CONV01002,U4386,1168.1,14-04-2025,7.063989501,1973,0,Very High,2025,April,Monday,2,14
CONV01003,U1393,38103.75,12-05-2025,10.54809423,464,1,Very High,2025,May,Monday,2,12
CONV01004,U0916,31560.55,09-10-2025,10.35969489,749,1,Very High,2025,October,Thursday,4,9
CONV01005,U6805,11603.48,21-03-2025,9.359146509,1558,0,Very High,2025,March,Friday,1,21
CONV01006,U6304,45129.93,02-01-2026,10.7173231,180,1,Very High,2026,January,Friday,1,2
CONV01007,U5855,6358.37,10-03-2025,8.757684595,1767,0,Very High,2025,March,Monday,1,10
CONV01008,U5487,21549.61,02-12-2025,9.978159401,1159,0,Very High,2025,December,Tuesday,4,2
CONV01009,U8180,13637.35,03-01-2026,9.520640956,1463,0,Very High,2026,January,Saturday,1,3
CONV01010,U7319,29103.22,02-10-2025,10.27863846,837,1,Very High,2025,October,Thursday,4,2
CONV01011,U6309,21479.69,22-07-2025,9.974909671,1168,0,Very High,2025,July,Tuesday,3,22
CONV01012,U4029,25106.56,02-08-2025,10.13092427,1017,0,Very High,2025,August,Saturday,3,2
CONV01013,U9519,38941.33,29-08-2025,10.56983711,425,1,Very High,2025,August,Friday,3,29
CONV01014,U0282,47901.98,03-08-2025,10.77693299,73,1,Very High,2025,August,Sunday,3,3
CONV01015,U4829,42738.95,22-09-2025,10.66288936,260,1,Very High,2025,September,Monday,3,22
CONV01016,U1921,19184.31,23-12-2025,9.861900161,1253,0,Very High,2025,December,Tuesday,4,23
CONV01017,U1209,8329.57,06-09-2025,9.02768716,1691,0,Very High,2025,September,Saturday,3,6
CONV01018,U6824,37306.12,10-04-2025,10.52693947,500,1,Very High,2025,April,Thursday,2,10
CONV01019,U7275,14695.07,01-12-2025,9.59533539,1413,0,Very High,2025,December,Monday,4,1
CONV01020,U6495,22987.68,27-08-2025,10.0427572,1097,0,Very High,2025,August,Wednesday,3,27
CONV01021,U2570,19189.23,19-06-2025,9.862156574,1252,0,Very High,2025,June,Thursday,2,19
CONV01022,U6428,30451.63,07-04-2025,10.32392764,791,1,Very High,2025,April,Monday,2,7
CONV01023,U0896,10139.16,13-07-2025,9.224259056,1615,0,Very High,2025,July,Sunday,3,13
CONV01024,U2667,10989.54,05-10-2025,9.304790182,1580,0,Very High,2025,October,Sunday,4,5
CONV01025,U3938,28457.44,05-06-2025,10.25620006,881,1,Very High,2025,June,Thursday,2,5
CONV01026,U0139,25260.7,12-07-2025,10.13704469,1011,0,Very High,2025,July,Saturday,3,12
CONV01027,U5429,5499.64,22-08-2025,8.612619728,1800,0,Very High,2025,August,Friday,3,22
CONV01028,U0613,34277.51,31-05-2025,10.44227391,642,1,Very High,2025,May,Saturday,2,31
CONV01029,U2308,49617.8,12-04-2025,10.81212507,8,1,Very High,2025,April,Saturday,2,12
CONV01030,U7060,34302.24,28-01-2025,10.44299509,639,1,Very High,2025,January,Tuesday,1,28
CONV01031,U8152,38432.71,28-02-2025,10.55669022,454,1,Very High,2025,February,Friday,1,28
CONV01032,U4844,29037.33,04-04-2025,10.27637196,841,1,Very High,2025,April,Friday,2,4
CONV01033,U4195,7452.14,18-08-2025,8.916390699,1722,0,Very High,2025,August,Monday,3,18
CONV01034,U6702,22320.97,30-11-2025,10.01332667,1127,0,Very High,2025,November,Sunday,4,30
CONV01035,U0700,37181.61,21-11-2025,10.52359646,506,1,Very High,2025,November,Friday,4,21
CONV01036,U9342,19717.04,07-08-2025,9.889289232,1227,0,Very High,2025,August,Thursday,3,7
CONV01037,U1788,5863.24,15-03-2025,8.67662817,1783,0,Very High,2025,March,Saturday,1,15
CONV01038,U5611,35263.4,21-11-2025,10.47062924,591,1,Very High,2025,November,Friday,4,21
CONV01039,U2385,28626.23,13-12-2025,10.26211364,863,1,Very High,2025,December,Saturday,4,13
CONV01040,U0887,34341.74,27-04-2025,10.44414592,634,1,Very High,2025,April,Sunday,2,27
CONV01041,U6637,35754.23,10-03-2025,10.48445183,570,1,Very High,2025,March,Monday,1,10
CONV01042,U0881,48186.61,26-02-2025,10.78285721,63,1,Very High,2025,February,Wednesday,1,26
CONV01043,U2633,45673.59,10-01-2026,10.7292974,164,1,Very High,2026,January,Saturday,1,10
CONV01044,U1275,7658.55,29-12-2025,8.943708514,1715,0,Very High,2025,December,Monday,4,29
CONV01045,U5185,13508.73,23-03-2025,9.511165446,1472,0,Very High,2025,March,Sunday,1,23
CONV01046,U1597,48962.08,01-02-2025,10.79882182,37,1,Very High,2025,February,Saturday,1,1
CONV01047,U3132,18827.69,25-12-2025,9.843137049,1263,0,Very High,2025,December,Thursday,4,25
CONV01048,U8178,20814.15,10-12-2025,9.943436366,1194,0,Very High,2025,December,Wednesday,4,10
CONV01049,U7518,27861.3,13-08-2025,10.2350298,909,1,Very High,2025,August,Wednesday,3,13
CONV01050,U7168,31208.64,20-12-2025,10.3484823,758,1,Very High,2025,December,Saturday,4,20
CONV01051,U6739,37710.47,24-03-2025,10.53771957,485,1,Very High,2025,March,Monday,1,24
CONV01052,U4750,38955.57,21-08-2025,10.57020271,423,1,Very High,2025,August,Thursday,3,21
CONV01053,U7602,39339.44,12-08-2025,10.58000828,407,1,Very High,2025,August,Tuesday,3,12
CONV01054,U4334,12456.94,05-07-2025,9.43011345,1517,0,Very High,2025,July,Saturday,3,5
CONV01055,U8503,8935.33,22-11-2025,9.097880269,1666,0,Very High,2025,November,Saturday,4,22
CONV01056,U6445,6879.09,16-02-2025,8.836387012,1750,0,Very High,2025,February,Sunday,1,16
CONV01057,U2596,35646.23,16-08-2025,10.48142672,574,1,Very High,2025,August,Saturday,3,16
CONV01058,U4264,10586.25,13-10-2025,9.267405726,1597,0,Very High,2025,October,Monday,4,13
CONV01059,U8908,1751.85,05-03-2025,7.468998314,1949,0,Very High,2025,March,Wednesday,1,5
CONV01060,U3634,42102.61,25-06-2025,10.64788876,291,1,Very High,2025,June,Wednesday,2,25
CONV01061,U0380,5619.25,07-12-2025,8.634131426,1796,0,Very High,2025,December,Sunday,4,7
CONV01062,U1521,18389.17,07-03-2025,9.819571562,1282,0,Very High,2025,March,Friday,1,7
CONV01063,U1206,10909.65,20-09-2025,9.297494655,1584,0,Very High,2025,September,Saturday,3,20
CONV01064,U4895,28581.05,25-01-2025,10.26053418,871,1,Very High,2025,January,Saturday,1,25
CONV01065,U9831,26326.55,15-10-2025,10.1783712,970,1,Very High,2025,October,Wednesday,4,15
CONV01066,U8385,18562.09,17-04-2025,9.82893048,1271,0,Very High,2025,April,Thursday,2,17
CONV01067,U2074,10362.26,20-05-2025,9.246022138,1606,0,Very High,2025,May,Tuesday,2,20
CONV01068,U7145,10056.18,25-09-2025,9.216042086,1621,0,Very High,2025,September,Thursday,3,25
CONV01069,U9563,39807.93,27-11-2025,10.59184654,384,1,Very High,2025,November,Thursday,4,27
CONV01070,U5223,19460.77,21-11-2025,9.876207307,1233,0,Very High,2025,November,Friday,4,21
CONV01071,U8379,15026.94,05-06-2025,9.617666414,1401,0,Very High,2025,June,Thursday,2,5
CONV01072,U7036,4095.7,27-04-2025,8.317937051,1855,0,Very High,2025,April,Sunday,2,27
CONV01073,U0179,28589.73,28-06-2025,10.26083782,868,1,Very High,2025,June,Saturday,2,28
CONV01074,U8639,14263.4,11-05-2025,9.565522202,1431,0,Very High,2025,May,Sunday,2,11
CONV01075,U5207,2958.16,28-06-2025,7.992660723,1904,0,Very High,2025,June,Saturday,2,28
CONV01076,U2804,19451.45,22-11-2025,9.875728305,1236,0,Very High,2025,November,Saturday,4,22
CONV01077,U0077,42161.32,06-09-2025,10.64928221,285,1,Very High,2025,September,Saturday,3,6
CONV01078,U1138,40224.41,21-09-2025,10.60225416,372,1,Very High,2025,September,Sunday,3,21
CONV01079,U5132,19969.71,02-10-2025,9.902021979,1215,0,Very High,2025,October,Thursday,4,2
CONV01080,U1684,41360.1,19-01-2025,10.6300961,319,1,Very High,2025,January,Sunday,1,19
CONV01081,U3132,46738.46,04-08-2025,10.75234405,120,1,Very High,2025,August,Monday,3,4
CONV01082,U1230,30831.16,10-06-2025,10.33631358,772,1,Very High,2025,June,Tuesday,2,10
CONV01083,U7549,43163.8,27-03-2025,10.67278063,248,1,Very High,2025,March,Thursday,1,27
CONV01084,U8645,33232.81,12-05-2025,10.41132301,675,1,Very High,2025,May,Monday,2,12
CONV01085,U1357,43707.18,21-07-2025,10.68529055,236,1,Very High,2025,July,Monday,3,21
CONV01086,U3482,23673.44,19-01-2025,10.07215126,1068,0,Very High,2025,January,Sunday,1,19
CONV01087,U8645,47246.88,13-10-2025,10.76316306,102,1,Very High,2025,October,Monday,4,13
CONV01088,U3585,43459.01,22-07-2025,10.67959648,240,1,Very High,2025,July,Tuesday,3,22
CONV01089,U5033,7790.84,20-11-2025,8.960832311,1711,0,Very High,2025,November,Thursday,4,20
CONV01090,U3065,33263.33,31-05-2025,10.41224093,674,1,Very High,2025,May,Saturday,2,31
CONV01091,U3475,21827,29-03-2025,9.990948828,1147,0,Very High,2025,March,Saturday,1,29
CONV01092,U6268,9877.76,10-08-2025,9.198142277,1630,0,Very High,2025,August,Sunday,3,10
CONV01093,U1789,12822.74,18-12-2025,9.45905342,1497,0,Very High,2025,December,Thursday,4,18
CONV01094,U1079,11710.02,19-10-2025,9.368285558,1556,0,Very High,2025,October,Sunday,4,19
CONV01095,U4396,39393.52,22-09-2025,10.581382,404,1,Very High,2025,September,Monday,3,22
CONV01096,U3033,24099.54,24-09-2025,10.08998953,1048,0,Very High,2025,September,Wednesday,3,24
CONV01097,U7459,23992.73,24-03-2025,10.08554783,1053,0,Very High,2025,March,Monday,1,24
CONV01098,U9733,549.82,27-07-2025,6.311408077,1998,0,High,2025,July,Sunday,3,27
CONV01099,U4763,8781.58,01-05-2025,9.080525493,1674,0,Very High,2025,May,Thursday,2,1
CONV01100,U8941,13050.07,26-05-2025,9.476625402,1486,0,Very High,2025,May,Monday,2,26
CONV01101,U9761,34446.32,28-09-2025,10.44718648,629,1,Very High,2025,September,Sunday,3,28
CONV01102,U5853,29090.42,04-10-2025,10.27819856,838,1,Very High,2025,October,Saturday,4,4
CONV01103,U1769,27473.36,19-06-2025,10.22100849,927,1,Very High,2025,June,Thursday,2,19
CONV01104,U5427,47290.69,28-07-2025,10.76408987,100,1,Very High,2025,July,Monday,3,28
CONV01105,U2015,48423.58,04-09-2025,10.78776282,57,1,Very High,2025,September,Thursday,3,4
CONV01106,U2411,26397.72,05-09-2025,10.1810708,968,1,Very High,2025,September,Friday,3,5
CONV01107,U4829,11257.6,03-02-2025,9.32888756,1570,0,Very High,2025,February,Monday,1,3
CONV01108,U5772,12945.96,16-12-2025,9.468616291,1488,0,Very High,2025,December,Tuesday,4,16
CONV01109,U2338,45953.86,20-04-2025,10.73541489,154,1,Very High,2025,April,Sunday,2,20
CONV01110,U6329,5357.87,13-08-2025,8.586508411,1806,0,Very High,2025,August,Wednesday,3,13
CONV01111,U5284,38499.19,01-11-2025,10.55841846,452,1,Very High,2025,November,Saturday,4,1
CONV01112,U4872,27518.62,30-10-2025,10.22265448,924,1,Very High,2025,October,Thursday,4,30
CONV01113,U8255,23684.75,30-12-2025,10.07262888,1066,0,Very High,2025,December,Tuesday,4,30
CONV01114,U0433,7458.99,02-09-2025,8.917309353,1719,0,Very High,2025,September,Tuesday,3,2
CONV01115,U8901,37889.09,29-10-2025,10.54244488,475,1,Very High,2025,October,Wednesday,4,29
CONV01116,U7541,13873.65,17-02-2025,9.537818713,1450,0,Very High,2025,February,Monday,1,17
CONV01117,U7889,3512.81,12-01-2026,8.164456198,1884,0,Very High,2026,January,Monday,1,12
CONV01118,U3360,37150.99,07-10-2025,10.52277262,509,1,Very High,2025,October,Tuesday,4,7
CONV01119,U0106,10434.64,08-09-2025,9.25298215,1602,0,Very High,2025,September,Monday,3,8
CONV01120,U4051,1720.49,01-05-2025,7.450945474,1951,0,Very High,2025,May,Thursday,2,1
CONV01121,U3016,41173.48,22-05-2025,10.62557393,334,1,Very High,2025,May,Thursday,2,22
CONV01122,U0355,37357.63,12-04-2025,10.52831922,498,1,Very High,2025,April,Saturday,2,12
CONV01123,U4752,47975.03,13-06-2025,10.77845679,69,1,Very High,2025,June,Friday,2,13
CONV01124,U7602,1884.55,16-08-2025,7.541974835,1941,0,Very High,2025,August,Saturday,3,16
CONV01125,U7283,23661.4,14-02-2025,10.07164257,1069,0,Very High,2025,February,Friday,1,14
CONV01126,U3454,19835.9,30-06-2025,9.895299119,1221,0,Very High,2025,June,Monday,2,30
CONV01127,U5559,39441.49,01-09-2025,10.58259894,397,1,Very High,2025,September,Monday,3,1
CONV01128,U9927,35570.76,20-12-2025,10.47930734,578,1,Very High,2025,December,Saturday,4,20
CONV01129,U5704,20486.81,28-10-2025,9.927585354,1201,0,Very High,2025,October,Tuesday,4,28
CONV01130,U8183,38115.51,07-01-2026,10.5484028,463,1,Very High,2026,January,Wednesday,1,7
CONV01131,U1055,6166.45,28-02-2025,8.727040741,1772,0,Very High,2025,February,Friday,1,28
CONV01132,U2852,22750.73,18-06-2025,10.03239647,1106,0,Very High,2025,June,Wednesday,2,18
CONV01133,U4688,8523.43,22-05-2025,9.050691438,1681,0,Very High,2025,May,Thursday,2,22
CONV01134,U1577,7457.85,15-04-2025,8.917156526,1720,0,Very High,2025,April,Tuesday,2,15
CONV01135,U3037,36550.03,01-01-2026,10.50646465,540,1,Very High,2026,January,Thursday,1,1
CONV01136,U5769,28155.52,06-07-2025,10.24553422,894,1,Very High,2025,July,Sunday,3,6
CONV01137,U9325,26103.72,13-02-2025,10.16987142,979,1,Very High,2025,February,Thursday,1,13
CONV01138,U0370,41493.35,07-05-2025,10.63331255,316,1,Very High,2025,May,Wednesday,2,7
CONV01139,U3956,15955.85,12-10-2025,9.677643483,1370,0,Very High,2025,October,Sunday,4,12
CONV01140,U0492,13413.61,27-01-2025,9.504099691,1477,0,Very High,2025,January,Monday,1,27
CONV01141,U1022,40380.27,19-05-2025,10.60612134,369,1,Very High,2025,May,Monday,2,19
CONV01142,U9801,27795.55,10-12-2025,10.23266719,912,1,Very High,2025,December,Wednesday,4,10
CONV01143,U8317,21860.02,05-05-2025,9.992460421,1144,0,Very High,2025,May,Monday,2,5
CONV01144,U8753,34337.96,08-11-2025,10.44403585,635,1,Very High,2025,November,Saturday,4,8
CONV01145,U2052,27702.47,12-08-2025,10.22931296,917,1,Very High,2025,August,Tuesday,3,12
CONV01146,U7153,5053.55,30-01-2025,8.528044107,1818,0,Very High,2025,January,Thursday,1,30
CONV01147,U4095,6772.44,04-02-2025,8.820764361,1754,0,Very High,2025,February,Tuesday,1,4
CONV01148,U4791,24195.72,11-03-2025,10.09397237,1043,0,Very High,2025,March,Tuesday,1,11
CONV01149,U5849,15484.59,04-05-2025,9.647665193,1381,0,Very High,2025,May,Sunday,2,4
CONV01150,U5225,5666.72,04-01-2026,8.642542199,1792,0,Very High,2026,January,Sunday,1,4
CONV01151,U2247,37224.48,30-09-2025,10.52474875,504,1,Very High,2025,September,Tuesday,3,30
CONV01152,U7214,1553.84,25-12-2025,7.349127925,1957,0,Very High,2025,December,Thursday,4,25
CONV01153,U0979,25020.2,19-06-2025,10.12747874,1021,0,Very High,2025,June,Thursday,2,19
CONV01154,U3022,3086.85,13-12-2025,8.035230335,1897,0,Very High,2025,December,Saturday,4,13
CONV01155,U4302,1853.58,22-11-2025,7.525413534,1942,0,Very High,2025,November,Saturday,4,22
CONV01156,U6359,49549.11,31-12-2025,10.81073976,10,1,Very High,2025,December,Wednesday,4,31
CONV01157,U4262,37408.88,23-04-2025,10.52969012,497,1,Very High,2025,April,Wednesday,2,23
CONV01158,U1402,17207.85,20-05-2025,9.753179065,1325,0,Very High,2025,May,Tuesday,2,20
CONV01159,U9962,28637.83,17-01-2025,10.26251877,860,1,Very High,2025,January,Friday,1,17
CONV01160,U7643,32068.28,05-02-2025,10.37565384,729,1,Very High,2025,February,Wednesday,1,5
CONV01161,U9035,9400.29,04-07-2025,9.148602193,1645,0,Very High,2025,July,Friday,3,4
CONV01162,U2407,12017.29,03-12-2025,9.394184935,1537,0,Very High,2025,December,Wednesday,4,3
CONV01163,U5200,11783.64,21-02-2025,9.374552268,1551,0,Very High,2025,February,Friday,1,21
CONV01164,U8855,17811.62,25-01-2025,9.787662474,1294,0,Very High,2025,January,Saturday,1,25
CONV01165,U5338,41223.3,02-11-2025,10.62678317,330,1,Very High,2025,November,Sunday,4,2
CONV01166,U9945,44920.92,15-07-2025,10.71268115,190,1,Very High,2025,July,Tuesday,3,15
CONV01167,U4766,5758.49,24-03-2025,8.658604208,1788,0,Very High,2025,March,Monday,1,24
CONV01168,U5637,29342.97,12-05-2025,10.28684235,829,1,Very High,2025,May,Monday,2,12
CONV01169,U9264,27637.53,28-09-2025,10.22696609,920,1,Very High,2025,September,Sunday,3,28
CONV01170,U9947,26256.63,09-09-2025,10.17571189,973,1,Very High,2025,September,Tuesday,3,9
CONV01171,U3983,16083.41,08-07-2025,9.685605759,1362,0,Very High,2025,July,Tuesday,3,8
CONV01172,U9183,18433.7,01-10-2025,9.821990037,1280,0,Very High,2025,October,Wednesday,4,1
CONV01173,U8809,29445.39,10-05-2025,10.2903266,825,1,Very High,2025,May,Saturday,2,10
CONV01174,U6693,29012.58,24-08-2025,10.27551928,845,1,Very High,2025,August,Sunday,3,24
CONV01175,U4316,23758.08,14-10-2025,10.07572005,1058,0,Very High,2025,October,Tuesday,4,14
CONV01176,U2169,19711.65,04-10-2025,9.889015841,1228,0,Very High,2025,October,Saturday,4,4
CONV01177,U1951,30633.49,25-06-2025,10.32988178,779,1,Very High,2025,June,Wednesday,2,25
CONV01178,U7369,24116.75,16-08-2025,10.09070336,1047,0,Very High,2025,August,Saturday,3,16
CONV01179,U1373,29855.89,09-04-2025,10.30417091,810,1,Very High,2025,April,Wednesday,2,9
CONV01180,U4577,24918.03,20-02-2025,10.12338705,1026,0,Very High,2025,February,Thursday,1,20
CONV01181,U4674,37986.36,15-07-2025,10.54500875,469,1,Very High,2025,July,Tuesday,3,15
CONV01182,U9424,17693.61,17-11-2025,9.781015352,1300,0,Very High,2025,November,Monday,4,17
CONV01183,U4727,5752.91,20-05-2025,8.657634903,1789,0,Very High,2025,May,Tuesday,2,20
CONV01184,U2767,2467.38,12-02-2025,7.811317344,1924,0,Very High,2025,February,Wednesday,1,12
CONV01185,U6055,21611.88,29-04-2025,9.981044712,1156,0,Very High,2025,April,Tuesday,2,29
CONV01186,U1966,13521.3,12-09-2025,9.512095453,1470,0,Very High,2025,September,Friday,3,12
CONV01187,U3645,25599.48,16-02-2025,10.15036638,1001,0,Very High,2025,February,Sunday,1,16
CONV01188,U5158,46652.22,14-02-2025,10.75049723,123,1,Very High,2025,February,Friday,1,14
CONV01189,U0584,12672.73,09-12-2025,9.447286626,1505,0,Very High,2025,December,Tuesday,4,9
CONV01190,U7939,14488.68,12-04-2025,9.581191951,1425,0,Very High,2025,April,Saturday,2,12
CONV01191,U8040,35644.53,14-10-2025,10.48137903,575,1,Very High,2025,October,Tuesday,4,14
CONV01192,U3846,26757.83,23-12-2025,10.19461979,950,1,Very High,2025,December,Tuesday,4,23
CONV01193,U6426,24307.47,06-11-2025,10.09858013,1038,0,Very High,2025,November,Thursday,4,6
CONV01194,U4054,9221.62,05-01-2026,9.129414441,1655,0,Very High,2026,January,Monday,1,5
CONV01195,U2099,20894.14,12-09-2025,9.947271875,1191,0,Very High,2025,September,Friday,3,12
CONV01196,U0997,33911.96,28-10-2025,10.43155252,657,1,Very High,2025,October,Tuesday,4,28
CONV01197,U4397,17322.16,02-10-2025,9.759799614,1317,0,Very High,2025,October,Thursday,4,2
CONV01198,U8783,47419.95,05-05-2025,10.76681939,95,1,Very High,2025,May,Monday,2,5
CONV01199,U6213,45655.31,12-03-2025,10.7288971,165,1,Very High,2025,March,Wednesday,1,12
CONV01200,U8774,27017.09,09-05-2025,10.20426192,939,1,Very High,2025,May,Friday,2,9
CONV01201,U9060,42351.36,01-06-2025,10.65377942,276,1,Very High,2025,June,Sunday,2,1
CONV01202,U2572,11885.26,18-06-2025,9.38313839,1543,0,Very High,2025,June,Wednesday,2,18
CONV01203,U6566,13864.93,11-03-2025,9.537190031,1451,0,Very High,2025,March,Tuesday,1,11
CONV01204,U0331,27314.05,06-02-2025,10.21519311,932,1,Very High,2025,February,Thursday,1,6
CONV01205,U9924,25861.6,09-06-2025,10.16055319,987,1,Very High,2025,June,Monday,2,9
CONV01206,U9441,21761.96,06-09-2025,9.987964721,1149,0,Very High,2025,September,Saturday,3,6
CONV01207,U8737,1352.02,02-10-2025,7.21009441,1969,0,Very High,2025,October,Thursday,4,2
CONV01208,U9468,11989.72,24-01-2025,9.391888296,1538,0,Very High,2025,January,Friday,1,24
CONV01209,U1371,10780.25,20-03-2025,9.285563793,1587,0,Very High,2025,March,Thursday,1,20
CONV01210,U7759,28548.64,02-10-2025,10.25939961,874,1,Very High,2025,October,Thursday,4,2
CONV01211,U2468,28482.96,01-02-2025,10.2570964,879,1,Very High,2025,February,Saturday,1,1
CONV01212,U8939,12169.1,27-09-2025,9.406737403,1532,0,Very High,2025,September,Saturday,3,27
CONV01213,U1722,19096.46,30-08-2025,9.857310621,1256,0,Very High,2025,August,Saturday,3,30
CONV01214,U7170,21497.02,05-03-2025,9.975716117,1165,0,Very High,2025,March,Wednesday,1,5
CONV01215,U6544,22056.23,14-01-2025,10.00139572,1136,0,Very High,2025,January,Tuesday,1,14
CONV01216,U2319,10620.86,17-06-2025,9.270669421,1594,0,Very High,2025,June,Tuesday,2,17
CONV01217,U5410,35896.53,26-03-2025,10.48842377,565,1,Very High,2025,March,Wednesday,1,26
CONV01218,U0092,10363.75,12-06-2025,9.246165905,1605,0,Very High,2025,June,Thursday,2,12
CONV01219,U9740,31999,19-04-2025,10.37349118,731,1,Very High,2025,April,Saturday,2,19
CONV01220,U4657,15634.64,26-08-2025,9.657308203,1379,0,Very High,2025,August,Tuesday,3,26
CONV01221,U1270,36667.57,08-11-2025,10.50967526,532,1,Very High,2025,November,Saturday,4,8
CONV01222,U9623,28994.96,24-12-2025,10.27491179,849,1,Very High,2025,December,Wednesday,4,24
CONV01223,U7757,39276.56,24-04-2025,10.57840864,410,1,Very High,2025,April,Thursday,2,24
CONV01224,U5298,25829.41,23-02-2025,10.15930776,990,1,Very High,2025,February,Sunday,1,23
CONV01225,U3945,38809.02,05-11-2025,10.56643374,431,1,Very High,2025,November,Wednesday,4,5
CONV01226,U3505,14247.97,31-03-2025,9.564439902,1433,0,Very High,2025,March,Monday,1,31
CONV01227,U1971,17734.93,13-10-2025,9.783347805,1299,0,Very High,2025,October,Monday,4,13
CONV01228,U9172,9360.78,01-05-2025,9.144390722,1647,0,Very High,2025,May,Thursday,2,1
CONV01229,U9605,45596.52,07-07-2025,10.72760861,166,1,Very High,2025,July,Monday,3,7
CONV01230,U4505,2673.91,17-12-2025,7.891671014,1919,0,Very High,2025,December,Wednesday,4,17
CONV01231,U7714,24769.87,23-11-2025,10.11742364,1028,0,Very High,2025,November,Sunday,4,23
CONV01232,U2899,41786.19,12-03-2025,10.64034511,305,1,Very High,2025,March,Wednesday,1,12
CONV01233,U4547,37003.95,20-04-2025,10.51880697,519,1,Very High,2025,April,Sunday,2,20
CONV01234,U6606,3543.43,08-08-2025,8.173132636,1883,0,Very High,2025,August,Friday,3,8
CONV01235,U0730,34591.48,04-06-2025,10.4513916,621,1,Very High,2025,June,Wednesday,2,4
CONV01236,U5746,28624.58,24-03-2025,10.262056,864,1,Very High,2025,March,Monday,1,24
CONV01237,U2991,29761.85,16-03-2025,10.30101625,814,1,Very High,2025,March,Sunday,1,16
CONV01238,U1332,34204.08,06-06-2025,10.44012945,647,1,Very High,2025,June,Friday,2,6
CONV01239,U4704,28469.48,15-04-2025,10.25662304,880,1,Very High,2025,April,Tuesday,2,15
CONV01240,U4250,5074.4,04-01-2026,8.532160619,1816,0,Very High,2026,January,Sunday,1,4
CONV01241,U2794,8207.36,06-02-2025,9.012908426,1696,0,Very High,2025,February,Thursday,1,6
CONV01242,U4730,48440.28,04-05-2025,10.78810762,56,1,Very High,2025,May,Sunday,2,4
CONV01243,U7663,6207.26,04-06-2025,8.733635942,1771,0,Very High,2025,June,Wednesday,2,4
CONV01244,U9237,45113.11,23-07-2025,10.71695034,181,1,Very High,2025,July,Wednesday,3,23
CONV01245,U5484,5460.28,21-07-2025,8.605438473,1802,0,Very High,2025,July,Monday,3,21
CONV01246,U7193,29010.28,25-11-2025,10.27544,847,1,Very High,2025,November,Tuesday,4,25
CONV01247,U5536,15358.58,04-10-2025,9.639494663,1387,0,Very High,2025,October,Saturday,4,4
CONV01248,U9462,8619.29,30-07-2025,9.061874006,1675,0,Very High,2025,July,Wednesday,3,30
CONV01249,U2287,39534.19,09-03-2025,10.58494644,393,1,Very High,2025,March,Sunday,1,9
CONV01250,U2709,7800.8,21-09-2025,8.962109755,1710,0,Very High,2025,September,Sunday,3,21
CONV01251,U7153,8129.83,05-03-2025,9.003418288,1698,0,Very High,2025,March,Wednesday,1,5
CONV01252,U9009,11018.35,02-01-2026,9.307408097,1579,0,Very High,2026,January,Friday,1,2
CONV01253,U6351,46795.49,19-03-2025,10.75356348,118,1,Very High,2025,March,Wednesday,1,19
CONV01254,U1175,37151.24,15-07-2025,10.52277934,508,1,Very High,2025,July,Tuesday,3,15
CONV01255,U5936,578.78,13-07-2025,6.362648721,1997,0,High,2025,July,Sunday,3,13
CONV01256,U0725,5096.09,01-05-2025,8.536425068,1815,0,Very High,2025,May,Thursday,2,1
CONV01257,U7876,9386.14,30-01-2025,9.147095946,1646,0,Very High,2025,January,Thursday,1,30
CONV01258,U6627,6872.61,23-01-2025,8.83544472,1752,0,Very High,2025,January,Thursday,1,23
CONV01259,U6582,21536.57,28-08-2025,9.977554131,1162,0,Very High,2025,August,Thursday,3,28
CONV01260,U5490,39381.99,14-10-2025,10.58108928,405,1,Very High,2025,October,Tuesday,4,14
CONV01261,U9670,40735.34,05-06-2025,10.61487585,354,1,Very High,2025,June,Thursday,2,5
CONV01262,U8022,44513.71,14-09-2025,10.70357498,204,1,Very High,2025,September,Sunday,3,14
CONV01263,U8893,18165.83,17-05-2025,9.807352683,1287,0,Very High,2025,May,Saturday,2,17
CONV01264,U5854,20112.62,24-01-2025,9.909152477,1208,0,Very High,2025,January,Friday,1,24
CONV01265,U8085,48606.71,31-08-2025,10.79153744,51,1,Very High,2025,August,Sunday,3,31
CONV01266,U5351,30663,02-08-2025,10.33084461,777,1,Very High,2025,August,Saturday,3,2
CONV01267,U4948,9604.55,28-08-2025,9.170096335,1641,0,Very High,2025,August,Thursday,3,28
CONV01268,U1908,49748.46,28-04-2025,10.81475489,5,1,Very High,2025,April,Monday,2,28
CONV01269,U9394,46806.17,08-09-2025,10.75379168,117,1,Very High,2025,September,Monday,3,8
CONV01270,U2970,750.03,20-12-2025,6.621445598,1991,0,High,2025,December,Saturday,4,20
CONV01271,U9816,11455.52,22-11-2025,9.346314279,1562,0,Very High,2025,November,Saturday,4,22
CONV01272,U9984,31921.25,03-09-2025,10.37105854,733,1,Very High,2025,September,Wednesday,3,3
CONV01273,U5238,23366.4,20-07-2025,10.05909717,1076,0,Very High,2025,July,Sunday,3,20
CONV01274,U4190,42688.44,25-08-2025,10.66170686,262,1,Very High,2025,August,Monday,3,25
CONV01275,U3401,14945.24,09-10-2025,9.612215042,1404,0,Very High,2025,October,Thursday,4,9
CONV01276,U2732,21860.77,10-12-2025,9.992494728,1143,0,Very High,2025,December,Wednesday,4,10
CONV01277,U6149,30552.53,30-10-2025,10.32723551,784,1,Very High,2025,October,Thursday,4,30
CONV01278,U9352,8376.32,22-06-2025,9.033283333,1687,0,Very High,2025,June,Sunday,2,22
CONV01279,U9819,18477.15,26-05-2025,9.824344232,1279,0,Very High,2025,May,Monday,2,26
CONV01280,U8108,46265.24,31-08-2025,10.74216782,140,1,Very High,2025,August,Sunday,3,31
CONV01281,U7603,45410.4,14-12-2025,10.72351845,168,1,Very High,2025,December,Sunday,4,14
CONV01282,U0476,30680.45,29-11-2025,10.33141352,776,1,Very High,2025,November,Saturday,4,29
CONV01283,U5326,28680.65,24-11-2025,10.26401282,858,1,Very High,2025,November,Monday,4,24
CONV01284,U6379,10055.06,08-11-2025,9.215930717,1622,0,Very High,2025,November,Saturday,4,8
CONV01285,U3274,3708.23,15-06-2025,8.218579587,1874,0,Very High,2025,June,Sunday,2,15
CONV01286,U7269,25260.64,07-05-2025,10.13704232,1012,0,Very High,2025,May,Wednesday,2,7
CONV01287,U0113,20614.16,02-02-2025,9.933782006,1198,0,Very High,2025,February,Sunday,1,2
CONV01288,U1983,35880.83,21-11-2025,10.48798632,566,1,Very High,2025,November,Friday,4,21
CONV01289,U5954,25822.21,13-08-2025,10.15902898,991,1,Very High,2025,August,Wednesday,3,13
CONV01290,U9500,18639.99,20-03-2025,9.833118198,1267,0,Very High,2025,March,Thursday,1,20
CONV01291,U1592,4166.44,16-07-2025,8.335057217,1852,0,Very High,2025,July,Wednesday,3,16
CONV01292,U5418,28627.44,07-09-2025,10.26215591,862,1,Very High,2025,September,Sunday,3,7
CONV01293,U9234,15679.81,27-07-2025,9.660192951,1376,0,Very High,2025,July,Sunday,3,27
CONV01294,U4832,34906.58,25-03-2025,10.46045928,610,1,Very High,2025,March,Tuesday,1,25
CONV01295,U3468,29419.62,03-11-2025,10.28945107,827,1,Very High,2025,November,Monday,4,3
CONV01296,U6650,8935.3,13-09-2025,9.097876912,1667,0,Very High,2025,September,Saturday,3,13
CONV01297,U7951,26499.23,03-12-2025,10.18490869,960,1,Very High,2025,December,Wednesday,4,3
CONV01298,U3383,30627.74,18-05-2025,10.32969406,780,1,Very High,2025,May,Sunday,2,18
CONV01299,U0200,10525.23,17-10-2025,9.261625516,1600,0,Very High,2025,October,Friday,4,17
CONV01300,U1101,42406.98,05-06-2025,10.65509183,272,1,Very High,2025,June,Thursday,2,5
CONV01301,U4196,32714.96,11-04-2025,10.39561831,696,1,Very High,2025,April,Friday,2,11
CONV01302,U4355,37283.97,02-11-2025,10.52634558,501,1,Very High,2025,November,Sunday,4,2
CONV01303,U3997,23481.43,13-11-2025,10.06400776,1073,0,Very High,2025,November,Thursday,4,13
CONV01304,U7241,5443.86,02-03-2025,8.602427323,1803,0,Very High,2025,March,Sunday,1,2
CONV01305,U7042,22410.77,19-03-2025,10.01734155,1121,0,Very High,2025,March,Wednesday,1,19
CONV01306,U6672,31740.85,14-11-2025,10.36539128,743,1,Very High,2025,November,Friday,4,14
CONV01307,U4329,14126.77,17-10-2025,9.555897643,1441,0,Very High,2025,October,Friday,4,17
CONV01308,U7989,48730.54,19-01-2025,10.79408174,45,1,Very High,2025,January,Sunday,1,19
CONV01309,U4992,32075.21,07-03-2025,10.37586991,728,1,Very High,2025,March,Friday,1,7
CONV01310,U8222,26754.78,09-06-2025,10.1945058,951,1,Very High,2025,June,Monday,2,9
CONV01311,U2563,9002.98,14-04-2025,9.105421981,1664,0,Very High,2025,April,Monday,2,14
CONV01312,U9753,11821.82,10-08-2025,9.377786841,1548,0,Very High,2025,August,Sunday,3,10
CONV01313,U5167,28382.68,12-09-2025,10.25356961,885,1,Very High,2025,September,Friday,3,12
CONV01314,U2293,41017.39,28-08-2025,10.62177578,342,1,Very High,2025,August,Thursday,3,28
CONV01315,U0388,19429.11,01-07-2025,9.874579204,1237,0,Very High,2025,July,Tuesday,3,1
CONV01316,U4489,8440.69,19-03-2025,9.040937805,1683,0,Very High,2025,March,Wednesday,1,19
CONV01317,U6391,12867.38,07-01-2026,9.462528419,1492,0,Very High,2026,January,Wednesday,1,7
CONV01318,U4523,46218.5,06-10-2025,10.74115707,144,1,Very High,2025,October,Monday,4,6
CONV01319,U2487,28917.36,05-04-2025,10.27223197,852,1,Very High,2025,April,Saturday,2,5
CONV01320,U4272,14925.26,13-10-2025,9.610877357,1405,0,Very High,2025,October,Monday,4,13
CONV01321,U7305,23682.16,04-05-2025,10.07251953,1067,0,Very High,2025,May,Sunday,2,4
CONV01322,U2299,21652.88,28-03-2025,9.982939932,1155,0,Very High,2025,March,Friday,1,28
CONV01323,U6120,49784.9,08-02-2025,10.81548709,4,1,Very High,2025,February,Saturday,1,8
CONV01324,U1100,48724.26,04-03-2025,10.79395286,48,1,Very High,2025,March,Tuesday,1,4
CONV01325,U9404,49651.01,21-09-2025,10.81279415,6,1,Very High,2025,September,Sunday,3,21
CONV01326,U5414,28973.58,21-02-2025,10.27417417,850,1,Very High,2025,February,Friday,1,21
CONV01327,U9417,41497.02,31-05-2025,10.63340099,315,1,Very High,2025,May,Saturday,2,31
CONV01328,U9575,23158.79,02-01-2026,10.05017286,1087,0,Very High,2026,January,Friday,1,2
CONV01329,U3378,1798.11,26-06-2025,7.495047377,1946,0,Very High,2025,June,Thursday,2,26
CONV01330,U5167,10484.22,03-05-2025,9.257721925,1601,0,Very High,2025,May,Saturday,2,3
CONV01331,U2250,47426.68,14-08-2025,10.7669613,94,1,Very High,2025,August,Thursday,3,14
CONV01332,U7186,38663.69,11-08-2025,10.56268206,439,1,Very High,2025,August,Monday,3,11
CONV01333,U1994,47064.44,17-04-2025,10.75929425,110,1,Very High,2025,April,Thursday,2,17
CONV01334,U8306,25682.4,03-08-2025,10.15360015,997,1,Very High,2025,August,Sunday,3,3
CONV01335,U1640,41908.46,14-07-2025,10.64326686,298,1,Very High,2025,July,Monday,3,14
CONV01336,U7723,32544.3,19-01-2025,10.39038824,708,1,Very High,2025,January,Sunday,1,19
CONV01337,U8498,23755.73,22-03-2025,10.07562114,1059,0,Very High,2025,March,Saturday,1,22
CONV01338,U6798,9144.56,07-04-2025,9.121023795,1662,0,Very High,2025,April,Monday,2,7
CONV01339,U2661,15650.21,05-02-2025,9.658303509,1378,0,Very High,2025,February,Wednesday,1,5
CONV01340,U5433,36880.07,19-01-2025,10.51545369,525,1,Very High,2025,January,Sunday,1,19
CONV01341,U2782,17758.99,29-03-2025,9.784703453,1298,0,Very High,2025,March,Saturday,1,29
CONV01342,U6801,42917.33,27-10-2025,10.66705429,257,1,Very High,2025,October,Monday,4,27
CONV01343,U2101,18596.34,04-07-2025,9.830773839,1270,0,Very High,2025,July,Friday,3,4
CONV01344,U3216,6925.48,05-04-2025,8.843107027,1746,0,Very High,2025,April,Saturday,2,5
CONV01345,U4626,11698.06,16-11-2025,9.367263776,1557,0,Very High,2025,November,Sunday,4,16
CONV01346,U8469,45026.84,02-11-2025,10.71503624,184,1,Very High,2025,November,Sunday,4,2
CONV01347,U6309,10295.86,25-11-2025,9.239594273,1608,0,Very High,2025,November,Tuesday,4,25
CONV01348,U2653,28818.29,07-08-2025,10.26880023,854,1,Very High,2025,August,Thursday,3,7
CONV01349,U7426,22273.22,08-12-2025,10.01118523,1128,0,Very High,2025,December,Monday,4,8
CONV01350,U4183,27670.59,15-07-2025,10.22816153,918,1,Very High,2025,July,Tuesday,3,15
CONV01351,U6989,6748.29,02-12-2025,8.817192593,1755,0,Very High,2025,December,Tuesday,4,2
CONV01352,U5696,27888.28,07-07-2025,10.23599766,907,1,Very High,2025,July,Monday,3,7
CONV01353,U3193,38907.61,20-03-2025,10.56897084,427,1,Very High,2025,March,Thursday,1,20
CONV01354,U8603,27203.13,16-02-2025,10.21112408,936,1,Very High,2025,February,Sunday,1,16
CONV01355,U3708,21488.78,25-03-2025,9.975332752,1167,0,Very High,2025,March,Tuesday,1,25
CONV01356,U6902,7237.93,01-10-2025,8.887228684,1730,0,Very High,2025,October,Wednesday,4,1
CONV01357,U5106,29902.25,19-04-2025,10.30572245,807,1,Very High,2025,April,Saturday,2,19
CONV01358,U3973,21240.96,07-08-2025,9.96373375,1176,0,Very High,2025,August,Thursday,3,7
CONV01359,U2301,37112.92,24-08-2025,10.52174738,513,1,Very High,2025,August,Sunday,3,24
CONV01360,U0177,15902.45,26-11-2025,9.674291346,1372,0,Very High,2025,November,Wednesday,4,26
CONV01361,U8868,3984.94,03-12-2025,8.290528448,1860,0,Very High,2025,December,Wednesday,4,3
CONV01362,U1849,29456.44,15-12-2025,10.29070179,824,1,Very High,2025,December,Monday,4,15
CONV01363,U9815,42573.29,20-07-2025,10.65900583,267,1,Very High,2025,July,Sunday,3,20
CONV01364,U4520,16777.07,30-05-2025,9.727827956,1336,0,Very High,2025,May,Friday,2,30
CONV01365,U3978,29758.68,17-11-2025,10.30090974,815,1,Very High,2025,November,Monday,4,17
CONV01366,U6158,46299.53,19-11-2025,10.74290869,138,1,Very High,2025,November,Wednesday,4,19
CONV01367,U1616,48353.12,29-10-2025,10.78630671,59,1,Very High,2025,October,Wednesday,4,29
CONV01368,U5691,23306.78,25-12-2025,10.05654249,1079,0,Very High,2025,December,Thursday,4,25
CONV01369,U0421,1695.15,21-05-2025,7.436116256,1952,0,Very High,2025,May,Wednesday,2,21
CONV01370,U7482,34309.08,21-05-2025,10.44319447,637,1,Very High,2025,May,Wednesday,2,21
CONV01371,U4312,38655.04,10-04-2025,10.56245832,442,1,Very High,2025,April,Thursday,2,10
CONV01372,U8190,31011.93,10-03-2025,10.34215949,766,1,Very High,2025,March,Monday,1,10
CONV01373,U6653,32154.01,04-07-2025,10.37832355,723,1,Very High,2025,July,Friday,3,4
CONV01374,U5522,8381.26,18-08-2025,9.033872847,1686,0,Very High,2025,August,Monday,3,18
CONV01375,U9183,9306.45,20-06-2025,9.138570434,1650,0,Very High,2025,June,Friday,2,20
CONV01376,U6630,17338.12,26-05-2025,9.760720499,1315,0,Very High,2025,May,Monday,2,26
CONV01377,U9341,22405.53,13-02-2025,10.01710771,1122,0,Very High,2025,February,Thursday,1,13
CONV01378,U3588,32570.81,12-05-2025,10.39120247,705,1,Very High,2025,May,Monday,2,12
CONV01379,U7918,27785.69,31-08-2025,10.23231241,914,1,Very High,2025,August,Sunday,3,31
CONV01380,U9429,35483.92,29-07-2025,10.4768631,583,1,Very High,2025,July,Tuesday,3,29
CONV01381,U5246,47925.51,08-10-2025,10.77742407,71,1,Very High,2025,October,Wednesday,4,8
CONV01382,U1584,27000.32,20-09-2025,10.20364103,940,1,Very High,2025,September,Saturday,3,20
CONV01383,U9078,28925.83,26-04-2025,10.27252482,851,1,Very High,2025,April,Saturday,2,26
CONV01384,U2808,28170.3,13-01-2025,10.24605901,893,1,Very High,2025,January,Monday,1,13
CONV01385,U1072,47393.88,14-06-2025,10.76626948,96,1,Very High,2025,June,Saturday,2,14
CONV01386,U6493,15836.35,13-05-2025,9.670126353,1374,0,Very High,2025,May,Tuesday,2,13
CONV01387,U6671,29550.19,11-04-2025,10.29387929,823,1,Very High,2025,April,Friday,2,11
CONV01388,U1961,26723.71,01-03-2025,10.19334388,953,1,Very High,2025,March,Saturday,1,1
CONV01389,U2970,25001.27,19-01-2025,10.1267219,1024,0,Very High,2025,January,Sunday,1,19
CONV01390,U6348,23983.17,24-08-2025,10.08514931,1054,0,Very High,2025,August,Sunday,3,24
CONV01391,U7052,9636.04,22-05-2025,9.173369287,1639,0,Very High,2025,May,Thursday,2,22
CONV01392,U8584,30504.89,29-05-2025,10.32567506,788,1,Very High,2025,May,Thursday,2,29
CONV01393,U0207,15660.06,28-01-2025,9.658932656,1377,0,Very High,2025,January,Tuesday,1,28
CONV01394,U8163,48800.83,07-04-2025,10.79552309,42,1,Very High,2025,April,Monday,2,7
CONV01395,U2909,41040.27,17-09-2025,10.62233342,340,1,Very High,2025,September,Wednesday,3,17
CONV01396,U1766,29710.26,03-07-2025,10.29928138,816,1,Very High,2025,July,Thursday,3,3
CONV01397,U5528,41672.62,15-09-2025,10.63762359,307,1,Very High,2025,September,Monday,3,15
CONV01398,U2317,39805.67,04-05-2025,10.59178977,385,1,Very High,2025,May,Sunday,2,4
CONV01399,U1619,32912.8,23-10-2025,10.4016473,690,1,Very High,2025,October,Thursday,4,23
CONV01400,U8952,16355.66,10-12-2025,9.702390433,1354,0,Very High,2025,December,Wednesday,4,10
CONV01401,U1350,5663.77,26-09-2025,8.642021572,1793,0,Very High,2025,September,Friday,3,26
CONV01402,U0904,47365.6,07-10-2025,10.76567262,98,1,Very High,2025,October,Tuesday,4,7
CONV01403,U0786,48355.03,13-10-2025,10.78634621,58,1,Very High,2025,October,Monday,4,13
CONV01404,U7108,9325.36,29-09-2025,9.140600078,1649,0,Very High,2025,September,Monday,3,29
CONV01405,U5248,25016.12,25-02-2025,10.12731567,1023,0,Very High,2025,February,Tuesday,1,25
CONV01406,U4759,40775.07,29-01-2025,10.61585067,351,1,Very High,2025,January,Wednesday,1,29
CONV01407,U0734,12685.57,11-04-2025,9.448299233,1504,0,Very High,2025,April,Friday,2,11
CONV01408,U4467,21086.42,11-08-2025,9.956431933,1180,0,Very High,2025,August,Monday,3,11
CONV01409,U6480,22731.85,12-02-2025,10.03156629,1107,0,Very High,2025,February,Wednesday,1,12
CONV01410,U1090,8784.65,27-04-2025,9.080874988,1673,0,Very High,2025,April,Sunday,2,27
CONV01411,U4665,38168.97,31-10-2025,10.54980436,461,1,Very High,2025,October,Friday,4,31
CONV01412,U8491,5912.52,26-01-2025,8.684996534,1781,0,Very High,2025,January,Sunday,1,26
CONV01413,U3961,22186.37,16-08-2025,10.00727849,1131,0,Very High,2025,August,Saturday,3,16
CONV01414,U3448,1203.45,16-06-2025,7.09377831,1971,0,Very High,2025,June,Monday,2,16
CONV01415,U0925,47367.65,05-08-2025,10.7657159,97,1,Very High,2025,August,Tuesday,3,5
CONV01416,U0415,12665.92,30-08-2025,9.44674915,1506,0,Very High,2025,August,Saturday,3,30
CONV01417,U0930,20791.25,16-03-2025,9.9423356,1195,0,Very High,2025,March,Sunday,1,16
CONV01418,U6069,5637.73,27-01-2025,8.637414142,1795,0,Very High,2025,January,Monday,1,27
CONV01419,U9289,31600.19,21-03-2025,10.36095006,748,1,Very High,2025,March,Friday,1,21
CONV01420,U9364,34437.69,09-12-2025,10.44693592,631,1,Very High,2025,December,Tuesday,4,9
CONV01421,U5655,46011.61,26-11-2025,10.73667077,153,1,Very High,2025,November,Wednesday,4,26
CONV01422,U2857,8435.67,10-08-2025,9.04034296,1684,0,Very High,2025,August,Sunday,3,10
CONV01423,U8872,42086.7,08-05-2025,10.64751082,292,1,Very High,2025,May,Thursday,2,8
CONV01424,U7273,17221.17,08-08-2025,9.753952786,1323,0,Very High,2025,August,Friday,3,8
CONV01425,U3129,36600.69,13-11-2025,10.50784969,538,1,Very High,2025,November,Thursday,4,13
CONV01426,U6141,19945.06,11-12-2025,9.900786909,1216,0,Very High,2025,December,Thursday,4,11
CONV01427,U6753,17215.32,24-02-2025,9.75361305,1324,0,Very High,2025,February,Monday,1,24
CONV01428,U0391,28585.95,27-12-2025,10.2607056,870,1,Very High,2025,December,Saturday,4,27
CONV01429,U3241,23694.7,15-04-2025,10.07304888,1065,0,Very High,2025,April,Tuesday,2,15
CONV01430,U1405,43181.34,12-01-2025,10.67318689,246,1,Very High,2025,January,Sunday,1,12
CONV01431,U3490,31349.97,17-06-2025,10.35300049,756,1,Very High,2025,June,Tuesday,2,17
CONV01432,U4969,45090.44,25-02-2025,10.71644771,183,1,Very High,2025,February,Tuesday,1,25
CONV01433,U2594,23743.6,23-10-2025,10.07511042,1060,0,Very High,2025,October,Thursday,4,23
CONV01434,U0646,19278.8,16-03-2025,9.866813195,1248,0,Very High,2025,March,Sunday,1,16
CONV01435,U9371,1482.91,19-04-2025,7.302435775,1964,0,Very High,2025,April,Saturday,2,19
CONV01436,U2904,34029.97,09-04-2025,10.43502627,652,1,Very High,2025,April,Wednesday,2,9
CONV01437,U4790,30339.22,25-01-2026,10.3202295,796,1,Very High,2026,January,Sunday,1,25
CONV01438,U4141,49110.8,07-05-2025,10.80185461,31,1,Very High,2025,May,Wednesday,2,7
CONV01439,U5024,17207.13,23-05-2025,9.753137226,1326,0,Very High,2025,May,Friday,2,23
CONV01440,U0175,19343.22,18-11-2025,9.870148946,1241,0,Very High,2025,November,Tuesday,4,18
CONV01441,U6147,25872.92,16-07-2025,10.16099079,986,1,Very High,2025,July,Wednesday,3,16
CONV01442,U4286,14441.24,12-10-2025,9.577912525,1427,0,Very High,2025,October,Sunday,4,12
CONV01443,U0377,4183.52,18-03-2025,8.339147281,1850,0,Very High,2025,March,Tuesday,1,18
CONV01444,U1236,36956.92,15-01-2025,10.51753525,522,1,Very High,2025,January,Wednesday,1,15
CONV01445,U5422,6537.93,29-12-2025,8.785528823,1761,0,Very High,2025,December,Monday,4,29
CONV01446,U0063,10905.84,01-09-2025,9.297145394,1585,0,Very High,2025,September,Monday,3,1
CONV01447,U8116,23725.92,29-11-2025,10.07436555,1063,0,Very High,2025,November,Saturday,4,29
CONV01448,U2882,43969.74,30-04-2025,10.69127969,225,1,Very High,2025,April,Wednesday,2,30
CONV01449,U3065,20036.06,10-07-2025,9.905338838,1210,0,Very High,2025,July,Thursday,3,10
CONV01450,U3576,17565.57,14-08-2025,9.773752943,1307,0,Very High,2025,August,Thursday,3,14
CONV01451,U1060,17539.05,24-02-2025,9.772242117,1308,0,Very High,2025,February,Monday,1,24
CONV01452,U0197,29612.86,10-01-2026,10.29599777,821,1,Very High,2026,January,Saturday,1,10
CONV01453,U7386,24282.22,18-07-2025,10.09754086,1039,0,Very High,2025,July,Friday,3,18
CONV01454,U0700,23514.77,03-01-2026,10.06542654,1071,0,Very High,2026,January,Saturday,1,3
CONV01455,U6318,7401.89,13-08-2025,8.909625743,1724,0,Very High,2025,August,Wednesday,3,13
CONV01456,U2831,11241.19,19-03-2025,9.327428944,1572,0,Very High,2025,March,Wednesday,1,19
CONV01457,U8149,41574.02,16-08-2025,10.63525479,311,1,Very High,2025,August,Saturday,3,16
CONV01458,U7092,48470.45,12-08-2025,10.78873024,54,1,Very High,2025,August,Tuesday,3,12
CONV01459,U4741,47195.23,08-04-2025,10.7620693,104,1,Very High,2025,April,Tuesday,2,8
CONV01460,U2599,34360.85,06-07-2025,10.44470222,633,1,Very High,2025,July,Sunday,3,6
CONV01461,U2100,3624.69,23-07-2025,8.195799894,1881,0,Very High,2025,July,Wednesday,3,23
CONV01462,U3825,45141.08,25-06-2025,10.71757013,179,1,Very High,2025,June,Wednesday,2,25
CONV01463,U5273,11831.87,08-12-2025,9.378636531,1546,0,Very High,2025,December,Monday,4,8
CONV01464,U5136,37634.52,08-10-2025,10.53570356,489,1,Very High,2025,October,Wednesday,4,8
CONV01465,U1097,10062.5,12-09-2025,9.216670296,1619,0,Very High,2025,September,Friday,3,12
CONV01466,U7762,651.13,18-05-2025,6.480243929,1992,0,High,2025,May,Sunday,2,18
CONV01467,U5148,41294.75,26-11-2025,10.62851487,325,1,Very High,2025,November,Wednesday,4,26
CONV01468,U3194,12787.21,08-10-2025,9.456278932,1498,0,Very High,2025,October,Wednesday,4,8
CONV01469,U4852,32377.42,26-01-2025,10.38524743,719,1,Very High,2025,January,Sunday,1,26
CONV01470,U9098,38043.85,25-03-2025,10.54652101,466,1,Very High,2025,March,Tuesday,1,25
CONV01471,U4666,16478.78,25-03-2025,9.709889454,1348,0,Very High,2025,March,Tuesday,1,25
CONV01472,U6145,21995.85,19-10-2025,9.99865454,1138,0,Very High,2025,October,Sunday,4,19
CONV01473,U9268,25829.56,11-11-2025,10.15931357,989,1,Very High,2025,November,Tuesday,4,11
CONV01474,U1676,12133.17,19-10-2025,9.403780719,1534,0,Very High,2025,October,Sunday,4,19
CONV01475,U8069,26471.63,14-08-2025,10.18386665,961,1,Very High,2025,August,Thursday,3,14
CONV01476,U2607,12343.64,21-03-2025,9.42097724,1523,0,Very High,2025,March,Friday,1,21
CONV01477,U7843,38047.12,21-02-2025,10.54660695,465,1,Very High,2025,February,Friday,1,21
CONV01478,U6485,14837.15,10-01-2025,9.604956846,1409,0,Very High,2025,January,Friday,1,10
CONV01479,U3422,854.04,20-05-2025,6.751148251,1986,0,High,2025,May,Tuesday,2,20
CONV01480,U6508,863.82,09-05-2025,6.762521393,1985,0,High,2025,May,Friday,2,9
CONV01481,U3303,10190.74,06-12-2025,9.229332867,1613,0,Very High,2025,December,Saturday,4,6
CONV01482,U7300,25834.35,17-11-2025,10.15949899,988,1,Very High,2025,November,Monday,4,17
CONV01483,U3369,37490.02,09-05-2025,10.53185672,493,1,Very High,2025,May,Friday,2,9
CONV01484,U3766,25799.42,27-10-2025,10.15814605,992,1,Very High,2025,October,Monday,4,27
CONV01485,U5364,37816,21-09-2025,10.54051402,477,1,Very High,2025,September,Sunday,3,21
CONV01486,U4072,44278.41,08-03-2025,10.69827506,212,1,Very High,2025,March,Saturday,1,8
CONV01487,U4972,28621.49,21-08-2025,10.26194805,865,1,Very High,2025,August,Thursday,3,21
CONV01488,U6109,32854.49,17-02-2025,10.39987413,693,1,Very High,2025,February,Monday,1,17
CONV01489,U1972,39741.75,20-12-2025,10.59018271,386,1,Very High,2025,December,Saturday,4,20
CONV01490,U7459,14020.16,24-10-2025,9.548322896,1447,0,Very High,2025,October,Friday,4,24
CONV01491,U1068,1979.96,07-08-2025,7.591336855,1935,0,Very High,2025,August,Thursday,3,7
CONV01492,U0722,43880.6,25-12-2025,10.68925038,228,1,Very High,2025,December,Thursday,4,25
CONV01493,U4456,22675.46,07-04-2025,10.02908266,1110,0,Very High,2025,April,Monday,2,7
CONV01494,U3794,4876.59,05-02-2025,8.492406524,1824,0,Very High,2025,February,Wednesday,1,5
CONV01495,U9028,36892.15,15-10-2025,10.51578118,524,1,Very High,2025,October,Wednesday,4,15
CONV01496,U4792,44526.74,07-04-2025,10.70386764,202,1,Very High,2025,April,Monday,2,7
CONV01497,U2256,23594.48,14-07-2025,10.06881045,1070,0,Very High,2025,July,Monday,3,14
CONV01498,U2377,31818.52,26-11-2025,10.36783522,741,1,Very High,2025,November,Wednesday,4,26
CONV01499,U6494,6038.06,27-02-2025,8.70600365,1776,0,Very High,2025,February,Thursday,1,27
CONV01500,U9019,11725.73,29-12-2025,9.36962613,1554,0,Very High,2025,December,Monday,4,29
CONV01501,U8986,41058.36,29-07-2025,10.6227741,339,1,Very High,2025,July,Tuesday,3,29
CONV01502,U7433,37789.29,12-04-2025,10.53980747,478,1,Very High,2025,April,Saturday,2,12
CONV01503,U5023,41348.98,21-05-2025,10.62982722,321,1,Very High,2025,May,Wednesday,2,21
CONV01504,U3393,3817.58,20-04-2025,8.247633905,1871,0,Very High,2025,April,Sunday,2,20
CONV01505,U4919,10818.2,08-07-2025,9.289077613,1586,0,Very High,2025,July,Tuesday,3,8
CONV01506,U8192,13161.22,28-06-2025,9.485105884,1481,0,Very High,2025,June,Saturday,2,28
CONV01507,U5752,19308.38,16-01-2026,9.868346267,1245,0,Very High,2026,January,Friday,1,16
CONV01508,U4021,19302.63,30-11-2025,9.86804844,1246,0,Very High,2025,November,Sunday,4,30
CONV01509,U7393,5200.21,12-05-2025,8.55664657,1810,0,Very High,2025,May,Monday,2,12
CONV01510,U1133,14099.69,03-10-2025,9.553979011,1443,0,Very High,2025,October,Friday,4,3
CONV01511,U8467,22860.43,06-10-2025,10.03720649,1104,0,Very High,2025,October,Monday,4,6
CONV01512,U2537,24569.25,09-02-2025,10.10929164,1033,0,Very High,2025,February,Sunday,1,9
CONV01513,U4953,43345.5,22-04-2025,10.67698124,244,1,Very High,2025,April,Tuesday,2,22
CONV01514,U1664,37147.64,25-04-2025,10.52268244,510,1,Very High,2025,April,Friday,2,25
CONV01515,U7045,44935.63,22-01-2025,10.71300855,188,1,Very High,2025,January,Wednesday,1,22
CONV01516,U9131,3726.18,03-01-2026,8.223407195,1873,0,Very High,2026,January,Saturday,1,3
CONV01517,U1983,28735.82,03-02-2025,10.26593451,857,1,Very High,2025,February,Monday,1,3
CONV01518,U1095,20956.16,20-12-2025,9.950235633,1188,0,Very High,2025,December,Saturday,4,20
CONV01519,U6402,25754.7,06-01-2025,10.15641124,994,1,Very High,2025,January,Monday,1,6
CONV01520,U4970,12561.97,27-03-2025,9.438508877,1512,0,Very High,2025,March,Thursday,1,27
CONV01521,U1623,31853.13,16-04-2025,10.36892232,739,1,Very High,2025,April,Wednesday,2,16
CONV01522,U1115,28524.79,09-09-2025,10.25856387,876,1,Very High,2025,September,Tuesday,3,9
CONV01523,U0978,16364.14,22-08-2025,9.702908742,1352,0,Very High,2025,August,Friday,3,22
CONV01524,U3682,47494.7,23-03-2025,10.76839446,88,1,Very High,2025,March,Sunday,1,23
CONV01525,U4713,30191.18,25-09-2025,10.31533823,801,1,Very High,2025,September,Thursday,3,25
CONV01526,U6055,23493.1,17-06-2025,10.0645046,1072,0,Very High,2025,June,Tuesday,2,17
CONV01527,U7700,37992.18,15-10-2025,10.54516195,468,1,Very High,2025,October,Wednesday,4,15
CONV01528,U9405,5003.89,27-03-2025,8.518170713,1820,0,Very High,2025,March,Thursday,1,27
CONV01529,U4395,25919.14,29-05-2025,10.16277555,983,1,Very High,2025,May,Thursday,2,29
CONV01530,U3144,20871.19,29-06-2025,9.94617293,1192,0,Very High,2025,June,Sunday,2,29
CONV01531,U4834,18393.6,25-04-2025,9.819812422,1281,0,Very High,2025,April,Friday,2,25
CONV01532,U1921,10683.82,24-06-2025,9.276579322,1591,0,Very High,2025,June,Tuesday,2,24
CONV01533,U7936,27101.73,23-05-2025,10.20738974,938,1,Very High,2025,May,Friday,2,23
CONV01534,U9023,9851.94,19-08-2025,9.195525167,1631,0,Very High,2025,August,Tuesday,3,19
CONV01535,U8375,13652.21,31-10-2025,9.521729938,1460,0,Very High,2025,October,Friday,4,31
CONV01536,U1957,18386.08,07-04-2025,9.819403523,1283,0,Very High,2025,April,Monday,2,7
CONV01537,U4398,37279.64,20-03-2025,10.52622944,502,1,Very High,2025,March,Thursday,1,20
CONV01538,U4542,11909.17,14-06-2025,9.385147936,1542,0,Very High,2025,June,Saturday,2,14
CONV01539,U2486,16177.53,19-01-2025,9.691440334,1360,0,Very High,2025,January,Sunday,1,19
CONV01540,U1494,48944.29,28-10-2025,10.79845842,38,1,Very High,2025,October,Tuesday,4,28
CONV01541,U3966,44648.32,22-09-2025,10.70659436,198,1,Very High,2025,September,Monday,3,22
CONV01542,U7131,19641.81,30-10-2025,9.885466647,1230,0,Very High,2025,October,Thursday,4,30
CONV01543,U2464,19318.05,02-08-2025,9.868846935,1243,0,Very High,2025,August,Saturday,3,2
CONV01544,U5609,25624.19,26-06-2025,10.15133113,998,1,Very High,2025,June,Thursday,2,26
CONV01545,U9847,8834.89,05-01-2026,9.086577115,1671,0,Very High,2026,January,Monday,1,5
CONV01546,U4763,43947.66,29-05-2025,10.69077741,226,1,Very High,2025,May,Thursday,2,29
CONV01547,U7410,17586.62,24-01-2025,9.774950524,1303,0,Very High,2025,January,Friday,1,24
CONV01548,U7166,13821.52,09-06-2025,9.534054425,1454,0,Very High,2025,June,Monday,2,9
CONV01549,U8474,10187.76,04-11-2025,9.229040431,1614,0,Very High,2025,November,Tuesday,4,4
CONV01550,U2602,27864.79,25-02-2025,10.23515505,908,1,Very High,2025,February,Tuesday,1,25
CONV01551,U7142,20768.49,28-05-2025,9.941240362,1196,0,Very High,2025,May,Wednesday,2,28
CONV01552,U2883,47129.8,25-06-2025,10.76068199,107,1,Very High,2025,June,Wednesday,2,25
CONV01553,U1104,39265.61,10-03-2025,10.57812982,411,1,Very High,2025,March,Monday,1,10
CONV01554,U2503,39451.96,11-10-2025,10.58286436,395,1,Very High,2025,October,Saturday,4,11
CONV01555,U0932,2893.05,25-07-2025,7.970412184,1906,0,Very High,2025,July,Friday,3,25
CONV01556,U7577,35655.35,28-05-2025,10.48168253,573,1,Very High,2025,May,Wednesday,2,28
CONV01557,U2227,26680.21,16-01-2025,10.19171485,956,1,Very High,2025,January,Thursday,1,16
CONV01558,U7646,39426.04,16-12-2025,10.58220715,400,1,Very High,2025,December,Tuesday,4,16
CONV01559,U2069,30190.01,30-01-2025,10.31529948,802,1,Very High,2025,January,Thursday,1,30
CONV01560,U4908,24617.47,04-08-2025,10.11125225,1031,0,Very High,2025,August,Monday,3,4
CONV01561,U9674,15447.62,20-03-2025,9.645274958,1383,0,Very High,2025,March,Thursday,1,20
CONV01562,U7641,44177.98,14-01-2026,10.69600439,220,1,Very High,2026,January,Wednesday,1,14
CONV01563,U1660,17852.48,30-06-2025,9.789953726,1292,0,Very High,2025,June,Monday,2,30
CONV01564,U8398,46731.87,06-11-2025,10.75220305,121,1,Very High,2025,November,Thursday,4,6
CONV01565,U2719,37344.72,23-01-2025,10.52797359,499,1,Very High,2025,January,Thursday,1,23
CONV01566,U6083,17035.03,01-02-2025,9.743085792,1330,0,Very High,2025,February,Saturday,1,1
CONV01567,U8471,22200.69,11-11-2025,10.00792369,1129,0,Very High,2025,November,Tuesday,4,11
CONV01568,U8290,41323.29,14-02-2025,10.62920574,323,1,Very High,2025,February,Friday,1,14
CONV01569,U1527,20022.77,13-11-2025,9.904675347,1211,0,Very High,2025,November,Thursday,4,13
CONV01570,U3173,27579.27,10-08-2025,10.22485594,922,1,Very High,2025,August,Sunday,3,10
CONV01571,U7908,45799.13,08-02-2025,10.73204221,157,1,Very High,2025,February,Saturday,1,8
CONV01572,U6097,28149.15,26-09-2025,10.24530796,895,1,Very High,2025,September,Friday,3,26
CONV01573,U9663,40406.35,18-10-2025,10.60676698,367,1,Very High,2025,October,Saturday,4,18
CONV01574,U8337,49569.99,04-06-2025,10.81116106,9,1,Very High,2025,June,Wednesday,2,4
CONV01575,U3664,45306.15,22-05-2025,10.72122014,172,1,Very High,2025,May,Thursday,2,22
CONV01576,U6870,4515.9,23-10-2025,8.415581197,1839,0,Very High,2025,October,Thursday,4,23
CONV01577,U7138,21004.03,27-07-2025,9.952517212,1185,0,Very High,2025,July,Sunday,3,27
CONV01578,U6494,21790.23,05-11-2025,9.989262874,1148,0,Very High,2025,November,Wednesday,4,5
CONV01579,U9798,42733.33,20-06-2025,10.66275786,261,1,Very High,2025,June,Friday,2,20
CONV01580,U8072,8018.44,18-02-2025,8.989623873,1704,0,Very High,2025,February,Tuesday,1,18
CONV01581,U5854,2501.28,05-01-2026,7.824957595,1922,0,Very High,2026,January,Monday,1,5
CONV01582,U0648,46166.28,06-12-2025,10.7400266,147,1,Very High,2025,December,Saturday,4,6
CONV01583,U8620,7361.49,20-02-2025,8.90415347,1726,0,Very High,2025,February,Thursday,1,20
CONV01584,U3667,19972.98,29-12-2025,9.902185706,1214,0,Very High,2025,December,Monday,4,29
CONV01585,U5021,40824.58,13-06-2025,10.61706412,348,1,Very High,2025,June,Friday,2,13
CONV01586,U2437,4432.93,14-01-2026,8.397041603,1843,0,Very High,2026,January,Wednesday,1,14
CONV01587,U4629,29173.88,12-07-2025,10.28106334,835,1,Very High,2025,July,Saturday,3,12
CONV01588,U9046,35600.98,25-11-2025,10.48015653,576,1,Very High,2025,November,Tuesday,4,25
CONV01589,U5654,42135.51,28-02-2025,10.64866986,287,1,Very High,2025,February,Friday,1,28
CONV01590,U5302,16681.96,18-09-2025,9.722143118,1340,0,Very High,2025,September,Thursday,3,18
CONV01591,U4106,43838.29,11-08-2025,10.68828573,230,1,Very High,2025,August,Monday,3,11
CONV01592,U4553,21184.57,08-05-2025,9.961075569,1178,0,Very High,2025,May,Thursday,2,8
CONV01593,U5525,38692.62,18-01-2025,10.56343001,437,1,Very High,2025,January,Saturday,1,18
CONV01594,U4481,26672.39,17-10-2025,10.19142172,957,1,Very High,2025,October,Friday,4,17
CONV01595,U8965,23093.6,07-06-2025,10.0473541,1092,0,Very High,2025,June,Saturday,2,7
CONV01596,U7775,44276.21,20-08-2025,10.69822538,214,1,Very High,2025,August,Wednesday,3,20
CONV01597,U0635,29188.4,10-05-2025,10.28156091,833,1,Very High,2025,May,Saturday,2,10
CONV01598,U3916,2864.31,25-07-2025,7.960431826,1908,0,Very High,2025,July,Friday,3,25
CONV01599,U5017,25083.46,22-11-2025,10.13000381,1018,0,Very High,2025,November,Saturday,4,22
CONV01600,U6374,9273.22,04-11-2025,9.134993787,1652,0,Very High,2025,November,Tuesday,4,4
CONV01601,U4024,6928.94,26-09-2025,8.843606434,1745,0,Very High,2025,September,Friday,3,26
CONV01602,U2652,8613.41,10-08-2025,9.061191661,1676,0,Very High,2025,August,Sunday,3,10
CONV01603,U1249,46886.59,20-04-2025,10.75550831,113,1,Very High,2025,April,Sunday,2,20
CONV01604,U5531,41841.97,21-03-2025,10.64167908,301,1,Very High,2025,March,Friday,1,21
CONV01605,U1365,9231.73,27-07-2025,9.130510058,1654,0,Very High,2025,July,Sunday,3,27
CONV01606,U1416,17434.01,18-02-2025,9.766235533,1312,0,Very High,2025,February,Tuesday,1,18
CONV01607,U5574,40460.11,12-08-2025,10.60809654,366,1,Very High,2025,August,Tuesday,3,12
CONV01608,U9607,11724.18,14-01-2026,9.369493945,1555,0,Very High,2026,January,Wednesday,1,14
CONV01609,U3263,9809.99,09-02-2025,9.191258465,1633,0,Very High,2025,February,Sunday,1,9
CONV01610,U0122,7136.94,14-06-2025,8.873179498,1735,0,Very High,2025,June,Saturday,2,14
CONV01611,U7757,36432.23,21-09-2025,10.50323655,548,1,Very High,2025,September,Sunday,3,21
CONV01612,U6974,5775.43,30-06-2025,8.661541124,1787,0,Very High,2025,June,Monday,2,30
CONV01613,U2508,20895.48,26-05-2025,9.947336003,1190,0,Very High,2025,May,Monday,2,26
CONV01614,U6667,16723.82,03-02-2025,9.724649123,1339,0,Very High,2025,February,Monday,1,3
CONV01615,U5940,38515.94,10-03-2025,10.55885342,451,1,Very High,2025,March,Monday,1,10
CONV01616,U3794,42152.63,12-02-2025,10.64907608,286,1,Very High,2025,February,Wednesday,1,12
CONV01617,U8947,15228.53,30-06-2025,9.630991585,1390,0,Very High,2025,June,Monday,2,30
CONV01618,U4409,5168.59,26-02-2025,8.550548661,1812,0,Very High,2025,February,Wednesday,1,26
CONV01619,U6652,8360.94,04-11-2025,9.031445737,1688,0,Very High,2025,November,Tuesday,4,4
CONV01620,U9323,40706.29,09-01-2026,10.61416247,357,1,Very High,2026,January,Friday,1,9
CONV01621,U8351,34229.85,31-05-2025,10.44088256,646,1,Very High,2025,May,Saturday,2,31
CONV01622,U0973,33510.67,15-08-2025,10.41964902,667,1,Very High,2025,August,Friday,3,15
CONV01623,U6743,12827.02,20-11-2025,9.45938712,1496,0,Very High,2025,November,Thursday,4,20
CONV01624,U0024,9962.66,08-03-2025,9.206699753,1624,0,Very High,2025,March,Saturday,1,8
CONV01625,U4077,11927.35,16-03-2025,9.386673199,1540,0,Very High,2025,March,Sunday,1,16
CONV01626,U4531,32766.72,21-03-2025,10.39719916,695,1,Very High,2025,March,Friday,1,21
CONV01627,U7325,32574.19,18-03-2025,10.39130623,704,1,Very High,2025,March,Tuesday,1,18
CONV01628,U4507,42958.93,20-08-2025,10.6680231,254,1,Very High,2025,August,Wednesday,3,20
CONV01629,U3978,22153.82,16-09-2025,10.00581036,1132,0,Very High,2025,September,Tuesday,3,16
CONV01630,U7517,20963.52,24-10-2025,9.950586764,1187,0,Very High,2025,October,Friday,4,24
CONV01631,U7754,22994.24,08-10-2025,10.04304252,1096,0,Very High,2025,October,Wednesday,4,8
CONV01632,U4418,22187.4,28-03-2025,10.00732491,1130,0,Very High,2025,March,Friday,1,28
CONV01633,U8351,13749.95,06-12-2025,9.528863192,1458,0,Very High,2025,December,Saturday,4,6
CONV01634,U8463,1504.83,26-06-2025,7.31709952,1963,0,Very High,2025,June,Thursday,2,26
CONV01635,U9109,46259.32,10-12-2025,10.74203985,141,1,Very High,2025,December,Wednesday,4,10
CONV01636,U5364,28613.58,20-12-2025,10.26167166,866,1,Very High,2025,December,Saturday,4,20
CONV01637,U4116,10373.6,04-01-2026,9.24711579,1604,0,Very High,2026,January,Sunday,1,4
CONV01638,U3216,42960.92,17-05-2025,10.66806942,253,1,Very High,2025,May,Saturday,2,17
CONV01639,U9215,5608.02,06-02-2025,8.632131295,1797,0,Very High,2025,February,Thursday,1,6
CONV01640,U8766,49493.84,24-02-2025,10.8096237,12,1,Very High,2025,February,Monday,1,24
CONV01641,U6077,1079.04,09-03-2025,6.984753356,1975,0,Very High,2025,March,Sunday,1,9
CONV01642,U3426,12217.12,20-02-2025,9.410675375,1529,0,Very High,2025,February,Thursday,1,20
CONV01643,U0724,27283.22,22-09-2025,10.21406379,935,1,Very High,2025,September,Monday,3,22
CONV01644,U1454,46278.15,23-09-2025,10.74244681,139,1,Very High,2025,September,Tuesday,3,23
CONV01645,U9115,37075.58,12-01-2026,10.52074078,514,1,Very High,2026,January,Monday,1,12
CONV01646,U3838,10194.87,30-01-2025,9.229738015,1612,0,Very High,2025,January,Thursday,1,30
CONV01647,U3697,6334.87,12-12-2025,8.753982416,1768,0,Very High,2025,December,Friday,4,12
CONV01648,U2522,45107.25,03-01-2026,10.71682044,182,1,Very High,2026,January,Saturday,1,3
CONV01649,U6888,8297.95,27-02-2025,9.02388428,1693,0,Very High,2025,February,Thursday,1,27
CONV01650,U4361,44249.52,10-10-2025,10.6976224,216,1,Very High,2025,October,Friday,4,10
CONV01651,U8731,47704.1,18-12-2025,10.77279359,84,1,Very High,2025,December,Thursday,4,18
CONV01652,U3509,15128.94,04-02-2025,9.624430841,1393,0,Very High,2025,February,Tuesday,1,4
CONV01653,U2078,35163.34,27-02-2025,10.46778778,598,1,Very High,2025,February,Thursday,1,27
CONV01654,U2216,27181.76,04-02-2025,10.21033823,937,1,Very High,2025,February,Tuesday,1,4
CONV01655,U1216,4636.61,20-05-2025,8.441954426,1837,0,Very High,2025,May,Tuesday,2,20
CONV01656,U2922,42587.13,29-01-2025,10.65933085,266,1,Very High,2025,January,Wednesday,1,29
CONV01657,U7248,31875.8,08-02-2025,10.36963375,736,1,Very High,2025,February,Saturday,1,8
CONV01658,U0491,1852.43,07-02-2025,7.524793255,1943,0,Very High,2025,February,Friday,1,7
CONV01659,U9599,9925.89,13-03-2025,9.203002516,1625,0,Very High,2025,March,Thursday,1,13
CONV01660,U9911,49425.94,24-01-2025,10.8082509,17,1,Very High,2025,January,Friday,1,24
CONV01661,U4750,4709.5,25-06-2025,8.457549338,1831,0,Very High,2025,June,Wednesday,2,25
CONV01662,U8557,41305.67,18-02-2025,10.62877927,324,1,Very High,2025,February,Tuesday,1,18
CONV01663,U8310,2685.25,12-08-2025,7.895901448,1916,0,Very High,2025,August,Tuesday,3,12
CONV01664,U5595,26036.59,03-03-2025,10.16729654,981,1,Very High,2025,March,Monday,1,3
CONV01665,U2446,49538.04,29-05-2025,10.81051632,11,1,Very High,2025,May,Thursday,2,29
CONV01666,U0687,31438.34,11-10-2025,10.35581525,753,1,Very High,2025,October,Saturday,4,11
CONV01667,U9147,39432.9,24-08-2025,10.58238113,398,1,Very High,2025,August,Sunday,3,24
CONV01668,U2006,26664.5,17-08-2025,10.19112587,958,1,Very High,2025,August,Sunday,3,17
CONV01669,U2908,44082.47,15-10-2025,10.69384016,222,1,Very High,2025,October,Wednesday,4,15
CONV01670,U6549,33813.49,22-05-2025,10.42864469,658,1,Very High,2025,May,Thursday,2,22
CONV01671,U9363,36662.31,10-12-2025,10.50953181,533,1,Very High,2025,December,Wednesday,4,10
CONV01672,U6034,5652.6,28-10-2025,8.640047789,1794,0,Very High,2025,October,Tuesday,4,28
CONV01673,U6388,18996.42,31-03-2025,9.852058459,1258,0,Very High,2025,March,Monday,1,31
CONV01674,U5570,15044.74,05-11-2025,9.618850174,1399,0,Very High,2025,November,Wednesday,4,5
CONV01675,U4585,48018.6,14-06-2025,10.77936454,67,1,Very High,2025,June,Saturday,2,14
CONV01676,U9111,9333.5,01-01-2026,9.141472493,1648,0,Very High,2026,January,Thursday,1,1
CONV01677,U1009,2358.28,01-01-2026,7.766111767,1928,0,Very High,2026,January,Thursday,1,1
CONV01678,U5818,29562.52,08-05-2025,10.29429645,822,1,Very High,2025,May,Thursday,2,8
CONV01679,U1476,23009.82,04-03-2025,10.04371982,1095,0,Very High,2025,March,Tuesday,1,4
CONV01680,U9721,10300.51,22-02-2025,9.240045765,1607,0,Very High,2025,February,Saturday,1,22
CONV01681,U6663,47832.42,16-02-2025,10.77547984,81,1,Very High,2025,February,Sunday,1,16
CONV01682,U6672,26461.47,10-10-2025,10.18348278,963,1,Very High,2025,October,Friday,4,10
CONV01683,U9603,21043.62,13-03-2025,9.954400224,1183,0,Very High,2025,March,Thursday,1,13
CONV01684,U5470,25118.91,22-09-2025,10.13141604,1016,0,Very High,2025,September,Monday,3,22
CONV01685,U3502,39708.09,24-07-2025,10.58933541,388,1,Very High,2025,July,Thursday,3,24
CONV01686,U9422,14966.05,03-06-2025,9.613606397,1403,0,Very High,2025,June,Tuesday,2,3
CONV01687,U2283,40839.85,02-08-2025,10.61743808,347,1,Very High,2025,August,Saturday,3,2
CONV01688,U7394,21204.31,23-05-2025,9.962006901,1177,0,Very High,2025,May,Friday,2,23
CONV01689,U6673,1552.08,16-02-2025,7.347995335,1958,0,Very High,2025,February,Sunday,1,16
CONV01690,U8509,37443.97,04-01-2026,10.53062767,496,1,Very High,2026,January,Sunday,1,4
CONV01691,U5920,30567.66,14-08-2025,10.32773058,781,1,Very High,2025,August,Thursday,3,14
CONV01692,U1638,44925.93,11-04-2025,10.71279267,189,1,Very High,2025,April,Friday,2,11
CONV01693,U1783,24520.87,30-09-2025,10.10732065,1035,0,Very High,2025,September,Tuesday,3,30
CONV01694,U4322,6233.51,07-06-2025,8.737855266,1770,0,Very High,2025,June,Saturday,2,7
CONV01695,U4890,33521.79,19-05-2025,10.41998079,666,1,Very High,2025,May,Monday,2,19
CONV01696,U6133,3143.32,02-12-2025,8.05335293,1895,0,Very High,2025,December,Tuesday,4,2
CONV01697,U8314,35523.59,02-08-2025,10.47798041,581,1,Very High,2025,August,Saturday,3,2
CONV01698,U4182,37932.83,17-11-2025,10.54359861,473,1,Very High,2025,November,Monday,4,17
CONV01699,U6159,27858.58,22-12-2025,10.23493217,910,1,Very High,2025,December,Monday,4,22
CONV01700,U4843,18625.93,28-03-2025,9.832363662,1268,0,Very High,2025,March,Friday,1,28
CONV01701,U0349,31129.79,11-10-2025,10.34595264,762,1,Very High,2025,October,Saturday,4,11
CONV01702,U4824,28413.8,13-04-2025,10.25466542,883,1,Very High,2025,April,Sunday,2,13
CONV01703,U2540,23130.48,05-08-2025,10.04894974,1089,0,Very High,2025,August,Tuesday,3,5
CONV01704,U9203,11409.67,18-05-2025,9.342304162,1565,0,Very High,2025,May,Sunday,2,18
CONV01705,U2270,1366.21,29-12-2025,7.220527446,1968,0,Very High,2025,December,Monday,4,29
CONV01706,U2335,21990.34,22-12-2025,9.998404018,1139,0,Very High,2025,December,Monday,4,22
CONV01707,U2403,5128.12,28-08-2025,8.542689383,1814,0,Very High,2025,August,Thursday,3,28
CONV01708,U3550,40532.74,11-01-2025,10.60988999,362,1,Very High,2025,January,Saturday,1,11
CONV01709,U4128,27302.67,16-04-2025,10.2147764,933,1,Very High,2025,April,Wednesday,2,16
CONV01710,U0483,11574.87,26-03-2025,9.356678038,1559,0,Very High,2025,March,Wednesday,1,26
CONV01711,U1026,48992.7,10-02-2025,10.799447,35,1,Very High,2025,February,Monday,1,10
CONV01712,U5487,19071.98,15-01-2025,9.856027953,1257,0,Very High,2025,January,Wednesday,1,15
CONV01713,U0891,9270.87,10-09-2025,9.134740364,1653,0,Very High,2025,September,Wednesday,3,10
CONV01714,U2354,11415.28,03-02-2025,9.342795686,1564,0,Very High,2025,February,Monday,1,3
CONV01715,U6402,47175.08,22-04-2025,10.76164226,106,1,Very High,2025,April,Tuesday,2,22
CONV01716,U2248,40034.02,19-07-2025,10.59750985,379,1,Very High,2025,July,Saturday,3,19
CONV01717,U2638,30289.01,10-11-2025,10.31857323,799,1,Very High,2025,November,Monday,4,10
CONV01718,U1101,22966.39,12-04-2025,10.04183066,1098,0,Very High,2025,April,Saturday,2,12
CONV01719,U1782,4417.97,28-08-2025,8.393661916,1844,0,Very High,2025,August,Thursday,3,28
CONV01720,U0008,37641.72,21-07-2025,10.53589485,488,1,Very High,2025,July,Monday,3,21
CONV01721,U9396,9924.17,10-07-2025,9.202829234,1626,0,Very High,2025,July,Thursday,3,10
CONV01722,U0806,2865.39,24-04-2025,7.960808677,1907,0,Very High,2025,April,Thursday,2,24
CONV01723,U7065,12207.12,28-05-2025,9.409856583,1530,0,Very High,2025,May,Wednesday,2,28
CONV01724,U7590,8930.75,18-09-2025,9.097367623,1668,0,Very High,2025,September,Thursday,3,18
CONV01725,U8786,10072.58,20-04-2025,9.217671434,1618,0,Very High,2025,April,Sunday,2,20
CONV01726,U9937,21588.01,08-09-2025,9.979939668,1158,0,Very High,2025,September,Monday,3,8
CONV01727,U8905,1943.27,22-12-2025,7.572641864,1938,0,Very High,2025,December,Monday,4,22
CONV01728,U9644,21720.12,27-10-2025,9.986040338,1152,0,Very High,2025,October,Monday,4,27
CONV01729,U3866,40476.48,23-08-2025,10.60850105,365,1,Very High,2025,August,Saturday,3,23
CONV01730,U2801,17790.54,24-04-2025,9.786478342,1295,0,Very High,2025,April,Thursday,2,24
CONV01731,U8833,13612.98,05-09-2025,9.518852485,1464,0,Very High,2025,September,Friday,3,5
CONV01732,U1192,28609.42,03-11-2025,10.26152627,867,1,Very High,2025,November,Monday,4,3
CONV01733,U4400,30643.58,10-05-2025,10.33021109,778,1,Very High,2025,May,Saturday,2,10
CONV01734,U5422,36617.02,08-02-2025,10.50829575,536,1,Very High,2025,February,Saturday,1,8
CONV01735,U2130,42383.71,21-06-2025,10.65454296,273,1,Very High,2025,June,Saturday,2,21
CONV01736,U5682,25622.98,19-09-2025,10.15128391,999,0,Very High,2025,September,Friday,3,19
CONV01737,U3855,19829.56,12-10-2025,9.894979461,1222,0,Very High,2025,October,Sunday,4,12
CONV01738,U4504,3642.31,03-08-2025,8.200647888,1876,0,Very High,2025,August,Sunday,3,3
CONV01739,U2457,22105,01-12-2025,10.00360434,1134,0,Very High,2025,December,Monday,4,1
CONV01740,U0626,34237.36,26-11-2025,10.44110193,645,1,Very High,2025,November,Wednesday,4,26
CONV01741,U0850,1979.94,20-01-2026,7.591326759,1936,0,Very High,2026,January,Tuesday,1,20
CONV01742,U9326,6678.86,28-01-2025,8.806852308,1758,0,Very High,2025,January,Tuesday,1,28
CONV01743,U4116,23303.95,16-04-2025,10.05642106,1080,0,Very High,2025,April,Wednesday,2,16
CONV01744,U2181,29014.63,24-12-2025,10.27558993,844,1,Very High,2025,December,Wednesday,4,24
CONV01745,U1690,13406.06,15-07-2025,9.503536713,1478,0,Very High,2025,July,Tuesday,3,15
CONV01746,U2915,48447.09,30-06-2025,10.78824819,55,1,Very High,2025,June,Monday,2,30
CONV01747,U9961,11565.91,17-01-2026,9.355903715,1560,0,Very High,2026,January,Saturday,1,17
CONV01748,U0421,13511.04,09-12-2025,9.511336419,1471,0,Very High,2025,December,Tuesday,4,9
CONV01749,U4708,10110.9,03-06-2025,9.221468227,1616,0,Very High,2025,June,Tuesday,2,3
CONV01750,U7885,2821.05,19-11-2025,7.94521885,1910,0,Very High,2025,November,Wednesday,4,19
CONV01751,U5968,4866.26,27-04-2025,8.490286429,1825,0,Very High,2025,April,Sunday,2,27
CONV01752,U2843,11116.15,20-07-2025,9.31624424,1574,0,Very High,2025,July,Sunday,3,20
CONV01753,U7330,48010.11,20-06-2025,10.77918772,68,1,Very High,2025,June,Friday,2,20
CONV01754,U0577,19455.15,17-07-2025,9.875918494,1235,0,Very High,2025,July,Thursday,3,17
CONV01755,U9914,13948.26,13-03-2025,9.543181739,1449,0,Very High,2025,March,Thursday,1,13
CONV01756,U6590,16879.21,19-04-2025,9.733897209,1333,0,Very High,2025,April,Saturday,2,19
CONV01757,U8298,22388.97,10-08-2025,10.01636837,1123,0,Very High,2025,August,Sunday,3,10
CONV01758,U4582,36777.95,18-10-2025,10.51268095,526,1,Very High,2025,October,Saturday,4,18
CONV01759,U4990,40714.69,24-11-2025,10.6143688,356,1,Very High,2025,November,Monday,4,24
CONV01760,U0703,32138.67,08-04-2025,10.37784637,724,1,Very High,2025,April,Tuesday,2,8
CONV01761,U5341,775.7,22-06-2025,6.655054175,1990,0,High,2025,June,Sunday,2,22
CONV01762,U9103,14553.52,13-04-2025,9.585656877,1420,0,Very High,2025,April,Sunday,2,13
CONV01763,U8039,34672.85,13-04-2025,10.45374108,618,1,Very High,2025,April,Sunday,2,13
CONV01764,U6772,6921.96,14-04-2025,8.842598703,1747,0,Very High,2025,April,Monday,2,14
CONV01765,U3427,40366.55,10-02-2025,10.60578152,370,1,Very High,2025,February,Monday,1,10
CONV01766,U2070,43993.87,03-05-2025,10.69182832,224,1,Very High,2025,May,Saturday,2,3
CONV01767,U1473,13488.32,29-09-2025,9.50965354,1474,0,Very High,2025,September,Monday,3,29
CONV01768,U2705,35455.25,20-09-2025,10.47605482,585,1,Very High,2025,September,Saturday,3,20
CONV01769,U4266,13648.7,09-07-2025,9.521472822,1462,0,Very High,2025,July,Wednesday,3,9
CONV01770,U1479,22951.88,17-10-2025,10.0411987,1100,0,Very High,2025,October,Friday,4,17
CONV01771,U2977,23704.24,16-08-2025,10.0734514,1064,0,Very High,2025,August,Saturday,3,16
CONV01772,U9249,47856.2,31-12-2025,10.77597686,78,1,Very High,2025,December,Wednesday,4,31
CONV01773,U3508,36773.85,24-08-2025,10.51256947,527,1,Very High,2025,August,Sunday,3,24
CONV01774,U9063,44886.97,19-10-2025,10.71192511,192,1,Very High,2025,October,Sunday,4,19
CONV01775,U3330,13705.52,16-06-2025,9.525626911,1459,0,Very High,2025,June,Monday,2,16
CONV01776,U3586,12733.2,24-03-2025,9.452046566,1501,0,Very High,2025,March,Monday,1,24
CONV01777,U1909,41331.02,30-04-2025,10.62939278,322,1,Very High,2025,April,Wednesday,2,30
CONV01778,U1145,12701.22,21-04-2025,9.44953206,1503,0,Very High,2025,April,Monday,2,21
CONV01779,U8034,29189.14,15-01-2026,10.28158626,832,1,Very High,2026,January,Thursday,1,15
CONV01780,U1615,36595.55,02-04-2025,10.50770925,539,1,Very High,2025,April,Wednesday,2,2
CONV01781,U4347,40636.23,01-11-2025,10.61243992,359,1,Very High,2025,November,Saturday,4,1
CONV01782,U5724,37129.07,08-01-2026,10.52218243,511,1,Very High,2026,January,Thursday,1,8
CONV01783,U8766,41973.8,14-08-2025,10.64482472,297,1,Very High,2025,August,Thursday,3,14
CONV01784,U6355,28846.96,22-12-2025,10.26979456,853,1,Very High,2025,December,Monday,4,22
CONV01785,U3442,39057.77,09-11-2025,10.57282271,418,1,Very High,2025,November,Sunday,4,9
CONV01786,U0394,24159.45,09-03-2025,10.09247228,1046,0,Very High,2025,March,Sunday,1,9
CONV01787,U9447,10915.65,19-08-2025,9.298044426,1583,0,Very High,2025,August,Tuesday,3,19
CONV01788,U0794,8013.48,27-11-2025,8.989005185,1705,0,Very High,2025,November,Thursday,4,27
CONV01789,U2288,38683.16,18-02-2025,10.56318549,438,1,Very High,2025,February,Tuesday,1,18
CONV01790,U2961,36222.7,05-02-2025,10.49746888,556,1,Very High,2025,February,Wednesday,1,5
CONV01791,U3244,11097.42,24-11-2025,9.314558035,1575,0,Very High,2025,November,Monday,4,24
CONV01792,U0220,32706.01,26-12-2025,10.39534471,697,1,Very High,2025,December,Friday,4,26
CONV01793,U2886,1624.12,10-03-2025,7.393336938,1955,0,Very High,2025,March,Monday,1,10
CONV01794,U9445,7931.34,16-12-2025,8.978703353,1707,0,Very High,2025,December,Tuesday,4,16
CONV01795,U5734,37234.55,03-08-2025,10.52501923,503,1,Very High,2025,August,Sunday,3,3
CONV01796,U9560,5309.82,26-09-2025,8.577501528,1809,0,Very High,2025,September,Friday,3,26
CONV01797,U9007,19674.75,11-07-2025,9.887142192,1229,0,Very High,2025,July,Friday,3,11
CONV01798,U0421,3163.86,17-03-2025,8.0598641,1893,0,Very High,2025,March,Monday,1,17
CONV01799,U4554,31161.53,14-02-2025,10.34697169,759,1,Very High,2025,February,Friday,1,14
CONV01800,U2130,32679.67,03-04-2025,10.39453905,699,1,Very High,2025,April,Thursday,2,3
CONV01801,U0125,43389.49,25-04-2025,10.67799557,242,1,Very High,2025,April,Friday,2,25
CONV01802,U8133,18744.02,13-11-2025,9.838683396,1264,0,Very High,2025,November,Thursday,4,13
CONV01803,U5703,42253.51,09-08-2025,10.65146637,280,1,Very High,2025,August,Saturday,3,9
CONV01804,U7566,2684.12,12-08-2025,7.895480699,1917,0,Very High,2025,August,Tuesday,3,12
CONV01805,U9075,20232.6,22-05-2025,9.915099868,1206,0,Very High,2025,May,Thursday,2,22
CONV01806,U0216,36474.77,03-10-2025,10.50440348,545,1,Very High,2025,October,Friday,4,3
CONV01807,U5616,4679.53,12-01-2026,8.45116663,1833,0,Very High,2026,January,Monday,1,12
CONV01808,U3756,40743.36,29-06-2025,10.6150727,353,1,Very High,2025,June,Sunday,2,29
CONV01809,U2867,1727.11,18-03-2025,7.454783605,1950,0,Very High,2025,March,Tuesday,1,18
CONV01810,U5822,21759.5,25-08-2025,9.987851679,1150,0,Very High,2025,August,Monday,3,25
CONV01811,U3260,20427.7,05-01-2026,9.924696054,1203,0,Very High,2026,January,Monday,1,5
CONV01812,U1294,26468.49,26-07-2025,10.18374803,962,1,Very High,2025,July,Saturday,3,26
CONV01813,U6603,15874.76,11-08-2025,9.672548697,1373,0,Very High,2025,August,Monday,3,11
CONV01814,U7957,45739.51,09-12-2025,10.73073962,161,1,Very High,2025,December,Tuesday,4,9
CONV01815,U9045,37985.72,03-03-2025,10.5449919,470,1,Very High,2025,March,Monday,1,3
CONV01816,U1078,13148.32,01-07-2025,9.484125325,1482,0,Very High,2025,July,Tuesday,3,1
CONV01817,U8142,49490.05,11-08-2025,10.80954712,14,1,Very High,2025,August,Monday,3,11
CONV01818,U1971,28048.83,10-08-2025,10.24173785,902,1,Very High,2025,August,Sunday,3,10
CONV01819,U4697,28765.39,02-02-2025,10.26696297,856,1,Very High,2025,February,Sunday,1,2
CONV01820,U8445,14810.74,27-12-2025,9.603175389,1410,0,Very High,2025,December,Saturday,4,27
CONV01821,U2706,1802.19,23-08-2025,7.497312598,1945,0,Very High,2025,August,Saturday,3,23
CONV01822,U1459,8338.74,20-08-2025,9.02878732,1690,0,Very High,2025,August,Wednesday,3,20
CONV01823,U1372,35239.94,20-05-2025,10.46996375,593,1,Very High,2025,May,Tuesday,2,20
CONV01824,U7350,48812.56,16-04-2025,10.79576342,41,1,Very High,2025,April,Wednesday,2,16
CONV01825,U8327,46439.75,13-02-2025,10.74593259,131,1,Very High,2025,February,Thursday,1,13
CONV01826,U7394,37003.56,09-07-2025,10.51879643,520,1,Very High,2025,July,Wednesday,3,9
CONV01827,U8833,1771.8,16-04-2025,7.480315497,1948,0,Very High,2025,April,Wednesday,2,16
CONV01828,U2947,4713.84,26-04-2025,8.45847026,1830,0,Very High,2025,April,Saturday,2,26
CONV01829,U8187,39677.43,31-12-2025,10.58856299,389,1,Very High,2025,December,Wednesday,4,31
CONV01830,U9480,31951.73,18-12-2025,10.3720129,732,1,Very High,2025,December,Thursday,4,18
CONV01831,U1449,18053.2,26-10-2025,9.801133624,1288,0,Very High,2025,October,Sunday,4,26
CONV01832,U9064,36281.83,24-10-2025,10.49909991,553,1,Very High,2025,October,Friday,4,24
CONV01833,U6524,2735.8,23-04-2025,7.914544634,1914,0,Very High,2025,April,Wednesday,2,23
CONV01834,U6288,13609.15,26-10-2025,9.518571117,1465,0,Very High,2025,October,Sunday,4,26
CONV01835,U1062,28261.24,19-08-2025,10.24928192,890,1,Very High,2025,August,Tuesday,3,19
CONV01836,U6663,6690.36,06-06-2025,8.808572421,1757,0,Very High,2025,June,Friday,2,6
CONV01837,U8222,44076.55,01-05-2025,10.69370586,223,1,Very High,2025,May,Thursday,2,1
CONV01838,U7294,21533.26,24-11-2025,9.977400434,1163,0,Very High,2025,November,Monday,4,24
CONV01839,U9610,37896.81,27-05-2025,10.54264861,474,1,Very High,2025,May,Tuesday,2,27
CONV01840,U7785,9735.73,04-08-2025,9.183660611,1634,0,Very High,2025,August,Monday,3,4
CONV01841,U0360,47829.34,19-04-2025,10.77541545,82,1,Very High,2025,April,Saturday,2,19
CONV01842,U7028,43715.57,04-07-2025,10.68548249,235,1,Very High,2025,July,Friday,3,4
CONV01843,U7702,38733.79,09-09-2025,10.56449344,435,1,Very High,2025,September,Tuesday,3,9
CONV01844,U0686,36609.55,03-11-2025,10.50809173,537,1,Very High,2025,November,Monday,4,3
CONV01845,U7256,42465.65,22-05-2025,10.65647434,270,1,Very High,2025,May,Thursday,2,22
CONV01846,U6170,31015.17,02-06-2025,10.34226396,764,1,Very High,2025,June,Monday,2,2
CONV01847,U7215,28577.46,01-07-2025,10.26040857,872,1,Very High,2025,July,Tuesday,3,1
CONV01848,U0808,7171,17-03-2025,8.877939835,1734,0,Very High,2025,March,Monday,1,17
CONV01849,U6251,6112.73,06-01-2026,8.718292341,1774,0,Very High,2026,January,Tuesday,1,6
CONV01850,U8812,21351.82,19-10-2025,9.968939094,1173,0,Very High,2025,October,Sunday,4,19
CONV01851,U4259,3262.66,02-07-2025,8.090604544,1891,0,Very High,2025,July,Wednesday,3,2
CONV01852,U4934,48578.1,19-03-2025,10.79094868,52,1,Very High,2025,March,Wednesday,1,19
CONV01853,U4489,21851.33,26-10-2025,9.992062831,1145,0,Very High,2025,October,Sunday,4,26
CONV01854,U5157,37935.18,15-08-2025,10.54366055,472,1,Very High,2025,August,Friday,3,15
CONV01855,U5226,25567.88,13-05-2025,10.14913127,1003,0,Very High,2025,May,Tuesday,2,13
CONV01856,U4229,6974.9,16-08-2025,8.850216631,1743,0,Very High,2025,August,Saturday,3,16
CONV01857,U5473,11830.65,07-11-2025,9.378533423,1547,0,Very High,2025,November,Friday,4,7
CONV01858,U1941,9461.68,24-04-2025,9.15511092,1644,0,Very High,2025,April,Thursday,2,24
CONV01859,U6574,3832.95,10-03-2025,8.251650882,1869,0,Very High,2025,March,Monday,1,10
CONV01860,U1513,47848.99,27-07-2025,10.77582619,80,1,Very High,2025,July,Sunday,3,27
CONV01861,U0246,26055.38,09-03-2025,10.16801793,980,1,Very High,2025,March,Sunday,1,9
CONV01862,U2833,47117.54,06-11-2025,10.76042183,108,1,Very High,2025,November,Thursday,4,6
CONV01863,U4311,21536.91,30-03-2025,9.977569917,1160,0,Very High,2025,March,Sunday,1,30
CONV01864,U7844,17613.1,13-07-2025,9.776454997,1301,0,Very High,2025,July,Sunday,3,13
CONV01865,U2766,9154.01,12-07-2025,9.122056549,1661,0,Very High,2025,July,Saturday,3,12
CONV01866,U5314,37744.86,09-06-2025,10.53863108,481,1,Very High,2025,June,Monday,2,9
CONV01867,U6020,17257.69,31-05-2025,9.756071064,1320,0,Very High,2025,May,Saturday,2,31
CONV01868,U7332,38384.82,19-06-2025,10.5554434,455,1,Very High,2025,June,Thursday,2,19
CONV01869,U3380,32430.71,26-05-2025,10.38689193,715,1,Very High,2025,May,Monday,2,26
CONV01870,U8830,41072.56,11-08-2025,10.62311988,338,1,Very High,2025,August,Monday,3,11
CONV01871,U1103,41421.73,15-11-2025,10.63158504,317,1,Very High,2025,November,Saturday,4,15
CONV01872,U3761,25400.55,20-06-2025,10.14256547,1008,0,Very High,2025,June,Friday,2,20
CONV01873,U0194,31901.28,22-01-2025,10.37043276,735,1,Very High,2025,January,Wednesday,1,22
CONV01874,U4696,21536.74,26-09-2025,9.977562024,1161,0,Very High,2025,September,Friday,3,26
CONV01875,U4291,26820.98,02-09-2025,10.19697698,946,1,Very High,2025,September,Tuesday,3,2
CONV01876,U3563,27847.32,19-08-2025,10.23452792,911,1,Very High,2025,August,Tuesday,3,19
CONV01877,U8231,43769.61,13-10-2025,10.68671787,232,1,Very High,2025,October,Monday,4,13
CONV01878,U8646,44392.88,13-10-2025,10.7008569,208,1,Very High,2025,October,Monday,4,13
CONV01879,U2177,42067.41,24-09-2025,10.64705238,293,1,Very High,2025,September,Wednesday,3,24
CONV01880,U9802,35668.39,09-10-2025,10.48204818,572,1,Very High,2025,October,Thursday,4,9
CONV01881,U7366,12294.22,19-04-2025,9.416965848,1526,0,Very High,2025,April,Saturday,2,19
CONV01882,U0493,28545.77,25-07-2025,10.25929907,875,1,Very High,2025,July,Friday,3,25
CONV01883,U2749,40902.61,16-03-2025,10.6189736,344,1,Very High,2025,March,Sunday,1,16
CONV01884,U8553,19280.42,18-07-2025,9.866897217,1247,0,Very High,2025,July,Friday,3,18
CONV01885,U0184,15125.85,19-10-2025,9.624226589,1394,0,Very High,2025,October,Sunday,4,19
CONV01886,U9061,12576.45,28-06-2025,9.439660807,1511,0,Very High,2025,June,Saturday,2,28
CONV01887,U4528,7343.51,14-08-2025,8.901708374,1728,0,Very High,2025,August,Thursday,3,14
CONV01888,U0572,38768.19,02-01-2025,10.56538114,433,1,Very High,2025,January,Thursday,1,2
CONV01889,U5398,41787.51,08-11-2025,10.6403767,304,1,Very High,2025,November,Saturday,4,8
CONV01890,U6389,4154.37,02-09-2025,8.332156753,1854,0,Very High,2025,September,Tuesday,3,2
CONV01891,U3684,22627.54,04-06-2025,10.02696722,1112,0,Very High,2025,June,Wednesday,2,4
CONV01892,U0688,18680.57,12-10-2025,9.835292755,1266,0,Very High,2025,October,Sunday,4,12
CONV01893,U2308,28589.67,01-08-2025,10.26083572,869,1,Very High,2025,August,Friday,3,1
CONV01894,U8651,28122.49,16-05-2025,10.24436045,896,1,Very High,2025,May,Friday,2,16
CONV01895,U7952,2016.43,06-12-2025,7.609579703,1934,0,Very High,2025,December,Saturday,4,6
CONV01896,U9329,34814.07,28-08-2025,10.45780562,614,1,Very High,2025,August,Thursday,3,28
CONV01897,U5874,29076.96,16-09-2025,10.27773578,840,1,Very High,2025,September,Tuesday,3,16
CONV01898,U0096,7390.41,22-10-2025,8.908073794,1725,0,Very High,2025,October,Wednesday,4,22
CONV01899,U7546,35450.28,28-09-2025,10.47591464,586,1,Very High,2025,September,Sunday,3,28
CONV01900,U1583,41821.89,22-10-2025,10.64119908,302,1,Very High,2025,October,Wednesday,4,22
CONV01901,U2258,8554.58,31-08-2025,9.054338981,1678,0,Very High,2025,August,Sunday,3,31
CONV01902,U4331,7028.57,02-08-2025,8.857880817,1738,0,Very High,2025,August,Saturday,3,2
CONV01903,U5226,642.86,29-08-2025,6.467481311,1993,0,High,2025,August,Friday,3,29
CONV01904,U9413,3636.78,22-01-2025,8.199128884,1877,0,Very High,2025,January,Wednesday,1,22
CONV01905,U7527,7232.62,25-04-2025,8.886494881,1731,0,Very High,2025,April,Friday,2,25
CONV01906,U5376,4903.49,09-06-2025,8.497906391,1823,0,Very High,2025,June,Monday,2,9
CONV01907,U1477,19779.56,09-04-2025,9.892454916,1224,0,Very High,2025,April,Wednesday,2,9
CONV01908,U9216,47465.17,27-11-2025,10.76777253,91,1,Very High,2025,November,Thursday,4,27
CONV01909,U1790,9703.52,05-12-2025,9.180347035,1637,0,Very High,2025,December,Friday,4,5
CONV01910,U0873,2670.58,02-11-2025,7.890425337,1920,0,Very High,2025,November,Sunday,4,2
CONV01911,U7928,49404.73,14-05-2025,10.80782169,18,1,Very High,2025,May,Wednesday,2,14
CONV01912,U2308,20953.62,04-11-2025,9.950114426,1189,0,Very High,2025,November,Tuesday,4,4
CONV01913,U4572,41898.45,01-09-2025,10.64302798,299,1,Very High,2025,September,Monday,3,1
CONV01914,U1355,4000.8,28-04-2025,8.294499539,1859,0,Very High,2025,April,Monday,2,28
CONV01915,U6608,3901.68,22-05-2025,8.269418776,1865,0,Very High,2025,May,Thursday,2,22
CONV01916,U3965,26732.01,04-07-2025,10.19365441,952,1,Very High,2025,July,Friday,3,4
CONV01917,U3175,49491.46,06-11-2025,10.80957561,13,1,Very High,2025,November,Thursday,4,6
CONV01918,U5209,49079.16,26-05-2025,10.80121016,32,1,Very High,2025,May,Monday,2,26
CONV01919,U0870,14196.66,18-08-2025,9.560832441,1438,0,Very High,2025,August,Monday,3,18
CONV01920,U5968,28446.27,15-08-2025,10.25580748,882,1,Very High,2025,August,Friday,3,15
CONV01921,U1756,35141.94,14-02-2025,10.46717902,600,1,Very High,2025,February,Friday,1,14
CONV01922,U1366,25621.76,05-03-2025,10.1512363,1000,0,Very High,2025,March,Wednesday,1,5
CONV01923,U7294,34493.51,21-12-2025,10.44855546,625,1,Very High,2025,December,Sunday,4,21
CONV01924,U3831,47054.59,02-07-2025,10.75908495,111,1,Very High,2025,July,Wednesday,3,2
CONV01925,U9272,8316.48,15-07-2025,9.026114603,1692,0,Very High,2025,July,Tuesday,3,15
CONV01926,U5686,29615.93,16-12-2025,10.29610144,820,1,Very High,2025,December,Tuesday,4,16
CONV01927,U1637,42303.98,29-08-2025,10.65266009,278,1,Very High,2025,August,Friday,3,29
CONV01928,U6000,11914.68,20-12-2025,9.385610459,1541,0,Very High,2025,December,Saturday,4,20
CONV01929,U3543,10561.54,03-07-2025,9.265069059,1598,0,Very High,2025,July,Thursday,3,3
CONV01930,U3515,30772.95,01-09-2025,10.33442383,774,1,Very High,2025,September,Monday,3,1
CONV01931,U3628,30960.99,29-12-2025,10.3405156,767,1,Very High,2025,December,Monday,4,29
CONV01932,U6125,7752.14,29-12-2025,8.955853202,1712,0,Very High,2025,December,Monday,4,29
CONV01933,U9329,1451.47,10-11-2025,7.281020834,1966,0,Very High,2025,November,Monday,4,10
CONV01934,U7824,34924.87,22-05-2025,10.46098309,608,1,Very High,2025,May,Thursday,2,22
CONV01935,U3176,29262.13,18-11-2025,10.28408364,830,1,Very High,2025,November,Tuesday,4,18
CONV01936,U6177,898.47,27-03-2025,6.801805701,1984,0,High,2025,March,Thursday,1,27
CONV01937,U5130,19862.57,20-05-2025,9.89664268,1219,0,Very High,2025,May,Tuesday,2,20
CONV01938,U3061,39065.37,12-12-2025,10.57301727,417,1,Very High,2025,December,Friday,4,12
CONV01939,U9361,44671.18,16-02-2025,10.70710622,196,1,Very High,2025,February,Sunday,1,16
CONV01940,U9106,12527.3,04-08-2025,9.435745364,1514,0,Very High,2025,August,Monday,3,4
CONV01941,U0107,47905.54,23-06-2025,10.77700731,72,1,Very High,2025,June,Monday,2,23
CONV01942,U7392,9710.37,20-06-2025,9.181052643,1635,0,Very High,2025,June,Friday,2,20
CONV01943,U6476,12393.33,14-02-2025,9.424994389,1520,0,Very High,2025,February,Friday,1,14
CONV01944,U8531,23366.22,20-04-2025,10.05908946,1077,0,Very High,2025,April,Sunday,2,20
CONV01945,U1877,8524.08,10-03-2025,9.050767686,1680,0,Very High,2025,March,Monday,1,10
CONV01946,U1622,33182.54,30-11-2025,10.40980925,676,1,Very High,2025,November,Sunday,4,30
CONV01947,U0071,5175.94,21-12-2025,8.551969427,1811,0,Very High,2025,December,Sunday,4,21
CONV01948,U9016,29632.79,19-10-2025,10.29667054,819,1,Very High,2025,October,Sunday,4,19
CONV01949,U1544,2700.62,16-07-2025,7.901606872,1915,0,Very High,2025,July,Wednesday,3,16
CONV01950,U9894,48964.93,10-05-2025,10.79888003,36,1,Very High,2025,May,Saturday,2,10
CONV01951,U4524,3144.31,22-06-2025,8.053667733,1894,0,Very High,2025,June,Sunday,2,22
CONV01952,U2911,15080,14-10-2025,9.621190952,1395,0,Very High,2025,October,Tuesday,4,14
CONV01953,U4546,32914.27,15-06-2025,10.40169196,689,1,Very High,2025,June,Sunday,2,15
CONV01954,U5897,10216.01,23-10-2025,9.231809257,1610,0,Very High,2025,October,Thursday,4,23
CONV01955,U3406,35862.51,30-01-2025,10.48747562,569,1,Very High,2025,January,Thursday,1,30
CONV01956,U2084,18960.07,29-12-2025,9.850143209,1259,0,Very High,2025,December,Monday,4,29
CONV01957,U6671,642.85,05-06-2025,6.46746578,1994,0,High,2025,June,Thursday,2,5
CONV01958,U7487,45203.12,27-08-2025,10.71894351,177,1,Very High,2025,August,Wednesday,3,27
CONV01959,U2653,34290.49,29-11-2025,10.4426525,640,1,Very High,2025,November,Saturday,4,29
CONV01960,U2608,11299.4,25-11-2025,9.332593402,1569,0,Very High,2025,November,Tuesday,4,25
CONV01961,U1096,8529.02,02-12-2025,9.051346985,1679,0,Very High,2025,December,Tuesday,4,2
CONV01962,U0916,44297.51,02-08-2025,10.69870632,211,1,Very High,2025,August,Saturday,3,2
CONV01963,U6278,46528.15,02-05-2025,10.74783428,128,1,Very High,2025,May,Friday,2,2
CONV01964,U9523,32973.34,10-06-2025,10.40348496,686,1,Very High,2025,June,Tuesday,2,10
CONV01965,U3682,922.54,07-11-2025,6.828214112,1980,0,High,2025,November,Friday,4,7
CONV01966,U6314,41784.15,12-03-2025,10.64029629,306,1,Very High,2025,March,Wednesday,1,12
CONV01967,U2252,34923.6,03-07-2025,10.46094673,609,1,Very High,2025,July,Thursday,3,3
CONV01968,U0644,47482.61,20-10-2025,10.76813988,89,1,Very High,2025,October,Monday,4,20
CONV01969,U5098,30238.86,21-01-2026,10.3169162,800,1,Very High,2026,January,Wednesday,1,21
CONV01970,U2196,44503.69,15-06-2025,10.70334986,205,1,Very High,2025,June,Sunday,2,15
CONV01971,U3315,4338.64,09-02-2025,8.375546674,1846,0,Very High,2025,February,Sunday,1,9
CONV01972,U4376,36524.33,07-08-2025,10.50576127,543,1,Very High,2025,August,Thursday,3,7
CONV01973,U6577,36167.32,05-11-2025,10.49593888,558,1,Very High,2025,November,Wednesday,4,5
CONV01974,U7737,46594.07,07-06-2025,10.74925002,125,1,Very High,2025,June,Saturday,2,7
CONV01975,U2073,14634.76,10-02-2025,9.591223128,1418,0,Very High,2025,February,Monday,1,10
CONV01976,U5020,17413.68,12-10-2025,9.765068808,1314,0,Very High,2025,October,Sunday,4,12
CONV01977,U9433,42289.86,20-07-2025,10.65232627,279,1,Very High,2025,July,Sunday,3,20
CONV01978,U2240,36011.52,06-05-2025,10.49162193,561,1,Very High,2025,May,Tuesday,2,6
CONV01979,U0863,27450.86,14-12-2025,10.2201892,928,1,Very High,2025,December,Sunday,4,14
CONV01980,U5062,3263.91,08-05-2025,8.090987476,1890,0,Very High,2025,May,Thursday,2,8
CONV01981,U0297,34469.79,19-01-2025,10.44786758,628,1,Very High,2025,January,Sunday,1,19
CONV01982,U1301,22608.39,06-08-2025,10.02612059,1113,0,Very High,2025,August,Wednesday,3,6
CONV01983,U4578,45339.26,26-04-2025,10.72195066,171,1,Very High,2025,April,Saturday,2,26
CONV01984,U8161,10102.78,24-02-2025,9.22066489,1617,0,Very High,2025,February,Monday,1,24
CONV01985,U5595,22513.12,31-03-2025,10.02189795,1118,0,Very High,2025,March,Monday,1,31
CONV01986,U3086,6018.02,09-05-2025,8.702679734,1777,0,Very High,2025,May,Friday,2,9
CONV01987,U7198,46414.79,13-10-2025,10.74539498,133,1,Very High,2025,October,Monday,4,13
CONV01988,U0415,34279.71,11-04-2025,10.44233808,641,1,Very High,2025,April,Friday,2,11
CONV01989,U3193,30408.66,10-03-2025,10.3225156,793,1,Very High,2025,March,Monday,1,10
CONV01990,U8669,24971.67,23-11-2025,10.12553731,1025,0,Very High,2025,November,Sunday,4,23
CONV01991,U5752,38890.49,04-01-2026,10.56853074,429,1,Very High,2026,January,Sunday,1,4
CONV01992,U7941,36097.26,06-06-2025,10.49399994,559,1,Very High,2025,June,Friday,2,6
CONV01993,U2769,38657.46,02-04-2025,10.56252092,441,1,Very High,2025,April,Wednesday,2,2
CONV01994,U9961,18497.73,15-04-2025,9.82545736,1275,0,Very High,2025,April,Tuesday,2,15
CONV01995,U1428,23742.35,19-09-2025,10.07505777,1061,0,Very High,2025,September,Friday,3,19
CONV01996,U9948,25530.49,17-09-2025,10.14766787,1006,0,Very High,2025,September,Wednesday,3,17
CONV01997,U2556,32417.9,21-08-2025,10.38649687,717,1,Very High,2025,August,Thursday,3,21
CONV01998,U1469,42169.82,23-09-2025,10.64948379,283,1,Very High,2025,September,Tuesday,3,23
CONV01999,U5314,7684.86,14-09-2025,8.947137556,1714,0,Very High,2025,September,Sunday,3,14
CONV02000,U8329,37841.88,18-01-2025,10.54119813,476,1,Very High,2025,January,Saturday,1,18
