User_id,Journey,Campaign_id,Conversion_id,Revenue,Conversion_date,Journey_Length
U0002,Instagram Ads,CMP5045,CONV00496,14694.73,2025-10-12,1
U0004,Facebook Ads,CMP1484,CONV00596,22922.23,2025-03-26,1
U0008,Facebook Ads,CMP3358,CONV01720,37641.72,2025-07-21,1
U0024,Email Marketing,CMP2043,CONV01624,9962.66,2025-03-08,1
U0035,Instagram Ads,CMP5000,CONV00806,3844.44,2025-03-05,1
U0063,Facebook Ads,CMP2273,CONV01446,10905.84,2025-09-01,1
U0071,YouTube Ads,CMP5777,CONV01947,5175.94,2025-12-21,1
U0077,Instagram Ads,CMP0349,CONV01077,42161.32,2025-09-06,1
U0080,YouTube Ads,CMP9267,CONV00438,11465.52,2025-07-03,1
U0087,YouTube Ads,CMP9021,CONV00464,46330.16,2025-03-01,1
U0092,Instagram Ads,CMP0161,CONV01218,10363.75,2025-06-12,1
U0096,LinkedIn Ads,CMP3061,CONV01898,7390.41,2025-10-22,1
U0100,YouTube Ads,CMP3645,CONV00899,47706.23,2025-02-04,1
U0106,Facebook Ads,CMP2235,CONV01119,10434.64,2025-09-08,1
U0107,Google Ads,CMP1912,CONV01941,47905.54,2025-06-23,1
U0111,Email Marketing,CMP7877,CONV00849,18215.39,2025-07-22,1
U0113,Instagram Ads,CMP9897,CONV01287,20614.16,2025-02-02,1
U0117,YouTube Ads,CMP9803,CONV00459,26228.21,2025-11-04,1
U0119,Google Ads,CMP4360,CONV00918,49351.39,2025-08-05,1
U0122,Google Ads,CMP5824,CONV01610,7136.94,2025-06-14,1
U0125,Instagram Ads,CMP1754,CONV01801,43389.49,2025-04-25,1
U0132,Google Ads,CMP3875,CONV00976,14470.06,2025-08-13,1
U0139,Instagram Ads > Google Ads,CMP9852 > CMP7927,CONV00827,46844.27,2025-03-19,2
U0139,Instagram Ads > Google Ads,CMP9852 > CMP7927,CONV01026,25260.7,2025-07-12,2
U0145,Facebook Ads,CMP4810,CONV00423,22560.53,2025-03-28,1
U0146,YouTube Ads,CMP6710,CONV00366,9073.43,2025-09-25,1
U0159,Email Marketing,CMP2648,CONV00035,34705.47,2025-03-03,1
U0170,Instagram Ads,CMP4069,CONV00746,16500.68,2025-09-20,1
U0175,Email Marketing,CMP7506,CONV01440,19343.22,2025-11-18,1
U0177,Facebook Ads,CMP2488,CONV01360,15902.45,2025-11-26,1
U0179,Instagram Ads,CMP6090,CONV01073,28589.73,2025-06-28,1
U0184,YouTube Ads,CMP0489,CONV01885,15125.85,2025-10-19,1
U0194,YouTube Ads,CMP4371,CONV01873,31901.28,2025-01-22,1
U0197,YouTube Ads,CMP0990,CONV01452,29612.86,2026-01-10,1
U0200,Email Marketing,CMP1960,CONV01299,10525.23,2025-10-17,1
U0207,Email Marketing,CMP0970,CONV01393,15660.06,2025-01-28,1
U0210,Email Marketing,CMP6840,CONV00413,19353.08,2025-09-26,1
U0216,LinkedIn Ads,CMP1475,CONV01806,36474.77,2025-10-03,1
U0218,LinkedIn Ads,CMP1743,CONV00770,23278.07,2025-04-10,1
U0220,Facebook Ads,CMP9370,CONV01792,32706.01,2025-12-26,1
U0236,YouTube Ads,CMP7721,CONV00635,45280.79,2025-04-25,1
U0242,LinkedIn Ads,CMP1236,CONV00024,20617.5,2025-03-04,1
U0246,Email Marketing,CMP8472,CONV01861,26055.38,2025-03-09,1
U0261,Google Ads,CMP4959,CONV00772,1827.36,2026-01-07,1
U0277,LinkedIn Ads,CMP6679,CONV00429,26974.3,2025-08-08,1
U0282,Email Marketing,CMP3594,CONV01014,47901.98,2025-08-03,1
U0292,LinkedIn Ads,CMP1443,CONV00400,2273.68,2025-03-11,1
U0297,Facebook Ads,CMP6761,CONV01981,34469.79,2025-01-19,1
U0302,YouTube Ads,CMP7914,CONV00539,33344.65,2025-07-13,1
U0306,YouTube Ads,CMP0867,CONV00811,26827.04,2025-04-02,1
U0320,Email Marketing,CMP3268,CONV00328,24244.38,2025-08-09,1
U0321,Google Ads,CMP6813,CONV00055,791.86,2025-11-02,1
U0325,Email Marketing,CMP9985,CONV00903,4620.03,2025-08-13,1
U0331,Google Ads,CMP1254,CONV01204,27314.05,2025-02-06,1
U0347,YouTube Ads,CMP6552,CONV00975,25250.05,2025-03-30,1
U0349,Facebook Ads,CMP9319,CONV01701,31129.79,2025-10-11,1
U0350,Google Ads,CMP7451,CONV00115,49446.63,2025-02-20,1
U0355,Email Marketing,CMP7195,CONV01122,37357.63,2025-04-12,1
U0358,YouTube Ads,CMP1377,CONV00324,32476.35,2025-02-28,1
U0360,Instagram Ads > Facebook Ads,CMP0718 > CMP0314,CONV00383,6596.52,2025-11-20,2
U0360,Instagram Ads > Facebook Ads,CMP0718 > CMP0314,CONV01841,47829.34,2025-04-19,2
U0363,Instagram Ads,CMP3077,CONV00501,13825.16,2025-04-28,1
U0370,LinkedIn Ads,CMP1933,CONV01138,41493.35,2025-05-07,1
U0377,Email Marketing,CMP7371,CONV01443,4183.52,2025-03-18,1
U0380,YouTube Ads > Instagram Ads,CMP8164 > CMP6195,CONV00190,23132.92,2025-02-23,2
U0380,YouTube Ads > Instagram Ads,CMP8164 > CMP6195,CONV01061,5619.25,2025-12-07,2
U0388,Email Marketing,CMP3418,CONV01315,19429.11,2025-07-01,1
U0391,Email Marketing,CMP2568,CONV01428,28585.95,2025-12-27,1
U0394,Facebook Ads,CMP9457,CONV01786,24159.45,2025-03-09,1
U0395,LinkedIn Ads,CMP0738,CONV00813,13230.3,2025-10-01,1
U0401,Email Marketing,CMP3849,CONV00048,30758.06,2025-02-17,1
U0415,Email Marketing > Facebook Ads,CMP5333 > CMP1043,CONV01416,12665.92,2025-08-30,2
U0415,Email Marketing > Facebook Ads,CMP5333 > CMP1043,CONV01988,34279.71,2025-04-11,2
U0421,Facebook Ads > Google Ads > Google Ads,CMP2136 > CMP8565 > CMP8266,CONV01369,1695.15,2025-05-21,3
U0421,Facebook Ads > Google Ads > Google Ads,CMP2136 > CMP8565 > CMP8266,CONV01748,13511.04,2025-12-09,3
U0421,Facebook Ads > Google Ads > Google Ads,CMP2136 > CMP8565 > CMP8266,CONV01798,3163.86,2025-03-17,3
U0423,YouTube Ads,CMP2130,CONV00117,39604.24,2025-03-16,1
U0433,LinkedIn Ads,CMP7644,CONV01114,7458.99,2025-09-02,1
U0438,Facebook Ads,CMP7389,CONV00881,33943.29,2025-02-21,1
U0440,YouTube Ads,CMP4066,CONV00299,26128.58,2025-12-20,1
U0449,Instagram Ads,CMP3986,CONV00472,3843.94,2025-09-24,1
U0457,Instagram Ads,CMP2695,CONV00836,1689.16,2025-09-28,1
U0459,Instagram Ads,CMP1930,CONV00805,29686.4,2025-03-16,1
U0463,LinkedIn Ads,CMP3971,CONV00909,7820.27,2026-01-12,1
U0476,Email Marketing,CMP9506,CONV01282,30680.45,2025-11-29,1
U0483,Instagram Ads,CMP9628,CONV01710,11574.87,2025-03-26,1
U0487,Instagram Ads,CMP2002,CONV00706,41600.47,2025-03-07,1
U0491,LinkedIn Ads,CMP5274,CONV01658,1852.43,2025-02-07,1
U0492,YouTube Ads,CMP0929,CONV01140,13413.61,2025-01-27,1
U0493,Facebook Ads,CMP1691,CONV01882,28545.77,2025-07-25,1
U0497,Instagram Ads,CMP9450,CONV00185,14838.75,2025-10-12,1
U0508,Instagram Ads,CMP1526,CONV00344,30562.22,2025-08-22,1
U0520,YouTube Ads,CMP1045,CONV00223,38564.12,2025-06-20,1
U0529,LinkedIn Ads,CMP3581,CONV00283,43178.88,2025-08-21,1
U0537,Email Marketing,CMP6798,CONV00113,22447.46,2026-01-19,1
U0540,Google Ads,CMP0763,CONV00249,48092.72,2025-04-20,1
U0563,Facebook Ads,CMP7468,CONV00933,25367.71,2025-11-25,1
U0571,Google Ads,CMP2622,CONV00172,39036.51,2025-03-17,1
U0572,LinkedIn Ads,CMP5069,CONV01888,38768.19,2025-01-02,1
U0577,Email Marketing,CMP2453,CONV01754,19455.15,2025-07-17,1
U0584,Instagram Ads,CMP8541,CONV01189,12672.73,2025-12-09,1
U0588,Google Ads,CMP7209,CONV00753,35445.16,2025-09-11,1
U0600,Instagram Ads,CMP7763,CONV00858,10548.52,2025-05-14,1
U0610,Email Marketing,CMP7607,CONV00111,5311.0,2025-07-03,1
U0613,Google Ads > Google Ads,CMP2461 > CMP4996,CONV00715,21412.42,2025-09-09,2
U0613,Google Ads > Google Ads,CMP2461 > CMP4996,CONV01028,34277.51,2025-05-31,2
U0619,Google Ads > Instagram Ads,CMP1445 > CMP6245,CONV00465,32980.67,2025-07-25,2
U0619,Google Ads > Instagram Ads,CMP1445 > CMP6245,CONV00882,35600.43,2025-01-10,2
U0626,Facebook Ads,CMP2522,CONV01740,34237.36,2025-11-26,1
U0635,Instagram Ads,CMP3784,CONV01597,29188.4,2025-05-10,1
U0644,Google Ads,CMP2479,CONV01968,47482.61,2025-10-20,1
U0646,Google Ads,CMP4087,CONV01434,19278.8,2025-03-16,1
U0648,Instagram Ads,CMP5076,CONV01582,46166.28,2025-12-06,1
U0649,LinkedIn Ads,CMP9799,CONV00897,40729.17,2025-10-18,1
U0655,Google Ads,CMP4179,CONV00420,3017.34,2025-04-18,1
U0657,Facebook Ads,CMP9696,CONV00653,25458.71,2025-09-11,1
U0660,Facebook Ads,CMP5734,CONV00060,42041.83,2025-02-04,1
U0667,YouTube Ads,CMP6061,CONV00639,42444.65,2025-03-29,1
U0670,Google Ads,CMP5964,CONV00659,32584.55,2025-07-29,1
U0675,Facebook Ads > Instagram Ads,CMP2527 > CMP1377,CONV00184,47453.07,2025-02-08,2
U0675,Facebook Ads > Instagram Ads,CMP2527 > CMP1377,CONV00860,17150.51,2025-09-10,2
U0685,Google Ads,CMP6114,CONV00433,20007.04,2025-01-20,1
U0686,YouTube Ads,CMP4239,CONV01844,36609.55,2025-11-03,1
U0687,Instagram Ads,CMP0803,CONV01666,31438.34,2025-10-11,1
U0688,LinkedIn Ads,CMP1648,CONV01892,18680.57,2025-10-12,1
U0700,Instagram Ads > LinkedIn Ads,CMP5139 > CMP4920,CONV01035,37181.61,2025-11-21,2
U0700,Instagram Ads > LinkedIn Ads,CMP5139 > CMP4920,CONV01454,23514.77,2026-01-03,2
U0703,Google Ads,CMP5445,CONV01760,32138.67,2025-04-08,1
U0710,YouTube Ads,CMP8413,CONV00694,1008.48,2025-02-06,1
U0711,YouTube Ads,CMP5932,CONV00119,23173.1,2026-01-03,1
U0712,Email Marketing,CMP0020,CONV00457,11859.57,2026-01-18,1
U0719,Instagram Ads,CMP8469,CONV00425,16355.48,2025-06-03,1
U0722,LinkedIn Ads,CMP7086,CONV01492,43880.6,2025-12-25,1
U0723,Google Ads,CMP4115,CONV00034,6975.57,2025-01-10,1
U0724,Instagram Ads,CMP1533,CONV01643,27283.22,2025-09-22,1
U0725,Google Ads,CMP6524,CONV01256,5096.09,2025-05-01,1
U0730,Facebook Ads,CMP8217,CONV01235,34591.48,2025-06-04,1
U0732,Facebook Ads,CMP6350,CONV00349,13538.34,2025-06-10,1
U0734,Facebook Ads,CMP5420,CONV01407,12685.57,2025-04-11,1
U0770,Instagram Ads,CMP8120,CONV00834,22718.64,2025-05-23,1
U0776,Facebook Ads,CMP5022,CONV00668,23068.36,2025-03-22,1
U0786,Email Marketing,CMP9626,CONV01403,48355.03,2025-10-13,1
U0794,Google Ads,CMP8190,CONV01788,8013.48,2025-11-27,1
U0797,LinkedIn Ads,CMP0613,CONV00384,5851.62,2025-11-27,1
U0798,Email Marketing,CMP6400,CONV00887,12860.14,2025-08-11,1
U0806,Email Marketing,CMP1218,CONV01722,2865.39,2025-04-24,1
U0808,Instagram Ads,CMP1480,CONV01848,7171.0,2025-03-17,1
U0816,YouTube Ads,CMP9300,CONV00131,22434.09,2025-12-25,1
U0827,YouTube Ads,CMP5550,CONV00586,4762.92,2025-03-08,1
U0830,Google Ads,CMP2111,CONV00325,41173.43,2025-04-09,1
U0835,Facebook Ads,CMP3976,CONV00775,31705.29,2025-07-12,1
U0845,LinkedIn Ads,CMP1296,CONV00234,30445.99,2025-05-19,1
U0850,Email Marketing,CMP6531,CONV01741,1979.94,2026-01-20,1
U0860,Google Ads,CMP2757,CONV00940,17255.05,2025-03-15,1
U0862,Facebook Ads,CMP5459,CONV00935,19894.49,2025-04-28,1
U0863,Facebook Ads,CMP4354,CONV01979,27450.86,2025-12-14,1
U0867,Email Marketing,CMP2548,CONV00960,38987.64,2025-12-15,1
U0870,LinkedIn Ads,CMP4882,CONV01919,14196.66,2025-08-18,1
U0873,Email Marketing,CMP0715,CONV01910,2670.58,2025-11-02,1
U0881,YouTube Ads,CMP6877,CONV01042,48186.61,2025-02-26,1
U0882,Google Ads,CMP1688,CONV00491,38367.32,2025-01-16,1
U0887,Google Ads,CMP6231,CONV01040,34341.74,2025-04-27,1
U0888,Instagram Ads,CMP8375,CONV00478,47012.89,2025-09-28,1
U0891,Google Ads > LinkedIn Ads,CMP4576 > CMP3277,CONV00648,46430.41,2025-08-26,2
U0891,Google Ads > LinkedIn Ads,CMP4576 > CMP3277,CONV01713,9270.87,2025-09-10,2
U0892,Instagram Ads > Facebook Ads,CMP5478 > CMP4141,CONV00435,27708.4,2025-10-18,2
U0892,Instagram Ads > Facebook Ads,CMP5478 > CMP4141,CONV00837,12218.81,2025-06-22,2
U0896,LinkedIn Ads,CMP7675,CONV01023,10139.16,2025-07-13,1
U0903,YouTube Ads,CMP4557,CONV00565,7696.03,2025-12-02,1
U0904,YouTube Ads,CMP7932,CONV01402,47365.6,2025-10-07,1
U0916,Facebook Ads > Facebook Ads,CMP7280 > CMP1330,CONV01004,31560.55,2025-10-09,2
U0916,Facebook Ads > Facebook Ads,CMP7280 > CMP1330,CONV01962,44297.51,2025-08-02,2
U0920,Google Ads,CMP0520,CONV00247,8983.49,2025-12-08,1
U0925,Instagram Ads,CMP5593,CONV01415,47367.65,2025-08-05,1
U0930,YouTube Ads,CMP4716,CONV01417,20791.25,2025-03-16,1
U0932,Instagram Ads,CMP2815,CONV01555,2893.05,2025-07-25,1
U0933,YouTube Ads,CMP5767,CONV00142,32410.99,2025-08-04,1
U0945,YouTube Ads,CMP8590,CONV00362,3002.68,2025-05-19,1
U0946,YouTube Ads,CMP5712,CONV00908,21490.0,2025-12-07,1
U0973,YouTube Ads,CMP4478,CONV01622,33510.67,2025-08-15,1
U0978,Email Marketing,CMP6775,CONV01523,16364.14,2025-08-22,1
U0979,Instagram Ads,CMP0554,CONV01153,25020.2,2025-06-19,1
U0984,Facebook Ads,CMP4076,CONV00509,8118.96,2025-02-17,1
U0997,Instagram Ads,CMP0475,CONV01196,33911.96,2025-10-28,1
U1009,Email Marketing,CMP5433,CONV01677,2358.28,2026-01-01,1
U1022,Facebook Ads,CMP0974,CONV01141,40380.27,2025-05-19,1
U1026,LinkedIn Ads,CMP8420,CONV01711,48992.7,2025-02-10,1
U1037,Facebook Ads,CMP2778,CONV00258,21344.57,2025-04-11,1
U1044,YouTube Ads,CMP9959,CONV00870,24001.49,2025-10-11,1
U1055,Google Ads,CMP3877,CONV01131,6166.45,2025-02-28,1
U1060,Google Ads,CMP8693,CONV01451,17539.05,2025-02-24,1
U1061,LinkedIn Ads,CMP6469,CONV00703,10413.04,2025-08-02,1
U1062,Google Ads,CMP7034,CONV01835,28261.24,2025-08-19,1
U1063,YouTube Ads,CMP8328,CONV00856,37689.75,2025-04-16,1
U1068,LinkedIn Ads,CMP9228,CONV01491,1979.96,2025-08-07,1
U1072,LinkedIn Ads,CMP5696,CONV01385,47393.88,2025-06-14,1
U1073,Instagram Ads,CMP1886,CONV00817,31860.29,2025-10-04,1
U1076,YouTube Ads > LinkedIn Ads,CMP7938 > CMP4789,CONV00361,20467.56,2025-07-03,2
U1076,YouTube Ads > LinkedIn Ads,CMP7938 > CMP4789,CONV00663,4468.43,2025-05-05,2
U1078,YouTube Ads,CMP4417,CONV01816,13148.32,2025-07-01,1
U1079,Google Ads,CMP3598,CONV01094,11710.02,2025-10-19,1
U1084,Facebook Ads,CMP8378,CONV00304,36632.94,2025-07-05,1
U1085,Google Ads,CMP8780,CONV00577,2043.07,2025-03-30,1
U1090,Google Ads,CMP3654,CONV01410,8784.65,2025-04-27,1
U1095,LinkedIn Ads,CMP3220,CONV01518,20956.16,2025-12-20,1
U1096,Instagram Ads,CMP0478,CONV01961,8529.02,2025-12-02,1
U1097,Google Ads,CMP5270,CONV01465,10062.5,2025-09-12,1
U1100,Instagram Ads,CMP8262,CONV01324,48724.26,2025-03-04,1
U1101,LinkedIn Ads > Google Ads,CMP0539 > CMP4318,CONV01300,42406.98,2025-06-05,2
U1101,LinkedIn Ads > Google Ads,CMP0539 > CMP4318,CONV01718,22966.39,2025-04-12,2
U1103,Instagram Ads,CMP7779,CONV01871,41421.73,2025-11-15,1
U1104,Facebook Ads,CMP2752,CONV01553,39265.61,2025-03-10,1
U1109,Email Marketing,CMP3069,CONV00162,39427.41,2025-10-13,1
U1115,Facebook Ads,CMP1162,CONV01522,28524.79,2025-09-09,1
U1122,LinkedIn Ads,CMP8743,CONV00097,46085.99,2025-05-08,1
U1130,Facebook Ads,CMP0863,CONV00312,42319.9,2025-09-06,1
U1133,YouTube Ads,CMP2104,CONV01510,14099.69,2025-10-03,1
U1138,YouTube Ads,CMP0607,CONV01078,40224.41,2025-09-21,1
U1141,LinkedIn Ads,CMP0488,CONV00790,20381.72,2025-03-09,1
U1145,LinkedIn Ads,CMP9540,CONV01778,12701.22,2025-04-21,1
U1154,LinkedIn Ads,CMP1741,CONV00625,38973.24,2025-10-20,1
U1159,Email Marketing,CMP6069,CONV00657,26780.56,2025-07-26,1
U1161,Facebook Ads,CMP8805,CONV00646,29838.98,2025-05-11,1
U1167,LinkedIn Ads,CMP1930,CONV00375,6430.89,2025-09-20,1
U1170,Facebook Ads,CMP5821,CONV00007,26939.92,2025-11-15,1
U1175,Instagram Ads,CMP5360,CONV01254,37151.24,2025-07-15,1
U1181,Email Marketing > YouTube Ads,CMP7510 > CMP3771,CONV00135,22092.87,2025-08-06,2
U1181,Email Marketing > YouTube Ads,CMP7510 > CMP3771,CONV00634,24700.29,2025-01-19,2
U1182,Google Ads,CMP6951,CONV00427,23231.65,2025-12-28,1
U1192,Email Marketing,CMP2464,CONV01732,28609.42,2025-11-03,1
U1206,LinkedIn Ads,CMP3408,CONV01063,10909.65,2025-09-20,1
U1209,Instagram Ads,CMP6959,CONV01017,8329.57,2025-09-06,1
U1216,YouTube Ads > Facebook Ads,CMP6709 > CMP2072,CONV00180,26109.32,2025-08-23,2
U1216,YouTube Ads > Facebook Ads,CMP6709 > CMP2072,CONV01655,4636.61,2025-05-20,2
U1227,YouTube Ads,CMP1392,CONV00317,22031.65,2025-11-30,1
U1229,Email Marketing,CMP3117,CONV00990,25709.28,2025-04-12,1
U1230,Instagram Ads > YouTube Ads,CMP0861 > CMP5777,CONV00171,18483.9,2026-01-04,2
U1230,Instagram Ads > YouTube Ads,CMP0861 > CMP5777,CONV01082,30831.16,2025-06-10,2
U1236,Facebook Ads,CMP1065,CONV01444,36956.92,2025-01-15,1
U1246,Instagram Ads,CMP4068,CONV00474,16036.7,2025-10-17,1
U1249,Instagram Ads,CMP4732,CONV01603,46886.59,2025-04-20,1
U1252,LinkedIn Ads,CMP1289,CONV00138,26764.94,2025-09-25,1
U1254,YouTube Ads > LinkedIn Ads,CMP4074 > CMP3560,CONV00766,25777.25,2025-02-06,2
U1254,YouTube Ads > LinkedIn Ads,CMP4074 > CMP3560,CONV00880,39085.78,2025-03-08,2
U1270,Instagram Ads,CMP6608,CONV01221,36667.57,2025-11-08,1
U1275,Google Ads,CMP6376,CONV01044,7658.55,2025-12-29,1
U1280,Google Ads,CMP9762,CONV00219,41524.32,2025-11-13,1
U1286,YouTube Ads,CMP4092,CONV00476,30884.44,2026-01-06,1
U1291,Instagram Ads,CMP5948,CONV00016,40893.15,2025-03-09,1
U1294,Instagram Ads,CMP7201,CONV01812,26468.49,2025-07-26,1
U1297,LinkedIn Ads,CMP5528,CONV00488,16017.36,2025-04-13,1
U1301,YouTube Ads > YouTube Ads,CMP3554 > CMP8122,CONV00564,12613.3,2025-11-21,2
U1301,YouTube Ads > YouTube Ads,CMP3554 > CMP8122,CONV01982,22608.39,2025-08-06,2
U1312,LinkedIn Ads,CMP9309,CONV00605,26557.2,2025-04-10,1
U1315,Instagram Ads,CMP8166,CONV00503,38894.82,2025-03-18,1
U1327,Instagram Ads,CMP6978,CONV00658,46646.04,2025-11-30,1
U1332,Facebook Ads,CMP0330,CONV01238,34204.08,2025-06-06,1
U1334,Email Marketing,CMP5334,CONV00923,47103.14,2025-07-13,1
U1340,LinkedIn Ads,CMP1549,CONV00767,37155.55,2025-09-29,1
U1343,LinkedIn Ads,CMP5920,CONV00800,44481.21,2025-03-04,1
U1350,Instagram Ads,CMP3245,CONV01401,5663.77,2025-09-26,1
U1355,Facebook Ads,CMP8433,CONV01914,4000.8,2025-04-28,1
U1357,Email Marketing,CMP5275,CONV01085,43707.18,2025-07-21,1
U1365,YouTube Ads,CMP7624,CONV01605,9231.73,2025-07-27,1
U1366,Email Marketing,CMP0452,CONV01922,25621.76,2025-03-05,1
U1371,YouTube Ads,CMP7812,CONV01209,10780.25,2025-03-20,1
U1372,Email Marketing,CMP0450,CONV01823,35239.94,2025-05-20,1
U1373,Email Marketing,CMP3006,CONV01179,29855.89,2025-04-09,1
U1381,Email Marketing,CMP7245,CONV00794,19804.68,2025-02-11,1
U1383,LinkedIn Ads,CMP3870,CONV00612,41175.33,2025-04-11,1
U1387,Google Ads,CMP2642,CONV00948,18496.2,2025-03-22,1
U1389,Instagram Ads,CMP6588,CONV00970,8108.68,2025-10-01,1
U1393,Google Ads,CMP0154,CONV01003,38103.75,2025-05-12,1
U1394,YouTube Ads,CMP7797,CONV00532,38804.34,2025-07-28,1
U1402,Facebook Ads,CMP3904,CONV01158,17207.85,2025-05-20,1
U1405,LinkedIn Ads,CMP2140,CONV01430,43181.34,2025-01-12,1
U1411,Email Marketing,CMP6945,CONV00679,23993.35,2025-04-11,1
U1416,YouTube Ads,CMP3102,CONV01606,17434.01,2025-02-18,1
U1428,Instagram Ads,CMP3639,CONV01995,23742.35,2025-09-19,1
U1449,YouTube Ads,CMP0707,CONV01831,18053.2,2025-10-26,1
U1450,LinkedIn Ads > Instagram Ads,CMP4579 > CMP8607,CONV00606,37213.46,2025-06-05,2
U1450,LinkedIn Ads > Instagram Ads,CMP4579 > CMP8607,CONV00680,45763.32,2025-01-17,2
U1454,LinkedIn Ads,CMP0105,CONV01644,46278.15,2025-09-23,1
U1457,Email Marketing,CMP8736,CONV00912,38946.21,2025-03-08,1
U1459,YouTube Ads,CMP0836,CONV01822,8338.74,2025-08-20,1
U1466,Email Marketing,CMP7900,CONV00926,1946.48,2025-03-25,1
U1469,YouTube Ads > Email Marketing > YouTube Ads > YouTube Ads > Facebook Ads,CMP1628 > CMP2827 > CMP7354 > CMP2784 > CMP9071,CONV00256,30047.77,2025-07-26,5
U1469,YouTube Ads > Email Marketing > YouTube Ads > YouTube Ads > Facebook Ads,CMP1628 > CMP2827 > CMP7354 > CMP2784 > CMP9071,CONV00750,21930.02,2025-06-20,5
U1469,YouTube Ads > Email Marketing > YouTube Ads > YouTube Ads > Facebook Ads,CMP1628 > CMP2827 > CMP7354 > CMP2784 > CMP9071,CONV00814,34091.12,2025-03-21,5
U1469,YouTube Ads > Email Marketing > YouTube Ads > YouTube Ads > Facebook Ads,CMP1628 > CMP2827 > CMP7354 > CMP2784 > CMP9071,CONV00942,14123.19,2025-09-15,5
U1469,YouTube Ads > Email Marketing > YouTube Ads > YouTube Ads > Facebook Ads,CMP1628 > CMP2827 > CMP7354 > CMP2784 > CMP9071,CONV01998,42169.82,2025-09-23,5
U1470,Facebook Ads,CMP0746,CONV00822,41609.66,2025-08-14,1
U1473,Email Marketing,CMP0117,CONV01767,13488.32,2025-09-29,1
U1476,LinkedIn Ads,CMP2002,CONV01679,23009.82,2025-03-04,1
U1477,Facebook Ads,CMP8466,CONV01907,19779.56,2025-04-09,1
U1479,Facebook Ads,CMP6209,CONV01770,22951.88,2025-10-17,1
U1480,Instagram Ads,CMP9857,CONV00728,7457.73,2025-07-26,1
U1482,LinkedIn Ads,CMP3402,CONV00320,41406.14,2025-04-13,1
U1486,Email Marketing,CMP5464,CONV00629,48065.81,2025-07-09,1
U1487,Facebook Ads,CMP6663,CONV00655,15589.41,2025-01-31,1
U1494,LinkedIn Ads,CMP2816,CONV01540,48944.29,2025-10-28,1
U1513,Google Ads,CMP1699,CONV01860,47848.99,2025-07-27,1
U1521,Google Ads,CMP9764,CONV01062,18389.17,2025-03-07,1
U1523,Instagram Ads,CMP2794,CONV00392,6134.68,2025-07-22,1
U1526,Email Marketing,CMP4403,CONV00288,14272.17,2025-08-24,1
U1527,Email Marketing,CMP7207,CONV01569,20022.77,2025-11-13,1
U1528,Instagram Ads,CMP4177,CONV00124,37070.4,2025-09-04,1
U1531,Instagram Ads,CMP9025,CONV00183,29794.52,2025-10-03,1
U1544,Email Marketing,CMP9323,CONV01949,2700.62,2025-07-16,1
U1553,Facebook Ads,CMP6587,CONV00719,3829.85,2025-11-25,1
U1557,Instagram Ads,CMP0647,CONV00391,7350.52,2025-02-13,1
U1561,Instagram Ads,CMP4795,CONV00286,3434.65,2025-03-19,1
U1571,YouTube Ads,CMP0915,CONV00840,43296.85,2025-12-08,1
U1577,Facebook Ads,CMP8660,CONV01134,7457.85,2025-04-15,1
U1583,LinkedIn Ads,CMP2261,CONV01900,41821.89,2025-10-22,1
U1584,Email Marketing,CMP5271,CONV01382,27000.32,2025-09-20,1
U1585,YouTube Ads,CMP4401,CONV00350,40504.92,2025-02-26,1
U1592,Facebook Ads,CMP5568,CONV01291,4166.44,2025-07-16,1
U1597,LinkedIn Ads,CMP0061,CONV01046,48962.08,2025-02-01,1
U1610,Google Ads,CMP6103,CONV00359,48723.86,2025-05-11,1
U1613,LinkedIn Ads,CMP6736,CONV00022,17295.48,2025-02-28,1
U1615,Facebook Ads,CMP8503,CONV01780,36595.55,2025-04-02,1
U1616,YouTube Ads,CMP0690,CONV01367,48353.12,2025-10-29,1
U1618,Facebook Ads > Facebook Ads,CMP2127 > CMP5330,CONV00516,41896.83,2025-02-07,2
U1618,Facebook Ads > Facebook Ads,CMP2127 > CMP5330,CONV00815,44704.05,2025-06-21,2
U1619,Google Ads,CMP5871,CONV01399,32912.8,2025-10-23,1
U1622,Google Ads,CMP9024,CONV01946,33182.54,2025-11-30,1
U1623,Facebook Ads,CMP3499,CONV01521,31853.13,2025-04-16,1
U1634,YouTube Ads,CMP2069,CONV00095,36260.97,2025-10-10,1
U1637,Google Ads,CMP5568,CONV01927,42303.98,2025-08-29,1
U1638,LinkedIn Ads,CMP0447,CONV01692,44925.93,2025-04-11,1
U1640,Google Ads,CMP7487,CONV01335,41908.46,2025-07-14,1
U1643,Email Marketing,CMP1952,CONV00463,39411.02,2025-05-15,1
U1647,Instagram Ads,CMP7714,CONV00884,26965.36,2025-04-13,1
U1658,Facebook Ads,CMP7968,CONV00150,37062.88,2025-10-03,1
U1660,LinkedIn Ads > LinkedIn Ads,CMP0174 > CMP2137,CONV00841,39254.99,2025-07-07,2
U1660,LinkedIn Ads > LinkedIn Ads,CMP0174 > CMP2137,CONV01563,17852.48,2025-06-30,2
U1664,Facebook Ads,CMP8084,CONV01514,37147.64,2025-04-25,1
U1670,LinkedIn Ads,CMP7174,CONV00785,5717.85,2025-11-04,1
U1671,Facebook Ads,CMP3437,CONV00939,47544.71,2025-12-27,1
U1676,LinkedIn Ads,CMP2161,CONV01474,12133.17,2025-10-19,1
U1680,Google Ads,CMP1825,CONV00001,27495.64,2025-12-31,1
U1681,Email Marketing,CMP4787,CONV00074,23735.15,2025-01-21,1
U1684,LinkedIn Ads,CMP7448,CONV01080,41360.1,2025-01-19,1
U1690,Facebook Ads,CMP6413,CONV01745,13406.06,2025-07-15,1
U1697,Email Marketing,CMP2904,CONV00408,30504.96,2025-07-28,1
U1698,Email Marketing,CMP6930,CONV00126,8159.14,2025-11-07,1
U1704,Instagram Ads,CMP0158,CONV00315,21280.88,2025-05-16,1
U1706,Instagram Ads,CMP9447,CONV00521,20377.08,2025-04-06,1
U1722,YouTube Ads,CMP7914,CONV01213,19096.46,2025-08-30,1
U1725,Email Marketing,CMP9385,CONV00799,10031.49,2025-07-11,1
U1731,YouTube Ads,CMP9284,CONV00356,14661.6,2025-11-02,1
U1735,YouTube Ads,CMP3394,CONV00890,1242.23,2025-07-22,1
U1743,LinkedIn Ads,CMP1595,CONV00636,40059.17,2025-03-07,1
U1745,YouTube Ads,CMP6619,CONV00470,15065.47,2025-11-13,1
U1753,YouTube Ads,CMP5712,CONV00591,4010.74,2025-06-25,1
U1756,YouTube Ads,CMP0160,CONV01921,35141.94,2025-02-14,1
U1765,Email Marketing,CMP1583,CONV00889,31525.93,2025-07-06,1
U1766,YouTube Ads,CMP0636,CONV01396,29710.26,2025-07-03,1
U1769,Instagram Ads,CMP7057,CONV01103,27473.36,2025-06-19,1
U1782,Instagram Ads,CMP2174,CONV01719,4417.97,2025-08-28,1
U1783,LinkedIn Ads,CMP0853,CONV01693,24520.87,2025-09-30,1
U1785,YouTube Ads,CMP9472,CONV00566,33768.48,2025-08-21,1
U1788,Instagram Ads,CMP1532,CONV01037,5863.24,2025-03-15,1
U1789,Instagram Ads,CMP9733,CONV01093,12822.74,2025-12-18,1
U1790,Instagram Ads > YouTube Ads > YouTube Ads,CMP3144 > CMP3311 > CMP1904,CONV00206,12344.46,2025-11-13,3
U1790,Instagram Ads > YouTube Ads > YouTube Ads,CMP3144 > CMP3311 > CMP1904,CONV00916,15009.72,2025-12-04,3
U1790,Instagram Ads > YouTube Ads > YouTube Ads,CMP3144 > CMP3311 > CMP1904,CONV01909,9703.52,2025-12-05,3
U1791,YouTube Ads,CMP6780,CONV00569,26682.86,2025-10-22,1
U1798,Google Ads,CMP8993,CONV00599,21869.92,2025-06-12,1
U1828,Facebook Ads,CMP7060,CONV00983,34306.59,2025-03-15,1
U1849,Instagram Ads,CMP5594,CONV01362,29456.44,2025-12-15,1
U1850,Instagram Ads,CMP5413,CONV00590,42365.43,2025-07-08,1
U1851,Email Marketing,CMP0473,CONV00395,3635.13,2025-08-19,1
U1865,YouTube Ads,CMP7958,CONV00132,14520.7,2025-07-17,1
U1870,Facebook Ads,CMP5583,CONV00075,4167.07,2025-02-23,1
U1875,Instagram Ads,CMP8693,CONV00122,38563.66,2025-12-25,1
U1877,Email Marketing,CMP0405,CONV01945,8524.08,2025-03-10,1
U1886,Instagram Ads,CMP7413,CONV00271,5913.45,2025-02-06,1
U1890,Instagram Ads,CMP2735,CONV00309,627.14,2025-05-24,1
U1891,YouTube Ads,CMP2914,CONV00412,29348.91,2025-07-30,1
U1895,Email Marketing,CMP5664,CONV00042,13108.76,2025-08-08,1
U1908,Email Marketing,CMP4209,CONV01268,49748.46,2025-04-28,1
U1909,Instagram Ads,CMP9356,CONV01777,41331.02,2025-04-30,1
U1915,Facebook Ads,CMP8754,CONV00578,16067.72,2025-06-08,1
U1921,Instagram Ads > Facebook Ads,CMP9059 > CMP6899,CONV01016,19184.31,2025-12-23,2
U1921,Instagram Ads > Facebook Ads,CMP9059 > CMP6899,CONV01532,10683.82,2025-06-24,2
U1935,Facebook Ads,CMP4248,CONV00307,21751.57,2025-02-01,1
U1941,Email Marketing > Facebook Ads,CMP0151 > CMP0879,CONV00076,30008.28,2025-11-01,2
U1941,Email Marketing > Facebook Ads,CMP0151 > CMP0879,CONV01858,9461.68,2025-04-24,2
U1951,Facebook Ads,CMP5806,CONV01177,30633.49,2025-06-25,1
U1957,YouTube Ads,CMP8021,CONV01536,18386.08,2025-04-07,1
U1961,YouTube Ads,CMP0112,CONV01388,26723.71,2025-03-01,1
U1966,Facebook Ads,CMP8535,CONV01186,13521.3,2025-09-12,1
U1971,YouTube Ads > Email Marketing,CMP7164 > CMP3665,CONV01227,17734.93,2025-10-13,2
U1971,YouTube Ads > Email Marketing,CMP7164 > CMP3665,CONV01818,28048.83,2025-08-10,2
U1972,LinkedIn Ads > Google Ads,CMP9574 > CMP0574,CONV00985,44260.05,2025-02-17,2
U1972,LinkedIn Ads > Google Ads,CMP9574 > CMP0574,CONV01489,39741.75,2025-12-20,2
U1979,Facebook Ads,CMP5269,CONV00638,21050.14,2025-06-12,1
U1981,Instagram Ads,CMP9160,CONV00804,2493.97,2025-07-13,1
U1983,LinkedIn Ads > LinkedIn Ads,CMP5860 > CMP7704,CONV01288,35880.83,2025-11-21,2
U1983,LinkedIn Ads > LinkedIn Ads,CMP5860 > CMP7704,CONV01517,28735.82,2025-02-03,2
U1990,Facebook Ads,CMP8999,CONV00088,40066.03,2025-02-06,1
U1994,Google Ads,CMP2043,CONV01333,47064.44,2025-04-17,1
U1999,Instagram Ads,CMP1546,CONV00757,46492.85,2025-07-24,1
U2006,Facebook Ads,CMP8616,CONV01668,26664.5,2025-08-17,1
U2015,Facebook Ads,CMP5068,CONV01105,48423.58,2025-09-04,1
U2025,Google Ads,CMP0324,CONV00385,35242.48,2025-10-14,1
U2026,Facebook Ads,CMP6949,CONV00699,7227.66,2025-09-20,1
U2030,Instagram Ads,CMP3263,CONV00363,18937.1,2026-01-03,1
U2033,YouTube Ads,CMP8249,CONV00895,21710.64,2025-06-15,1
U2042,LinkedIn Ads,CMP7105,CONV00955,27644.25,2025-10-02,1
U2043,Instagram Ads,CMP7874,CONV00155,8435.46,2025-06-09,1
U2044,Email Marketing,CMP4256,CONV00797,36974.51,2025-09-01,1
U2046,YouTube Ads,CMP9830,CONV00838,2150.51,2025-02-23,1
U2052,LinkedIn Ads,CMP9053,CONV01145,27702.47,2025-08-12,1
U2057,LinkedIn Ads,CMP9101,CONV00601,32595.27,2025-03-14,1
U2069,Instagram Ads,CMP6639,CONV01559,30190.01,2025-01-30,1
U2070,Google Ads,CMP8903,CONV01766,43993.87,2025-05-03,1
U2073,LinkedIn Ads,CMP8238,CONV01975,14634.76,2025-02-10,1
U2074,Google Ads,CMP3555,CONV01067,10362.26,2025-05-20,1
U2078,LinkedIn Ads,CMP8773,CONV01653,35163.34,2025-02-27,1
U2084,Facebook Ads,CMP3589,CONV01956,18960.07,2025-12-29,1
U2088,YouTube Ads,CMP9880,CONV00831,11784.28,2025-05-29,1
U2089,Google Ads,CMP8939,CONV00036,44999.58,2025-02-16,1
U2092,LinkedIn Ads,CMP0476,CONV00057,45392.98,2025-12-03,1
U2099,Email Marketing,CMP5225,CONV01195,20894.14,2025-09-12,1
U2100,YouTube Ads,CMP1997,CONV01461,3624.69,2025-07-23,1
U2101,Instagram Ads,CMP0012,CONV01343,18596.34,2025-07-04,1
U2119,Google Ads,CMP5398,CONV00759,32360.38,2025-04-29,1
U2129,Email Marketing,CMP7836,CONV00874,40985.86,2025-05-07,1
U2130,LinkedIn Ads > LinkedIn Ads,CMP8885 > CMP1399,CONV01735,42383.71,2025-06-21,2
U2130,LinkedIn Ads > LinkedIn Ads,CMP8885 > CMP1399,CONV01800,32679.67,2025-04-03,2
U2132,Facebook Ads,CMP2586,CONV00739,39735.79,2025-11-11,1
U2134,Facebook Ads,CMP3329,CONV00744,11170.55,2025-09-04,1
U2142,Google Ads,CMP2291,CONV00323,34471.12,2025-05-12,1
U2162,Google Ads,CMP8009,CONV00221,28413.6,2025-10-07,1
U2169,Google Ads,CMP2071,CONV01176,19711.65,2025-10-04,1
U2177,Google Ads,CMP9812,CONV01879,42067.41,2025-09-24,1
U2178,Email Marketing,CMP5315,CONV00893,38204.96,2025-07-12,1
U2181,Facebook Ads,CMP3214,CONV01744,29014.63,2025-12-24,1
U2185,Email Marketing,CMP2762,CONV00966,21424.75,2025-10-03,1
U2186,Facebook Ads,CMP5650,CONV00164,17258.09,2025-02-12,1
U2196,Instagram Ads,CMP6231,CONV01970,44503.69,2025-06-15,1
U2199,Facebook Ads,CMP0602,CONV00951,29793.27,2025-11-13,1
U2201,Google Ads,CMP8667,CONV00032,5798.28,2025-06-02,1
U2205,Google Ads,CMP6209,CONV00568,14083.72,2025-03-20,1
U2210,Email Marketing,CMP2869,CONV00165,47208.45,2025-02-03,1
U2214,Email Marketing,CMP0004,CONV00524,49227.52,2025-06-10,1
U2216,YouTube Ads,CMP1855,CONV01654,27181.76,2025-02-04,1
U2225,Email Marketing,CMP5537,CONV00575,23300.59,2025-10-01,1
U2227,Facebook Ads,CMP4067,CONV01557,26680.21,2025-01-16,1
U2240,Facebook Ads,CMP1849,CONV01978,36011.52,2025-05-06,1
U2241,YouTube Ads,CMP3116,CONV00105,31559.18,2025-11-19,1
U2247,Email Marketing,CMP6732,CONV01151,37224.48,2025-09-30,1
U2248,Email Marketing,CMP2290,CONV01716,40034.02,2025-07-19,1
U2250,Instagram Ads,CMP6952,CONV01331,47426.68,2025-08-14,1
U2251,YouTube Ads,CMP6254,CONV00376,49365.98,2025-05-11,1
U2252,Facebook Ads,CMP4842,CONV01967,34923.6,2025-07-03,1
U2253,Google Ads,CMP0555,CONV00242,35504.89,2025-11-19,1
U2254,Email Marketing,CMP0887,CONV00938,14908.54,2025-08-19,1
U2256,LinkedIn Ads,CMP8885,CONV01497,23594.48,2025-07-14,1
U2258,Instagram Ads,CMP2371,CONV01901,8554.58,2025-08-31,1
U2270,Instagram Ads,CMP9870,CONV01705,1366.21,2025-12-29,1
U2274,Google Ads,CMP2255,CONV00158,30959.74,2026-01-25,1
U2280,Instagram Ads,CMP8809,CONV00869,31677.05,2025-04-08,1
U2283,YouTube Ads,CMP6505,CONV01687,40839.85,2025-08-02,1
U2287,YouTube Ads,CMP4925,CONV01249,39534.19,2025-03-09,1
U2288,Google Ads,CMP2579,CONV01789,38683.16,2025-02-18,1
U2292,Google Ads,CMP4416,CONV00972,787.61,2025-07-29,1
U2293,Google Ads,CMP6835,CONV01314,41017.39,2025-08-28,1
U2299,Instagram Ads,CMP5935,CONV01322,21652.88,2025-03-28,1
U2301,Facebook Ads,CMP3169,CONV01359,37112.92,2025-08-24,1
U2308,Email Marketing > LinkedIn Ads > YouTube Ads,CMP1529 > CMP3190 > CMP8261,CONV01029,49617.8,2025-04-12,3
U2308,Email Marketing > LinkedIn Ads > YouTube Ads,CMP1529 > CMP3190 > CMP8261,CONV01893,28589.67,2025-08-01,3
U2308,Email Marketing > LinkedIn Ads > YouTube Ads,CMP1529 > CMP3190 > CMP8261,CONV01912,20953.62,2025-11-04,3
U2317,Facebook Ads > Google Ads,CMP1932 > CMP7339,CONV00277,30023.08,2025-10-07,2
U2317,Facebook Ads > Google Ads,CMP1932 > CMP7339,CONV01398,39805.67,2025-05-04,2
U2318,Instagram Ads,CMP4656,CONV00147,35074.76,2025-07-11,1
U2319,YouTube Ads,CMP4442,CONV01216,10620.86,2025-06-17,1
U2321,Instagram Ads,CMP2908,CONV00335,18562.05,2025-02-28,1
U2333,Google Ads,CMP4992,CONV00692,6704.54,2025-12-23,1
U2335,Google Ads,CMP4665,CONV01706,21990.34,2025-12-22,1
U2338,YouTube Ads,CMP4642,CONV01109,45953.86,2025-04-20,1
U2341,Instagram Ads,CMP5134,CONV00296,919.5,2025-02-25,1
U2346,Email Marketing,CMP1646,CONV00924,42911.73,2025-10-10,1
U2354,Facebook Ads,CMP8550,CONV01714,11415.28,2025-02-03,1
U2361,Email Marketing,CMP2235,CONV00432,45751.36,2025-06-27,1
U2377,Email Marketing,CMP8835,CONV01498,31818.52,2025-11-26,1
U2385,Instagram Ads,CMP1874,CONV01039,28626.23,2025-12-13,1
U2392,Email Marketing,CMP4637,CONV00745,12156.54,2025-01-29,1
U2398,Email Marketing,CMP5397,CONV00956,5348.37,2025-05-03,1
U2403,Facebook Ads,CMP8999,CONV01707,5128.12,2025-08-28,1
U2407,Instagram Ads,CMP4525,CONV01162,12017.29,2025-12-03,1
U2411,Instagram Ads,CMP5686,CONV01106,26397.72,2025-09-05,1
U2420,Google Ads,CMP1406,CONV00537,34842.86,2025-05-31,1
U2425,Instagram Ads,CMP2930,CONV00664,10610.68,2025-10-12,1
U2428,Facebook Ads,CMP2804,CONV00993,43732.45,2025-05-24,1
U2437,Instagram Ads,CMP3853,CONV01586,4432.93,2026-01-14,1
U2446,LinkedIn Ads,CMP2457,CONV01665,49538.04,2025-05-29,1
U2457,LinkedIn Ads > Email Marketing,CMP7560 > CMP4202,CONV00725,39953.72,2025-04-18,2
U2457,LinkedIn Ads > Email Marketing,CMP7560 > CMP4202,CONV01739,22105.0,2025-12-01,2
U2464,Google Ads,CMP3805,CONV01543,19318.05,2025-08-02,1
U2467,LinkedIn Ads,CMP9695,CONV00314,12033.39,2025-01-15,1
U2468,LinkedIn Ads,CMP0966,CONV01211,28482.96,2025-02-01,1
U2474,LinkedIn Ads,CMP2693,CONV00791,49012.33,2025-11-16,1
U2477,Google Ads,CMP4210,CONV00611,40488.11,2025-12-12,1
U2485,Google Ads,CMP1301,CONV00896,2376.38,2025-08-10,1
U2486,YouTube Ads,CMP9891,CONV01539,16177.53,2025-01-19,1
U2487,Facebook Ads,CMP7731,CONV01319,28917.36,2025-04-05,1
U2503,LinkedIn Ads,CMP2034,CONV01554,39451.96,2025-10-11,1
U2508,Email Marketing,CMP4919,CONV01613,20895.48,2025-05-26,1
U2515,Email Marketing,CMP2635,CONV00669,2537.0,2025-04-03,1
U2522,Instagram Ads,CMP3346,CONV01648,45107.25,2026-01-03,1
U2526,LinkedIn Ads,CMP2670,CONV00761,40154.47,2025-03-26,1
U2537,Google Ads,CMP2667,CONV01512,24569.25,2025-02-09,1
U2540,LinkedIn Ads,CMP0898,CONV01703,23130.48,2025-08-05,1
U2541,YouTube Ads,CMP0663,CONV00764,32537.66,2025-09-13,1
U2556,LinkedIn Ads,CMP3276,CONV01997,32417.9,2025-08-21,1
U2563,YouTube Ads,CMP4917,CONV01311,9002.98,2025-04-14,1
U2570,YouTube Ads,CMP4228,CONV01021,19189.23,2025-06-19,1
U2572,Google Ads,CMP8628,CONV01202,11885.26,2025-06-18,1
U2574,Facebook Ads,CMP1626,CONV00078,4215.71,2025-05-03,1
U2580,Google Ads,CMP5139,CONV00027,42641.46,2025-02-01,1
U2581,Email Marketing,CMP5693,CONV00177,35160.85,2026-01-05,1
U2594,LinkedIn Ads,CMP2675,CONV01433,23743.6,2025-10-23,1
U2596,Email Marketing,CMP6397,CONV01057,35646.23,2025-08-16,1
U2599,LinkedIn Ads,CMP3546,CONV01460,34360.85,2025-07-06,1
U2602,Instagram Ads,CMP6250,CONV01550,27864.79,2025-02-25,1
U2607,Email Marketing,CMP6488,CONV01476,12343.64,2025-03-21,1
U2608,LinkedIn Ads,CMP1213,CONV01960,11299.4,2025-11-25,1
U2616,LinkedIn Ads,CMP8929,CONV00003,14254.63,2025-12-30,1
U2622,LinkedIn Ads,CMP6394,CONV00991,34987.73,2025-11-17,1
U2633,Facebook Ads,CMP2696,CONV01043,45673.59,2026-01-10,1
U2635,Instagram Ads,CMP7701,CONV00085,25025.72,2025-07-09,1
U2638,Email Marketing,CMP8063,CONV01717,30289.01,2025-11-10,1
U2640,Google Ads,CMP6733,CONV00451,2439.95,2025-03-28,1
U2645,Email Marketing,CMP7463,CONV00910,5069.14,2025-01-29,1
U2652,Facebook Ads,CMP4231,CONV01602,8613.41,2025-08-10,1
U2653,Facebook Ads > Facebook Ads,CMP0235 > CMP8803,CONV01348,28818.29,2025-08-07,2
U2653,Facebook Ads > Facebook Ads,CMP0235 > CMP8803,CONV01959,34290.49,2025-11-29,2
U2659,Email Marketing,CMP0619,CONV00151,31424.65,2025-05-01,1
U2661,Email Marketing,CMP2481,CONV01339,15650.21,2025-02-05,1
U2667,Google Ads,CMP1711,CONV01024,10989.54,2025-10-05,1
U2669,Instagram Ads,CMP1960,CONV00685,16324.22,2025-11-22,1
U2676,Facebook Ads,CMP6122,CONV00498,19228.72,2025-12-05,1
U2677,YouTube Ads,CMP4112,CONV00484,13087.34,2025-02-26,1
U2680,Facebook Ads,CMP7309,CONV00364,34598.1,2025-05-22,1
U2690,YouTube Ads > Google Ads,CMP4784 > CMP0590,CONV00404,35984.38,2025-10-03,2
U2690,YouTube Ads > Google Ads,CMP4784 > CMP0590,CONV00710,15966.75,2025-09-21,2
U2705,Email Marketing,CMP3342,CONV01768,35455.25,2025-09-20,1
U2706,Facebook Ads > YouTube Ads,CMP8728 > CMP1867,CONV00017,30526.4,2025-06-15,2
U2706,Facebook Ads > YouTube Ads,CMP8728 > CMP1867,CONV01821,1802.19,2025-08-23,2
U2709,Instagram Ads,CMP1482,CONV01250,7800.8,2025-09-21,1
U2710,Email Marketing,CMP0191,CONV00398,12424.14,2025-02-16,1
U2719,Google Ads,CMP7856,CONV01565,37344.72,2025-01-23,1
U2726,Email Marketing,CMP1771,CONV00341,19246.27,2025-08-17,1
U2732,Email Marketing,CMP7398,CONV01276,21860.77,2025-12-10,1
U2733,Instagram Ads,CMP7480,CONV00393,36457.35,2025-03-29,1
U2741,LinkedIn Ads,CMP8126,CONV00613,42170.74,2025-04-19,1
U2749,YouTube Ads,CMP8472,CONV01883,40902.61,2025-03-16,1
U2756,Instagram Ads,CMP3614,CONV00281,38741.11,2025-09-07,1
U2760,Instagram Ads,CMP2339,CONV00913,3957.15,2025-10-01,1
U2766,YouTube Ads,CMP6323,CONV01865,9154.01,2025-07-12,1
U2767,Facebook Ads,CMP4566,CONV01184,2467.38,2025-02-12,1
U2769,Email Marketing,CMP5772,CONV01993,38657.46,2025-04-02,1
U2782,Google Ads,CMP6680,CONV01341,17758.99,2025-03-29,1
U2794,Instagram Ads,CMP9482,CONV01241,8207.36,2025-02-06,1
U2796,YouTube Ads,CMP6846,CONV00914,35350.34,2025-04-07,1
U2798,YouTube Ads,CMP4621,CONV00958,17586.06,2025-07-05,1
U2800,YouTube Ads,CMP8384,CONV00561,33146.75,2025-06-25,1
U2801,Instagram Ads,CMP0254,CONV01730,17790.54,2025-04-24,1
U2804,Google Ads,CMP8170,CONV01076,19451.45,2025-11-22,1
U2808,YouTube Ads,CMP7541,CONV01384,28170.3,2025-01-13,1
U2815,YouTube Ads,CMP0230,CONV00697,5384.94,2025-10-09,1
U2831,Email Marketing,CMP6250,CONV01456,11241.19,2025-03-19,1
U2833,Email Marketing > YouTube Ads,CMP7884 > CMP6551,CONV00527,29023.51,2025-10-06,2
U2833,Email Marketing > YouTube Ads,CMP7884 > CMP6551,CONV01862,47117.54,2025-11-06,2
U2839,LinkedIn Ads,CMP6287,CONV00278,14797.32,2025-10-17,1
U2843,Google Ads,CMP7434,CONV01752,11116.15,2025-07-20,1
U2852,LinkedIn Ads > YouTube Ads,CMP1195 > CMP4845,CONV00045,20600.72,2025-12-08,2
U2852,LinkedIn Ads > YouTube Ads,CMP1195 > CMP4845,CONV01132,22750.73,2025-06-18,2
U2857,YouTube Ads,CMP7442,CONV01422,8435.67,2025-08-10,1
U2867,YouTube Ads,CMP5917,CONV01809,1727.11,2025-03-18,1
U2882,Google Ads,CMP9697,CONV01448,43969.74,2025-04-30,1
U2883,Google Ads,CMP8529,CONV01552,47129.8,2025-06-25,1
U2886,YouTube Ads,CMP4940,CONV01793,1624.12,2025-03-10,1
U2899,Google Ads,CMP8939,CONV01232,41786.19,2025-03-12,1
U2904,Instagram Ads,CMP9287,CONV01436,34029.97,2025-04-09,1
U2908,YouTube Ads,CMP9107,CONV01669,44082.47,2025-10-15,1
U2909,YouTube Ads,CMP2535,CONV01395,41040.27,2025-09-17,1
U2911,Facebook Ads,CMP8420,CONV01952,15080.0,2025-10-14,1
U2915,Facebook Ads,CMP5372,CONV01746,48447.09,2025-06-30,1
U2917,Email Marketing,CMP0910,CONV00760,1515.35,2025-05-09,1
U2922,Google Ads,CMP8808,CONV01656,42587.13,2025-01-29,1
U2926,Instagram Ads,CMP8786,CONV00041,5865.93,2025-11-07,1
U2932,Facebook Ads,CMP6314,CONV00520,21051.64,2025-10-16,1
U2933,Facebook Ads,CMP0202,CONV00310,45740.41,2025-02-11,1
U2940,Facebook Ads,CMP6163,CONV00640,29889.66,2025-02-24,1
U2947,Instagram Ads > LinkedIn Ads,CMP7941 > CMP0768,CONV00329,11341.5,2025-02-11,2
U2947,Instagram Ads > LinkedIn Ads,CMP7941 > CMP0768,CONV01828,4713.84,2025-04-26,2
U2948,LinkedIn Ads,CMP9219,CONV00571,14879.16,2025-11-15,1
U2957,Google Ads,CMP4370,CONV00169,5578.6,2025-10-17,1
U2959,Facebook Ads,CMP9596,CONV00756,38528.54,2025-08-23,1
U2960,Google Ads,CMP2426,CONV00755,41217.3,2025-04-15,1
U2961,Google Ads,CMP1463,CONV01790,36222.7,2025-02-05,1
U2970,Email Marketing > Instagram Ads,CMP2642 > CMP3043,CONV01270,750.03,2025-12-20,2
U2970,Email Marketing > Instagram Ads,CMP2642 > CMP3043,CONV01389,25001.27,2025-01-19,2
U2974,LinkedIn Ads,CMP2871,CONV00084,40805.12,2025-10-29,1
U2977,Facebook Ads,CMP9074,CONV01771,23704.24,2025-08-16,1
U2991,YouTube Ads,CMP1411,CONV01237,29761.85,2025-03-16,1
U3016,LinkedIn Ads,CMP7272,CONV01121,41173.48,2025-05-22,1
U3022,LinkedIn Ads,CMP6269,CONV01154,3086.85,2025-12-13,1
U3028,YouTube Ads,CMP7008,CONV00214,46823.36,2025-03-13,1
U3033,Email Marketing,CMP4719,CONV01096,24099.54,2025-09-24,1
U3037,LinkedIn Ads,CMP5892,CONV01135,36550.03,2026-01-01,1
U3042,Facebook Ads,CMP7971,CONV00915,9545.11,2025-05-07,1
U3044,Facebook Ads,CMP8039,CONV00253,19313.6,2026-01-08,1
U3061,LinkedIn Ads,CMP1733,CONV01938,39065.37,2025-12-12,1
U3065,Email Marketing > Email Marketing,CMP1756 > CMP3103,CONV01090,33263.33,2025-05-31,2
U3065,Email Marketing > Email Marketing,CMP1756 > CMP3103,CONV01449,20036.06,2025-07-10,2
U3067,Google Ads,CMP8129,CONV00326,44229.48,2025-05-22,1
U3080,Instagram Ads,CMP5258,CONV00360,41286.49,2025-09-07,1
U3086,YouTube Ads,CMP2164,CONV01986,6018.02,2025-05-09,1
U3111,LinkedIn Ads,CMP9138,CONV00556,44277.68,2025-06-23,1
U3120,YouTube Ads,CMP9356,CONV00021,21837.03,2025-03-03,1
U3128,Email Marketing,CMP2379,CONV00773,23439.56,2025-03-01,1
U3129,Facebook Ads,CMP6536,CONV01425,36600.69,2025-11-13,1
U3132,Facebook Ads > Instagram Ads,CMP8948 > CMP1723,CONV01047,18827.69,2025-12-25,2
U3132,Facebook Ads > Instagram Ads,CMP8948 > CMP1723,CONV01081,46738.46,2025-08-04,2
U3144,Facebook Ads,CMP5312,CONV01530,20871.19,2025-06-29,1
U3149,Facebook Ads,CMP2437,CONV00979,31015.13,2025-03-18,1
U3165,Google Ads,CMP3051,CONV00213,32116.93,2025-04-12,1
U3173,Instagram Ads,CMP0722,CONV01570,27579.27,2025-08-10,1
U3175,YouTube Ads,CMP4473,CONV01917,49491.46,2025-11-06,1
U3176,YouTube Ads,CMP7848,CONV01935,29262.13,2025-11-18,1
U3179,Facebook Ads,CMP7356,CONV00153,49229.77,2025-07-22,1
U3183,Google Ads,CMP6698,CONV00907,45697.76,2025-09-04,1
U3193,YouTube Ads > Google Ads,CMP1360 > CMP2098,CONV01353,38907.61,2025-03-20,2
U3193,YouTube Ads > Google Ads,CMP1360 > CMP2098,CONV01989,30408.66,2025-03-10,2
U3194,YouTube Ads,CMP3084,CONV01468,12787.21,2025-10-08,1
U3207,YouTube Ads > YouTube Ads,CMP9211 > CMP3198,CONV00675,42547.84,2025-02-02,2
U3207,YouTube Ads > YouTube Ads,CMP9211 > CMP3198,CONV00905,1135.3,2025-04-06,2
U3216,LinkedIn Ads > YouTube Ads,CMP1580 > CMP9857,CONV01344,6925.48,2025-04-05,2
U3216,LinkedIn Ads > YouTube Ads,CMP1580 > CMP9857,CONV01638,42960.92,2025-05-17,2
U3229,Google Ads,CMP7145,CONV00043,47469.29,2025-08-04,1
U3233,Facebook Ads,CMP3023,CONV00273,19747.37,2025-09-10,1
U3241,Email Marketing,CMP4479,CONV01429,23694.7,2025-04-15,1
U3244,Email Marketing,CMP2229,CONV01791,11097.42,2025-11-24,1
U3260,Google Ads,CMP8130,CONV01811,20427.7,2026-01-05,1
U3263,YouTube Ads,CMP8100,CONV01609,9809.99,2025-02-09,1
U3265,YouTube Ads,CMP2866,CONV00681,27916.41,2025-04-07,1
U3268,LinkedIn Ads,CMP6610,CONV00379,16449.55,2025-08-06,1
U3272,YouTube Ads > LinkedIn Ads,CMP7246 > CMP4617,CONV00154,12875.16,2025-11-26,2
U3272,YouTube Ads > LinkedIn Ads,CMP7246 > CMP4617,CONV00536,38007.82,2026-01-13,2
U3274,LinkedIn Ads,CMP2645,CONV01285,3708.23,2025-06-15,1
U3279,Email Marketing,CMP3011,CONV00738,29002.56,2025-11-21,1
U3291,Facebook Ads,CMP9739,CONV00261,48246.44,2025-10-03,1
U3298,YouTube Ads,CMP8309,CONV00846,33559.08,2025-02-27,1
U3303,Instagram Ads,CMP4611,CONV01481,10190.74,2025-12-06,1
U3310,LinkedIn Ads,CMP7605,CONV00726,1942.52,2025-04-17,1
U3315,Instagram Ads,CMP0944,CONV01971,4338.64,2025-02-09,1
U3326,Facebook Ads,CMP7779,CONV00875,23218.34,2025-09-21,1
U3329,Google Ads,CMP7636,CONV00238,2762.91,2025-08-05,1
U3330,Email Marketing,CMP5959,CONV01775,13705.52,2025-06-16,1
U3336,LinkedIn Ads > Instagram Ads,CMP4920 > CMP2547,CONV00033,13567.2,2026-01-02,2
U3336,LinkedIn Ads > Instagram Ads,CMP4920 > CMP2547,CONV00724,14708.71,2025-08-05,2
U3338,YouTube Ads,CMP6940,CONV00461,28099.35,2025-08-05,1
U3349,Facebook Ads,CMP2319,CONV00900,21598.87,2025-05-15,1
U3360,Email Marketing,CMP9579,CONV01118,37150.99,2025-10-07,1
U3369,Facebook Ads,CMP3353,CONV01483,37490.02,2025-05-09,1
U3378,Email Marketing > YouTube Ads,CMP6259 > CMP3283,CONV00997,13805.28,2025-09-02,2
U3378,Email Marketing > YouTube Ads,CMP6259 > CMP3283,CONV01329,1798.11,2025-06-26,2
U3380,Email Marketing,CMP8049,CONV01869,32430.71,2025-05-26,1
U3383,LinkedIn Ads,CMP7930,CONV01298,30627.74,2025-05-18,1
U3390,Email Marketing,CMP1902,CONV00270,24070.05,2025-10-08,1
U3393,Facebook Ads,CMP1583,CONV01504,3817.58,2025-04-20,1
U3397,Instagram Ads > Google Ads,CMP9144 > CMP0026,CONV00203,16193.52,2025-12-31,2
U3397,Instagram Ads > Google Ads,CMP9144 > CMP0026,CONV00572,2751.86,2025-11-23,2
U3401,Email Marketing,CMP1288,CONV01275,14945.24,2025-10-09,1
U3406,Email Marketing,CMP2074,CONV01955,35862.51,2025-01-30,1
U3422,YouTube Ads,CMP6799,CONV01479,854.04,2025-05-20,1
U3426,Google Ads,CMP6704,CONV01642,12217.12,2025-02-20,1
U3427,Email Marketing,CMP8443,CONV01765,40366.55,2025-02-10,1
U3436,Email Marketing,CMP1454,CONV00340,17848.82,2025-06-02,1
U3439,Email Marketing > Email Marketing,CMP8530 > CMP8036,CONV00583,14685.09,2025-07-01,2
U3439,Email Marketing > Email Marketing,CMP8530 > CMP8036,CONV00950,41078.28,2025-12-26,2
U3442,Instagram Ads,CMP9402,CONV01785,39057.77,2025-11-09,1
U3448,YouTube Ads,CMP7243,CONV01414,1203.45,2025-06-16,1
U3454,Instagram Ads > Facebook Ads,CMP7510 > CMP1573,CONV00426,11052.17,2025-12-31,2
U3454,Instagram Ads > Facebook Ads,CMP7510 > CMP1573,CONV01126,19835.9,2025-06-30,2
U3457,Facebook Ads,CMP0917,CONV00009,11025.01,2025-11-02,1
U3459,YouTube Ads,CMP7372,CONV00769,49118.22,2025-04-13,1
U3468,Instagram Ads,CMP9953,CONV01295,29419.62,2025-11-03,1
U3472,LinkedIn Ads > Google Ads,CMP5000 > CMP2416,CONV00353,21457.06,2025-04-30,2
U3472,LinkedIn Ads > Google Ads,CMP5000 > CMP2416,CONV00538,37642.58,2025-05-02,2
U3474,Facebook Ads,CMP0780,CONV00982,45469.86,2025-05-30,1
U3475,Instagram Ads,CMP5767,CONV01091,21827.0,2025-03-29,1
U3482,Email Marketing,CMP3374,CONV01086,23673.44,2025-01-19,1
U3484,Facebook Ads,CMP7500,CONV00803,37451.57,2025-09-21,1
U3490,Google Ads,CMP5432,CONV01431,31349.97,2025-06-17,1
U3502,YouTube Ads,CMP4648,CONV01685,39708.09,2025-07-24,1
U3505,Instagram Ads,CMP7774,CONV01226,14247.97,2025-03-31,1
U3506,Facebook Ads,CMP1321,CONV00054,16878.63,2025-02-16,1
U3508,LinkedIn Ads > Instagram Ads,CMP3306 > CMP0480,CONV00718,15217.35,2025-06-15,2
U3508,LinkedIn Ads > Instagram Ads,CMP3306 > CMP0480,CONV01773,36773.85,2025-08-24,2
U3509,YouTube Ads,CMP2821,CONV01652,15128.94,2025-02-04,1
U3515,Google Ads,CMP9486,CONV01930,30772.95,2025-09-01,1
U3535,Google Ads,CMP7718,CONV00302,20199.76,2025-01-30,1
U3538,Google Ads,CMP8668,CONV00519,36396.01,2025-10-10,1
U3543,Google Ads,CMP1078,CONV01929,10561.54,2025-07-03,1
U3550,YouTube Ads,CMP6266,CONV01708,40532.74,2025-01-11,1
U3553,YouTube Ads,CMP0389,CONV00620,35549.72,2025-11-06,1
U3563,Instagram Ads,CMP8767,CONV01876,27847.32,2025-08-19,1
U3567,Email Marketing,CMP9106,CONV00026,27338.66,2025-02-22,1
U3571,Email Marketing,CMP7576,CONV00222,21473.02,2025-11-15,1
U3572,Facebook Ads,CMP2497,CONV00061,38461.46,2025-09-01,1
U3576,Instagram Ads,CMP9705,CONV01450,17565.57,2025-08-14,1
U3585,Email Marketing,CMP7439,CONV01088,43459.01,2025-07-22,1
U3586,Email Marketing,CMP8014,CONV01776,12733.2,2025-03-24,1
U3588,YouTube Ads,CMP4029,CONV01378,32570.81,2025-05-12,1
U3609,Instagram Ads,CMP1050,CONV00019,31739.6,2025-01-11,1
U3611,Email Marketing,CMP2285,CONV00674,16655.14,2025-09-05,1
U3627,LinkedIn Ads,CMP0450,CONV00365,10733.18,2025-12-18,1
U3628,Google Ads,CMP4657,CONV01931,30960.99,2025-12-29,1
U3634,Email Marketing > LinkedIn Ads,CMP5953 > CMP2139,CONV00403,41579.25,2025-02-01,2
U3634,Email Marketing > LinkedIn Ads,CMP5953 > CMP2139,CONV01060,42102.61,2025-06-25,2
U3645,Instagram Ads,CMP2242,CONV01187,25599.48,2025-02-16,1
U3649,Google Ads,CMP5698,CONV00225,23418.69,2025-01-25,1
U3655,Google Ads,CMP7444,CONV00848,31384.04,2025-12-28,1
U3664,Instagram Ads,CMP9695,CONV01575,45306.15,2025-05-22,1
U3667,Instagram Ads,CMP9932,CONV01584,19972.98,2025-12-29,1
U3679,YouTube Ads,CMP4948,CONV00682,13502.51,2025-02-13,1
U3682,Instagram Ads > LinkedIn Ads > Facebook Ads,CMP2595 > CMP7070 > CMP0454,CONV00089,32561.63,2025-03-04,3
U3682,Instagram Ads > LinkedIn Ads > Facebook Ads,CMP2595 > CMP7070 > CMP0454,CONV01524,47494.7,2025-03-23,3
U3682,Instagram Ads > LinkedIn Ads > Facebook Ads,CMP2595 > CMP7070 > CMP0454,CONV01965,922.54,2025-11-07,3
U3684,Instagram Ads > Instagram Ads,CMP6439 > CMP3825,CONV00080,13648.81,2025-12-02,2
U3684,Instagram Ads > Instagram Ads,CMP6439 > CMP3825,CONV01891,22627.54,2025-06-04,2
U3696,Google Ads > Email Marketing,CMP6150 > CMP0213,CONV00342,40060.13,2025-03-26,2
U3696,Google Ads > Email Marketing,CMP6150 > CMP0213,CONV00417,32557.8,2025-12-15,2
U3697,Facebook Ads > Facebook Ads,CMP3239 > CMP6421,CONV00835,45891.26,2025-12-26,2
U3697,Facebook Ads > Facebook Ads,CMP3239 > CMP6421,CONV01647,6334.87,2025-12-12,2
U3701,LinkedIn Ads,CMP6113,CONV00246,42469.42,2025-06-23,1
U3706,Google Ads,CMP1560,CONV00294,959.7,2025-10-15,1
U3708,Facebook Ads > Facebook Ads,CMP8698 > CMP8701,CONV00380,6882.07,2026-01-03,2
U3708,Facebook Ads > Facebook Ads,CMP8698 > CMP8701,CONV01355,21488.78,2025-03-25,2
U3715,Google Ads,CMP8249,CONV00783,24575.08,2025-03-13,1
U3752,Google Ads,CMP5630,CONV00295,40394.86,2025-07-19,1
U3756,LinkedIn Ads,CMP0696,CONV01808,40743.36,2025-06-29,1
U3761,Email Marketing,CMP5390,CONV01872,25400.55,2025-06-20,1
U3764,YouTube Ads,CMP4836,CONV00651,26327.55,2025-03-13,1
U3765,Email Marketing,CMP7110,CONV00248,28555.82,2025-04-27,1
U3766,YouTube Ads,CMP3512,CONV01484,25799.42,2025-10-27,1
U3778,Instagram Ads,CMP9018,CONV00071,16119.62,2025-03-26,1
U3784,YouTube Ads,CMP4373,CONV00550,4434.03,2026-01-11,1
U3792,LinkedIn Ads,CMP0835,CONV00980,24220.16,2025-05-10,1
U3794,YouTube Ads > Facebook Ads,CMP0723 > CMP2028,CONV01494,4876.59,2025-02-05,2
U3794,YouTube Ads > Facebook Ads,CMP0723 > CMP2028,CONV01616,42152.63,2025-02-12,2
U3805,Email Marketing,CMP4677,CONV00209,42591.49,2025-10-02,1
U3814,Google Ads,CMP4603,CONV00330,33014.79,2025-03-31,1
U3825,LinkedIn Ads,CMP6063,CONV01462,45141.08,2025-06-25,1
U3831,Email Marketing,CMP2756,CONV01924,47054.59,2025-07-02,1
U3838,Google Ads,CMP9367,CONV01646,10194.87,2025-01-30,1
U3846,Email Marketing,CMP6852,CONV01192,26757.83,2025-12-23,1
U3848,Instagram Ads,CMP9400,CONV00475,11845.77,2025-05-30,1
U3851,YouTube Ads,CMP0825,CONV00399,40162.43,2025-02-24,1
U3855,Email Marketing,CMP0587,CONV01737,19829.56,2025-10-12,1
U3864,YouTube Ads,CMP2149,CONV00482,19353.73,2025-10-16,1
U3866,LinkedIn Ads,CMP1950,CONV01729,40476.48,2025-08-23,1
U3870,Instagram Ads,CMP0302,CONV00544,3569.48,2025-09-22,1
U3879,YouTube Ads,CMP5923,CONV00178,27924.06,2025-09-21,1
U3892,Email Marketing,CMP2713,CONV00152,37743.36,2025-09-10,1
U3893,Email Marketing,CMP9973,CONV00358,46081.33,2025-02-23,1
U3910,YouTube Ads,CMP1098,CONV00660,24185.43,2025-11-03,1
U3913,YouTube Ads,CMP9043,CONV00093,42872.64,2025-11-02,1
U3916,Google Ads,CMP4348,CONV01598,2864.31,2025-07-25,1
U3938,Facebook Ads,CMP5065,CONV01025,28457.44,2025-06-05,1
U3940,Email Marketing,CMP2363,CONV00250,44878.03,2025-10-28,1
U3944,Google Ads,CMP1849,CONV00227,29900.24,2025-04-30,1
U3945,Email Marketing,CMP6970,CONV01225,38809.02,2025-11-05,1
U3947,Email Marketing,CMP2435,CONV00941,34555.21,2025-08-22,1
U3956,Google Ads,CMP5864,CONV01139,15955.85,2025-10-12,1
U3961,LinkedIn Ads,CMP0624,CONV01413,22186.37,2025-08-16,1
U3963,YouTube Ads,CMP4545,CONV00696,5405.73,2025-10-04,1
U3965,Facebook Ads,CMP4863,CONV01916,26732.01,2025-07-04,1
U3966,Google Ads,CMP7967,CONV01541,44648.32,2025-09-22,1
U3969,YouTube Ads,CMP2794,CONV00199,5939.83,2025-01-17,1
U3973,LinkedIn Ads,CMP0971,CONV01358,21240.96,2025-08-07,1
U3975,Facebook Ads,CMP3471,CONV00236,10623.4,2026-01-21,1
U3978,Instagram Ads > LinkedIn Ads,CMP4117 > CMP3388,CONV01365,29758.68,2025-11-17,2
U3978,Instagram Ads > LinkedIn Ads,CMP4117 > CMP3388,CONV01629,22153.82,2025-09-16,2
U3979,LinkedIn Ads,CMP6150,CONV00063,15428.34,2025-03-15,1
U3983,Facebook Ads,CMP4411,CONV01171,16083.41,2025-07-08,1
U3993,LinkedIn Ads,CMP8729,CONV00592,19498.91,2025-10-18,1
U3997,Facebook Ads,CMP1044,CONV01303,23481.43,2025-11-13,1
U4001,Google Ads,CMP5315,CONV00099,34249.12,2025-10-04,1
U4010,Google Ads,CMP7743,CONV00683,14222.24,2025-01-17,1
U4021,Google Ads,CMP7987,CONV01508,19302.63,2025-11-30,1
U4024,Google Ads,CMP3282,CONV01601,6928.94,2025-09-26,1
U4026,YouTube Ads,CMP0631,CONV00555,49199.62,2025-09-24,1
U4029,YouTube Ads,CMP6783,CONV01012,25106.56,2025-08-02,1
U4030,Instagram Ads,CMP3588,CONV00851,9215.83,2025-04-10,1
U4034,Google Ads,CMP9750,CONV00028,31159.38,2025-11-06,1
U4042,YouTube Ads,CMP3547,CONV00652,29183.62,2025-06-04,1
U4045,Facebook Ads,CMP0122,CONV00876,28676.84,2025-10-12,1
U4050,Facebook Ads,CMP9623,CONV00855,14363.63,2025-02-01,1
U4051,Facebook Ads,CMP0001,CONV01120,1720.49,2025-05-01,1
U4054,Google Ads,CMP3587,CONV01194,9221.62,2026-01-05,1
U4056,Email Marketing,CMP2079,CONV00287,7537.5,2026-01-02,1
U4067,Google Ads,CMP9885,CONV00321,2923.06,2025-07-11,1
U4072,LinkedIn Ads,CMP8056,CONV01486,44278.41,2025-03-08,1
U4077,YouTube Ads,CMP2101,CONV01625,11927.35,2025-03-16,1
U4088,Facebook Ads,CMP7028,CONV00977,13544.77,2025-06-15,1
U4090,YouTube Ads,CMP2256,CONV00174,9709.38,2025-03-16,1
U4094,Facebook Ads,CMP5828,CONV00526,15364.97,2025-05-18,1
U4095,LinkedIn Ads,CMP3722,CONV01147,6772.44,2025-02-04,1
U4098,YouTube Ads,CMP5662,CONV00102,49968.99,2025-09-18,1
U4099,YouTube Ads,CMP1918,CONV00471,28376.85,2026-01-15,1
U4106,Facebook Ads > Email Marketing,CMP0928 > CMP6920,CONV00414,39325.69,2025-03-22,2
U4106,Facebook Ads > Email Marketing,CMP0928 > CMP6920,CONV01591,43838.29,2025-08-11,2
U4116,Facebook Ads > Facebook Ads,CMP7882 > CMP8877,CONV01637,10373.6,2026-01-04,2
U4116,Facebook Ads > Facebook Ads,CMP7882 > CMP8877,CONV01743,23303.95,2025-04-16,2
U4123,Facebook Ads,CMP6783,CONV00490,10923.29,2026-01-06,1
U4128,Facebook Ads,CMP2388,CONV01709,27302.67,2025-04-16,1
U4134,Instagram Ads,CMP7450,CONV00059,37576.7,2025-02-12,1
U4141,Google Ads,CMP8106,CONV01438,49110.8,2025-05-07,1
U4171,LinkedIn Ads,CMP7900,CONV00458,43023.14,2025-09-11,1
U4182,Instagram Ads,CMP4741,CONV01698,37932.83,2025-11-17,1
U4183,Email Marketing,CMP4577,CONV01350,27670.59,2025-07-15,1
U4187,YouTube Ads,CMP2000,CONV00734,41224.03,2025-06-11,1
U4190,Facebook Ads,CMP8176,CONV01274,42688.44,2025-08-25,1
U4194,Instagram Ads,CMP5725,CONV00139,8067.05,2025-05-06,1
U4195,Google Ads,CMP1462,CONV01033,7452.14,2025-08-18,1
U4196,Google Ads,CMP1302,CONV01301,32714.96,2025-04-11,1
U4211,Instagram Ads,CMP8838,CONV00107,43584.65,2025-09-29,1
U4216,YouTube Ads,CMP4919,CONV00904,22953.35,2025-07-26,1
U4226,Email Marketing,CMP9813,CONV00684,48725.81,2025-12-14,1
U4228,LinkedIn Ads,CMP7626,CONV00589,35130.92,2025-07-27,1
U4229,LinkedIn Ads,CMP0474,CONV01856,6974.9,2025-08-16,1
U4245,Email Marketing,CMP6253,CONV00929,6013.43,2025-03-11,1
U4250,Facebook Ads,CMP3703,CONV01240,5074.4,2026-01-04,1
U4255,Email Marketing > LinkedIn Ads,CMP7925 > CMP3453,CONV00480,12238.39,2025-04-21,2
U4255,Email Marketing > LinkedIn Ads,CMP7925 > CMP3453,CONV00570,18015.74,2025-10-01,2
U4259,Email Marketing,CMP6731,CONV01851,3262.66,2025-07-02,1
U4262,LinkedIn Ads,CMP7595,CONV01157,37408.88,2025-04-23,1
U4264,Google Ads,CMP8262,CONV01058,10586.25,2025-10-13,1
U4266,Facebook Ads,CMP7472,CONV01769,13648.7,2025-07-09,1
U4271,Email Marketing,CMP2106,CONV00952,8584.31,2025-07-29,1
U4272,LinkedIn Ads,CMP1442,CONV01320,14925.26,2025-10-13,1
U4279,Facebook Ads,CMP4497,CONV00864,41204.29,2025-01-30,1
U4286,LinkedIn Ads,CMP6956,CONV01442,14441.24,2025-10-12,1
U4291,Instagram Ads,CMP4569,CONV01875,26820.98,2025-09-02,1
U4296,YouTube Ads,CMP4333,CONV00109,32108.19,2025-11-07,1
U4302,YouTube Ads,CMP0513,CONV01155,1853.58,2025-11-22,1
U4311,Instagram Ads,CMP0224,CONV01863,21536.91,2025-03-30,1
U4312,Instagram Ads,CMP4075,CONV01371,38655.04,2025-04-10,1
U4316,Facebook Ads,CMP3246,CONV01175,23758.08,2025-10-14,1
U4322,Email Marketing,CMP9198,CONV01694,6233.51,2025-06-07,1
U4328,Instagram Ads,CMP1660,CONV00390,40752.33,2025-09-22,1
U4329,LinkedIn Ads,CMP8312,CONV01307,14126.77,2025-10-17,1
U4331,Instagram Ads,CMP7824,CONV01902,7028.57,2025-08-02,1
U4332,Instagram Ads,CMP8735,CONV00202,47888.2,2025-11-17,1
U4334,Instagram Ads,CMP0125,CONV01054,12456.94,2025-07-05,1
U4346,LinkedIn Ads,CMP3503,CONV00025,34981.28,2025-09-13,1
U4347,YouTube Ads,CMP0890,CONV01781,40636.23,2025-11-01,1
U4355,Email Marketing,CMP3742,CONV01302,37283.97,2025-11-02,1
U4361,LinkedIn Ads,CMP2519,CONV01650,44249.52,2025-10-10,1
U4372,Email Marketing,CMP0189,CONV00013,15028.26,2025-11-30,1
U4376,Email Marketing,CMP5994,CONV01972,36524.33,2025-08-07,1
U4382,Google Ads,CMP9122,CONV00128,35283.59,2025-01-24,1
U4386,Email Marketing,CMP0223,CONV01002,1168.1,2025-04-14,1
U4390,YouTube Ads,CMP3057,CONV00722,30913.9,2025-12-17,1
U4395,YouTube Ads,CMP5611,CONV01529,25919.14,2025-05-29,1
U4396,LinkedIn Ads,CMP6629,CONV01095,39393.52,2025-09-22,1
U4397,LinkedIn Ads,CMP6413,CONV01197,17322.16,2025-10-02,1
U4398,Google Ads,CMP0893,CONV01537,37279.64,2025-03-20,1
U4400,LinkedIn Ads > Google Ads,CMP8757 > CMP9735,CONV00290,27591.87,2025-06-19,2
U4400,LinkedIn Ads > Google Ads,CMP8757 > CMP9735,CONV01733,30643.58,2025-05-10,2
U4409,Google Ads,CMP6614,CONV01618,5168.59,2025-02-26,1
U4418,LinkedIn Ads,CMP3676,CONV01632,22187.4,2025-03-28,1
U4422,Facebook Ads,CMP3167,CONV00552,33731.28,2025-08-06,1
U4424,Instagram Ads,CMP0153,CONV00386,7289.59,2025-12-11,1
U4440,Email Marketing,CMP6820,CONV00641,12343.06,2025-09-30,1
U4445,Facebook Ads > Facebook Ads,CMP4186 > CMP6871,CONV00311,6410.35,2025-03-02,2
U4445,Facebook Ads > Facebook Ads,CMP4186 > CMP6871,CONV00540,47286.24,2025-01-30,2
U4455,LinkedIn Ads,CMP1298,CONV00499,26831.24,2025-06-03,1
U4456,Email Marketing,CMP4614,CONV01493,22675.46,2025-04-07,1
U4467,LinkedIn Ads,CMP4231,CONV01408,21086.42,2025-08-11,1
U4474,LinkedIn Ads,CMP7661,CONV00861,22363.58,2025-07-23,1
U4481,Facebook Ads,CMP3305,CONV01594,26672.39,2025-10-17,1
U4483,LinkedIn Ads,CMP8260,CONV00409,22915.86,2025-07-27,1
U4484,LinkedIn Ads,CMP5229,CONV00584,28201.48,2025-03-03,1
U4486,Instagram Ads > Google Ads,CMP0484 > CMP9317,CONV00549,7011.52,2025-03-19,2
U4486,Instagram Ads > Google Ads,CMP0484 > CMP9317,CONV00879,33499.52,2025-11-20,2
U4489,Email Marketing > Google Ads,CMP9175 > CMP2932,CONV01316,8440.69,2025-03-19,2
U4489,Email Marketing > Google Ads,CMP9175 > CMP2932,CONV01853,21851.33,2025-10-26,2
U4504,Email Marketing,CMP8836,CONV01738,3642.31,2025-08-03,1
U4505,YouTube Ads,CMP4158,CONV01230,2673.91,2025-12-17,1
U4507,Instagram Ads,CMP6042,CONV01628,42958.93,2025-08-20,1
U4511,Facebook Ads,CMP9285,CONV00512,3909.39,2025-11-07,1
U4512,Facebook Ads,CMP0139,CONV00367,17761.11,2025-08-13,1
U4520,LinkedIn Ads,CMP7086,CONV01364,16777.07,2025-05-30,1
U4523,LinkedIn Ads,CMP9603,CONV01318,46218.5,2025-10-06,1
U4524,YouTube Ads,CMP2533,CONV01951,3144.31,2025-06-22,1
U4527,Facebook Ads > YouTube Ads,CMP7989 > CMP3123,CONV00068,47429.1,2025-10-14,2
U4527,Facebook Ads > YouTube Ads,CMP7989 > CMP3123,CONV00091,39492.01,2025-08-09,2
U4528,YouTube Ads,CMP1394,CONV01887,7343.51,2025-08-14,1
U4530,Instagram Ads,CMP4632,CONV00369,14205.8,2025-12-14,1
U4531,Email Marketing > Email Marketing,CMP0763 > CMP8780,CONV00072,14508.44,2025-11-01,2
U4531,Email Marketing > Email Marketing,CMP0763 > CMP8780,CONV01626,32766.72,2025-03-21,2
U4542,Google Ads,CMP3357,CONV01538,11909.17,2025-06-14,1
U4546,Facebook Ads,CMP3747,CONV01953,32914.27,2025-06-15,1
U4547,LinkedIn Ads,CMP0919,CONV01233,37003.95,2025-04-20,1
U4553,Google Ads > Instagram Ads,CMP2428 > CMP0448,CONV00610,14408.11,2025-06-06,2
U4553,Google Ads > Instagram Ads,CMP2428 > CMP0448,CONV01592,21184.57,2025-05-08,2
U4554,YouTube Ads,CMP5929,CONV01799,31161.53,2025-02-14,1
U4555,Instagram Ads,CMP3734,CONV00006,18559.19,2025-09-01,1
U4563,Google Ads,CMP5182,CONV00891,2674.98,2025-12-27,1
U4572,Facebook Ads,CMP9390,CONV01913,41898.45,2025-09-01,1
U4573,Email Marketing,CMP2848,CONV00419,8465.98,2025-11-08,1
U4577,LinkedIn Ads,CMP7431,CONV01180,24918.03,2025-02-20,1
U4578,Instagram Ads,CMP9126,CONV01983,45339.26,2025-04-26,1
U4579,Email Marketing,CMP6584,CONV00921,22869.94,2026-01-15,1
U4582,Facebook Ads,CMP2746,CONV01758,36777.95,2025-10-18,1
U4585,Email Marketing,CMP0382,CONV01675,48018.6,2025-06-14,1
U4597,Email Marketing,CMP6998,CONV00981,12724.95,2025-07-27,1
U4601,LinkedIn Ads,CMP2277,CONV00449,8289.19,2025-05-08,1
U4606,Facebook Ads,CMP2282,CONV00285,16520.85,2025-11-24,1
U4615,Email Marketing,CMP9182,CONV00573,15364.06,2025-05-28,1
U4622,Facebook Ads,CMP3032,CONV00999,44320.03,2025-02-06,1
U4626,Facebook Ads,CMP2337,CONV01345,11698.06,2025-11-16,1
U4629,Facebook Ads,CMP1929,CONV01587,29173.88,2025-07-12,1
U4642,YouTube Ads,CMP3385,CONV00585,4026.52,2025-11-09,1
U4650,YouTube Ads,CMP3502,CONV00047,31153.41,2025-09-23,1
U4651,Facebook Ads,CMP0440,CONV00872,33148.71,2025-04-18,1
U4657,Instagram Ads,CMP3704,CONV01220,15634.64,2025-08-26,1
U4663,Google Ads,CMP0614,CONV00211,26453.77,2025-09-18,1
U4664,Email Marketing,CMP2424,CONV00677,48887.42,2025-07-23,1
U4665,Email Marketing,CMP4203,CONV01411,38168.97,2025-10-31,1
U4666,LinkedIn Ads,CMP4482,CONV01471,16478.78,2025-03-25,1
U4674,YouTube Ads,CMP9243,CONV01181,37986.36,2025-07-15,1
U4682,LinkedIn Ads,CMP8541,CONV00053,16325.62,2025-05-18,1
U4688,YouTube Ads,CMP9401,CONV01133,8523.43,2025-05-22,1
U4690,Instagram Ads,CMP6485,CONV00104,17939.89,2025-05-18,1
U4696,Google Ads,CMP8433,CONV01874,21536.74,2025-09-26,1
U4697,LinkedIn Ads,CMP1673,CONV01819,28765.39,2025-02-02,1
U4698,Google Ads,CMP6740,CONV00244,35044.02,2025-01-22,1
U4704,Email Marketing,CMP3131,CONV01239,28469.48,2025-04-15,1
U4708,Instagram Ads,CMP9154,CONV01749,10110.9,2025-06-03,1
U4713,Instagram Ads > Email Marketing,CMP7530 > CMP6661,CONV00101,4156.16,2026-01-12,2
U4713,Instagram Ads > Email Marketing,CMP7530 > CMP6661,CONV01525,30191.18,2025-09-25,2
U4721,LinkedIn Ads,CMP6694,CONV00079,43050.53,2025-12-30,1
U4727,Instagram Ads,CMP1943,CONV01183,5752.91,2025-05-20,1
U4729,Google Ads,CMP1170,CONV00081,34589.56,2025-09-04,1
U4730,Email Marketing,CMP3452,CONV01242,48440.28,2025-05-04,1
U4739,Email Marketing,CMP9404,CONV00608,46181.79,2025-04-19,1
U4740,YouTube Ads,CMP6943,CONV00820,3478.66,2025-12-30,1
U4741,Google Ads,CMP5790,CONV01459,47195.23,2025-04-08,1
U4746,Google Ads,CMP8256,CONV00989,39822.32,2025-02-15,1
U4750,Email Marketing > Google Ads,CMP6211 > CMP8925,CONV01052,38955.57,2025-08-21,2
U4750,Email Marketing > Google Ads,CMP6211 > CMP8925,CONV01661,4709.5,2025-06-25,2
U4752,YouTube Ads,CMP2798,CONV01123,47975.03,2025-06-13,1
U4759,Google Ads,CMP0256,CONV01406,40775.07,2025-01-29,1
U4763,LinkedIn Ads > Facebook Ads,CMP4056 > CMP3394,CONV01099,8781.58,2025-05-01,2
U4763,LinkedIn Ads > Facebook Ads,CMP4056 > CMP3394,CONV01546,43947.66,2025-05-29,2
U4765,LinkedIn Ads,CMP7075,CONV00776,24562.0,2025-02-06,1
U4766,Instagram Ads,CMP7712,CONV01167,5758.49,2025-03-24,1
U4790,Google Ads,CMP2450,CONV01437,30339.22,2026-01-25,1
U4791,Google Ads,CMP4631,CONV01148,24195.72,2025-03-11,1
U4792,Facebook Ads,CMP6669,CONV01496,44526.74,2025-04-07,1
U4820,YouTube Ads,CMP9641,CONV00418,4186.22,2025-09-17,1
U4824,Facebook Ads,CMP3186,CONV01702,28413.8,2025-04-13,1
U4829,Google Ads > Email Marketing,CMP1805 > CMP9145,CONV01015,42738.95,2025-09-22,2
U4829,Google Ads > Email Marketing,CMP1805 > CMP9145,CONV01107,11257.6,2025-02-03,2
U4832,YouTube Ads > Instagram Ads,CMP2594 > CMP9000,CONV00995,40888.15,2025-07-12,2
U4832,YouTube Ads > Instagram Ads,CMP2594 > CMP9000,CONV01294,34906.58,2025-03-25,2
U4834,LinkedIn Ads,CMP9794,CONV01531,18393.6,2025-04-25,1
U4836,LinkedIn Ads,CMP5062,CONV00106,9194.18,2025-06-21,1
U4843,Email Marketing,CMP9836,CONV01700,18625.93,2025-03-28,1
U4844,Google Ads,CMP8965,CONV01032,29037.33,2025-04-04,1
U4848,Google Ads,CMP7917,CONV00103,48908.25,2026-01-15,1
U4852,Email Marketing,CMP6931,CONV01469,32377.42,2025-01-26,1
U4872,LinkedIn Ads,CMP2224,CONV01112,27518.62,2025-10-30,1
U4874,LinkedIn Ads > Instagram Ads,CMP4950 > CMP5701,CONV00186,3465.7,2025-09-04,2
U4874,LinkedIn Ads > Instagram Ads,CMP4950 > CMP5701,CONV00276,33769.45,2025-11-21,2
U4877,Facebook Ads,CMP2942,CONV00768,23022.41,2025-07-01,1
U4886,YouTube Ads,CMP8247,CONV00381,26254.28,2025-06-14,1
U4890,Google Ads,CMP9086,CONV01695,33521.79,2025-05-19,1
U4895,Instagram Ads,CMP6149,CONV01064,28581.05,2025-01-25,1
U4898,LinkedIn Ads,CMP2264,CONV00410,16038.58,2026-01-18,1
U4903,Instagram Ads,CMP2291,CONV00196,41500.32,2025-11-17,1
U4908,Google Ads,CMP4890,CONV01560,24617.47,2025-08-04,1
U4919,LinkedIn Ads,CMP1949,CONV01505,10818.2,2025-07-08,1
U4922,LinkedIn Ads,CMP4763,CONV00765,45193.73,2025-04-13,1
U4934,Google Ads,CMP0126,CONV01852,48578.1,2025-03-19,1
U4935,YouTube Ads,CMP0617,CONV00642,28106.66,2025-07-04,1
U4938,Google Ads,CMP4332,CONV00614,46161.73,2025-09-08,1
U4940,Facebook Ads,CMP1066,CONV00839,3756.62,2025-11-30,1
U4941,Instagram Ads,CMP2424,CONV00671,46587.91,2025-03-28,1
U4945,Email Marketing,CMP6121,CONV00336,36751.43,2025-06-28,1
U4946,Google Ads > LinkedIn Ads,CMP7480 > CMP8701,CONV00292,32902.1,2025-03-31,2
U4946,Google Ads > LinkedIn Ads,CMP7480 > CMP8701,CONV00720,33341.11,2025-09-26,2
U4948,LinkedIn Ads > LinkedIn Ads,CMP4273 > CMP1657,CONV00215,1066.07,2025-11-15,2
U4948,LinkedIn Ads > LinkedIn Ads,CMP4273 > CMP1657,CONV01267,9604.55,2025-08-28,2
U4953,Email Marketing,CMP6346,CONV01513,43345.5,2025-04-22,1
U4961,Facebook Ads,CMP0439,CONV00707,38128.49,2025-12-06,1
U4969,LinkedIn Ads,CMP9560,CONV01432,45090.44,2025-02-25,1
U4970,YouTube Ads,CMP1848,CONV01520,12561.97,2025-03-27,1
U4972,LinkedIn Ads > YouTube Ads,CMP8402 > CMP0512,CONV00992,13791.48,2025-04-26,2
U4972,LinkedIn Ads > YouTube Ads,CMP8402 > CMP0512,CONV01487,28621.49,2025-08-21,2
U4990,Instagram Ads,CMP5960,CONV01759,40714.69,2025-11-24,1
U4992,Facebook Ads,CMP8123,CONV01309,32075.21,2025-03-07,1
U4995,Facebook Ads,CMP5707,CONV00535,41168.41,2025-04-22,1
U5006,Instagram Ads,CMP1351,CONV00293,32946.52,2026-01-16,1
U5017,YouTube Ads,CMP4484,CONV01599,25083.46,2025-11-22,1
U5020,Email Marketing,CMP8774,CONV01976,17413.68,2025-10-12,1
U5021,Email Marketing,CMP2668,CONV01585,40824.58,2025-06-13,1
U5023,YouTube Ads,CMP0010,CONV01503,41348.98,2025-05-21,1
U5024,LinkedIn Ads,CMP0385,CONV01439,17207.13,2025-05-23,1
U5027,Email Marketing,CMP5891,CONV00216,25374.76,2025-04-20,1
U5033,LinkedIn Ads,CMP3327,CONV01089,7790.84,2025-11-20,1
U5042,Facebook Ads,CMP9715,CONV00632,40683.02,2025-10-13,1
U5050,Instagram Ads,CMP4037,CONV00732,30487.83,2025-02-06,1
U5062,Facebook Ads,CMP4061,CONV01980,3263.91,2025-05-08,1
U5063,YouTube Ads,CMP2271,CONV00547,26428.37,2025-12-23,1
U5068,YouTube Ads > Email Marketing,CMP7658 > CMP0896,CONV00179,24193.92,2025-08-05,2
U5068,YouTube Ads > Email Marketing,CMP7658 > CMP0896,CONV00733,45206.28,2025-12-15,2
U5069,Instagram Ads,CMP1703,CONV00492,14566.68,2025-05-18,1
U5081,Facebook Ads,CMP4808,CONV00166,27380.02,2025-09-29,1
U5097,YouTube Ads,CMP9927,CONV00062,46479.91,2025-03-15,1
U5098,Email Marketing,CMP1608,CONV01969,30238.86,2026-01-21,1
U5106,Google Ads,CMP4916,CONV01357,29902.25,2025-04-19,1
U5114,Instagram Ads,CMP6750,CONV00714,34555.57,2025-11-27,1
U5122,LinkedIn Ads,CMP6810,CONV00187,17595.84,2025-06-25,1
U5124,Instagram Ads,CMP3749,CONV00962,4296.31,2025-02-23,1
U5130,Google Ads,CMP5701,CONV01937,19862.57,2025-05-20,1
U5132,Instagram Ads,CMP4932,CONV01079,19969.71,2025-10-02,1
U5133,Facebook Ads,CMP9646,CONV00618,919.57,2025-10-10,1
U5135,Facebook Ads > Google Ads,CMP9703 > CMP7497,CONV00275,19930.93,2025-11-05,2
U5135,Facebook Ads > Google Ads,CMP9703 > CMP7497,CONV00930,583.09,2025-07-15,2
U5136,Facebook Ads,CMP9985,CONV01464,37634.52,2025-10-08,1
U5148,YouTube Ads > YouTube Ads,CMP9563 > CMP7907,CONV00029,6978.47,2025-05-23,2
U5148,YouTube Ads > YouTube Ads,CMP9563 > CMP7907,CONV01467,41294.75,2025-11-26,2
U5157,Instagram Ads,CMP0820,CONV01854,37935.18,2025-08-15,1
U5158,Email Marketing,CMP7430,CONV01188,46652.22,2025-02-14,1
U5167,Facebook Ads > Instagram Ads,CMP0647 > CMP7733,CONV01313,28382.68,2025-09-12,2
U5167,Facebook Ads > Instagram Ads,CMP0647 > CMP7733,CONV01330,10484.22,2025-05-03,2
U5169,Facebook Ads,CMP6333,CONV00542,4857.02,2025-09-12,1
U5177,Google Ads,CMP3640,CONV00932,11335.76,2025-04-06,1
U5185,Google Ads,CMP5186,CONV01045,13508.73,2025-03-23,1
U5186,Instagram Ads,CMP6901,CONV00716,16459.86,2025-07-16,1
U5188,YouTube Ads,CMP6390,CONV00597,45703.61,2025-06-12,1
U5200,Facebook Ads,CMP0631,CONV01163,11783.64,2025-02-21,1
U5207,YouTube Ads,CMP1226,CONV01075,2958.16,2025-06-28,1
U5208,LinkedIn Ads,CMP4935,CONV00421,26270.01,2025-10-22,1
U5209,YouTube Ads,CMP4909,CONV01918,49079.16,2025-05-26,1
U5210,Facebook Ads,CMP2143,CONV00854,12605.21,2025-11-04,1
U5222,Facebook Ads,CMP6127,CONV00157,17096.87,2025-02-24,1
U5223,LinkedIn Ads,CMP7993,CONV01070,19460.77,2025-11-21,1
U5225,Facebook Ads > Instagram Ads,CMP0925 > CMP9035,CONV00229,33790.33,2025-11-02,2
U5225,Facebook Ads > Instagram Ads,CMP0925 > CMP9035,CONV01150,5666.72,2026-01-04,2
U5226,Google Ads > Instagram Ads,CMP8807 > CMP9070,CONV01855,25567.88,2025-05-13,2
U5226,Google Ads > Instagram Ads,CMP8807 > CMP9070,CONV01903,642.86,2025-08-29,2
U5238,LinkedIn Ads,CMP8872,CONV01273,23366.4,2025-07-20,1
U5239,Facebook Ads,CMP7134,CONV00354,28040.03,2025-02-21,1
U5246,LinkedIn Ads,CMP4319,CONV01381,47925.51,2025-10-08,1
U5248,Facebook Ads,CMP0733,CONV01405,25016.12,2025-02-25,1
U5273,YouTube Ads,CMP4597,CONV01463,11831.87,2025-12-08,1
U5277,Facebook Ads,CMP9036,CONV00515,33115.11,2025-02-27,1
U5279,YouTube Ads,CMP7786,CONV00922,43735.01,2025-02-03,1
U5284,YouTube Ads,CMP4949,CONV01111,38499.19,2025-11-01,1
U5297,YouTube Ads,CMP6562,CONV00086,25972.51,2025-03-01,1
U5298,YouTube Ads,CMP1497,CONV01224,25829.41,2025-02-23,1
U5302,LinkedIn Ads,CMP4132,CONV01590,16681.96,2025-09-18,1
U5310,LinkedIn Ads,CMP5919,CONV00446,31861.57,2025-03-02,1
U5314,YouTube Ads > Email Marketing,CMP4295 > CMP2022,CONV01866,37744.86,2025-06-09,2
U5314,YouTube Ads > Email Marketing,CMP4295 > CMP2022,CONV01999,7684.86,2025-09-14,2
U5324,Google Ads,CMP3352,CONV00553,20540.91,2025-08-24,1
U5326,YouTube Ads,CMP1320,CONV01283,28680.65,2025-11-24,1
U5338,LinkedIn Ads,CMP8306,CONV01165,41223.3,2025-11-02,1
U5340,Instagram Ads,CMP5229,CONV00262,39400.39,2025-07-23,1
U5341,Google Ads,CMP3803,CONV01761,775.7,2025-06-22,1
U5344,Facebook Ads,CMP6866,CONV00647,37018.52,2025-05-24,1
U5346,Facebook Ads,CMP2142,CONV00318,12063.76,2025-07-12,1
U5351,Email Marketing,CMP4000,CONV01266,30663.0,2025-08-02,1
U5355,YouTube Ads,CMP4994,CONV00530,8083.28,2025-10-06,1
U5364,Facebook Ads > Email Marketing,CMP0203 > CMP2998,CONV01485,37816.0,2025-09-21,2
U5364,Facebook Ads > Email Marketing,CMP0203 > CMP2998,CONV01636,28613.58,2025-12-20,2
U5365,Instagram Ads,CMP0830,CONV00189,9896.79,2025-10-28,1
U5375,Email Marketing,CMP1776,CONV00110,3629.24,2025-12-05,1
U5376,Facebook Ads > Email Marketing,CMP7701 > CMP5919,CONV00700,14538.77,2025-09-29,2
U5376,Facebook Ads > Email Marketing,CMP7701 > CMP5919,CONV01906,4903.49,2025-06-09,2
U5380,YouTube Ads,CMP4672,CONV00437,34826.18,2025-11-16,1
U5382,YouTube Ads > Email Marketing,CMP2113 > CMP4030,CONV00148,41533.47,2025-03-30,2
U5382,YouTube Ads > Email Marketing,CMP2113 > CMP4030,CONV00824,32498.94,2025-01-09,2
U5384,Facebook Ads,CMP9251,CONV00116,14225.1,2025-03-21,1
U5398,LinkedIn Ads,CMP7489,CONV01889,41787.51,2025-11-08,1
U5401,YouTube Ads,CMP2132,CONV00125,18003.1,2025-12-31,1
U5410,YouTube Ads,CMP6083,CONV01217,35896.53,2025-03-26,1
U5412,Facebook Ads,CMP8701,CONV00207,38652.92,2025-08-30,1
U5414,Email Marketing,CMP1198,CONV01326,28973.58,2025-02-21,1
U5418,YouTube Ads > Facebook Ads,CMP2199 > CMP8054,CONV00212,32590.12,2025-04-16,2
U5418,YouTube Ads > Facebook Ads,CMP2199 > CMP8054,CONV01292,28627.44,2025-09-07,2
U5421,Instagram Ads,CMP1104,CONV00436,32945.91,2025-07-05,1
U5422,Google Ads > Facebook Ads,CMP8958 > CMP1154,CONV01445,6537.93,2025-12-29,2
U5422,Google Ads > Facebook Ads,CMP8958 > CMP1154,CONV01734,36617.02,2025-02-08,2
U5423,Email Marketing,CMP2693,CONV00272,11976.85,2025-10-26,1
U5426,Email Marketing,CMP3620,CONV00339,49127.79,2025-02-14,1
U5427,YouTube Ads,CMP7361,CONV01104,47290.69,2025-07-28,1
U5429,Email Marketing > Instagram Ads,CMP6401 > CMP3642,CONV00374,15055.53,2025-08-06,2
U5429,Email Marketing > Instagram Ads,CMP6401 > CMP3642,CONV01027,5499.64,2025-08-22,2
U5433,Instagram Ads,CMP6115,CONV01340,36880.07,2025-01-19,1
U5436,YouTube Ads,CMP3812,CONV00334,6959.23,2025-12-03,1
U5439,Email Marketing,CMP0600,CONV00167,18716.95,2025-06-17,1
U5440,Instagram Ads,CMP5585,CONV00402,23920.12,2025-11-04,1
U5450,Facebook Ads,CMP7497,CONV00377,31907.7,2025-11-20,1
U5451,Google Ads,CMP2654,CONV00623,13600.91,2025-02-14,1
U5469,Google Ads,CMP1613,CONV00863,12876.17,2025-05-04,1
U5470,YouTube Ads,CMP2096,CONV01684,25118.91,2025-09-22,1
U5473,LinkedIn Ads,CMP3020,CONV01857,11830.65,2025-11-07,1
U5478,Email Marketing,CMP0886,CONV00645,5668.84,2025-11-13,1
U5483,LinkedIn Ads,CMP4635,CONV00146,28119.18,2025-02-15,1
U5484,Email Marketing,CMP1714,CONV01245,5460.28,2025-07-21,1
U5487,Facebook Ads > Google Ads,CMP8256 > CMP1390,CONV01008,21549.61,2025-12-02,2
U5487,Facebook Ads > Google Ads,CMP8256 > CMP1390,CONV01712,19071.98,2025-01-15,2
U5490,YouTube Ads,CMP1900,CONV01260,39381.99,2025-10-14,1
U5500,YouTube Ads,CMP7658,CONV00847,16766.64,2025-11-15,1
U5515,LinkedIn Ads,CMP4356,CONV00919,17482.33,2025-07-19,1
U5522,Facebook Ads,CMP6271,CONV01374,8381.26,2025-08-18,1
U5524,Facebook Ads,CMP3909,CONV00888,3626.99,2025-05-09,1
U5525,Email Marketing,CMP0152,CONV01593,38692.62,2025-01-18,1
U5528,LinkedIn Ads,CMP1634,CONV01397,41672.62,2025-09-15,1
U5531,YouTube Ads > Google Ads,CMP6224 > CMP3925,CONV00240,32263.88,2025-05-27,2
U5531,YouTube Ads > Google Ads,CMP6224 > CMP3925,CONV01604,41841.97,2025-03-21,2
U5536,LinkedIn Ads,CMP6543,CONV01247,15358.58,2025-10-04,1
U5545,Google Ads,CMP1658,CONV00852,12387.42,2025-05-13,1
U5550,YouTube Ads,CMP4749,CONV00673,24209.57,2025-12-20,1
U5559,Email Marketing,CMP2859,CONV01127,39441.49,2025-09-01,1
U5564,Google Ads,CMP8002,CONV00717,18485.05,2025-04-09,1
U5568,Email Marketing,CMP5007,CONV00868,34445.26,2025-05-08,1
U5570,Facebook Ads,CMP0694,CONV01674,15044.74,2025-11-05,1
U5574,Facebook Ads,CMP8763,CONV01607,40460.11,2025-08-12,1
U5586,Email Marketing,CMP1504,CONV00130,36219.0,2025-04-15,1
U5592,Instagram Ads,CMP2101,CONV00713,17584.58,2025-07-25,1
U5595,Email Marketing > Email Marketing,CMP0046 > CMP2681,CONV01664,26036.59,2025-03-03,2
U5595,Email Marketing > Email Marketing,CMP0046 > CMP2681,CONV01985,22513.12,2025-03-31,2
U5601,Google Ads,CMP4832,CONV00343,36733.26,2025-04-15,1
U5609,Facebook Ads,CMP4452,CONV01544,25624.19,2025-06-26,1
U5611,LinkedIn Ads,CMP6504,CONV01038,35263.4,2025-11-21,1
U5614,Instagram Ads,CMP9118,CONV00823,35533.83,2025-11-30,1
U5615,Facebook Ads,CMP9547,CONV00454,3907.72,2025-09-02,1
U5616,Google Ads,CMP7337,CONV01807,4679.53,2026-01-12,1
U5637,YouTube Ads,CMP5130,CONV01168,29342.97,2025-05-12,1
U5643,Email Marketing,CMP2870,CONV00231,39397.33,2025-12-06,1
U5654,Instagram Ads > Email Marketing,CMP8466 > CMP7754,CONV00448,30408.44,2025-09-23,2
U5654,Instagram Ads > Email Marketing,CMP8466 > CMP7754,CONV01589,42135.51,2025-02-28,2
U5655,Email Marketing,CMP7368,CONV01421,46011.61,2025-11-26,1
U5658,Email Marketing,CMP9070,CONV00411,32679.28,2026-01-10,1
U5670,Facebook Ads,CMP4983,CONV00182,4403.57,2025-09-29,1
U5675,Instagram Ads,CMP2400,CONV00205,37493.26,2025-08-21,1
U5682,LinkedIn Ads > YouTube Ads,CMP6835 > CMP8392,CONV00778,1529.94,2025-08-27,2
U5682,LinkedIn Ads > YouTube Ads,CMP6835 > CMP8392,CONV01736,25622.98,2025-09-19,2
U5686,Google Ads,CMP0832,CONV01926,29615.93,2025-12-16,1
U5689,LinkedIn Ads,CMP9241,CONV00495,40333.03,2025-09-18,1
U5691,Facebook Ads > YouTube Ads,CMP1760 > CMP5910,CONV00510,1556.97,2025-08-25,2
U5691,Facebook Ads > YouTube Ads,CMP1760 > CMP5910,CONV01368,23306.78,2025-12-25,2
U5694,Instagram Ads,CMP9005,CONV00469,48171.33,2025-06-05,1
U5696,Google Ads,CMP7495,CONV01352,27888.28,2025-07-07,1
U5703,YouTube Ads,CMP5051,CONV01803,42253.51,2025-08-09,1
U5704,Instagram Ads,CMP8609,CONV01129,20486.81,2025-10-28,1
U5724,YouTube Ads,CMP7629,CONV01782,37129.07,2026-01-08,1
U5725,Facebook Ads,CMP8277,CONV00422,16928.23,2025-05-05,1
U5729,LinkedIn Ads,CMP1772,CONV00039,1671.39,2025-06-12,1
U5734,Facebook Ads,CMP6154,CONV01795,37234.55,2025-08-03,1
U5745,Google Ads,CMP7194,CONV00284,21694.27,2026-01-18,1
U5746,Email Marketing,CMP2834,CONV01236,28624.58,2025-03-24,1
U5752,YouTube Ads > Facebook Ads,CMP6288 > CMP0575,CONV01507,19308.38,2026-01-16,2
U5752,YouTube Ads > Facebook Ads,CMP6288 > CMP0575,CONV01991,38890.49,2026-01-04,2
U5754,Instagram Ads,CMP6529,CONV00040,34136.15,2025-12-21,1
U5758,Instagram Ads,CMP7901,CONV00821,42113.87,2025-11-29,1
U5760,YouTube Ads > LinkedIn Ads,CMP2029 > CMP0196,CONV00619,12968.86,2025-04-24,2
U5760,YouTube Ads > LinkedIn Ads,CMP2029 > CMP0196,CONV00695,42370.15,2025-02-14,2
U5762,Instagram Ads,CMP4933,CONV00688,26149.45,2025-03-26,1
U5769,Facebook Ads,CMP8130,CONV01136,28155.52,2025-07-06,1
U5772,Google Ads,CMP9717,CONV01108,12945.96,2025-12-16,1
U5780,Google Ads,CMP8302,CONV00712,1893.28,2025-05-27,1
U5786,Email Marketing,CMP3611,CONV00473,35190.52,2025-09-30,1
U5795,Instagram Ads,CMP0654,CONV00037,37599.14,2025-11-12,1
U5798,Email Marketing,CMP6259,CONV00616,32777.26,2025-08-18,1
U5799,Instagram Ads,CMP0943,CONV00969,44564.72,2025-03-01,1
U5818,Instagram Ads,CMP0943,CONV01678,29562.52,2025-05-08,1
U5822,Facebook Ads,CMP7129,CONV01810,21759.5,2025-08-25,1
U5833,Instagram Ads,CMP2220,CONV00686,26715.81,2025-02-23,1
U5834,Instagram Ads,CMP3926,CONV00920,23117.5,2025-07-11,1
U5847,Email Marketing > Facebook Ads,CMP7983 > CMP2072,CONV00337,40815.48,2025-05-07,2
U5847,Email Marketing > Facebook Ads,CMP7983 > CMP2072,CONV00493,48761.59,2025-07-03,2
U5849,Google Ads,CMP1259,CONV01149,15484.59,2025-05-04,1
U5853,Facebook Ads,CMP0340,CONV01102,29090.42,2025-10-04,1
U5854,Instagram Ads > LinkedIn Ads,CMP7320 > CMP0035,CONV01264,20112.62,2025-01-24,2
U5854,Instagram Ads > LinkedIn Ads,CMP7320 > CMP0035,CONV01581,2501.28,2026-01-05,2
U5855,Google Ads,CMP2779,CONV01007,6358.37,2025-03-10,1
U5861,Email Marketing,CMP1037,CONV00430,39451.15,2025-09-24,1
U5862,Google Ads,CMP0723,CONV00844,27286.61,2025-06-13,1
U5863,Facebook Ads,CMP0154,CONV00828,30865.41,2025-04-18,1
U5874,Google Ads > Email Marketing,CMP2073 > CMP3644,CONV00372,8914.34,2025-10-08,2
U5874,Google Ads > Email Marketing,CMP2073 > CMP3644,CONV01897,29076.96,2025-09-16,2
U5876,LinkedIn Ads,CMP2918,CONV00649,6796.98,2025-06-10,1
U5877,Instagram Ads,CMP3869,CONV00114,9895.52,2025-02-04,1
U5879,Facebook Ads > Facebook Ads,CMP4976 > CMP2847,CONV00332,35177.76,2025-11-29,2
U5879,Facebook Ads > Facebook Ads,CMP4976 > CMP2847,CONV00782,8350.97,2025-06-09,2
U5886,LinkedIn Ads,CMP5536,CONV00382,45951.17,2025-04-19,1
U5887,YouTube Ads,CMP3922,CONV00237,25884.42,2025-06-22,1
U5894,Email Marketing,CMP8452,CONV00467,48794.47,2025-05-05,1
U5897,Facebook Ads > Google Ads > Email Marketing,CMP1888 > CMP5910 > CMP2158,CONV00255,4821.21,2025-06-01,3
U5897,Facebook Ads > Google Ads > Email Marketing,CMP1888 > CMP5910 > CMP2158,CONV00850,10292.34,2025-01-28,3
U5897,Facebook Ads > Google Ads > Email Marketing,CMP1888 > CMP5910 > CMP2158,CONV01954,10216.01,2025-10-23,3
U5902,YouTube Ads > Email Marketing,CMP9748 > CMP6368,CONV00541,43436.82,2025-03-17,2
U5902,YouTube Ads > Email Marketing,CMP9748 > CMP6368,CONV00567,15315.08,2025-01-30,2
U5903,Facebook Ads,CMP7676,CONV00780,10756.83,2025-09-21,1
U5908,Instagram Ads,CMP1915,CONV00751,43908.35,2025-08-28,1
U5909,YouTube Ads,CMP4699,CONV00788,8004.76,2025-12-13,1
U5911,Email Marketing,CMP9862,CONV00771,33917.56,2026-01-14,1
U5920,Google Ads,CMP0295,CONV01691,30567.66,2025-08-14,1
U5926,Google Ads,CMP6202,CONV00005,3942.98,2025-11-13,1
U5936,Facebook Ads,CMP0441,CONV01255,578.78,2025-07-13,1
U5940,Facebook Ads,CMP1525,CONV01615,38515.94,2025-03-10,1
U5941,Google Ads,CMP8625,CONV00149,17415.75,2025-07-02,1
U5954,Email Marketing,CMP7878,CONV01289,25822.21,2025-08-13,1
U5962,Facebook Ads,CMP4768,CONV00443,12324.6,2025-10-15,1
U5968,YouTube Ads > Instagram Ads,CMP5466 > CMP6447,CONV01751,4866.26,2025-04-27,2
U5968,YouTube Ads > Instagram Ads,CMP5466 > CMP6447,CONV01920,28446.27,2025-08-15,2
U5981,YouTube Ads,CMP9668,CONV00931,33355.27,2026-01-01,1
U5994,YouTube Ads,CMP4270,CONV00442,38721.17,2025-08-12,1
U6000,YouTube Ads,CMP9748,CONV01928,11914.68,2025-12-20,1
U6011,YouTube Ads,CMP9007,CONV00282,36089.52,2025-10-22,1
U6020,Google Ads,CMP4397,CONV01867,17257.69,2025-05-31,1
U6021,Email Marketing,CMP5081,CONV00762,22549.4,2025-10-02,1
U6022,Email Marketing,CMP5096,CONV00217,47889.35,2025-11-26,1
U6034,Facebook Ads > Instagram Ads,CMP4876 > CMP7806,CONV00763,31718.97,2025-11-13,2
U6034,Facebook Ads > Instagram Ads,CMP4876 > CMP7806,CONV01672,5652.6,2025-10-28,2
U6036,Email Marketing,CMP8026,CONV00197,49004.95,2025-07-07,1
U6040,Facebook Ads,CMP6480,CONV00998,25050.08,2025-03-31,1
U6053,Google Ads,CMP5879,CONV00445,10735.32,2025-05-29,1
U6055,YouTube Ads > YouTube Ads,CMP8845 > CMP1087,CONV01185,21611.88,2025-04-29,2
U6055,YouTube Ads > YouTube Ads,CMP8845 > CMP1087,CONV01526,23493.1,2025-06-17,2
U6069,YouTube Ads,CMP0287,CONV01418,5637.73,2025-01-27,1
U6077,Email Marketing > YouTube Ads,CMP7230 > CMP8267,CONV00749,29234.1,2025-03-17,2
U6077,Email Marketing > YouTube Ads,CMP7230 > CMP8267,CONV01641,1079.04,2025-03-09,2
U6083,Google Ads,CMP4418,CONV01566,17035.03,2025-02-01,1
U6097,Google Ads,CMP8086,CONV01572,28149.15,2025-09-26,1
U6100,Instagram Ads,CMP5622,CONV00481,22811.09,2025-07-24,1
U6109,Google Ads,CMP1594,CONV01488,32854.49,2025-02-17,1
U6117,Google Ads > Email Marketing,CMP9080 > CMP1375,CONV00163,18176.15,2025-05-12,2
U6117,Google Ads > Email Marketing,CMP9080 > CMP1375,CONV00819,12635.49,2025-11-03,2
U6119,YouTube Ads,CMP3471,CONV00018,6489.71,2025-08-20,1
U6120,Google Ads,CMP7969,CONV01323,49784.9,2025-02-08,1
U6125,YouTube Ads,CMP2856,CONV01932,7752.14,2025-12-29,1
U6126,Instagram Ads,CMP8343,CONV00857,35924.67,2025-10-12,1
U6127,Facebook Ads,CMP7809,CONV00551,23955.42,2025-04-10,1
U6133,Google Ads > Facebook Ads,CMP7986 > CMP8661,CONV00971,44663.57,2025-06-20,2
U6133,Google Ads > Facebook Ads,CMP7986 > CMP8661,CONV01696,3143.32,2025-12-02,2
U6140,LinkedIn Ads,CMP7201,CONV00731,27514.38,2026-01-09,1
U6141,LinkedIn Ads,CMP5955,CONV01426,19945.06,2025-12-11,1
U6145,Google Ads,CMP2031,CONV01472,21995.85,2025-10-19,1
U6147,LinkedIn Ads,CMP7703,CONV01441,25872.92,2025-07-16,1
U6149,Instagram Ads,CMP0384,CONV01277,30552.53,2025-10-30,1
U6155,Instagram Ads,CMP6888,CONV00224,43790.41,2025-02-15,1
U6158,Google Ads,CMP4355,CONV01366,46299.53,2025-11-19,1
U6159,YouTube Ads,CMP9385,CONV01699,27858.58,2025-12-22,1
U6170,Instagram Ads,CMP3711,CONV01846,31015.17,2025-06-02,1
U6177,Facebook Ads,CMP6144,CONV01936,898.47,2025-03-27,1
U6182,LinkedIn Ads,CMP6842,CONV00807,30482.63,2025-09-25,1
U6202,YouTube Ads,CMP4315,CONV00447,44962.22,2025-07-09,1
U6210,Instagram Ads,CMP1420,CONV00067,42622.17,2025-06-27,1
U6213,Facebook Ads,CMP5402,CONV01199,45655.31,2025-03-12,1
U6226,Facebook Ads,CMP4840,CONV00254,37112.94,2026-01-10,1
U6251,Google Ads,CMP2959,CONV01849,6112.73,2026-01-06,1
U6252,LinkedIn Ads > YouTube Ads,CMP8900 > CMP1563,CONV00504,35876.78,2025-01-19,2
U6252,LinkedIn Ads > YouTube Ads,CMP8900 > CMP1563,CONV00528,38659.62,2025-02-21,2
U6253,Email Marketing,CMP2505,CONV00012,12945.0,2025-11-19,1
U6268,LinkedIn Ads,CMP0871,CONV01092,9877.76,2025-08-10,1
U6278,LinkedIn Ads,CMP6844,CONV01963,46528.15,2025-05-02,1
U6286,YouTube Ads,CMP8857,CONV00709,19128.66,2025-09-02,1
U6288,Email Marketing,CMP6909,CONV01834,13609.15,2025-10-26,1
U6292,LinkedIn Ads,CMP1194,CONV00049,7804.78,2025-10-03,1
U6293,LinkedIn Ads,CMP6132,CONV00906,49382.34,2025-09-10,1
U6295,Instagram Ads,CMP7531,CONV00630,34946.17,2026-01-02,1
U6304,LinkedIn Ads > LinkedIn Ads,CMP6999 > CMP2946,CONV00603,21526.21,2025-07-01,2
U6304,LinkedIn Ads > LinkedIn Ads,CMP6999 > CMP2946,CONV01006,45129.93,2026-01-02,2
U6306,LinkedIn Ads,CMP1561,CONV00397,49395.69,2025-03-19,1
U6309,Facebook Ads > Instagram Ads,CMP4563 > CMP6915,CONV01011,21479.69,2025-07-22,2
U6309,Facebook Ads > Instagram Ads,CMP4563 > CMP6915,CONV01347,10295.86,2025-11-25,2
U6314,LinkedIn Ads,CMP9905,CONV01966,41784.15,2025-03-12,1
U6318,LinkedIn Ads,CMP5315,CONV01455,7401.89,2025-08-13,1
U6323,Google Ads,CMP3995,CONV00424,14500.04,2025-06-10,1
U6326,Instagram Ads,CMP0716,CONV00094,25018.77,2025-12-07,1
U6329,Google Ads,CMP3586,CONV01110,5357.87,2025-08-13,1
U6338,YouTube Ads,CMP1164,CONV00301,27544.63,2025-10-24,1
U6348,Google Ads,CMP5437,CONV01390,23983.17,2025-08-24,1
U6350,Email Marketing,CMP8371,CONV00416,48308.74,2025-08-03,1
U6351,LinkedIn Ads,CMP6166,CONV01253,46795.49,2025-03-19,1
U6355,Facebook Ads,CMP0663,CONV01784,28846.96,2025-12-22,1
U6359,LinkedIn Ads,CMP7112,CONV01156,49549.11,2025-12-31,1
U6374,YouTube Ads,CMP3497,CONV01600,9273.22,2025-11-04,1
U6379,Instagram Ads,CMP1491,CONV01284,10055.06,2025-11-08,1
U6388,Google Ads,CMP4127,CONV01673,18996.42,2025-03-31,1
U6389,Email Marketing,CMP0321,CONV01890,4154.37,2025-09-02,1
U6391,Email Marketing,CMP7860,CONV01317,12867.38,2026-01-07,1
U6398,Facebook Ads,CMP8155,CONV00626,16826.63,2025-05-29,1
U6402,Google Ads > Facebook Ads,CMP4426 > CMP0652,CONV01519,25754.7,2025-01-06,2
U6402,Google Ads > Facebook Ads,CMP4426 > CMP0652,CONV01715,47175.08,2025-04-22,2
U6426,Instagram Ads,CMP2951,CONV01193,24307.47,2025-11-06,1
U6428,Email Marketing,CMP2051,CONV01022,30451.63,2025-04-07,1
U6437,Google Ads,CMP6344,CONV00545,36629.54,2025-12-19,1
U6438,Google Ads > Email Marketing,CMP6705 > CMP4347,CONV00346,24801.94,2025-10-21,2
U6438,Google Ads > Email Marketing,CMP6705 > CMP4347,CONV00405,39180.31,2025-05-13,2
U6445,Facebook Ads,CMP7046,CONV01056,6879.09,2025-02-16,1
U6452,Instagram Ads,CMP4638,CONV00937,37737.19,2025-03-09,1
U6474,Google Ads,CMP9938,CONV00431,8238.01,2025-12-12,1
U6476,Email Marketing > LinkedIn Ads,CMP9723 > CMP9718,CONV00133,10618.94,2025-12-03,2
U6476,Email Marketing > LinkedIn Ads,CMP9723 > CMP9718,CONV01943,12393.33,2025-02-14,2
U6480,Instagram Ads,CMP6179,CONV01409,22731.85,2025-02-12,1
U6485,Facebook Ads,CMP2501,CONV01478,14837.15,2025-01-10,1
U6493,Email Marketing,CMP0452,CONV01386,15836.35,2025-05-13,1
U6494,Instagram Ads > YouTube Ads,CMP5469 > CMP2613,CONV01499,6038.06,2025-02-27,2
U6494,Instagram Ads > YouTube Ads,CMP5469 > CMP2613,CONV01578,21790.23,2025-11-05,2
U6495,Email Marketing,CMP0984,CONV01020,22987.68,2025-08-27,1
U6500,Instagram Ads,CMP1246,CONV00252,14029.69,2025-07-01,1
U6508,YouTube Ads,CMP1321,CONV01480,863.82,2025-05-09,1
U6512,LinkedIn Ads,CMP1887,CONV00108,39638.76,2025-10-13,1
U6513,Google Ads,CMP2530,CONV00096,16764.0,2025-12-20,1
U6524,LinkedIn Ads,CMP1754,CONV01833,2735.8,2025-04-23,1
U6525,Instagram Ads,CMP3300,CONV00902,22348.12,2025-07-29,1
U6533,LinkedIn Ads,CMP3523,CONV00123,15971.14,2025-08-11,1
U6544,LinkedIn Ads,CMP8595,CONV01215,22056.23,2025-01-14,1
U6548,Facebook Ads,CMP5817,CONV00267,1022.11,2025-06-27,1
U6549,Facebook Ads,CMP8449,CONV01670,33813.49,2025-05-22,1
U6566,Google Ads,CMP4052,CONV01203,13864.93,2025-03-11,1
U6567,Instagram Ads,CMP5568,CONV00129,31842.01,2025-02-05,1
U6571,Facebook Ads,CMP7577,CONV00742,13377.81,2025-11-15,1
U6574,LinkedIn Ads,CMP7405,CONV01859,3832.95,2025-03-10,1
U6577,Email Marketing,CMP9236,CONV01973,36167.32,2025-11-05,1
U6582,Email Marketing,CMP6292,CONV01259,21536.57,2025-08-28,1
U6587,Facebook Ads,CMP1034,CONV00637,29010.37,2025-06-20,1
U6590,YouTube Ads,CMP3851,CONV01756,16879.21,2025-04-19,1
U6591,Email Marketing,CMP9795,CONV00228,11254.83,2025-09-09,1
U6603,Email Marketing,CMP2265,CONV01813,15874.76,2025-08-11,1
U6606,Email Marketing,CMP5186,CONV01234,3543.43,2025-08-08,1
U6607,LinkedIn Ads,CMP1762,CONV00192,3032.31,2025-07-24,1
U6608,Google Ads,CMP5445,CONV01915,3901.68,2025-05-22,1
U6619,Instagram Ads,CMP0130,CONV00793,44435.2,2025-09-05,1
U6621,Facebook Ads,CMP4896,CONV00370,7426.51,2025-12-05,1
U6627,Google Ads,CMP8477,CONV01258,6872.61,2025-01-23,1
U6630,Facebook Ads,CMP1245,CONV01376,17338.12,2025-05-26,1
U6637,Email Marketing,CMP4130,CONV01041,35754.23,2025-03-10,1
U6643,Google Ads,CMP2407,CONV00452,1421.69,2025-11-26,1
U6644,Google Ads,CMP0269,CONV00633,32865.57,2025-03-18,1
U6650,Email Marketing,CMP5967,CONV01296,8935.3,2025-09-13,1
U6652,Google Ads,CMP9639,CONV01619,8360.94,2025-11-04,1
U6653,Instagram Ads,CMP3729,CONV01373,32154.01,2025-07-04,1
U6657,Facebook Ads,CMP4873,CONV00735,4464.68,2025-02-11,1
U6663,LinkedIn Ads > Facebook Ads,CMP2208 > CMP6324,CONV01681,47832.42,2025-02-16,2
U6663,LinkedIn Ads > Facebook Ads,CMP2208 > CMP6324,CONV01836,6690.36,2025-06-06,2
U6667,Instagram Ads,CMP8700,CONV01614,16723.82,2025-02-03,1
U6671,Instagram Ads > Facebook Ads,CMP4992 > CMP0679,CONV01387,29550.19,2025-04-11,2
U6671,Instagram Ads > Facebook Ads,CMP4992 > CMP0679,CONV01957,642.85,2025-06-05,2
U6672,YouTube Ads > LinkedIn Ads,CMP3192 > CMP8273,CONV01306,31740.85,2025-11-14,2
U6672,YouTube Ads > LinkedIn Ads,CMP3192 > CMP8273,CONV01682,26461.47,2025-10-10,2
U6673,Google Ads,CMP4181,CONV01689,1552.08,2025-02-16,1
U6693,Instagram Ads,CMP9922,CONV01174,29012.58,2025-08-24,1
U6702,LinkedIn Ads,CMP9319,CONV01034,22320.97,2025-11-30,1
U6706,Google Ads,CMP2574,CONV00345,46315.89,2026-01-09,1
U6707,LinkedIn Ads,CMP8678,CONV00789,34268.83,2025-09-22,1
U6724,Instagram Ads,CMP7226,CONV00200,23844.47,2025-10-11,1
U6732,Google Ads > LinkedIn Ads,CMP7450 > CMP9469,CONV00604,2156.36,2025-10-08,2
U6732,Google Ads > LinkedIn Ads,CMP7450 > CMP9469,CONV00873,6892.31,2025-08-02,2
U6739,Google Ads,CMP1626,CONV01051,37710.47,2025-03-24,1
U6743,Instagram Ads,CMP8648,CONV01623,12827.02,2025-11-20,1
U6746,Facebook Ads > LinkedIn Ads,CMP3879 > CMP2689,CONV00038,12784.28,2025-12-14,2
U6746,Facebook Ads > LinkedIn Ads,CMP3879 > CMP2689,CONV00297,43068.14,2025-11-14,2
U6753,YouTube Ads,CMP1781,CONV01427,17215.32,2025-02-24,1
U6772,LinkedIn Ads,CMP3639,CONV01764,6921.96,2025-04-14,1
U6776,Instagram Ads,CMP3882,CONV00230,28057.55,2025-06-21,1
U6798,YouTube Ads,CMP1003,CONV01338,9144.56,2025-04-07,1
U6801,LinkedIn Ads,CMP1510,CONV01342,42917.33,2025-10-27,1
U6805,Google Ads,CMP0348,CONV01005,11603.48,2025-03-21,1
U6812,Instagram Ads,CMP5960,CONV00787,40552.69,2025-01-14,1
U6814,Email Marketing,CMP7975,CONV00602,46550.4,2025-09-10,1
U6815,Google Ads,CMP8052,CONV00518,41270.33,2025-07-16,1
U6824,Facebook Ads,CMP5985,CONV01018,37306.12,2025-04-10,1
U6838,YouTube Ads,CMP8613,CONV00690,41032.81,2025-09-22,1
U6844,Instagram Ads,CMP1276,CONV00136,1532.4,2025-06-08,1
U6852,YouTube Ads,CMP3310,CONV00987,44633.54,2025-11-02,1
U6859,Facebook Ads,CMP9663,CONV00351,46849.89,2025-10-20,1
U6870,Email Marketing,CMP1616,CONV01576,4515.9,2025-10-23,1
U6878,Facebook Ads,CMP6316,CONV00455,9282.4,2025-04-15,1
U6888,Google Ads,CMP6195,CONV01649,8297.95,2025-02-27,1
U6898,Instagram Ads,CMP9648,CONV00118,3646.12,2025-10-11,1
U6899,Google Ads,CMP3252,CONV00973,33477.14,2025-07-19,1
U6902,Google Ads,CMP4562,CONV01356,7237.93,2025-10-01,1
U6913,Facebook Ads,CMP1791,CONV00023,12865.42,2025-05-03,1
U6921,LinkedIn Ads,CMP8056,CONV00736,13418.02,2025-02-23,1
U6927,Google Ads,CMP0384,CONV00796,3467.31,2025-09-27,1
U6929,Instagram Ads,CMP2004,CONV00730,9170.14,2025-04-30,1
U6930,LinkedIn Ads,CMP6298,CONV00911,34745.92,2025-04-11,1
U6974,YouTube Ads,CMP1963,CONV01612,5775.43,2025-06-30,1
U6981,Email Marketing,CMP3366,CONV00460,13434.49,2025-12-17,1
U6987,Email Marketing,CMP6459,CONV01000,32433.38,2025-05-18,1
U6989,Email Marketing,CMP1582,CONV01351,6748.29,2025-12-02,1
U6996,Email Marketing,CMP7651,CONV00622,38620.92,2025-12-29,1
U7012,Email Marketing,CMP5112,CONV00701,42132.38,2025-04-22,1
U7019,Google Ads,CMP9838,CONV00064,25545.06,2025-12-15,1
U7028,LinkedIn Ads,CMP4950,CONV01842,43715.57,2025-07-04,1
U7033,Google Ads,CMP8783,CONV00161,12407.93,2025-01-14,1
U7036,Facebook Ads > Instagram Ads,CMP1647 > CMP8692,CONV00298,14209.9,2025-06-13,2
U7036,Facebook Ads > Instagram Ads,CMP1647 > CMP8692,CONV01072,4095.7,2025-04-27,2
U7042,YouTube Ads,CMP3523,CONV01305,22410.77,2025-03-19,1
U7045,YouTube Ads,CMP9916,CONV01515,44935.63,2025-01-22,1
U7052,Facebook Ads,CMP5625,CONV01391,9636.04,2025-05-22,1
U7053,Email Marketing,CMP0137,CONV00497,39939.99,2025-06-16,1
U7060,Instagram Ads,CMP8574,CONV01030,34302.24,2025-01-28,1
U7065,Instagram Ads,CMP6482,CONV01723,12207.12,2025-05-28,1
U7066,LinkedIn Ads,CMP1288,CONV00693,2123.24,2025-02-12,1
U7077,LinkedIn Ads,CMP6437,CONV00531,7043.36,2025-05-31,1
U7080,YouTube Ads,CMP6408,CONV00878,33124.46,2025-09-14,1
U7087,LinkedIn Ads,CMP0033,CONV00833,34168.59,2025-08-11,1
U7089,Email Marketing,CMP9033,CONV00181,6645.98,2025-09-19,1
U7092,Instagram Ads,CMP9001,CONV01458,48470.45,2025-08-12,1
U7107,Email Marketing,CMP6101,CONV00853,7649.4,2026-01-29,1
U7108,Instagram Ads,CMP3085,CONV01404,9325.36,2025-09-29,1
U7114,Google Ads,CMP5906,CONV00507,39822.32,2025-07-04,1
U7130,Facebook Ads,CMP6029,CONV00743,6366.36,2025-09-12,1
U7131,Instagram Ads,CMP3611,CONV01542,19641.81,2025-10-30,1
U7138,Email Marketing,CMP7884,CONV01577,21004.03,2025-07-27,1
U7142,YouTube Ads,CMP1299,CONV01551,20768.49,2025-05-28,1
U7145,Email Marketing,CMP5711,CONV01068,10056.18,2025-09-25,1
U7146,Instagram Ads,CMP9181,CONV00988,26426.26,2025-03-06,1
U7153,Google Ads > Instagram Ads,CMP7176 > CMP2820,CONV01146,5053.55,2025-01-30,2
U7153,Google Ads > Instagram Ads,CMP7176 > CMP2820,CONV01251,8129.83,2025-03-05,2
U7156,YouTube Ads,CMP2816,CONV00137,29649.13,2025-03-12,1
U7166,LinkedIn Ads,CMP0336,CONV01548,13821.52,2025-06-09,1
U7168,LinkedIn Ads,CMP8893,CONV01050,31208.64,2025-12-20,1
U7169,Email Marketing,CMP5869,CONV00511,35003.37,2025-10-20,1
U7170,Facebook Ads,CMP0224,CONV01214,21497.02,2025-03-05,1
U7176,Email Marketing,CMP1750,CONV00631,10058.09,2025-05-01,1
U7178,Facebook Ads,CMP6021,CONV00702,4707.79,2025-09-29,1
U7179,Google Ads,CMP2612,CONV00394,39068.63,2025-04-22,1
U7180,Instagram Ads,CMP2171,CONV00031,30778.05,2025-10-31,1
U7186,Email Marketing,CMP7274,CONV01332,38663.69,2025-08-11,1
U7193,Instagram Ads,CMP5866,CONV01246,29010.28,2025-11-25,1
U7198,Email Marketing,CMP1015,CONV01987,46414.79,2025-10-13,1
U7204,Email Marketing,CMP8261,CONV00698,41819.74,2025-12-23,1
U7213,LinkedIn Ads,CMP0111,CONV00260,41264.99,2025-07-11,1
U7214,Instagram Ads,CMP2012,CONV01152,1553.84,2025-12-25,1
U7215,Email Marketing,CMP4080,CONV01847,28577.46,2025-07-01,1
U7220,Google Ads,CMP2760,CONV00885,35863.41,2025-07-31,1
U7234,Facebook Ads,CMP1935,CONV00786,43589.39,2025-09-21,1
U7241,LinkedIn Ads > Instagram Ads,CMP0285 > CMP0837,CONV00691,48520.52,2025-11-07,2
U7241,LinkedIn Ads > Instagram Ads,CMP0285 > CMP0837,CONV01304,5443.86,2025-03-02,2
U7246,Email Marketing,CMP5296,CONV00141,14096.35,2025-11-21,1
U7248,Facebook Ads,CMP2290,CONV01657,31875.8,2025-02-08,1
U7250,Google Ads,CMP9192,CONV00678,36536.03,2025-06-25,1
U7256,LinkedIn Ads,CMP6566,CONV01845,42465.65,2025-05-22,1
U7260,LinkedIn Ads,CMP6712,CONV00809,43364.7,2025-06-14,1
U7269,YouTube Ads,CMP3392,CONV01286,25260.64,2025-05-07,1
U7270,LinkedIn Ads,CMP1481,CONV00098,45219.49,2025-03-28,1
U7273,Instagram Ads > LinkedIn Ads > Email Marketing,CMP4844 > CMP3410 > CMP8282,CONV00170,36477.31,2025-07-28,3
U7273,Instagram Ads > LinkedIn Ads > Email Marketing,CMP4844 > CMP3410 > CMP8282,CONV00280,28487.19,2025-10-03,3
U7273,Instagram Ads > LinkedIn Ads > Email Marketing,CMP4844 > CMP3410 > CMP8282,CONV01424,17221.17,2025-08-08,3
U7275,Email Marketing,CMP8642,CONV01019,14695.07,2025-12-01,1
U7279,Instagram Ads,CMP0311,CONV00812,16361.34,2025-03-03,1
U7283,YouTube Ads,CMP1969,CONV01125,23661.4,2025-02-14,1
U7290,Email Marketing,CMP4774,CONV00489,26286.32,2025-07-19,1
U7293,Google Ads,CMP3280,CONV00176,49335.45,2025-03-07,1
U7294,YouTube Ads > Email Marketing > LinkedIn Ads,CMP1553 > CMP1330 > CMP4236,CONV00826,48615.93,2025-12-23,3
U7294,YouTube Ads > Email Marketing > LinkedIn Ads,CMP1553 > CMP1330 > CMP4236,CONV01838,21533.26,2025-11-24,3
U7294,YouTube Ads > Email Marketing > LinkedIn Ads,CMP1553 > CMP1330 > CMP4236,CONV01923,34493.51,2025-12-21,3
U7296,LinkedIn Ads > Google Ads,CMP5347 > CMP6913,CONV00667,7031.74,2025-09-17,2
U7296,LinkedIn Ads > Google Ads,CMP5347 > CMP6913,CONV00774,43059.92,2025-09-24,2
U7300,LinkedIn Ads,CMP4266,CONV01482,25834.35,2025-11-17,1
U7305,Google Ads > Email Marketing,CMP2302 > CMP2933,CONV00587,16950.44,2025-11-18,2
U7305,Google Ads > Email Marketing,CMP2302 > CMP2933,CONV01321,23682.16,2025-05-04,2
U7312,YouTube Ads > Facebook Ads,CMP6341 > CMP2657,CONV00175,34852.04,2025-05-05,2
U7312,YouTube Ads > Facebook Ads,CMP6341 > CMP2657,CONV00562,6318.92,2025-06-01,2
U7319,Google Ads,CMP1252,CONV01010,29103.22,2025-10-02,1
U7325,Email Marketing,CMP1815,CONV01627,32574.19,2025-03-18,1
U7328,Facebook Ads,CMP1923,CONV00947,6876.39,2025-06-16,1
U7330,Email Marketing,CMP7797,CONV01753,48010.11,2025-06-20,1
U7332,Google Ads,CMP3225,CONV01868,38384.82,2025-06-19,1
U7350,YouTube Ads,CMP9365,CONV01824,48812.56,2025-04-16,1
U7358,YouTube Ads,CMP2270,CONV00808,4921.09,2025-04-06,1
U7363,Email Marketing,CMP2687,CONV00560,26428.96,2025-12-03,1
U7366,Facebook Ads > Facebook Ads,CMP4388 > CMP3322,CONV00319,6476.47,2025-09-07,2
U7366,Facebook Ads > Facebook Ads,CMP4388 > CMP3322,CONV01881,12294.22,2025-04-19,2
U7369,Google Ads,CMP0742,CONV01178,24116.75,2025-08-16,1
U7372,LinkedIn Ads,CMP5934,CONV00173,38272.68,2025-07-27,1
U7374,LinkedIn Ads,CMP8271,CONV00052,32064.24,2025-06-06,1
U7379,Instagram Ads,CMP3190,CONV00193,49459.99,2025-10-30,1
U7382,Instagram Ads,CMP3085,CONV00144,4674.29,2025-03-14,1
U7386,Email Marketing,CMP5923,CONV01453,24282.22,2025-07-18,1
U7392,Instagram Ads > Facebook Ads,CMP7480 > CMP8411,CONV00156,3136.22,2025-07-14,2
U7392,Instagram Ads > Facebook Ads,CMP7480 > CMP8411,CONV01942,9710.37,2025-06-20,2
U7393,YouTube Ads,CMP3955,CONV01509,5200.21,2025-05-12,1
U7394,YouTube Ads > Instagram Ads,CMP3533 > CMP4261,CONV01688,21204.31,2025-05-23,2
U7394,YouTube Ads > Instagram Ads,CMP3533 > CMP4261,CONV01826,37003.56,2025-07-09,2
U7405,LinkedIn Ads,CMP4449,CONV00579,15464.76,2025-06-07,1
U7410,Email Marketing,CMP0398,CONV01547,17586.62,2025-01-24,1
U7426,Facebook Ads,CMP5635,CONV01349,22273.22,2025-12-08,1
U7427,LinkedIn Ads,CMP5765,CONV00737,3078.89,2026-01-11,1
U7429,Google Ads,CMP3910,CONV00305,15809.86,2025-12-03,1
U7433,Instagram Ads,CMP9454,CONV01502,37789.29,2025-04-12,1
U7450,LinkedIn Ads,CMP2931,CONV00559,34740.01,2025-03-17,1
U7458,Instagram Ads,CMP1047,CONV00308,25230.7,2025-10-07,1
U7459,Facebook Ads > Facebook Ads,CMP3910 > CMP7808,CONV01097,23992.73,2025-03-24,2
U7459,Facebook Ads > Facebook Ads,CMP3910 > CMP7808,CONV01490,14020.16,2025-10-24,2
U7461,Facebook Ads,CMP6766,CONV00500,35173.39,2025-11-28,1
U7477,LinkedIn Ads,CMP7540,CONV00877,35726.57,2025-07-06,1
U7482,Google Ads,CMP5390,CONV01370,34309.08,2025-05-21,1
U7487,Instagram Ads,CMP0942,CONV01958,45203.12,2025-08-27,1
U7490,Google Ads,CMP4935,CONV00160,45304.77,2025-02-21,1
U7512,LinkedIn Ads,CMP6047,CONV00289,18232.03,2025-11-24,1
U7514,Google Ads,CMP9318,CONV00650,17507.01,2025-08-31,1
U7517,LinkedIn Ads,CMP0051,CONV01630,20963.52,2025-10-24,1
U7518,LinkedIn Ads,CMP8888,CONV01049,27861.3,2025-08-13,1
U7527,Email Marketing,CMP3598,CONV01905,7232.62,2025-04-25,1
U7530,LinkedIn Ads,CMP9276,CONV00291,42953.75,2025-01-23,1
U7533,LinkedIn Ads,CMP0208,CONV00065,9218.78,2026-01-14,1
U7541,LinkedIn Ads,CMP2064,CONV01116,13873.65,2025-02-17,1
U7546,Instagram Ads,CMP7553,CONV01899,35450.28,2025-09-28,1
U7547,LinkedIn Ads,CMP8921,CONV00226,9829.78,2025-07-25,1
U7549,Instagram Ads,CMP6219,CONV01083,43163.8,2025-03-27,1
U7565,Email Marketing,CMP9247,CONV00058,19265.64,2025-04-10,1
U7566,Instagram Ads,CMP4033,CONV01804,2684.12,2025-08-12,1
U7577,Facebook Ads,CMP2168,CONV01556,35655.35,2025-05-28,1
U7578,YouTube Ads,CMP7107,CONV00723,37448.46,2025-04-10,1
U7590,Google Ads,CMP4099,CONV01724,8930.75,2025-09-18,1
U7599,Email Marketing > YouTube Ads,CMP7988 > CMP7525,CONV00487,8794.99,2025-12-15,2
U7599,Email Marketing > YouTube Ads,CMP7988 > CMP7525,CONV00656,9654.81,2025-04-08,2
U7602,Google Ads > Email Marketing,CMP6244 > CMP6019,CONV01053,39339.44,2025-08-12,2
U7602,Google Ads > Email Marketing,CMP6244 > CMP6019,CONV01124,1884.55,2025-08-16,2
U7603,LinkedIn Ads,CMP2911,CONV01281,45410.4,2025-12-14,1
U7641,Google Ads,CMP2332,CONV01562,44177.98,2026-01-14,1
U7643,Facebook Ads > Instagram Ads,CMP4334 > CMP2143,CONV00188,12771.98,2025-03-07,2
U7643,Facebook Ads > Instagram Ads,CMP4334 > CMP2143,CONV01160,32068.28,2025-02-05,2
U7646,YouTube Ads,CMP6472,CONV01558,39426.04,2025-12-16,1
U7663,Google Ads,CMP4407,CONV01243,6207.26,2025-06-04,1
U7673,Google Ads,CMP8741,CONV00588,34381.66,2025-03-13,1
U7679,LinkedIn Ads,CMP9973,CONV00961,47654.51,2025-10-01,1
U7680,LinkedIn Ads,CMP3439,CONV00866,4750.85,2025-09-21,1
U7700,Instagram Ads,CMP5595,CONV01527,37992.18,2025-10-15,1
U7702,Instagram Ads,CMP4738,CONV01843,38733.79,2025-09-09,1
U7704,LinkedIn Ads,CMP5657,CONV00662,41356.26,2026-01-27,1
U7714,Instagram Ads,CMP4146,CONV01231,24769.87,2025-11-23,1
U7715,LinkedIn Ads,CMP2510,CONV00218,11311.38,2025-10-10,1
U7716,Google Ads,CMP4782,CONV00348,5011.28,2025-09-25,1
U7723,Facebook Ads,CMP4927,CONV01336,32544.3,2025-01-19,1
U7737,Facebook Ads,CMP5497,CONV01974,46594.07,2025-06-07,1
U7754,Facebook Ads,CMP4706,CONV01631,22994.24,2025-10-08,1
U7757,YouTube Ads > Google Ads > YouTube Ads,CMP9703 > CMP2609 > CMP9743,CONV00936,4055.25,2025-07-21,3
U7757,YouTube Ads > Google Ads > YouTube Ads,CMP9703 > CMP2609 > CMP9743,CONV01223,39276.56,2025-04-24,3
U7757,YouTube Ads > Google Ads > YouTube Ads,CMP9703 > CMP2609 > CMP9743,CONV01611,36432.23,2025-09-21,3
U7759,YouTube Ads > LinkedIn Ads,CMP8026 > CMP6822,CONV00232,42948.29,2025-05-08,2
U7759,YouTube Ads > LinkedIn Ads,CMP8026 > CMP6822,CONV01210,28548.64,2025-10-02,2
U7762,Google Ads > Email Marketing,CMP8194 > CMP4526,CONV00195,30509.9,2025-10-09,2
U7762,Google Ads > Email Marketing,CMP8194 > CMP4526,CONV01466,651.13,2025-05-18,2
U7765,Instagram Ads,CMP0372,CONV00665,37016.61,2025-06-27,1
U7773,Google Ads,CMP4529,CONV00644,33672.06,2025-09-13,1
U7775,Google Ads,CMP5450,CONV01596,44276.21,2025-08-20,1
U7785,Facebook Ads,CMP2675,CONV01840,9735.73,2025-08-04,1
U7787,LinkedIn Ads,CMP1961,CONV00508,18884.23,2025-12-21,1
U7801,Email Marketing,CMP3955,CONV00069,22684.64,2025-11-27,1
U7804,LinkedIn Ads,CMP5350,CONV00927,7219.94,2025-12-27,1
U7823,Facebook Ads,CMP9017,CONV00208,48213.74,2025-12-10,1
U7824,YouTube Ads,CMP7021,CONV01934,34924.87,2025-05-22,1
U7830,Instagram Ads,CMP2043,CONV00917,5490.05,2025-09-07,1
U7834,Google Ads,CMP9415,CONV00627,36524.49,2025-09-06,1
U7838,Email Marketing,CMP1021,CONV00201,47855.93,2025-10-11,1
U7843,Google Ads,CMP9138,CONV01477,38047.12,2025-02-21,1
U7844,Facebook Ads,CMP1818,CONV01864,17613.1,2025-07-13,1
U7849,Email Marketing,CMP4027,CONV00327,19459.26,2025-02-14,1
U7852,Email Marketing,CMP2526,CONV00265,25577.33,2025-11-24,1
U7855,Facebook Ads,CMP1193,CONV00235,47872.48,2025-04-17,1
U7862,Facebook Ads,CMP5301,CONV00758,29913.11,2025-08-21,1
U7864,Instagram Ads,CMP7146,CONV00439,38850.96,2025-09-09,1
U7876,LinkedIn Ads,CMP2948,CONV01257,9386.14,2025-01-30,1
U7885,Email Marketing,CMP1966,CONV01750,2821.05,2025-11-19,1
U7888,Facebook Ads,CMP9392,CONV00843,12536.05,2025-12-09,1
U7889,Instagram Ads,CMP1754,CONV01117,3512.81,2026-01-12,1
U7890,Email Marketing,CMP1939,CONV00450,10929.85,2025-12-17,1
U7892,Google Ads,CMP4645,CONV00453,20832.96,2025-04-02,1
U7899,YouTube Ads,CMP1149,CONV00628,46784.59,2025-03-15,1
U7902,Google Ads,CMP9828,CONV00456,30372.0,2025-12-30,1
U7906,Email Marketing,CMP8166,CONV00090,27787.62,2025-09-11,1
U7908,Google Ads > Google Ads,CMP6132 > CMP3451,CONV00580,17335.74,2025-09-29,2
U7908,Google Ads > Google Ads,CMP6132 > CMP3451,CONV01571,45799.13,2025-02-08,2
U7910,Email Marketing,CMP9644,CONV00269,46067.1,2025-02-25,1
U7917,YouTube Ads,CMP3584,CONV00243,827.31,2025-12-21,1
U7918,Google Ads,CMP2382,CONV01379,27785.69,2025-08-31,1
U7928,LinkedIn Ads,CMP1162,CONV01911,49404.73,2025-05-14,1
U7936,Facebook Ads,CMP5528,CONV01533,27101.73,2025-05-23,1
U7939,Instagram Ads > Facebook Ads,CMP6558 > CMP6164,CONV00705,38515.98,2025-09-22,2
U7939,Instagram Ads > Facebook Ads,CMP6558 > CMP6164,CONV01190,14488.68,2025-04-12,2
U7940,LinkedIn Ads,CMP5155,CONV00279,19505.24,2025-03-28,1
U7941,YouTube Ads,CMP0439,CONV01992,36097.26,2025-06-06,1
U7951,YouTube Ads,CMP2554,CONV01297,26499.23,2025-12-03,1
U7952,Google Ads,CMP9270,CONV01895,2016.43,2025-12-06,1
U7954,Google Ads,CMP1105,CONV00020,36305.95,2025-05-18,1
U7957,Google Ads,CMP9656,CONV01814,45739.51,2025-12-09,1
U7961,Email Marketing,CMP4552,CONV00727,44877.02,2025-01-21,1
U7989,Instagram Ads,CMP8243,CONV01308,48730.54,2025-01-19,1
U8001,Facebook Ads,CMP7551,CONV00241,47883.23,2025-04-21,1
U8016,Instagram Ads,CMP7293,CONV00943,25732.55,2025-11-25,1
U8021,LinkedIn Ads,CMP9574,CONV00802,25536.4,2025-08-17,1
U8022,Instagram Ads > LinkedIn Ads,CMP7407 > CMP7455,CONV00378,21968.72,2025-02-28,2
U8022,Instagram Ads > LinkedIn Ads,CMP7407 > CMP7455,CONV01262,44513.71,2025-09-14,2
U8023,Instagram Ads,CMP0043,CONV00092,24474.9,2025-03-28,1
U8033,LinkedIn Ads > Google Ads,CMP8519 > CMP0511,CONV00120,45013.7,2026-01-10,2
U8033,LinkedIn Ads > Google Ads,CMP8519 > CMP0511,CONV00708,17508.97,2025-10-13,2
U8034,LinkedIn Ads,CMP9764,CONV01779,29189.14,2026-01-15,1
U8039,YouTube Ads,CMP8517,CONV01763,34672.85,2025-04-13,1
U8040,YouTube Ads,CMP1454,CONV01191,35644.53,2025-10-14,1
U8050,YouTube Ads,CMP4322,CONV00752,46181.21,2025-04-08,1
U8062,LinkedIn Ads,CMP1138,CONV00624,38551.01,2025-03-03,1
U8069,Instagram Ads,CMP5904,CONV01475,26471.63,2025-08-14,1
U8072,Google Ads,CMP1346,CONV01580,8018.44,2025-02-18,1
U8085,YouTube Ads,CMP1378,CONV01265,48606.71,2025-08-31,1
U8087,Email Marketing,CMP7184,CONV00502,15923.05,2025-05-17,1
U8096,Google Ads,CMP3843,CONV00389,25829.41,2025-04-10,1
U8108,YouTube Ads,CMP5207,CONV01280,46265.24,2025-08-31,1
U8109,Email Marketing,CMP3091,CONV00300,25229.34,2025-08-05,1
U8111,Instagram Ads,CMP2023,CONV00934,3411.22,2025-06-24,1
U8115,LinkedIn Ads,CMP8702,CONV00654,37777.4,2025-05-26,1
U8116,LinkedIn Ads,CMP1302,CONV01447,23725.92,2025-11-29,1
U8117,LinkedIn Ads,CMP2869,CONV00210,46338.97,2025-05-04,1
U8120,Email Marketing,CMP7853,CONV00974,16581.94,2026-01-09,1
U8130,Email Marketing,CMP6554,CONV00168,46253.37,2026-01-06,1
U8133,Google Ads,CMP4092,CONV01802,18744.02,2025-11-13,1
U8134,Google Ads,CMP2878,CONV00306,39257.86,2025-07-20,1
U8142,Google Ads,CMP8223,CONV01817,49490.05,2025-08-11,1
U8149,LinkedIn Ads,CMP6411,CONV01457,41574.02,2025-08-16,1
U8150,Facebook Ads,CMP3461,CONV00134,19320.27,2025-08-31,1
U8152,YouTube Ads,CMP3422,CONV01031,38432.71,2025-02-28,1
U8154,Facebook Ads,CMP2786,CONV00100,23326.92,2025-11-03,1
U8155,YouTube Ads,CMP1719,CONV00387,39008.97,2025-05-08,1
U8161,Instagram Ads,CMP7548,CONV01984,10102.78,2025-02-24,1
U8163,YouTube Ads,CMP9308,CONV01394,48800.83,2025-04-07,1
U8168,LinkedIn Ads,CMP8890,CONV00087,3054.78,2025-11-25,1
U8170,Google Ads,CMP3324,CONV00563,44193.79,2025-10-13,1
U8178,Instagram Ads,CMP0266,CONV01048,20814.15,2025-12-10,1
U8180,YouTube Ads,CMP4941,CONV01009,13637.35,2026-01-03,1
U8181,Instagram Ads,CMP7184,CONV00264,12480.05,2025-04-03,1
U8183,Email Marketing,CMP0484,CONV01130,38115.51,2026-01-07,1
U8187,Google Ads,CMP6607,CONV01829,39677.43,2025-12-31,1
U8190,Email Marketing,CMP5274,CONV01372,31011.93,2025-03-10,1
U8192,LinkedIn Ads,CMP9662,CONV01506,13161.22,2025-06-28,1
U8205,Email Marketing,CMP6289,CONV00251,22135.87,2025-07-23,1
U8222,Facebook Ads > Facebook Ads,CMP9403 > CMP2993,CONV01310,26754.78,2025-06-09,2
U8222,Facebook Ads > Facebook Ads,CMP9403 > CMP2993,CONV01837,44076.55,2025-05-01,2
U8227,LinkedIn Ads,CMP3861,CONV00352,28788.53,2025-11-08,1
U8231,Facebook Ads > Email Marketing,CMP5252 > CMP4053,CONV00978,49631.31,2025-11-27,2
U8231,Facebook Ads > Email Marketing,CMP5252 > CMP4053,CONV01877,43769.61,2025-10-13,2
U8248,LinkedIn Ads,CMP7945,CONV00689,44904.31,2025-05-13,1
U8251,Email Marketing,CMP9505,CONV00661,3195.77,2025-12-26,1
U8255,Google Ads,CMP7159,CONV01113,23684.75,2025-12-30,1
U8290,Instagram Ads > YouTube Ads,CMP7363 > CMP7101,CONV00513,44205.15,2025-08-02,2
U8290,Instagram Ads > YouTube Ads,CMP7363 > CMP7101,CONV01568,41323.29,2025-02-14,2
U8298,LinkedIn Ads,CMP7015,CONV01757,22388.97,2025-08-10,1
U8306,Instagram Ads,CMP9910,CONV01334,25682.4,2025-08-03,1
U8309,YouTube Ads,CMP5410,CONV00044,16646.05,2025-06-30,1
U8310,YouTube Ads,CMP8216,CONV01663,2685.25,2025-08-12,1
U8314,LinkedIn Ads > LinkedIn Ads,CMP2382 > CMP6072,CONV00672,15130.07,2025-07-17,2
U8314,LinkedIn Ads > LinkedIn Ads,CMP2382 > CMP6072,CONV01697,35523.59,2025-08-02,2
U8316,YouTube Ads,CMP1926,CONV00643,31509.98,2025-04-29,1
U8317,Instagram Ads,CMP2122,CONV01143,21860.02,2025-05-05,1
U8318,Google Ads,CMP7434,CONV00014,42162.63,2025-03-12,1
U8327,Email Marketing,CMP0368,CONV01825,46439.75,2025-02-13,1
U8329,Google Ads > Email Marketing,CMP0003 > CMP3551,CONV00401,33737.98,2025-11-14,2
U8329,Google Ads > Email Marketing,CMP0003 > CMP3551,CONV02000,37841.88,2025-01-18,2
U8337,Facebook Ads,CMP4019,CONV01574,49569.99,2025-06-04,1
U8349,LinkedIn Ads,CMP9561,CONV00011,2832.26,2025-09-13,1
U8351,Facebook Ads > Email Marketing,CMP0281 > CMP3579,CONV01621,34229.85,2025-05-31,2
U8351,Facebook Ads > Email Marketing,CMP0281 > CMP3579,CONV01633,13749.95,2025-12-06,2
U8363,Email Marketing,CMP7123,CONV00598,15062.14,2025-08-06,1
U8375,LinkedIn Ads,CMP4175,CONV01535,13652.21,2025-10-31,1
U8379,Instagram Ads,CMP9293,CONV01071,15026.94,2025-06-05,1
U8381,LinkedIn Ads,CMP3576,CONV00368,32543.43,2025-12-25,1
U8385,Facebook Ads,CMP1993,CONV01066,18562.09,2025-04-17,1
U8398,Instagram Ads > Email Marketing,CMP1395 > CMP6334,CONV00434,11429.0,2025-04-09,2
U8398,Instagram Ads > Email Marketing,CMP1395 > CMP6334,CONV01564,46731.87,2025-11-06,2
U8400,LinkedIn Ads,CMP6617,CONV00865,11732.85,2025-04-10,1
U8445,Google Ads > Facebook Ads,CMP5821 > CMP3823,CONV00784,35467.04,2025-12-05,2
U8445,Google Ads > Facebook Ads,CMP5821 > CMP3823,CONV01820,14810.74,2025-12-27,2
U8447,Google Ads,CMP3491,CONV00968,31078.56,2025-02-03,1
U8457,Instagram Ads,CMP8580,CONV00581,36366.25,2025-12-27,1
U8463,Instagram Ads,CMP8553,CONV01634,1504.83,2025-06-26,1
U8467,YouTube Ads,CMP6360,CONV01511,22860.43,2025-10-06,1
U8469,Instagram Ads,CMP4934,CONV01346,45026.84,2025-11-02,1
U8471,LinkedIn Ads > Instagram Ads > LinkedIn Ads,CMP4685 > CMP7542 > CMP2451,CONV00483,39373.98,2025-10-10,3
U8471,LinkedIn Ads > Instagram Ads > LinkedIn Ads,CMP4685 > CMP7542 > CMP2451,CONV00557,32482.02,2025-03-16,3
U8471,LinkedIn Ads > Instagram Ads > LinkedIn Ads,CMP4685 > CMP7542 > CMP2451,CONV01567,22200.69,2025-11-11,3
U8474,LinkedIn Ads,CMP4258,CONV01549,10187.76,2025-11-04,1
U8482,LinkedIn Ads,CMP2416,CONV00845,7657.72,2025-11-04,1
U8483,LinkedIn Ads,CMP4521,CONV00468,3896.55,2025-01-10,1
U8487,Google Ads,CMP0091,CONV00050,12835.31,2025-09-22,1
U8490,Google Ads,CMP9789,CONV00466,39305.99,2025-06-12,1
U8491,Google Ads > Instagram Ads,CMP3312 > CMP8233,CONV00479,916.72,2025-09-14,2
U8491,Google Ads > Instagram Ads,CMP3312 > CMP8233,CONV01412,5912.52,2025-01-26,2
U8498,Facebook Ads,CMP0744,CONV01337,23755.73,2025-03-22,1
U8503,Google Ads,CMP6793,CONV01055,8935.33,2025-11-22,1
U8509,Facebook Ads,CMP5530,CONV01690,37443.97,2026-01-04,1
U8511,LinkedIn Ads,CMP2812,CONV00949,22523.55,2025-06-18,1
U8514,Facebook Ads,CMP4777,CONV00666,29145.88,2025-12-17,1
U8516,Facebook Ads,CMP0982,CONV00316,18938.35,2025-08-23,1
U8526,Facebook Ads,CMP8282,CONV00220,10667.37,2025-09-02,1
U8531,Google Ads,CMP2936,CONV01944,23366.22,2025-04-20,1
U8535,Instagram Ads,CMP5114,CONV00506,32106.74,2025-03-10,1
U8538,Instagram Ads,CMP8798,CONV00576,34070.78,2025-06-20,1
U8539,Facebook Ads,CMP7258,CONV00505,19761.59,2026-01-06,1
U8553,Facebook Ads,CMP3033,CONV01884,19280.42,2025-07-18,1
U8557,YouTube Ads,CMP2424,CONV01662,41305.67,2025-02-18,1
U8567,Facebook Ads,CMP8722,CONV00886,33172.0,2025-11-28,1
U8584,Facebook Ads,CMP3287,CONV01392,30504.89,2025-05-29,1
U8587,Google Ads,CMP2828,CONV00145,18512.95,2025-10-24,1
U8603,YouTube Ads,CMP5799,CONV01354,27203.13,2025-02-16,1
U8606,Email Marketing,CMP9355,CONV00729,4967.31,2025-05-28,1
U8620,LinkedIn Ads,CMP2785,CONV01583,7361.49,2025-02-20,1
U8626,Google Ads,CMP2938,CONV00245,39849.35,2025-05-12,1
U8639,YouTube Ads,CMP3812,CONV01074,14263.4,2025-05-11,1
U8645,LinkedIn Ads > LinkedIn Ads,CMP3079 > CMP9571,CONV01084,33232.81,2025-05-12,2
U8645,LinkedIn Ads > LinkedIn Ads,CMP3079 > CMP9571,CONV01087,47246.88,2025-10-13,2
U8646,YouTube Ads,CMP6325,CONV01878,44392.88,2025-10-13,1
U8651,Facebook Ads,CMP6640,CONV01894,28122.49,2025-05-16,1
U8653,Email Marketing,CMP0120,CONV00965,30564.99,2026-01-16,1
U8665,Instagram Ads,CMP2135,CONV00984,32687.29,2025-11-12,1
U8669,Email Marketing,CMP9399,CONV01990,24971.67,2025-11-23,1
U8674,LinkedIn Ads,CMP8203,CONV00543,19973.29,2025-06-11,1
U8684,Google Ads,CMP7587,CONV00233,13122.28,2025-03-20,1
U8690,Facebook Ads,CMP9978,CONV00015,24685.98,2025-01-04,1
U8691,Email Marketing,CMP6223,CONV00615,46397.52,2025-08-25,1
U8723,LinkedIn Ads,CMP2236,CONV00964,1188.06,2025-12-30,1
U8731,YouTube Ads,CMP9695,CONV01651,47704.1,2025-12-18,1
U8732,Facebook Ads,CMP4495,CONV00832,28225.74,2025-11-25,1
U8733,Facebook Ads,CMP7047,CONV00548,42056.36,2025-03-06,1
U8737,YouTube Ads,CMP6658,CONV01207,1352.02,2025-10-02,1
U8738,Facebook Ads,CMP5554,CONV00798,15310.48,2025-11-22,1
U8752,Instagram Ads,CMP3181,CONV00073,48727.6,2025-03-23,1
U8753,Google Ads,CMP3732,CONV01144,34337.96,2025-11-08,1
U8766,Email Marketing > Email Marketing > Facebook Ads,CMP6099 > CMP1280 > CMP2245,CONV00607,25876.82,2025-01-21,3
U8766,Email Marketing > Email Marketing > Facebook Ads,CMP6099 > CMP1280 > CMP2245,CONV01640,49493.84,2025-02-24,3
U8766,Email Marketing > Email Marketing > Facebook Ads,CMP6099 > CMP1280 > CMP2245,CONV01783,41973.8,2025-08-14,3
U8774,Google Ads,CMP9059,CONV01200,27017.09,2025-05-09,1
U8781,Instagram Ads,CMP1365,CONV00953,36767.41,2025-05-05,1
U8783,Instagram Ads,CMP0748,CONV01198,47419.95,2025-05-05,1
U8785,LinkedIn Ads,CMP3581,CONV00892,47972.22,2025-11-07,1
U8786,Google Ads,CMP1232,CONV01725,10072.58,2025-04-20,1
U8805,Facebook Ads,CMP5825,CONV00996,36268.81,2025-12-25,1
U8807,Instagram Ads,CMP7106,CONV00945,35186.72,2025-04-17,1
U8809,LinkedIn Ads > Facebook Ads,CMP8210 > CMP9916,CONV00303,4638.06,2025-11-14,2
U8809,LinkedIn Ads > Facebook Ads,CMP8210 > CMP9916,CONV01173,29445.39,2025-05-10,2
U8812,LinkedIn Ads,CMP1288,CONV01850,21351.82,2025-10-19,1
U8822,Email Marketing,CMP5753,CONV00486,16591.97,2025-04-16,1
U8825,Google Ads,CMP9039,CONV00440,44373.62,2025-04-13,1
U8830,LinkedIn Ads,CMP2726,CONV01870,41072.56,2025-08-11,1
U8831,YouTube Ads > YouTube Ads,CMP5966 > CMP9111,CONV00514,34319.6,2025-08-11,2
U8831,YouTube Ads > YouTube Ads,CMP5966 > CMP9111,CONV00946,37772.92,2025-12-30,2
U8833,LinkedIn Ads > Google Ads > Instagram Ads,CMP9357 > CMP2609 > CMP2794,CONV00967,24414.67,2025-03-10,3
U8833,LinkedIn Ads > Google Ads > Instagram Ads,CMP9357 > CMP2609 > CMP2794,CONV01731,13612.98,2025-09-05,3
U8833,LinkedIn Ads > Google Ads > Instagram Ads,CMP9357 > CMP2609 > CMP2794,CONV01827,1771.8,2025-04-16,3
U8836,YouTube Ads,CMP4464,CONV00494,23098.9,2025-04-24,1
U8837,Facebook Ads,CMP0389,CONV00898,40171.86,2025-02-19,1
U8838,Google Ads,CMP7987,CONV00711,28331.64,2025-10-25,1
U8851,Facebook Ads,CMP8808,CONV00112,36466.66,2025-08-31,1
U8855,Instagram Ads,CMP4245,CONV01164,17811.62,2025-01-25,1
U8868,LinkedIn Ads,CMP9805,CONV01361,3984.94,2025-12-03,1
U8872,LinkedIn Ads,CMP0344,CONV01423,42086.7,2025-05-08,1
U8883,YouTube Ads,CMP9301,CONV00333,2379.21,2025-06-09,1
U8893,Instagram Ads,CMP6051,CONV01263,18165.83,2025-05-17,1
U8900,Email Marketing,CMP9184,CONV00204,17584.17,2025-08-07,1
U8901,Facebook Ads,CMP4955,CONV01115,37889.09,2025-10-29,1
U8905,YouTube Ads,CMP3796,CONV01727,1943.27,2025-12-22,1
U8908,LinkedIn Ads,CMP0421,CONV01059,1751.85,2025-03-05,1
U8932,Email Marketing,CMP6460,CONV00600,24006.13,2025-04-25,1
U8939,Instagram Ads,CMP0092,CONV01212,12169.1,2025-09-27,1
U8941,Google Ads,CMP1539,CONV01100,13050.07,2025-05-26,1
U8947,Google Ads,CMP8869,CONV01617,15228.53,2025-06-30,1
U8952,YouTube Ads,CMP8640,CONV01400,16355.66,2025-12-10,1
U8953,Google Ads,CMP8203,CONV00558,16511.32,2025-03-11,1
U8956,Facebook Ads,CMP3121,CONV00986,36404.86,2025-12-07,1
U8957,Instagram Ads,CMP1244,CONV00862,14183.04,2025-12-03,1
U8965,LinkedIn Ads,CMP3223,CONV01595,23093.6,2025-06-07,1
U8972,LinkedIn Ads,CMP3279,CONV00721,35314.92,2025-04-30,1
U8981,Facebook Ads,CMP8572,CONV00388,46689.66,2025-09-22,1
U8986,LinkedIn Ads > Email Marketing,CMP5487 > CMP5360,CONV00883,47525.91,2025-12-07,2
U8986,LinkedIn Ads > Email Marketing,CMP5487 > CMP5360,CONV01501,41058.36,2025-07-29,2
U8991,Facebook Ads,CMP0521,CONV00925,22591.19,2025-08-31,1
U9007,Facebook Ads,CMP1944,CONV01797,19674.75,2025-07-11,1
U9009,Google Ads,CMP6132,CONV01252,11018.35,2026-01-02,1
U9013,YouTube Ads > YouTube Ads,CMP1866 > CMP2592,CONV00263,47177.26,2025-01-20,2
U9013,YouTube Ads > YouTube Ads,CMP1866 > CMP2592,CONV00522,38327.13,2025-06-29,2
U9014,Facebook Ads,CMP4263,CONV00322,5544.41,2025-06-02,1
U9016,YouTube Ads > YouTube Ads,CMP5300 > CMP1837,CONV00523,22651.24,2025-05-23,2
U9016,YouTube Ads > YouTube Ads,CMP5300 > CMP1837,CONV01948,29632.79,2025-10-19,2
U9019,Google Ads,CMP8913,CONV01500,11725.73,2025-12-29,1
U9023,YouTube Ads,CMP4174,CONV01534,9851.94,2025-08-19,1
U9028,LinkedIn Ads,CMP7476,CONV01495,36892.15,2025-10-15,1
U9035,LinkedIn Ads,CMP3570,CONV01161,9400.29,2025-07-04,1
U9041,YouTube Ads > Google Ads,CMP2065 > CMP6490,CONV00795,37973.79,2025-06-14,2
U9041,YouTube Ads > Google Ads,CMP2065 > CMP6490,CONV00830,28502.5,2025-05-01,2
U9045,Email Marketing,CMP0322,CONV01815,37985.72,2025-03-03,1
U9046,LinkedIn Ads,CMP7891,CONV01588,35600.98,2025-11-25,1
U9059,LinkedIn Ads,CMP9331,CONV00871,34606.72,2025-04-16,1
U9060,Instagram Ads,CMP3758,CONV01201,42351.36,2025-06-01,1
U9061,Google Ads,CMP6287,CONV01886,12576.45,2025-06-28,1
U9063,Email Marketing,CMP5357,CONV01774,44886.97,2025-10-19,1
U9064,YouTube Ads,CMP8100,CONV01832,36281.83,2025-10-24,1
U9065,Facebook Ads,CMP8261,CONV00407,46256.36,2025-09-03,1
U9071,Instagram Ads,CMP8517,CONV00792,16027.91,2025-06-16,1
U9075,YouTube Ads,CMP1942,CONV01805,20232.6,2025-05-22,1
U9078,Facebook Ads,CMP9898,CONV01383,28925.83,2025-04-26,1
U9080,Facebook Ads,CMP1535,CONV00963,34013.14,2025-10-09,1
U9082,YouTube Ads,CMP1480,CONV00143,40585.89,2025-02-11,1
U9089,Instagram Ads,CMP0306,CONV00818,28628.16,2025-12-14,1
U9098,Instagram Ads,CMP1290,CONV01470,38043.85,2025-03-25,1
U9103,Google Ads,CMP7873,CONV01762,14553.52,2025-04-13,1
U9106,Instagram Ads,CMP0761,CONV01940,12527.3,2025-08-04,1
U9107,LinkedIn Ads,CMP9975,CONV00825,38242.03,2026-01-09,1
U9109,Facebook Ads,CMP1756,CONV01635,46259.32,2025-12-10,1
U9111,Google Ads,CMP8278,CONV01676,9333.5,2026-01-01,1
U9115,Google Ads > LinkedIn Ads,CMP5160 > CMP0002,CONV00525,5167.21,2025-11-03,2
U9115,Google Ads > LinkedIn Ads,CMP5160 > CMP0002,CONV01645,37075.58,2026-01-12,2
U9126,LinkedIn Ads,CMP2678,CONV00008,42221.17,2025-05-17,1
U9131,Google Ads,CMP8905,CONV01516,3726.18,2026-01-03,1
U9140,Facebook Ads,CMP1947,CONV00194,30321.92,2025-07-19,1
U9144,Google Ads,CMP0621,CONV00428,11768.46,2025-02-14,1
U9147,Facebook Ads,CMP6664,CONV01667,39432.9,2025-08-24,1
U9150,LinkedIn Ads,CMP3078,CONV00867,29086.67,2025-01-20,1
U9151,LinkedIn Ads,CMP2981,CONV00741,11821.01,2025-11-30,1
U9158,LinkedIn Ads,CMP1989,CONV00051,44625.58,2025-11-20,1
U9160,Facebook Ads,CMP9147,CONV00373,17113.81,2025-04-06,1
U9165,YouTube Ads,CMP0407,CONV00810,27320.8,2025-03-09,1
U9168,LinkedIn Ads,CMP5316,CONV00257,8894.35,2025-05-17,1
U9172,LinkedIn Ads,CMP5992,CONV01228,9360.78,2025-05-01,1
U9181,LinkedIn Ads,CMP1578,CONV00485,1481.85,2025-10-16,1
U9183,LinkedIn Ads > Google Ads,CMP3950 > CMP5289,CONV01172,18433.7,2025-10-01,2
U9183,LinkedIn Ads > Google Ads,CMP3950 > CMP5289,CONV01375,9306.45,2025-06-20,2
U9190,LinkedIn Ads,CMP1901,CONV00754,6068.3,2025-09-29,1
U9198,Email Marketing,CMP6483,CONV00010,29437.01,2025-10-31,1
U9203,Email Marketing,CMP0501,CONV01704,11409.67,2025-05-18,1
U9206,Google Ads,CMP8867,CONV00415,28282.89,2025-05-02,1
U9215,Facebook Ads,CMP7724,CONV01639,5608.02,2025-02-06,1
U9216,Instagram Ads > Facebook Ads,CMP8885 > CMP9414,CONV00670,16188.72,2026-01-09,2
U9216,Instagram Ads > Facebook Ads,CMP8885 > CMP9414,CONV01908,47465.17,2025-11-27,2
U9225,LinkedIn Ads,CMP4916,CONV00030,11051.14,2025-03-01,1
U9234,Facebook Ads,CMP0586,CONV01293,15679.81,2025-07-27,1
U9237,LinkedIn Ads,CMP3055,CONV01244,45113.11,2025-07-23,1
U9238,YouTube Ads,CMP1416,CONV00313,12507.91,2025-06-16,1
U9249,Email Marketing,CMP7491,CONV01772,47856.2,2025-12-31,1
U9258,Google Ads,CMP5149,CONV00396,17245.88,2025-05-11,1
U9264,LinkedIn Ads,CMP2459,CONV01169,27637.53,2025-09-28,1
U9268,Facebook Ads,CMP6481,CONV01473,25829.56,2025-11-11,1
U9271,YouTube Ads,CMP2718,CONV00444,36734.22,2026-01-03,1
U9272,Google Ads,CMP2903,CONV01925,8316.48,2025-07-15,1
U9275,YouTube Ads,CMP1416,CONV00621,9621.02,2025-04-14,1
U9289,LinkedIn Ads,CMP0097,CONV01419,31600.19,2025-03-21,1
U9294,Email Marketing,CMP3412,CONV00593,12189.64,2025-07-16,1
U9322,Google Ads,CMP5308,CONV00574,9193.64,2025-11-22,1
U9323,Facebook Ads,CMP9195,CONV01620,40706.29,2026-01-09,1
U9325,LinkedIn Ads,CMP1101,CONV01137,26103.72,2025-02-13,1
U9326,LinkedIn Ads,CMP5905,CONV01742,6678.86,2025-01-28,1
U9329,LinkedIn Ads > Google Ads,CMP9689 > CMP6356,CONV01896,34814.07,2025-08-28,2
U9329,LinkedIn Ads > Google Ads,CMP9689 > CMP6356,CONV01933,1451.47,2025-11-10,2
U9341,Facebook Ads,CMP6501,CONV01377,22405.53,2025-02-13,1
U9342,Google Ads,CMP9189,CONV01036,19717.04,2025-08-07,1
U9352,Google Ads,CMP2024,CONV01278,8376.32,2025-06-22,1
U9361,Instagram Ads > LinkedIn Ads,CMP3627 > CMP2210,CONV00533,49855.4,2025-04-27,2
U9361,Instagram Ads > LinkedIn Ads,CMP3627 > CMP2210,CONV01939,44671.18,2025-02-16,2
U9362,LinkedIn Ads,CMP3841,CONV00859,27752.32,2025-03-26,1
U9363,YouTube Ads,CMP6555,CONV01671,36662.31,2025-12-10,1
U9364,Google Ads,CMP8939,CONV01420,34437.69,2025-12-09,1
U9371,YouTube Ads,CMP0327,CONV01435,1482.91,2025-04-19,1
U9386,Email Marketing,CMP5027,CONV00338,9513.05,2025-07-30,1
U9394,YouTube Ads,CMP8423,CONV01269,46806.17,2025-09-08,1
U9396,Email Marketing,CMP8410,CONV01721,9924.17,2025-07-10,1
U9404,YouTube Ads,CMP1841,CONV01325,49651.01,2025-09-21,1
U9405,Email Marketing,CMP9660,CONV01528,5003.89,2025-03-27,1
U9407,Google Ads,CMP3675,CONV00127,28267.8,2025-05-20,1
U9413,Google Ads > Facebook Ads,CMP8872 > CMP2319,CONV00477,49227.54,2025-06-19,2
U9413,Google Ads > Facebook Ads,CMP8872 > CMP2319,CONV01904,3636.78,2025-01-22,2
U9417,Email Marketing,CMP8647,CONV01327,41497.02,2025-05-31,1
U9422,Google Ads,CMP0950,CONV01686,14966.05,2025-06-03,1
U9424,Google Ads,CMP2347,CONV01182,17693.61,2025-11-17,1
U9425,YouTube Ads,CMP3638,CONV00268,19861.14,2025-05-18,1
U9429,LinkedIn Ads,CMP3150,CONV01380,35483.92,2025-07-29,1
U9433,YouTube Ads > Email Marketing,CMP6539 > CMP8744,CONV00331,42041.5,2025-08-14,2
U9433,YouTube Ads > Email Marketing,CMP6539 > CMP8744,CONV01977,42289.86,2025-07-20,2
U9438,Facebook Ads,CMP4035,CONV00534,20972.31,2025-02-26,1
U9441,Instagram Ads,CMP4951,CONV01206,21761.96,2025-09-06,1
U9444,Facebook Ads,CMP7994,CONV00777,13758.52,2025-07-01,1
U9445,Email Marketing,CMP6469,CONV01794,7931.34,2025-12-16,1
U9447,Facebook Ads,CMP8379,CONV01787,10915.65,2025-08-19,1
U9460,Facebook Ads,CMP3520,CONV00274,18606.75,2025-02-28,1
U9462,YouTube Ads,CMP3839,CONV01248,8619.29,2025-07-30,1
U9465,YouTube Ads,CMP6066,CONV00462,36921.23,2025-07-23,1
U9468,Instagram Ads,CMP6450,CONV01208,11989.72,2025-01-24,1
U9473,Email Marketing,CMP4982,CONV00609,32987.83,2025-04-06,1
U9478,Email Marketing,CMP5041,CONV00198,3042.08,2025-11-07,1
U9480,YouTube Ads,CMP6939,CONV01830,31951.73,2025-12-18,1
U9485,Google Ads,CMP1236,CONV00441,45362.03,2025-08-13,1
U9489,Email Marketing,CMP3626,CONV00239,10211.49,2025-08-09,1
U9495,Facebook Ads,CMP1235,CONV00140,44161.38,2025-09-07,1
U9500,LinkedIn Ads,CMP7210,CONV01290,18639.99,2025-03-20,1
U9519,YouTube Ads,CMP8071,CONV01013,38941.33,2025-08-29,1
U9523,YouTube Ads,CMP9345,CONV01964,32973.34,2025-06-10,1
U9529,Instagram Ads,CMP1525,CONV00070,26780.64,2025-07-21,1
U9535,Google Ads,CMP6624,CONV00704,39579.89,2025-11-20,1
U9553,Instagram Ads,CMP8149,CONV00371,9900.8,2026-01-21,1
U9560,Facebook Ads,CMP0021,CONV01796,5309.82,2025-09-26,1
U9563,Email Marketing,CMP3243,CONV01069,39807.93,2025-11-27,1
U9572,Instagram Ads,CMP5489,CONV00617,33926.91,2025-07-27,1
U9575,Facebook Ads,CMP0140,CONV01328,23158.79,2026-01-02,1
U9586,Email Marketing,CMP5210,CONV00894,32209.3,2025-08-25,1
U9591,Facebook Ads,CMP9967,CONV00121,19354.77,2025-10-27,1
U9599,Email Marketing,CMP0397,CONV01659,9925.89,2025-03-13,1
U9602,Google Ads,CMP6153,CONV00816,37743.3,2025-05-14,1
U9603,Facebook Ads,CMP0175,CONV01683,21043.62,2025-03-13,1
U9605,Facebook Ads,CMP0175,CONV01229,45596.52,2025-07-07,1
U9607,Facebook Ads,CMP6594,CONV01608,11724.18,2026-01-14,1
U9610,Google Ads,CMP1039,CONV01839,37896.81,2025-05-27,1
U9620,Google Ads,CMP0424,CONV00083,13840.8,2025-01-12,1
U9623,Instagram Ads,CMP2922,CONV01222,28994.96,2025-12-24,1
U9627,Instagram Ads,CMP5344,CONV00355,21014.9,2025-09-29,1
U9629,LinkedIn Ads,CMP3150,CONV00779,30303.96,2026-01-12,1
U9638,LinkedIn Ads,CMP3520,CONV00801,20041.73,2025-10-22,1
U9643,YouTube Ads,CMP3698,CONV00077,31240.85,2025-08-27,1
U9644,LinkedIn Ads,CMP9379,CONV01728,21720.12,2025-10-27,1
U9648,Google Ads > Google Ads,CMP5537 > CMP6204,CONV00406,33093.61,2025-04-04,2
U9648,Google Ads > Google Ads,CMP5537 > CMP6204,CONV00957,17770.56,2025-09-26,2
U9663,Email Marketing,CMP5417,CONV01573,40406.35,2025-10-18,1
U9670,LinkedIn Ads,CMP8712,CONV01261,40735.34,2025-06-05,1
U9674,Facebook Ads,CMP0263,CONV01561,15447.62,2025-03-20,1
U9703,Email Marketing,CMP1277,CONV00594,27976.84,2025-11-28,1
U9705,YouTube Ads,CMP8712,CONV00959,34489.59,2025-03-29,1
U9708,YouTube Ads,CMP4426,CONV00066,12652.01,2025-06-16,1
U9714,YouTube Ads,CMP9615,CONV00944,49997.73,2025-04-25,1
U9717,LinkedIn Ads,CMP7398,CONV00740,4677.75,2025-06-28,1
U9721,YouTube Ads,CMP2028,CONV01680,10300.51,2025-02-22,1
U9729,Instagram Ads > Email Marketing,CMP1261 > CMP9961,CONV00259,5795.13,2025-11-21,2
U9729,Instagram Ads > Email Marketing,CMP1261 > CMP9961,CONV00554,43851.26,2025-10-27,2
U9730,YouTube Ads,CMP6854,CONV00266,38563.23,2025-12-14,1
U9733,Facebook Ads,CMP0342,CONV01098,549.82,2025-07-27,1
U9737,Email Marketing,CMP6351,CONV00582,44514.7,2025-02-17,1
U9740,LinkedIn Ads,CMP8811,CONV01219,31999.0,2025-04-19,1
U9752,Instagram Ads,CMP8475,CONV00842,42118.58,2025-03-04,1
U9753,Email Marketing,CMP9997,CONV01312,11821.82,2025-08-10,1
U9761,Instagram Ads,CMP0223,CONV01101,34446.32,2025-09-28,1
U9772,Facebook Ads,CMP7295,CONV00595,32426.96,2025-07-15,1
U9785,Email Marketing,CMP6514,CONV00747,28071.5,2025-05-13,1
U9790,YouTube Ads,CMP3525,CONV00191,14644.54,2025-12-01,1
U9798,Facebook Ads,CMP4694,CONV01579,42733.33,2025-06-20,1
U9799,Instagram Ads,CMP6595,CONV00082,16454.92,2025-01-29,1
U9801,Email Marketing,CMP9995,CONV01142,27795.55,2025-12-10,1
U9802,Facebook Ads > Instagram Ads,CMP5454 > CMP2254,CONV00748,2752.84,2026-01-07,2
U9802,Facebook Ads > Instagram Ads,CMP5454 > CMP2254,CONV01880,35668.39,2025-10-09,2
U9811,YouTube Ads,CMP1259,CONV00687,43685.94,2025-04-22,1
U9815,Instagram Ads,CMP7984,CONV01363,42573.29,2025-07-20,1
U9816,LinkedIn Ads,CMP0307,CONV01271,11455.52,2025-11-22,1
U9819,YouTube Ads,CMP6572,CONV01279,18477.15,2025-05-26,1
U9831,Google Ads,CMP0516,CONV01065,26326.55,2025-10-15,1
U9834,Google Ads,CMP5912,CONV00347,1773.92,2025-09-08,1
U9842,Google Ads,CMP8061,CONV00928,19162.01,2025-02-25,1
U9847,YouTube Ads,CMP7245,CONV01545,8834.89,2026-01-05,1
U9864,Google Ads,CMP6913,CONV00002,35942.97,2025-02-05,1
U9869,LinkedIn Ads,CMP7116,CONV00529,31793.58,2025-01-07,1
U9884,LinkedIn Ads,CMP4893,CONV00056,14010.3,2025-05-08,1
U9885,Email Marketing,CMP1643,CONV01001,1525.44,2025-03-19,1
U9892,Google Ads,CMP5515,CONV00004,23241.53,2025-05-19,1
U9894,Facebook Ads,CMP5566,CONV01950,48964.93,2025-05-10,1
U9911,LinkedIn Ads,CMP1610,CONV01660,49425.94,2025-01-24,1
U9912,Email Marketing,CMP3157,CONV00954,8097.82,2025-04-19,1
U9914,YouTube Ads > Email Marketing,CMP1432 > CMP2000,CONV00676,33504.94,2025-10-01,2
U9914,YouTube Ads > Email Marketing,CMP1432 > CMP2000,CONV01755,13948.26,2025-03-13,2
U9915,Facebook Ads,CMP4080,CONV00994,47348.18,2025-08-05,1
U9919,LinkedIn Ads,CMP3727,CONV00546,7022.72,2025-07-08,1
U9924,Google Ads,CMP2488,CONV01205,25861.6,2025-06-09,1
U9925,Email Marketing,CMP1413,CONV00781,21091.23,2025-09-24,1
U9927,Facebook Ads > LinkedIn Ads,CMP5104 > CMP4964,CONV00901,29032.88,2025-06-07,2
U9927,Facebook Ads > LinkedIn Ads,CMP5104 > CMP4964,CONV01128,35570.76,2025-12-20,2
U9928,YouTube Ads,CMP8027,CONV00517,46091.24,2025-02-26,1
U9930,Facebook Ads,CMP3624,CONV00829,49221.05,2025-05-08,1
U9937,Facebook Ads,CMP6880,CONV01726,21588.01,2025-09-08,1
U9940,Instagram Ads,CMP0007,CONV00046,22368.41,2025-12-23,1
U9945,Email Marketing,CMP1170,CONV01166,44920.92,2025-07-15,1
U9947,Email Marketing,CMP8831,CONV01170,26256.63,2025-09-09,1
U9948,YouTube Ads,CMP0803,CONV01996,25530.49,2025-09-17,1
U9961,Email Marketing > YouTube Ads,CMP3717 > CMP6614,CONV01747,11565.91,2026-01-17,2
U9961,Email Marketing > YouTube Ads,CMP3717 > CMP6614,CONV01994,18497.73,2025-04-15,2
U9962,YouTube Ads,CMP0633,CONV01159,28637.83,2025-01-17,1
U9976,Google Ads,CMP1299,CONV00159,38920.55,2025-10-05,1
U9978,LinkedIn Ads,CMP5634,CONV00357,14133.0,2025-09-04,1
U9984,Facebook Ads,CMP5319,CONV01272,31921.25,2025-09-03,1
