Conversion_id,User_id,Revenue,Conversion_date,Revenue_Log,Revenue_Rank,High_Value_Conversion,Revenue_Category
CONV00001,U1680,27495.64,12/31/2025,10.221819094371677,926.0,1,Very High
CONV00002,U9864,35942.97,02/05/2025,10.489716616118,563.0,1,Very High
CONV00003,U2616,14254.63,12/30/2025,9.564907195389493,1432.0,0,Very High
CONV00004,U9892,23241.53,05/19/2025,10.053739069068127,1083.0,0,Very High
CONV00005,U5926,3942.98,11/13/2025,8.279945644715754,1862.0,0,Very High
CONV00006,U4555,18559.19,09/01/2025,9.828774243356758,1273.0,0,Very High
CONV00007,U1170,26939.92,11/15/2025,10.20140159934414,943.0,1,Very High
CONV00008,U9126,42221.17,05/17/2025,10.65070071752348,281.0,1,Very High
CONV00009,U3457,11025.01,11/02/2025,9.308012306096431,1578.0,0,Very High
CONV00010,U9198,29437.01,10/31/2025,10.290041975449464,826.0,1,Very High
CONV00011,U8349,2832.26,09/13/2025,7.949183271122403,1909.0,0,Very High
CONV00012,U6253,12945.0,11/19/2025,9.468542139105455,1489.0,0,Very High
CONV00013,U4372,15028.26,11/30/2025,9.61775424667134,1400.0,0,Very High
CONV00014,U8318,42162.63,03/12/2025,10.649313280078063,284.0,1,Very High
CONV00015,U8690,24685.98,01/04/2025,10.114031258130504,1030.0,0,Very High
CONV00016,U1291,40893.15,03/09/2025,10.61874230001603,345.0,1,Very High
CONV00017,U2706,30526.4,06/15/2025,10.326379919966818,785.0,1,Very High
CONV00018,U6119,6489.71,08/20/2025,8.778127202789994,1762.0,0,Very High
CONV00019,U3609,31739.6,01/11/2025,10.365351897493412,744.0,1,Very High
CONV00020,U7954,36305.95,05/18/2025,10.4997644619819,552.0,1,Very High
CONV00021,U3120,21837.03,03/03/2025,9.991408224325244,1146.0,0,Very High
CONV00022,U1613,17295.48,02/28/2025,9.758258291575313,1318.0,0,Very High
CONV00023,U6913,12865.42,05/03/2025,9.462376095616593,1493.0,0,Very High
CONV00024,U0242,20617.5,03/04/2025,9.933944010017056,1197.0,0,Very High
CONV00025,U4346,34981.28,09/13/2025,10.46259692655138,606.0,1,Very High
CONV00026,U3567,27338.66,02/22/2025,10.216093674209391,930.0,1,Very High
CONV00027,U2580,42641.46,02/01/2025,10.66060574948328,263.0,1,Very High
CONV00028,U4034,31159.38,11/06/2025,10.346902695032275,760.0,1,Very High
CONV00029,U5148,6978.47,05/23/2025,8.850728261641404,1741.0,0,Very High
CONV00030,U9225,11051.14,03/01/2025,9.310379353353596,1577.0,0,Very High
CONV00031,U7180,30778.05,10/31/2025,10.33458954271903,773.0,1,Very High
CONV00032,U2201,5798.28,06/02/2025,8.665489050897726,1785.0,0,Very High
CONV00033,U3336,13567.2,01/02/2026,9.51548409848908,1467.0,0,Very High
CONV00034,U0723,6975.57,01/10/2025,8.850312670966437,1742.0,0,Very High
CONV00035,U0159,34705.47,03/03/2025,10.454681403885727,617.0,1,Very High
CONV00036,U2089,44999.58,02/16/2025,10.714430657558283,186.0,1,Very High
CONV00037,U5795,37599.14,11/12/2025,10.53476305277531,490.0,1,Very High
CONV00038,U6746,12784.28,12/14/2025,9.456049788150311,1499.0,0,Very High
CONV00039,U5729,1671.39,06/12/2025,7.422009020033775,1954.0,0,Very High
CONV00040,U5754,34136.15,12/21/2025,10.438141513074696,649.0,1,Very High
CONV00041,U2926,5865.93,11/07/2025,8.677086777714408,1782.0,0,Very High
CONV00042,U1895,13108.76,08/08/2025,9.48111226995402,1484.0,0,Very High
CONV00043,U3229,47469.29,08/04/2025,10.767859320648254,90.0,1,Very High
CONV00044,U8309,16646.05,06/30/2025,9.719988302533682,1342.0,0,Very High
CONV00045,U2852,20600.72,12/08/2025,9.933129846437778,1199.0,0,Very High
CONV00046,U9940,22368.41,12/23/2025,10.015449679527508,1124.0,0,Very High
CONV00047,U4650,31153.41,09/23/2025,10.34671108722879,761.0,1,Very High
CONV00048,U0401,30758.06,02/17/2025,10.33393986398489,775.0,1,Very High
CONV00049,U6292,7804.78,10/03/2025,8.96261976389477,1709.0,0,Very High
CONV00050,U8487,12835.31,09/22/2025,9.460033152763923,1495.0,0,Very High
CONV00051,U9158,44625.58,11/20/2025,10.706084924617622,200.0,1,Very High
CONV00052,U7374,32064.24,06/06/2025,10.37552785635146,730.0,1,Very High
CONV00053,U4682,16325.62,05/18/2025,9.70055218352445,1356.0,0,Very High
CONV00054,U3506,16878.63,02/16/2025,9.733862848478434,1334.0,0,Very High
CONV00055,U0321,791.86,11/02/2025,6.675646661282277,1988.0,0,High
CONV00056,U9884,14010.3,05/08/2025,9.547619425889916,1448.0,0,Very High
CONV00057,U2092,45392.98,12/03/2025,10.723134776118457,169.0,1,Very High
CONV00058,U7565,19265.64,04/10/2025,9.866130381908356,1249.0,0,Very High
CONV00059,U4134,37576.7,02/12/2025,10.53416606832706,491.0,1,Very High
CONV00060,U0660,42041.83,02/04/2025,10.646444139566317,295.0,1,Very High
CONV00061,U3572,38461.46,09/01/2025,10.557437979655756,453.0,1,Very High
CONV00062,U5097,46479.91,03/15/2025,10.746796969647392,130.0,1,Very High
CONV00063,U3979,15428.34,03/15/2025,9.64402617062514,1384.0,0,Very High
CONV00064,U7019,25545.06,12/15/2025,10.148238376304262,1004.0,0,Very High
CONV00065,U7533,9218.78,01/14/2026,9.129106455094592,1656.0,0,Very High
CONV00066,U9708,12652.01,06/16/2025,9.445650410515356,1507.0,0,Very High
CONV00067,U6210,42622.17,06/27/2025,10.66015328111287,264.0,1,Very High
CONV00068,U4527,47429.1,10/14/2025,10.767012327239634,93.0,1,Very High
CONV00069,U7801,22684.64,11/27/2025,10.029487404175304,1109.0,0,Very High
CONV00070,U9529,26780.64,07/21/2025,10.19547185710123,947.0,1,Very High
CONV00071,U3778,16119.62,03/26/2025,9.687854476859457,1361.0,0,Very High
CONV00072,U4531,14508.44,11/01/2025,9.58255475106041,1423.0,0,Very High
CONV00073,U8752,48727.6,03/23/2025,10.79402140568957,46.0,1,Very High
CONV00074,U1681,23735.15,01/21/2025,10.074754481465352,1062.0,0,Very High
CONV00075,U1870,4167.07,02/23/2025,8.335208377917894,1851.0,0,Very High
CONV00076,U1941,30008.28,11/01/2025,10.309261946143934,805.0,1,Very High
CONV00077,U9643,31240.85,08/27/2025,10.349513821150314,757.0,1,Very High
CONV00078,U2574,4215.71,05/03/2025,8.346810482114593,1848.0,0,Very High
CONV00079,U4721,43050.53,12/30/2025,10.67015304929403,251.0,1,Very High
CONV00080,U3684,13648.81,12/02/2025,9.52148088110231,1461.0,0,Very High
CONV00081,U4729,34589.56,09/04/2025,10.45133609145035,622.0,1,Very High
CONV00082,U9799,16454.92,01/29/2025,9.708440569872264,1350.0,0,Very High
CONV00083,U9620,13840.8,01/12/2025,9.535448278518343,1452.0,0,Very High
CONV00084,U2974,40805.12,10/29/2025,10.616587349143378,350.0,1,Very High
CONV00085,U2635,25025.72,07/09/2025,10.127699333090268,1020.0,0,Very High
CONV00086,U5297,25972.51,03/01/2025,10.164832451473224,982.0,1,Very High
CONV00087,U8168,3054.78,11/25/2025,8.024790158166246,1899.0,0,Very High
CONV00088,U1990,40066.03,02/06/2025,10.598309080593651,376.0,1,Very High
CONV00089,U3682,32561.63,03/04/2025,10.390920590810213,706.0,1,Very High
CONV00090,U7906,27787.62,09/11/2025,10.23238186335313,913.0,1,Very High
CONV00091,U4527,39492.01,08/09/2025,10.58387897320427,394.0,1,Very High
CONV00092,U8023,24474.9,03/28/2025,10.105444238939178,1036.0,0,Very High
CONV00093,U3913,42872.64,11/02/2025,10.66601246384853,259.0,1,Very High
CONV00094,U6326,25018.77,12/07/2025,10.127421591332766,1022.0,0,Very High
CONV00095,U1634,36260.97,10/10/2025,10.498524812673072,555.0,1,Very High
CONV00096,U6513,16764.0,12/20/2025,9.72704865890033,1338.0,0,Very High
CONV00097,U1122,46085.99,05/08/2025,10.73828597657393,150.0,1,Very High
CONV00098,U7270,45219.49,03/28/2025,10.719305581686566,175.0,1,Very High
CONV00099,U4001,34249.12,10/04/2025,10.441445347333868,644.0,1,Very High
CONV00100,U8154,23326.92,11/03/2025,10.057406205447224,1078.0,0,Very High
CONV00101,U4713,4156.16,01/12/2026,8.332587427807109,1853.0,0,Very High
CONV00102,U4098,49968.99,09/18/2025,10.819177904218158,2.0,1,Very High
CONV00103,U4848,48908.25,01/15/2026,10.797721819128364,39.0,1,Very High
CONV00104,U4690,17939.89,05/18/2025,9.79483774419274,1291.0,0,Very High
CONV00105,U2241,31559.18,11/19/2025,10.3596514783656,750.0,1,Very High
CONV00106,U4836,9194.18,06/21/2025,9.12643471270326,1658.0,0,Very High
CONV00107,U4211,43584.65,09/29/2025,10.682483246722107,239.0,1,Very High
CONV00108,U6512,39638.76,10/13/2025,10.587587933935184,390.0,1,Very High
CONV00109,U4296,32108.19,11/07/2025,10.376897560979025,726.0,1,Very High
CONV00110,U5375,3629.24,12/05/2025,8.197054040775829,1879.0,0,Very High
CONV00111,U0610,5311.0,07/03/2025,8.57772369115627,1808.0,0,Very High
CONV00112,U8851,36466.66,08/31/2025,10.504181119419036,546.0,1,Very High
CONV00113,U0537,22447.46,01/19/2026,10.018977293935569,1119.0,0,Very High
CONV00114,U5877,9895.52,02/04/2025,9.199938459175234,1629.0,0,Very High
CONV00115,U0350,49446.63,02/20/2025,10.808669408703125,16.0,1,Very High
CONV00116,U5384,14225.1,03/21/2025,9.562833584651576,1434.0,0,Very High
CONV00117,U0423,39604.24,03/16/2025,10.586716711720948,391.0,1,Very High
CONV00118,U6898,3646.12,10/11/2025,8.201693094023875,1875.0,0,Very High
CONV00119,U0711,23173.1,01/03/2026,10.050790554728504,1086.0,0,Very High
CONV00120,U8033,45013.7,01/10/2026,10.714744382075184,185.0,1,Very High
CONV00121,U9591,19354.77,10/27/2025,9.870745845222237,1238.0,0,Very High
CONV00122,U1875,38563.66,12/25/2025,10.56009159204504,446.0,1,Very High
CONV00123,U6533,15971.14,08/11/2025,9.67860123348404,1368.0,0,Very High
CONV00124,U1528,37070.4,09/04/2025,10.52060106181956,515.0,1,Very High
CONV00125,U5401,18003.1,12/31/2025,9.79835478871866,1290.0,0,Very High
CONV00126,U1698,8159.14,11/07/2025,9.007016604673721,1697.0,0,Very High
CONV00127,U9407,28267.8,05/20/2025,10.249514001962153,889.0,1,Very High
CONV00128,U4382,35283.59,01/24/2025,10.471201603699008,590.0,1,Very High
CONV00129,U6567,31842.01,02/05/2025,10.36857317066603,740.0,1,Very High
CONV00130,U5586,36219.0,04/15/2025,10.497366731437404,557.0,1,Very High
CONV00131,U0816,22434.09,12/25/2025,10.018381529991071,1120.0,0,Very High
CONV00132,U1865,14520.7,07/17/2025,9.583399361415278,1422.0,0,Very High
CONV00133,U6476,10618.94,12/03/2025,9.270488645062455,1595.0,0,Very High
CONV00134,U8150,19320.27,08/31/2025,9.868961840595707,1242.0,0,Very High
CONV00135,U1181,22092.87,08/06/2025,10.003055473464515,1135.0,0,Very High
CONV00136,U6844,1532.4,06/08/2025,7.335242771124794,1959.0,0,Very High
CONV00137,U7156,29649.13,03/12/2025,10.297221788901926,818.0,1,Very High
CONV00138,U1252,26764.94,09/25/2025,10.194885462703953,949.0,1,Very High
CONV00139,U4194,8067.05,05/06/2025,8.995667096377655,1703.0,0,Very High
CONV00140,U9495,44161.38,09/07/2025,10.695628574426234,221.0,1,Very High
CONV00141,U7246,14096.35,11/21/2025,9.5537421154403,1444.0,0,Very High
CONV00142,U0933,32410.99,08/04/2025,10.386283695052862,718.0,1,Very High
CONV00143,U9082,40585.89,02/11/2025,10.611200387040384,360.0,1,Very High
CONV00144,U7382,4674.29,03/14/2025,8.45004647188444,1835.0,0,Very High
CONV00145,U8587,18512.95,10/24/2025,9.82627978096455,1274.0,0,Very High
CONV00146,U5483,28119.18,02/15/2025,10.244242747042094,897.0,1,Very High
CONV00147,U2318,35074.76,07/11/2025,10.465265572590514,602.0,1,Very High
CONV00148,U5382,41533.47,03/30/2025,10.63427896386914,312.0,1,Very High
CONV00149,U5941,17415.75,07/02/2025,9.765187665836496,1313.0,0,Very High
CONV00150,U1658,37062.88,10/03/2025,10.520398189448247,516.0,1,Very High
CONV00151,U2659,31424.65,05/01/2025,10.35537971741319,754.0,1,Very High
CONV00152,U3892,37743.36,09/10/2025,10.538591339541776,482.0,1,Very High
CONV00153,U3179,49229.77,07/22/2025,10.804274113499318,24.0,1,Very High
CONV00154,U3272,12875.16,11/26/2025,9.463132818560815,1491.0,0,Very High
CONV00155,U2043,8435.46,06/09/2025,9.04031806832448,1685.0,0,Very High
CONV00156,U7392,3136.22,07/14/2025,8.051092336429756,1896.0,0,Very High
CONV00157,U5222,17096.87,02/24/2025,9.746709173328826,1329.0,0,Very High
CONV00158,U2274,30959.74,01/25/2026,10.340475229226806,768.0,1,Very High
CONV00159,U9976,38920.55,10/05/2025,10.569303360789569,426.0,1,Very High
CONV00160,U7490,45304.77,02/21/2025,10.721189676428295,173.0,1,Very High
CONV00161,U7033,12407.93,01/14/2025,9.42617165369174,1519.0,0,Very High
CONV00162,U1109,39427.41,10/13/2025,10.582241901432694,399.0,1,Very High
CONV00163,U6117,18176.15,05/12/2025,9.80792058976588,1286.0,0,Very High
CONV00164,U2186,17258.09,02/12/2025,9.756094240188414,1319.0,0,Very High
CONV00165,U2210,47208.45,02/03/2025,10.762349363398332,103.0,1,Very High
CONV00166,U5081,27380.02,09/29/2025,10.217605351618232,929.0,1,Very High
CONV00167,U5439,18716.95,06/17/2025,9.837238235488076,1265.0,0,Very High
CONV00168,U8130,46253.37,01/06/2026,10.741911224963491,143.0,1,Very High
CONV00169,U2957,5578.6,10/17/2025,8.62687236821808,1798.0,0,Very High
CONV00170,U7273,36477.31,07/28/2025,10.504473116360764,544.0,1,Very High
CONV00171,U1230,18483.9,01/04/2026,9.824709461564376,1278.0,0,Very High
CONV00172,U0571,39036.51,03/17/2025,10.572278257755244,419.0,1,Very High
CONV00173,U7372,38272.68,07/27/2025,10.552517732667958,458.0,1,Very High
CONV00174,U4090,9709.38,03/16/2025,9.18095069543208,1636.0,0,Very High
CONV00175,U7312,34852.04,05/05/2025,10.458895643374223,611.0,1,Very High
CONV00176,U7293,49335.45,03/07/2025,10.80641843775832,23.0,1,Very High
CONV00177,U2581,35160.85,01/05/2026,10.467716967024693,599.0,1,Very High
CONV00178,U3879,27924.06,09/21/2025,10.237279772547447,905.0,1,Very High
CONV00179,U5068,24193.92,08/05/2025,10.093897972753672,1044.0,0,Very High
CONV00180,U1216,26109.32,08/23/2025,10.170085917458746,978.0,1,Very High
CONV00181,U7089,6645.98,09/19/2025,8.801917895160871,1759.0,0,Very High
CONV00182,U5670,4403.57,09/29/2025,8.390397917260431,1845.0,0,Very High
CONV00183,U1531,29794.52,10/03/2025,10.302113325621502,812.0,1,Very High
CONV00184,U0675,47453.07,02/08/2025,10.767517574859124,92.0,1,Very High
CONV00185,U0497,14838.75,10/12/2025,9.605064670218283,1408.0,0,Very High
CONV00186,U4874,3465.7,09/04/2025,8.150958411799742,1887.0,0,Very High
CONV00187,U5122,17595.84,06/25/2025,9.775474619451485,1302.0,0,Very High
CONV00188,U7643,12771.98,03/07/2025,9.455087281238686,1500.0,0,Very High
CONV00189,U5365,9896.79,10/28/2025,9.200066778879403,1628.0,0,Very High
CONV00190,U0380,23132.92,02/23/2025,10.049055217735768,1088.0,0,Very High
CONV00191,U9790,14644.54,12/01/2025,9.591891131234837,1417.0,0,Very High
CONV00192,U6607,3032.31,07/24/2025,8.017409711499553,1901.0,0,Very High
CONV00193,U7379,49459.99,10/30/2025,10.808939557049772,15.0,1,Very High
CONV00194,U9140,30321.92,07/19/2025,10.319659141187778,797.0,1,Very High
CONV00195,U7762,30509.9,10/09/2025,10.325839275800716,786.0,1,Very High
CONV00196,U4903,41500.32,11/17/2025,10.633480512941864,314.0,1,Very High
CONV00197,U6036,49004.95,07/07/2025,10.79969699829234,34.0,1,Very High
CONV00198,U9478,3042.08,11/07/2025,8.020625439396946,1900.0,0,Very High
CONV00199,U3969,5939.83,01/17/2025,8.689604133235004,1779.0,0,Very High
CONV00200,U6724,23844.47,10/11/2025,10.079349541169233,1057.0,0,Very High
CONV00201,U7838,47855.93,10/11/2025,10.775971213980805,79.0,1,Very High
CONV00202,U4332,47888.2,11/17/2025,10.776645288248284,75.0,1,Very High
CONV00203,U3397,16193.52,12/31/2025,9.692428192388792,1358.0,0,Very High
CONV00204,U8900,17584.17,08/07/2025,9.774811212191466,1306.0,0,Very High
CONV00205,U5675,37493.26,08/21/2025,10.531943133575938,492.0,1,Very High
CONV00206,U1790,12344.46,11/13/2025,9.42104366313448,1522.0,0,Very High
CONV00207,U5412,38652.92,08/30/2025,10.562403471899769,443.0,1,Very High
CONV00208,U7823,48213.74,12/10/2025,10.78342006241724,62.0,1,Very High
CONV00209,U3805,42591.49,10/02/2025,10.659433225636551,265.0,1,Very High
CONV00210,U8117,46338.97,05/04/2025,10.743760150597293,135.0,1,Very High
CONV00211,U4663,26453.77,09/18/2025,10.183191761291743,964.0,1,Very High
CONV00212,U5418,32590.12,04/16/2025,10.39179513761115,702.0,1,Very High
CONV00213,U3165,32116.93,04/12/2025,10.377169720155832,725.0,1,Very High
CONV00214,U3028,46823.36,03/13/2025,10.754158859306443,116.0,1,Very High
CONV00215,U4948,1066.07,11/15/2025,6.972671853648467,1976.0,0,Very High
CONV00216,U5027,25374.76,04/20/2025,10.141549666634493,1009.0,0,Very High
CONV00217,U6022,47889.35,11/26/2025,10.776669301725066,74.0,1,Very High
CONV00218,U7715,11311.38,10/10/2025,9.333652980217112,1568.0,0,Very High
CONV00219,U1280,41524.32,11/13/2025,10.634058640652889,313.0,1,Very High
CONV00220,U8526,10667.37,09/02/2025,9.275038567865062,1592.0,0,Very High
CONV00221,U2162,28413.6,10/07/2025,10.25465837656017,884.0,1,Very High
CONV00222,U3571,21473.02,11/15/2025,9.9745991113525,1169.0,0,Very High
CONV00223,U0520,38564.12,06/20/2025,10.560103519992976,445.0,1,Very High
CONV00224,U6155,43790.41,02/15/2025,10.687192958409286,231.0,1,Very High
CONV00225,U3649,23418.69,01/25/2025,10.061332400514146,1075.0,0,Very High
CONV00226,U7547,9829.78,07/25/2025,9.193273558925094,1632.0,0,Very High
CONV00227,U3944,29900.24,04/30/2025,10.305655230090762,808.0,1,Very High
CONV00228,U6591,11254.83,09/09/2025,9.328641495624025,1571.0,0,Very High
CONV00229,U5225,33790.33,11/02/2025,10.427959539691342,659.0,1,Very High
CONV00230,U6776,28057.55,06/21/2025,10.242048677339072,901.0,1,Very High
CONV00231,U5643,39397.33,12/06/2025,10.58147870860092,403.0,1,Very High
CONV00232,U7759,42948.29,05/08/2025,10.66777539642594,256.0,1,Very High
CONV00233,U8684,13122.28,03/20/2025,9.482143031253289,1483.0,0,Very High
CONV00234,U0845,30445.99,05/19/2025,10.323742417677291,792.0,1,Very High
CONV00235,U7855,47872.48,04/17/2025,10.776316976631668,77.0,1,Very High
CONV00236,U3975,10623.4,01/21/2026,9.270908521609858,1593.0,0,Very High
CONV00237,U5887,25884.42,06/22/2025,10.161435154817658,984.0,1,Very High
CONV00238,U3329,2762.91,08/05/2025,7.924401622852358,1911.0,0,Very High
CONV00239,U9489,10211.49,08/09/2025,9.231366759975613,1611.0,0,Very High
CONV00240,U5531,32263.88,05/27/2025,10.381734611162653,721.0,1,Very High
CONV00241,U8001,47883.23,04/21/2025,10.776541501634306,76.0,1,Very High
CONV00242,U2253,35504.89,11/19/2025,10.477453877194012,582.0,1,Very High
CONV00243,U7917,827.31,12/21/2025,6.719387480451781,1987.0,0,High
CONV00244,U4698,35044.02,01/22/2025,10.464388799629084,603.0,1,Very High
CONV00245,U8626,39849.35,05/12/2025,10.592886467115802,382.0,1,Very High
CONV00246,U3701,42469.42,06/23/2025,10.656563112592066,269.0,1,Very High
CONV00247,U0920,8983.49,12/08/2025,9.103255036337895,1665.0,0,Very High
CONV00248,U3765,28555.82,04/27/2025,10.259651065716442,873.0,1,Very High
CONV00249,U0540,48092.72,04/20/2025,10.78090688623942,65.0,1,Very High
CONV00250,U3940,44878.03,10/28/2025,10.711725926772278,193.0,1,Very High
CONV00251,U8205,22135.87,07/23/2025,10.004999823188117,1133.0,0,Very High
CONV00252,U6500,14029.69,07/01/2025,9.549002352215062,1446.0,0,Very High
CONV00253,U3044,19313.6,01/08/2026,9.868616565592646,1244.0,0,Very High
CONV00254,U6226,37112.94,01/10/2026,10.521747919262356,512.0,1,Very High
CONV00255,U5897,4821.21,06/01/2025,8.480987608186853,1827.0,0,Very High
CONV00256,U1469,30047.77,07/26/2025,10.31057700734526,803.0,1,Very High
CONV00257,U9168,8894.35,05/17/2025,9.093283947274111,1670.0,0,Very High
CONV00258,U1037,21344.57,04/11/2025,9.968599502981682,1174.0,0,Very High
CONV00259,U9729,5795.13,11/21/2025,8.664945732450601,1786.0,0,Very High
CONV00260,U7213,41264.99,07/11/2025,10.627793953014898,328.0,1,Very High
CONV00261,U3291,48246.44,10/03/2025,10.784098048364742,61.0,1,Very High
CONV00262,U5340,39400.39,07/23/2025,10.581556373851546,402.0,1,Very High
CONV00263,U9013,47177.26,01/20/2025,10.761688472247668,105.0,1,Very High
CONV00264,U8181,12480.05,04/03/2025,9.431966772999685,1516.0,0,Very High
CONV00265,U7852,25577.33,11/24/2025,10.149500787622449,1002.0,0,Very High
CONV00266,U9730,38563.23,12/14/2025,10.560080441878092,447.0,1,Very High
CONV00267,U6548,1022.11,06/27/2025,6.930602287052746,1977.0,0,Very High
CONV00268,U9425,19861.14,05/18/2025,9.896570686074048,1220.0,0,Very High
CONV00269,U7910,46067.1,02/25/2025,10.73787601549062,152.0,1,Very High
CONV00270,U3390,24070.05,10/08/2025,10.088765152592602,1049.0,0,Very High
CONV00271,U1886,5913.45,02/06/2025,8.685153788150075,1780.0,0,Very High
CONV00272,U5423,11976.85,10/26/2025,9.390814389787238,1539.0,0,Very High
CONV00273,U3233,19747.37,09/10/2025,9.890826235277776,1226.0,0,Very High
CONV00274,U9460,18606.75,02/28/2025,9.831333439586508,1269.0,0,Very High
CONV00275,U5135,19930.93,11/05/2025,9.90007824745453,1217.0,0,Very High
CONV00276,U4874,33769.45,11/21/2025,10.427341438727607,660.0,1,Very High
CONV00277,U2317,30023.08,10/07/2025,10.309755005346345,804.0,1,Very High
CONV00278,U2839,14797.32,10/17/2025,9.602268939795549,1411.0,0,Very High
CONV00279,U7940,19505.24,03/28/2025,9.878489693362758,1231.0,0,Very High
CONV00280,U7273,28487.19,10/03/2025,10.25724489441024,878.0,1,Very High
CONV00281,U2756,38741.11,09/07/2025,10.564682401146346,434.0,1,Very High
CONV00282,U6011,36089.52,10/22/2025,10.49378550595642,560.0,1,Very High
CONV00283,U0529,43178.88,08/21/2025,10.673129925000556,247.0,1,Very High
CONV00284,U5745,21694.27,01/18/2026,9.984849543418894,1154.0,0,Very High
CONV00285,U4606,16520.85,11/24/2025,9.712439026277218,1345.0,0,Very High
CONV00286,U1561,3434.65,03/19/2025,8.141961415284829,1888.0,0,Very High
CONV00287,U4056,7537.5,01/02/2026,8.927778502218974,1718.0,0,Very High
CONV00288,U1526,14272.17,08/24/2025,9.566136830159271,1430.0,0,Very High
CONV00289,U7512,18232.03,11/24/2025,9.81099006340614,1284.0,0,Very High
CONV00290,U4400,27591.87,06/19/2025,10.225312684998103,921.0,1,Very High
CONV00291,U7530,42953.75,01/23/2025,10.667902515010988,255.0,1,Very High
CONV00292,U4946,32902.1,03/31/2025,10.401322157238583,691.0,1,Very High
CONV00293,U5006,32946.52,01/16/2026,10.40267127154419,687.0,1,Very High
CONV00294,U3706,959.7,10/15/2025,6.867662185415693,1979.0,0,High
CONV00295,U3752,40394.86,07/19/2025,10.60648258345077,368.0,1,Very High
CONV00296,U2341,919.5,02/25/2025,6.824917000673133,1982.0,0,High
CONV00297,U6746,43068.14,11/14/2025,10.670562010354027,249.0,1,Very High
CONV00298,U7036,14209.9,06/13/2025,9.561764554764626,1436.0,0,Very High
CONV00299,U0440,26128.58,12/20/2025,10.17082328490672,977.0,1,Very High
CONV00300,U8109,25229.34,08/05/2025,10.135802517564914,1015.0,0,Very High
CONV00301,U6338,27544.63,10/24/2025,10.223599181309812,923.0,1,Very High
CONV00302,U3535,20199.76,01/30/2025,9.913475506443916,1207.0,0,Very High
CONV00303,U8809,4638.06,11/14/2025,8.442267038490048,1836.0,0,Very High
CONV00304,U1084,36632.94,07/05/2025,10.508730412096034,534.0,1,Very High
CONV00305,U7429,15809.86,12/03/2025,9.66845232467604,1375.0,0,Very High
CONV00306,U8134,39257.86,07/20/2025,10.577932430220889,412.0,1,Very High
CONV00307,U1935,21751.57,02/01/2025,9.98748719045592,1151.0,0,Very High
CONV00308,U7458,25230.7,10/07/2025,10.13585641946822,1014.0,0,Very High
CONV00309,U1890,627.14,05/24/2025,6.442763071559319,1995.0,0,High
CONV00310,U2933,45740.41,02/11/2025,10.730759293511792,160.0,1,Very High
CONV00311,U4445,6410.35,03/02/2025,8.765825136164212,1765.0,0,Very High
CONV00312,U1130,42319.9,09/06/2025,10.653036332846694,277.0,1,Very High
CONV00313,U9238,12507.91,06/16/2025,9.434196469369128,1515.0,0,Very High
CONV00314,U2467,12033.39,01/15/2025,9.395523663431996,1536.0,0,Very High
CONV00315,U1704,21280.88,05/16/2025,9.965611285417976,1175.0,0,Very High
CONV00316,U8516,18938.35,08/23/2025,9.848997047249368,1260.0,0,Very High
CONV00317,U1227,22031.65,11/30/2025,10.000280723075004,1137.0,0,Very High
CONV00318,U5346,12063.76,07/12/2025,9.398044085610968,1535.0,0,Very High
CONV00319,U7366,6476.47,09/07/2025,8.776085281009099,1763.0,0,Very High
CONV00320,U1482,41406.14,04/13/2025,10.631208608711356,318.0,1,Very High
CONV00321,U4067,2923.06,07/11/2025,7.980728340494982,1905.0,0,Very High
CONV00322,U9014,5544.41,06/02/2025,8.620725837537929,1799.0,0,Very High
CONV00323,U2142,34471.12,05/12/2025,10.447906160375714,627.0,1,Very High
CONV00324,U0358,32476.35,02/28/2025,10.388298202277127,713.0,1,Very High
CONV00325,U0830,41173.43,04/09/2025,10.625572711598473,335.0,1,Very High
CONV00326,U3067,44229.48,05/22/2025,10.697169423166136,217.0,1,Very High
CONV00327,U7849,19459.26,02/14/2025,9.876129716390722,1234.0,0,Very High
CONV00328,U0320,24244.38,08/09/2025,10.095981362751337,1040.0,0,Very High
CONV00329,U2947,11341.5,02/11/2025,9.33631201153812,1566.0,0,Very High
CONV00330,U3814,33014.79,03/31/2025,10.40474121085973,683.0,1,Very High
CONV00331,U9433,42041.5,08/14/2025,10.646436290396904,296.0,1,Very High
CONV00332,U5879,35177.76,11/29/2025,10.468197770370749,596.0,1,Very High
CONV00333,U8883,2379.21,06/09/2025,7.774943998067133,1926.0,0,Very High
CONV00334,U5436,6959.23,12/03/2025,8.84796779875947,1744.0,0,Very High
CONV00335,U2321,18562.05,02/28/2025,9.828928324735736,1272.0,0,Very High
CONV00336,U4945,36751.43,06/28/2025,10.51195962490397,529.0,1,Very High
CONV00337,U5847,40815.48,05/07/2025,10.616841200406524,349.0,1,Very High
CONV00338,U9386,9513.05,07/30/2025,9.160524932391493,1643.0,0,Very High
CONV00339,U5426,49127.79,02/14/2025,10.802200496322872,29.0,1,Very High
CONV00340,U3436,17848.82,06/02/2025,9.789748703123328,1293.0,0,Very High
CONV00341,U2726,19246.27,08/17/2025,9.865124511476964,1250.0,0,Very High
CONV00342,U3696,40060.13,03/26/2025,10.598161816510448,377.0,1,Very High
CONV00343,U5601,36733.26,04/15/2025,10.511465113574904,531.0,1,Very High
CONV00344,U0508,30562.22,08/22/2025,10.327552604221944,783.0,1,Very High
CONV00345,U6706,46315.89,01/09/2026,10.74326196836929,137.0,1,Very High
CONV00346,U6438,24801.94,10/21/2025,10.118717473513865,1027.0,0,Very High
CONV00347,U9834,1773.92,09/08/2025,7.481510630471279,1947.0,0,Very High
CONV00348,U7716,5011.28,09/25/2025,8.519646180377304,1819.0,0,Very High
CONV00349,U0732,13538.34,06/10/2025,9.51335480081736,1469.0,0,Very High
CONV00350,U1585,40504.92,02/26/2025,10.609203415251928,363.0,1,Very High
CONV00351,U6859,46849.89,10/20/2025,10.754725284284424,114.0,1,Very High
CONV00352,U8227,28788.53,11/08/2025,10.26776705836008,855.0,1,Very High
CONV00353,U3472,21457.06,04/30/2025,9.973855611352723,1170.0,0,Very High
CONV00354,U5239,28040.03,02/21/2025,10.241424073712109,903.0,1,Very High
CONV00355,U9627,21014.9,09/29/2025,9.95303457307465,1184.0,0,Very High
CONV00356,U1731,14661.6,11/02/2025,9.593055313057826,1416.0,0,Very High
CONV00357,U9978,14133.0,09/04/2025,9.5563385212508,1440.0,0,Very High
CONV00358,U3893,46081.33,02/23/2025,10.738184858327555,151.0,1,Very High
CONV00359,U1610,48723.86,05/11/2025,10.79394465110329,49.0,1,Very High
CONV00360,U3080,41286.49,09/07/2025,10.62831482749496,326.0,1,Very High
CONV00361,U1076,20467.56,07/03/2025,9.926645329331832,1202.0,0,Very High
CONV00362,U0945,3002.68,05/19/2025,8.007593482576052,1903.0,0,Very High
CONV00363,U2030,18937.1,01/03/2026,9.84893104491814,1261.0,0,Very High
CONV00364,U2680,34598.1,05/22/2025,10.451582949146816,620.0,1,Very High
CONV00365,U3627,10733.18,12/18/2025,9.281188321740949,1590.0,0,Very High
CONV00366,U0146,9073.43,09/25/2025,9.11321584724307,1663.0,0,Very High
CONV00367,U4512,17761.11,08/13/2025,9.784822815795556,1297.0,0,Very High
CONV00368,U8381,32543.43,12/25/2025,10.39036151164202,709.0,1,Very High
CONV00369,U4530,14205.8,12/14/2025,9.561476002205591,1437.0,0,Very High
CONV00370,U6621,7426.51,12/05/2025,8.912945953683888,1723.0,0,Very High
CONV00371,U9553,9900.8,01/21/2026,9.200471837777576,1627.0,0,Very High
CONV00372,U5874,8914.34,10/08/2025,9.09552866753972,1669.0,0,Very High
CONV00373,U9160,17113.81,04/06/2025,9.7476994495296,1328.0,0,Very High
CONV00374,U5429,15055.53,08/06/2025,9.619567063118447,1398.0,0,Very High
CONV00375,U1167,6430.89,09/20/2025,8.769023708722512,1764.0,0,Very High
CONV00376,U2251,49365.98,05/11/2025,10.807037058630431,21.0,1,Very High
CONV00377,U5450,31907.7,11/20/2025,10.37063397886234,734.0,1,Very High
CONV00378,U8022,21968.72,02/28/2025,9.997420420645645,1140.0,0,Very High
CONV00379,U3268,16449.55,08/06/2025,9.708114190285048,1351.0,0,Very High
CONV00380,U3708,6882.07,01/03/2026,8.836820052330669,1749.0,0,Very High
CONV00381,U4886,26254.28,06/14/2025,10.1756223906504,974.0,1,Very High
CONV00382,U5886,45951.17,04/19/2025,10.735356351913588,155.0,1,Very High
CONV00383,U0360,6596.52,11/20/2025,8.794449099824192,1760.0,0,Very High
CONV00384,U0797,5851.62,11/27/2025,8.674644703212955,1784.0,0,Very High
CONV00385,U2025,35242.48,10/14/2025,10.470035826593358,592.0,1,Very High
CONV00386,U4424,7289.59,12/11/2025,8.89433975451246,1729.0,0,Very High
CONV00387,U8155,39008.97,05/08/2025,10.571572533466826,420.0,1,Very High
CONV00388,U8981,46689.66,09/22/2025,10.751299423654322,122.0,1,Very High
CONV00389,U8096,25829.41,04/10/2025,10.159307758979784,990.0,1,Very High
CONV00390,U4328,40752.33,09/22/2025,10.615292833121703,352.0,1,Very High
CONV00391,U1557,7350.52,02/13/2025,8.902662373547235,1727.0,0,Very High
CONV00392,U1523,6134.68,07/22/2025,8.721876190448578,1773.0,0,Very High
CONV00393,U2733,36457.35,03/29/2025,10.503925792134558,547.0,1,Very High
CONV00394,U7179,39068.63,04/22/2025,10.573100717822548,416.0,1,Very High
CONV00395,U1851,3635.13,08/19/2025,8.198675208233583,1878.0,0,Very High
CONV00396,U9258,17245.88,05/11/2025,9.755386536535417,1322.0,0,Very High
CONV00397,U6306,49395.69,03/19/2025,10.80763869688256,19.0,1,Very High
CONV00398,U2710,12424.14,02/16/2025,9.427477118506983,1518.0,0,Very High
CONV00399,U3851,40162.43,02/24/2025,10.600712159085058,374.0,1,Very High
CONV00400,U0292,2273.68,03/11/2025,7.729594662150938,1929.0,0,Very High
CONV00401,U8329,33737.98,11/14/2025,10.42640912446338,662.0,1,Very High
CONV00402,U5440,23920.12,11/04/2025,10.082517029710893,1056.0,0,Very High
CONV00403,U3634,41579.25,02/01/2025,10.63538057389994,310.0,1,Very High
CONV00404,U2690,35984.38,10/03/2025,10.490868023841683,562.0,1,Very High
CONV00405,U6438,39180.31,05/13/2025,10.575955126365818,414.0,1,Very High
CONV00406,U9648,33093.61,04/04/2025,10.407125708226149,682.0,1,Very High
CONV00407,U9065,46256.36,09/03/2025,10.741975865415052,142.0,1,Very High
CONV00408,U1697,30504.96,07/28/2025,10.325677353341554,787.0,1,Very High
CONV00409,U4483,22915.86,07/27/2025,10.03962816318876,1102.0,0,Very High
CONV00410,U4898,16038.58,01/18/2026,9.682814696539031,1364.0,0,Very High
CONV00411,U5658,32679.28,01/10/2026,10.39452711686869,700.0,1,Very High
CONV00412,U1891,29348.91,07/30/2025,10.287044758812018,828.0,1,Very High
CONV00413,U0210,19353.08,09/26/2025,9.870658528944798,1240.0,0,Very High
CONV00414,U4106,39325.69,03/22/2025,10.579658702209684,408.0,1,Very High
CONV00415,U9206,28282.89,05/02/2025,10.250047663591976,888.0,1,Very High
CONV00416,U6350,48308.74,08/03/2025,10.785388475625462,60.0,1,Very High
CONV00417,U3696,32557.8,12/15/2025,10.390802964400455,707.0,1,Very High
CONV00418,U4820,4186.22,09/17/2025,8.339792308226071,1849.0,0,Very High
CONV00419,U4573,8465.98,11/08/2025,9.04392917152776,1682.0,0,Very High
CONV00420,U0655,3017.34,04/18/2025,8.012462290371426,1902.0,0,Very High
CONV00421,U5208,26270.01,10/22/2025,10.176221328838125,972.0,1,Very High
CONV00422,U5725,16928.23,05/05/2025,9.736796992698896,1332.0,0,Very High
CONV00423,U0145,22560.53,03/28/2025,10.024001522461315,1115.0,0,Very High
CONV00424,U6323,14500.04,06/10/2025,9.581975649974543,1424.0,0,Very High
CONV00425,U0719,16355.48,06/03/2025,9.70237942808253,1355.0,0,Very High
CONV00426,U3454,11052.17,12/31/2025,9.310472543632375,1576.0,0,Very High
CONV00427,U1182,23231.65,12/28/2025,10.053313895883266,1084.0,0,Very High
CONV00428,U9144,11768.46,02/14/2025,9.373263319847542,1552.0,0,Very High
CONV00429,U0277,26974.3,08/08/2025,10.202676911473205,941.0,1,Very High
CONV00430,U5861,39451.15,09/24/2025,10.58284382415527,396.0,1,Very High
CONV00431,U6474,8238.01,12/12/2025,9.016635470054386,1695.0,0,Very High
CONV00432,U2361,45751.36,06/27/2025,10.730998654072677,159.0,1,Very High
CONV00433,U0685,20007.04,01/20/2025,9.903889471755775,1212.0,0,Very High
CONV00434,U8398,11429.0,04/09/2025,9.343996756788856,1563.0,0,Very High
CONV00435,U0892,27708.4,10/18/2025,10.229526984789686,916.0,1,Very High
CONV00436,U5421,32945.91,07/05/2025,10.40265275708098,688.0,1,Very High
CONV00437,U5380,34826.18,11/16/2025,10.458153395396614,613.0,1,Very High
CONV00438,U0080,11465.52,07/03/2025,9.347186763913903,1561.0,0,Very High
CONV00439,U7864,38850.96,09/09/2025,10.567513804973665,430.0,1,Very High
CONV00440,U8825,44373.62,04/13/2025,10.700422963360769,209.0,1,Very High
CONV00441,U9485,45362.03,08/13/2025,10.722452735112483,170.0,1,Very High
CONV00442,U5994,38721.17,08/12/2025,10.56416758320857,436.0,1,Very High
CONV00443,U5962,12324.6,10/15/2025,9.419433679267565,1525.0,0,Very High
CONV00444,U9271,36734.22,01/03/2026,10.511491246875426,530.0,1,Very High
CONV00445,U6053,10735.32,05/29/2025,9.28138766502658,1589.0,0,Very High
CONV00446,U5310,31861.57,03/02/2025,10.369187245621934,737.0,1,Very High
CONV00447,U6202,44962.22,07/09/2025,10.713600101220122,187.0,1,Very High
CONV00448,U5654,30408.44,09/23/2025,10.322508365506785,794.0,1,Very High
CONV00449,U4601,8289.19,05/08/2025,9.022828167046434,1694.0,0,Very High
CONV00450,U7890,10929.85,12/17/2025,9.299344345758918,1581.0,0,Very High
CONV00451,U2640,2439.95,03/28/2025,7.800142586774733,1925.0,0,Very High
CONV00452,U6643,1421.69,11/26/2025,7.260304724743686,1967.0,0,Very High
CONV00453,U7892,20832.96,04/02/2025,9.94433962660399,1193.0,0,Very High
CONV00454,U5615,3907.72,09/02/2025,8.270965233654653,1864.0,0,Very High
CONV00455,U6878,9282.4,04/15/2025,9.13598313799008,1651.0,0,Very High
CONV00456,U7902,30372.0,12/30/2025,10.321309334853664,795.0,1,Very High
CONV00457,U0712,11859.57,01/18/2026,9.3809747321051,1544.0,0,Very High
CONV00458,U4171,43023.14,09/11/2025,10.66951663250112,252.0,1,Very High
CONV00459,U0117,26228.21,11/04/2025,10.174628954222074,975.0,1,Very High
CONV00460,U6981,13434.49,12/17/2025,9.505654992286257,1475.0,0,Very High
CONV00461,U3338,28099.35,08/05/2025,10.24353731076028,899.0,1,Very High
CONV00462,U9465,36921.23,07/23/2025,10.516569087659468,523.0,1,Very High
CONV00463,U1643,39411.02,05/15/2025,10.581826124901893,401.0,1,Very High
CONV00464,U0087,46330.16,03/01/2025,10.743570015869755,136.0,1,Very High
CONV00465,U0619,32980.67,07/25/2025,10.40370723158114,685.0,1,Very High
CONV00466,U8490,39305.99,06/12/2025,10.579157644637096,409.0,1,Very High
CONV00467,U5894,48794.47,05/05/2025,10.795392759663612,43.0,1,Very High
CONV00468,U8483,3896.55,01/10/2025,8.268103429586013,1866.0,0,Very High
CONV00469,U5694,48171.33,06/05/2025,10.782540068809451,64.0,1,Very High
CONV00470,U1745,15065.47,11/13/2025,9.620227023969676,1396.0,0,Very High
CONV00471,U4099,28376.85,01/15/2026,10.253364190268526,886.0,1,Very High
CONV00472,U0449,3843.94,09/24/2025,8.254513277136585,1868.0,0,Very High
CONV00473,U5786,35190.52,09/30/2025,10.468560423472022,594.0,1,Very High
CONV00474,U1246,16036.7,10/17/2025,9.682697479617762,1365.0,0,Very High
CONV00475,U3848,11845.77,05/30/2025,9.379810535568614,1545.0,0,Very High
CONV00476,U1286,30884.44,01/06/2026,10.338040154426448,770.0,1,Very High
CONV00477,U9413,49227.54,06/19/2025,10.80422881559909,25.0,1,Very High
CONV00478,U0888,47012.89,09/28/2025,10.758198368946134,112.0,1,Very High
CONV00479,U8491,916.72,09/14/2025,6.821892333201961,1983.0,0,High
CONV00480,U4255,12238.39,04/21/2025,9.412414718223124,1527.0,0,Very High
CONV00481,U6100,22811.09,07/24/2025,10.035045937560598,1105.0,0,Very High
CONV00482,U3864,19353.73,10/16/2025,9.870692113030698,1239.0,0,Very High
CONV00483,U8471,39373.98,10/10/2025,10.580885868191295,406.0,1,Very High
CONV00484,U2677,13087.34,02/26/2025,9.479477036500215,1485.0,0,Very High
CONV00485,U9181,1481.85,10/16/2025,7.301721190697281,1965.0,0,Very High
CONV00486,U8822,16591.97,04/16/2025,9.716734390669831,1343.0,0,Very High
CONV00487,U7599,8794.99,12/15/2025,9.082051214793603,1672.0,0,Very High
CONV00488,U1297,16017.36,04/13/2025,9.68149084334702,1367.0,0,Very High
CONV00489,U7290,26286.32,07/19/2025,10.1768419726266,971.0,1,Very High
CONV00490,U4123,10923.29,01/06/2026,9.29874402929359,1582.0,0,Very High
CONV00491,U0882,38367.32,01/16/2025,10.55498739807603,456.0,1,Very High
CONV00492,U5069,14566.68,05/18/2025,9.586560655213416,1419.0,0,Very High
CONV00493,U5847,48761.59,07/03/2025,10.794718699493805,44.0,1,Very High
CONV00494,U8836,23098.9,04/24/2025,10.047583567496186,1091.0,0,Very High
CONV00495,U5689,40333.03,09/18/2025,10.60495080848887,371.0,1,Very High
CONV00496,U0002,14694.73,10/12/2025,9.595312254379971,1414.0,0,Very High
CONV00497,U7053,39939.99,06/16/2025,10.59515839384338,381.0,1,Very High
CONV00498,U2676,19228.72,12/05/2025,9.864212277894396,1251.0,0,Very High
CONV00499,U4455,26831.24,06/03/2025,10.197359428566816,944.0,1,Very High
CONV00500,U7461,35173.39,11/28/2025,10.4680735399701,597.0,1,Very High
CONV00501,U0363,13825.16,04/28/2025,9.534317728838078,1453.0,0,Very High
CONV00502,U8087,15923.05,05/17/2025,9.675585824029872,1371.0,0,Very High
CONV00503,U1315,38894.82,03/18/2025,10.56864206881998,428.0,1,Very High
CONV00504,U6252,35876.78,01/19/2025,10.487873441348826,567.0,1,Very High
CONV00505,U8539,19761.59,01/06/2026,9.891546035587051,1225.0,0,Very High
CONV00506,U8535,32106.74,03/10/2025,10.37685240154832,727.0,1,Very High
CONV00507,U7114,39822.32,07/04/2025,10.592207949331018,383.0,1,Very High
CONV00508,U7787,18884.23,12/21/2025,9.84613541405042,1262.0,0,Very High
CONV00509,U0984,8118.96,02/17/2025,9.002080507035217,1699.0,0,Very High
CONV00510,U5691,1556.97,08/25/2025,7.351138970789592,1956.0,0,Very High
CONV00511,U7169,35003.37,10/20/2025,10.463228189820404,604.0,1,Very High
CONV00512,U4511,3909.39,11/07/2025,8.271392392250808,1863.0,0,Very High
CONV00513,U8290,44205.15,08/02/2025,10.696619198658173,218.0,1,Very High
CONV00514,U8831,34319.6,08/11/2025,10.443501035966564,636.0,1,Very High
CONV00515,U5277,33115.11,02/27/2025,10.407775149910384,681.0,1,Very High
CONV00516,U1618,41896.83,02/07/2025,10.642989314592947,300.0,1,Very High
CONV00517,U9928,46091.24,02/26/2025,10.738399885097698,149.0,1,Very High
CONV00518,U6815,41270.33,07/16/2025,10.627923349026483,327.0,1,Very High
CONV00519,U3538,36396.01,10/10/2025,10.50224190739378,550.0,1,Very High
CONV00520,U2932,21051.64,10/16/2025,9.9547812469236,1181.0,0,Very High
CONV00521,U1706,20377.08,04/06/2025,9.92221509232886,1205.0,0,Very High
CONV00522,U9013,38327.13,06/29/2025,10.553939370333453,457.0,1,Very High
CONV00523,U9016,22651.24,05/23/2025,10.02801402226851,1111.0,0,Very High
CONV00524,U2214,49227.52,06/10/2025,10.804228409330612,26.0,1,Very High
CONV00525,U9115,5167.21,11/03/2025,8.550281679311794,1813.0,0,Very High
CONV00526,U4094,15364.97,05/18/2025,9.639910603063315,1385.0,0,Very High
CONV00527,U2833,29023.51,10/06/2025,10.275895924425312,843.0,1,Very High
CONV00528,U6252,38659.62,02/21/2025,10.562576789881527,440.0,1,Very High
CONV00529,U9869,31793.58,01/07/2025,10.367051113990106,742.0,1,Very High
CONV00530,U5355,8083.28,10/06/2025,8.997676714242342,1702.0,0,Very High
CONV00531,U7077,7043.36,05/31/2025,8.859982575635545,1736.0,0,Very High
CONV00532,U1394,38804.34,07/28/2025,10.56631314500736,432.0,1,Very High
CONV00533,U9361,49855.4,04/27/2025,10.816902152304785,3.0,1,Very High
CONV00534,U9438,20972.31,02/26/2025,9.951005955979646,1186.0,0,Very High
CONV00535,U4995,41168.41,04/22/2025,10.625450783837849,336.0,1,Very High
CONV00536,U3272,38007.82,01/13/2026,10.545573517039422,467.0,1,Very High
CONV00537,U2420,34842.86,05/31/2025,10.45863221702232,612.0,1,Very High
CONV00538,U3472,37642.58,05/02/2025,10.535917700759915,487.0,1,Very High
CONV00539,U0302,33344.65,07/13/2025,10.414682608053806,672.0,1,Very High
CONV00540,U4445,47286.24,01/30/2025,10.763995770644382,101.0,1,Very High
CONV00541,U5902,43436.82,03/17/2025,10.679085769186488,241.0,1,Very High
CONV00542,U5169,4857.02,09/12/2025,8.488386226474187,1826.0,0,Very High
CONV00543,U8674,19973.29,06/11/2025,9.902201225572218,1213.0,0,Very High
CONV00544,U3870,3569.48,09/22/2025,8.180455319517097,1882.0,0,Very High
CONV00545,U6437,36629.54,12/19/2025,10.50863759767894,535.0,1,Very High
CONV00546,U9919,7022.72,07/08/2025,8.85704827119465,1739.0,0,Very High
CONV00547,U5063,26428.37,12/23/2025,10.182231170764863,966.0,1,Very High
CONV00548,U8733,42056.36,03/06/2025,10.646789679811697,294.0,1,Very High
CONV00549,U4486,7011.52,03/19/2025,8.855452401876796,1740.0,0,Very High
CONV00550,U3784,4434.03,01/11/2026,8.397289659095097,1842.0,0,Very High
CONV00551,U6127,23955.42,04/10/2025,10.083991625372928,1055.0,0,Very High
CONV00552,U4422,33731.28,08/06/2025,10.42621052138343,663.0,1,Very High
CONV00553,U5324,20540.91,08/24/2025,9.930222468448504,1200.0,0,Very High
CONV00554,U9729,43851.26,10/27/2025,10.688581535810878,229.0,1,Very High
CONV00555,U4026,49199.62,09/24/2025,10.803661504027016,28.0,1,Very High
CONV00556,U3111,44277.68,06/23/2025,10.698258576080134,213.0,1,Very High
CONV00557,U8471,32482.02,03/16/2025,10.38847277024878,712.0,1,Very High
CONV00558,U8953,16511.32,03/11/2025,9.711862047938464,1346.0,0,Very High
CONV00559,U7450,34740.01,03/17/2025,10.455676112487046,616.0,1,Very High
CONV00560,U7363,26428.96,12/03/2025,10.182253494165485,965.0,1,Very High
CONV00561,U2800,33146.75,06/25/2025,10.408730120007345,679.0,1,Very High
CONV00562,U7312,6318.92,06/01/2025,8.751461828832939,1769.0,0,Very High
CONV00563,U8170,44193.79,10/13/2025,10.696362187815016,219.0,1,Very High
CONV00564,U1301,12613.3,11/21/2025,9.442586370038928,1509.0,0,Very High
CONV00565,U0903,7696.03,12/02/2025,8.948589819149172,1713.0,0,Very High
CONV00566,U1785,33768.48,08/21/2025,10.42731271497856,661.0,1,Very High
CONV00567,U5902,15315.08,01/30/2025,9.636658535879445,1388.0,0,Very High
CONV00568,U2205,14083.72,03/20/2025,9.552845800808653,1445.0,0,Very High
CONV00569,U1791,26682.86,10/22/2025,10.191814167225926,955.0,1,Very High
CONV00570,U4255,18015.74,10/01/2025,9.799056604696236,1289.0,0,Very High
CONV00571,U2948,14879.16,11/15/2025,9.607784061017446,1407.0,0,Very High
CONV00572,U3397,2751.86,11/23/2025,7.920395650235279,1913.0,0,Very High
CONV00573,U4615,15364.06,05/28/2025,9.63985137953581,1386.0,0,Very High
CONV00574,U9322,9193.64,11/22/2025,9.126375984559086,1659.0,0,Very High
CONV00575,U2225,23300.59,10/01/2025,10.056276877568871,1081.0,0,Very High
CONV00576,U8538,34070.78,06/20/2025,10.436224754667435,651.0,1,Very High
CONV00577,U1085,2043.07,03/30/2025,7.622698197312537,1933.0,0,Very High
CONV00578,U1915,16067.72,06/08/2025,9.684629804034628,1363.0,0,Very High
CONV00579,U7405,15464.76,06/07/2025,9.646383827138322,1382.0,0,Very High
CONV00580,U7908,17335.74,09/29/2025,9.76058322804584,1316.0,0,Very High
CONV00581,U8457,36366.25,12/27/2025,10.50142392335438,551.0,1,Very High
CONV00582,U9737,44514.7,02/17/2025,10.70359721492064,203.0,1,Very High
CONV00583,U3439,14685.09,07/01/2025,9.59465606627822,1415.0,0,Very High
CONV00584,U4484,28201.48,03/03/2025,10.247165196321834,892.0,1,Very High
CONV00585,U4642,4026.52,11/09/2025,8.300906080898514,1857.0,0,Very High
CONV00586,U0827,4762.92,03/08/2025,8.468826137722942,1828.0,0,Very High
CONV00587,U7305,16950.44,11/18/2025,9.738108064952272,1331.0,0,Very High
CONV00588,U7673,34381.66,03/13/2025,10.445307646508176,632.0,1,Very High
CONV00589,U4228,35130.92,07/27/2025,10.46686539790815,601.0,1,Very High
CONV00590,U1850,42365.43,07/08/2025,10.654111582341198,275.0,1,Very High
CONV00591,U1753,4010.74,06/25/2025,8.296980341398603,1858.0,0,Very High
CONV00592,U3993,19498.91,10/18/2025,9.878165129156573,1232.0,0,Very High
CONV00593,U9294,12189.64,07/16/2025,9.408423723147994,1531.0,0,Very High
CONV00594,U9703,27976.84,11/28/2025,10.239168047240982,904.0,1,Very High
CONV00595,U9772,32426.96,07/15/2025,10.386776292604925,716.0,1,Very High
CONV00596,U0004,22922.23,03/26/2025,10.039906085856057,1101.0,0,Very High
CONV00597,U5188,45703.61,06/12/2025,10.72995444706825,162.0,1,Very High
CONV00598,U8363,15062.14,08/06/2025,9.620005978956907,1397.0,0,Very High
CONV00599,U1798,21869.92,06/12/2025,9.992913179544148,1142.0,0,Very High
CONV00600,U8932,24006.13,04/25/2025,10.086106148542902,1050.0,0,Very High
CONV00601,U2057,32595.27,03/14/2025,10.39195314363074,701.0,1,Very High
CONV00602,U6814,46550.4,09/10/2025,10.748312357440934,127.0,1,Very High
CONV00603,U6304,21526.21,07/01/2025,9.97707299533802,1164.0,0,Very High
CONV00604,U6732,2156.36,10/08/2025,7.676640530933254,1930.0,0,Very High
CONV00605,U1312,26557.2,04/10/2025,10.18709383020947,959.0,1,Very High
CONV00606,U1450,37213.46,06/05/2025,10.524452674410622,505.0,1,Very High
CONV00607,U8766,25876.82,01/21/2025,10.161141510136428,985.0,1,Very High
CONV00608,U4739,46181.79,04/19/2025,10.740362496847927,145.0,1,Very High
CONV00609,U9473,32987.83,04/06/2025,10.403924298301206,684.0,1,Very High
CONV00610,U4553,14408.11,06/06/2025,9.57561592442136,1428.0,0,Very High
CONV00611,U2477,40488.11,12/12/2025,10.608788328048645,364.0,1,Very High
CONV00612,U1383,41175.33,04/11/2025,10.625618855677782,333.0,1,Very High
CONV00613,U2741,42170.74,04/19/2025,10.649505607449722,282.0,1,Very High
CONV00614,U4938,46161.73,09/08/2025,10.73992804154754,148.0,1,Very High
CONV00615,U8691,46397.52,08/25/2025,10.745022841153917,134.0,1,Very High
CONV00616,U5798,32777.26,08/18/2025,10.397520769741924,694.0,1,Very High
CONV00617,U9572,33926.91,07/27/2025,10.431993258474654,655.0,1,Very High
CONV00618,U5133,919.57,10/10/2025,6.8249930434091866,1981.0,0,High
CONV00619,U5760,12968.86,04/24/2025,9.470383483111908,1487.0,0,Very High
CONV00620,U3553,35549.72,11/06/2025,10.478715688190851,579.0,1,Very High
CONV00621,U9275,9621.02,04/14/2025,9.171809500827182,1640.0,0,Very High
CONV00622,U6996,38620.92,12/29/2025,10.561575269920231,444.0,1,Very High
CONV00623,U5451,13600.91,02/14/2025,9.517965503039676,1466.0,0,Very High
CONV00624,U8062,38551.01,03/03/2025,10.55976351771005,448.0,1,Very High
CONV00625,U1154,38973.24,10/20/2025,10.570656194056577,422.0,1,Very High
CONV00626,U6398,16826.63,05/29/2025,9.73077745730444,1335.0,0,Very High
CONV00627,U7834,36524.49,09/06/2025,10.50576565199777,542.0,1,Very High
CONV00628,U7899,46784.59,03/15/2025,10.753330528510052,119.0,1,Very High
CONV00629,U1486,48065.81,07/09/2025,10.780347197129917,66.0,1,Very High
CONV00630,U6295,34946.17,01/02/2026,10.461592771565169,607.0,1,Very High
CONV00631,U7176,10058.09,05/01/2025,9.216231982305764,1620.0,0,Very High
CONV00632,U5042,40683.02,10/13/2025,10.613590665339112,358.0,1,Very High
CONV00633,U6644,32865.57,03/18/2025,10.40021131074182,692.0,1,Very High
CONV00634,U1181,24700.29,01/19/2025,10.114610747972948,1029.0,0,Very High
CONV00635,U0236,45280.79,04/25/2025,10.720660243897823,174.0,1,Very High
CONV00636,U1743,40059.17,03/07/2025,10.598137852845351,378.0,1,Very High
CONV00637,U6587,29010.37,06/20/2025,10.275443101095174,846.0,1,Very High
CONV00638,U1979,21050.14,06/12/2025,9.9547099944137,1182.0,0,Very High
CONV00639,U0667,42444.65,03/29/2025,10.655979712990492,271.0,1,Very High
CONV00640,U2940,29889.66,02/24/2025,10.305301335997736,809.0,1,Very High
CONV00641,U4440,12343.06,09/30/2025,9.420930254692234,1524.0,0,Very High
CONV00642,U4935,28106.66,07/04/2025,10.24379741603856,898.0,1,Very High
CONV00643,U8316,31509.98,04/29/2025,10.358091335505389,752.0,1,Very High
CONV00644,U7773,33672.06,09/13/2025,10.424453390116476,664.0,1,Very High
CONV00645,U5478,5668.84,11/13/2025,8.642916177628758,1791.0,0,Very High
CONV00646,U1161,29838.98,05/11/2025,10.303604384076186,811.0,1,Very High
CONV00647,U5344,37018.52,05/24/2025,10.519200620079086,517.0,1,Very High
CONV00648,U0891,46430.41,08/26/2025,10.74573144884922,132.0,1,Very High
CONV00649,U5876,6796.98,06/10/2025,8.824380788209956,1753.0,0,Very High
CONV00650,U7514,17507.01,08/31/2025,9.77041376947809,1310.0,0,Very High
CONV00651,U3764,26327.55,03/13/2025,10.178409180711874,969.0,1,Very High
CONV00652,U4042,29183.62,06/04/2025,10.28139713716594,834.0,1,Very High
CONV00653,U0657,25458.71,09/11/2025,10.144852481630188,1007.0,0,Very High
CONV00654,U8115,37777.4,05/26/2025,10.53949278970872,479.0,1,Very High
CONV00655,U1487,15589.41,01/31/2025,9.65441126061557,1380.0,0,Very High
CONV00656,U7599,9654.81,04/08/2025,9.175315085698935,1638.0,0,Very High
CONV00657,U1159,26780.56,07/26/2025,10.19546886997574,948.0,1,Very High
CONV00658,U1327,46646.04,11/30/2025,10.750364753029793,124.0,1,Very High
CONV00659,U0670,32584.55,07/29/2025,10.391624217556055,703.0,1,Very High
CONV00660,U3910,24185.43,11/03/2025,10.093547011067525,1045.0,0,Very High
CONV00661,U8251,3195.77,12/26/2025,8.069896204025817,1892.0,0,Very High
CONV00662,U7704,41356.26,01/27/2026,10.63000325940564,320.0,1,Very High
CONV00663,U1076,4468.43,05/05/2025,8.405016162698136,1840.0,0,Very High
CONV00664,U2425,10610.68,10/12/2025,9.269710560260943,1596.0,0,Very High
CONV00665,U7765,37016.61,06/27/2025,10.51914902434596,518.0,1,Very High
CONV00666,U8514,29145.88,12/17/2025,10.28010315346019,836.0,1,Very High
CONV00667,U7296,7031.74,09/17/2025,8.858331667047954,1737.0,0,Very High
CONV00668,U0776,23068.36,03/22/2025,10.046260609127163,1093.0,0,Very High
CONV00669,U2515,2537.0,04/03/2025,7.839131648274333,1921.0,0,Very High
CONV00670,U9216,16188.72,01/09/2026,9.692131751895817,1359.0,0,Very High
CONV00671,U4941,46587.91,03/28/2025,10.749117808958712,126.0,1,Very High
CONV00672,U8314,15130.07,07/17/2025,9.624505524704832,1392.0,0,Very High
CONV00673,U5550,24209.57,12/20/2025,10.094544593645036,1042.0,0,Very High
CONV00674,U3611,16655.14,09/05/2025,9.720534196198868,1341.0,0,Very High
CONV00675,U3207,42547.84,02/02/2025,10.65840787158525,268.0,1,Very High
CONV00676,U9914,33504.94,10/01/2025,10.419478015527824,668.0,1,Very High
CONV00677,U4664,48887.42,07/23/2025,10.79729583760314,40.0,1,Very High
CONV00678,U7250,36536.03,06/25/2025,10.506081545840358,541.0,1,Very High
CONV00679,U1411,23993.35,04/11/2025,10.085573664948562,1052.0,0,Very High
CONV00680,U1450,45763.32,01/17/2025,10.731260027192157,158.0,1,Very High
CONV00681,U3265,27916.41,04/07/2025,10.237005787530386,906.0,1,Very High
CONV00682,U3679,13502.51,02/13/2025,9.51070493063238,1473.0,0,Very High
CONV00683,U4010,14222.24,01/17/2025,9.56263252550506,1435.0,0,Very High
CONV00684,U4226,48725.81,12/14/2025,10.79398467094082,47.0,1,Very High
CONV00685,U2669,16324.22,11/22/2025,9.700466430317228,1357.0,0,Very High
CONV00686,U5833,26715.81,02/23/2025,10.193048234295937,954.0,1,Very High
CONV00687,U9811,43685.94,04/22/2025,10.684804480582136,237.0,1,Very High
CONV00688,U5762,26149.45,03/26/2025,10.171621677758008,976.0,1,Very High
CONV00689,U8248,44904.31,05/13/2025,10.712311329544088,191.0,1,Very High
CONV00690,U6838,41032.81,09/22/2025,10.622151640008855,341.0,1,Very High
CONV00691,U7241,48520.52,11/07/2025,10.789762689855014,53.0,1,Very High
CONV00692,U2333,6704.54,12/23/2025,8.810689329385607,1756.0,0,Very High
CONV00693,U7066,2123.24,02/12/2025,7.661169370328731,1932.0,0,Very High
CONV00694,U0710,1008.48,02/06/2025,6.917190625768622,1978.0,0,Very High
CONV00695,U5760,42370.15,02/14/2025,10.654222985097917,274.0,1,Very High
CONV00696,U3963,5405.73,10/04/2025,8.595399752866102,1804.0,0,Very High
CONV00697,U2815,5384.94,10/09/2025,8.59154713331692,1805.0,0,Very High
CONV00698,U7204,41819.74,12/23/2025,10.641147667708903,303.0,1,Very High
CONV00699,U2026,7227.66,09/20/2025,8.885808959109603,1732.0,0,Very High
CONV00700,U5376,14538.77,09/29/2025,9.584642932530484,1421.0,0,Very High
CONV00701,U7012,42132.38,04/22/2025,10.648595579621109,288.0,1,Very High
CONV00702,U7178,4707.79,09/29/2025,8.457186253793637,1832.0,0,Very High
CONV00703,U1061,10413.04,08/02/2025,9.25091017469876,1603.0,0,Very High
CONV00704,U9535,39579.89,11/20/2025,10.586101705007842,392.0,1,Very High
CONV00705,U7939,38515.98,09/22/2025,10.55885446200782,450.0,1,Very High
CONV00706,U0487,41600.47,03/07/2025,10.635890782163496,309.0,1,Very High
CONV00707,U4961,38128.49,12/06/2025,10.548743277467116,462.0,1,Very High
CONV00708,U8033,17508.97,10/13/2025,9.770525711971748,1309.0,0,Very High
CONV00709,U6286,19128.66,09/02/2025,9.858995289145149,1255.0,0,Very High
CONV00710,U2690,15966.75,09/21/2025,9.678326342116058,1369.0,0,Very High
CONV00711,U8838,28331.64,10/25/2025,10.2517697759167,887.0,1,Very High
CONV00712,U5780,1893.28,05/27/2025,7.546594098088739,1940.0,0,Very High
CONV00713,U5592,17584.58,07/25/2025,9.77483452701984,1305.0,0,Very High
CONV00714,U5114,34555.57,11/27/2025,10.45035297030743,623.0,1,Very High
CONV00715,U0613,21412.42,09/09/2025,9.971773107266884,1172.0,0,Very High
CONV00716,U5186,16459.86,07/16/2025,9.70874072073982,1349.0,0,Very High
CONV00717,U5564,18485.05,04/09/2025,9.824771672570606,1277.0,0,Very High
CONV00718,U3508,15217.35,06/15/2025,9.63025721555203,1391.0,0,Very High
CONV00719,U1553,3829.85,11/25/2025,8.250841989666286,1870.0,0,Very High
CONV00720,U4946,33341.11,09/26/2025,10.414576441644757,673.0,1,Very High
CONV00721,U8972,35314.92,04/30/2025,10.472089132756704,589.0,1,Very High
CONV00722,U4390,30913.9,12/17/2025,10.338993547311714,769.0,1,Very High
CONV00723,U7578,37448.46,04/10/2025,10.530747569615771,495.0,1,Very High
CONV00724,U3336,14708.71,08/05/2025,9.596263098921204,1412.0,0,Very High
CONV00725,U2457,39953.72,04/18/2025,10.59550209190014,380.0,1,Very High
CONV00726,U3310,1942.52,04/17/2025,7.57225604095196,1939.0,0,Very High
CONV00727,U7961,44877.02,01/21/2025,10.711703421576306,194.0,1,Very High
CONV00728,U1480,7457.73,07/26/2025,8.91714043741825,1721.0,0,Very High
CONV00729,U8606,4967.31,05/28/2025,8.510835021022434,1821.0,0,Very High
CONV00730,U6929,9170.14,04/30/2025,9.123816875953278,1660.0,0,Very High
CONV00731,U6140,27514.38,01/09/2026,10.22250040004723,925.0,1,Very High
CONV00732,U5050,30487.83,02/06/2025,10.325115666008902,789.0,1,Very High
CONV00733,U5068,45206.28,12/15/2025,10.719013414798145,176.0,1,Very High
CONV00734,U4187,41224.03,06/11/2025,10.6268008751413,329.0,1,Very High
CONV00735,U6657,4464.68,02/11/2025,8.404176777347496,1841.0,0,Very High
CONV00736,U6921,13418.02,02/23/2025,9.504428382523871,1476.0,0,Very High
CONV00737,U7427,3078.89,01/11/2026,8.032649161044136,1898.0,0,Very High
CONV00738,U3279,29002.56,11/21/2025,10.275173860055078,848.0,1,Very High
CONV00739,U2132,39735.79,11/11/2025,10.590032737805585,387.0,1,Very High
CONV00740,U9717,4677.75,06/28/2025,8.450786259218638,1834.0,0,Very High
CONV00741,U9151,11821.01,11/30/2025,9.37771832726452,1549.0,0,Very High
CONV00742,U6571,13377.81,11/15/2025,9.501427391012438,1479.0,0,Very High
CONV00743,U7130,6366.36,09/12/2025,8.758940219960941,1766.0,0,Very High
CONV00744,U2134,11170.55,09/04/2025,9.321125646984234,1573.0,0,Very High
CONV00745,U2392,12156.54,01/29/2025,9.40570483242264,1533.0,0,Very High
CONV00746,U0170,16500.68,09/20/2025,9.711217472887371,1347.0,0,Very High
CONV00747,U9785,28071.5,05/13/2025,10.242545728446691,900.0,1,Very High
CONV00748,U9802,2752.84,01/07/2026,7.920751580287886,1912.0,0,Very High
CONV00749,U6077,29234.1,03/17/2025,10.28312532116147,831.0,1,Very High
CONV00750,U1469,21930.02,06/20/2025,9.995657351958208,1141.0,0,Very High
CONV00751,U5908,43908.35,08/28/2025,10.689882560440047,227.0,1,Very High
CONV00752,U8050,46181.21,04/08/2025,10.740349937978223,146.0,1,Very High
CONV00753,U0588,35445.16,09/11/2025,10.475770204513378,587.0,1,Very High
CONV00754,U9190,6068.3,09/29/2025,8.710998556151479,1775.0,0,Very High
CONV00755,U2960,41217.3,04/15/2025,10.626637611478492,331.0,1,Very High
CONV00756,U2959,38528.54,08/23/2025,10.55918049879991,449.0,1,Very High
CONV00757,U1999,46492.85,07/24/2025,10.747075324764063,129.0,1,Very High
CONV00758,U7862,29913.11,08/21/2025,10.306085554420507,806.0,1,Very High
CONV00759,U2119,32360.38,04/29/2025,10.384721015504184,720.0,1,Very High
CONV00760,U2917,1515.35,05/09/2025,7.324061410268176,1962.0,0,Very High
CONV00761,U2526,40154.47,03/26/2025,10.600513949198566,375.0,1,Very High
CONV00762,U6021,22549.4,10/02/2025,10.023508083132704,1116.0,0,Very High
CONV00763,U6034,31718.97,11/13/2025,10.3647017299728,745.0,1,Very High
CONV00764,U2541,32537.66,09/13/2025,10.390184199839055,710.0,1,Very High
CONV00765,U4922,45193.73,04/13/2025,10.718735766102483,178.0,1,Very High
CONV00766,U1254,25777.25,02/06/2025,10.157286392109954,993.0,1,Very High
CONV00767,U1340,37155.55,09/29/2025,10.522895346852373,507.0,1,Very High
CONV00768,U4877,23022.41,07/01/2025,10.044266803364485,1094.0,0,Very High
CONV00769,U3459,49118.22,04/13/2025,10.802005683216116,30.0,1,Very High
CONV00770,U0218,23278.07,04/10/2025,10.055309952593806,1082.0,0,Very High
CONV00771,U5911,33917.56,01/14/2026,10.431717636174504,656.0,1,Very High
CONV00772,U0261,1827.36,01/07/2026,7.51117466916731,1944.0,0,Very High
CONV00773,U3128,23439.56,03/01/2025,10.062223134190551,1074.0,0,Very High
CONV00774,U7296,43059.92,09/24/2025,10.670371136226574,250.0,1,Very High
CONV00775,U0835,31705.29,07/12/2025,10.364270362895123,746.0,1,Very High
CONV00776,U4765,24562.0,02/06/2025,10.108996524638528,1034.0,0,Very High
CONV00777,U9444,13758.52,07/01/2025,9.529486227157951,1457.0,0,Very High
CONV00778,U5682,1529.94,08/27/2025,7.333637204817885,1960.0,0,Very High
CONV00779,U9629,30303.96,01/12/2026,10.319066674470308,798.0,1,Very High
CONV00780,U5903,10756.83,09/21/2025,9.283389140514616,1588.0,0,Very High
CONV00781,U9925,21091.23,09/24/2025,9.956660005199288,1179.0,0,Very High
CONV00782,U5879,8350.97,06/09/2025,9.030252718161943,1689.0,0,Very High
CONV00783,U3715,24575.08,03/13/2025,10.109528891150434,1032.0,0,Very High
CONV00784,U8445,35467.04,12/05/2025,10.476387288276412,584.0,1,Very High
CONV00785,U1670,5717.85,11/04/2025,8.651523015209746,1790.0,0,Very High
CONV00786,U7234,43589.39,09/21/2025,10.682591992198608,238.0,1,Very High
CONV00787,U6812,40552.69,01/14/2025,10.610382054170376,361.0,1,Very High
CONV00788,U5909,8004.76,12/13/2025,8.987916561586323,1706.0,0,Very High
CONV00789,U6707,34268.83,09/22/2025,10.442020654249406,643.0,1,Very High
CONV00790,U1141,20381.72,03/09/2025,9.922442762051734,1204.0,0,Very High
CONV00791,U2474,49012.33,11/16/2025,10.799847580912695,33.0,1,Very High
CONV00792,U9071,16027.91,06/16/2025,9.682149245786984,1366.0,0,Very High
CONV00793,U6619,44435.2,09/05/2025,10.701809731546646,207.0,1,Very High
CONV00794,U1381,19804.68,02/11/2025,9.893724044230542,1223.0,0,Very High
CONV00795,U9041,37973.79,06/14/2025,10.544677797494767,471.0,1,Very High
CONV00796,U6927,3467.31,09/27/2025,8.151422722602156,1886.0,0,Very High
CONV00797,U2044,36974.51,09/01/2025,10.518011080587325,521.0,1,Very High
CONV00798,U8738,15310.48,11/22/2025,9.63635815282349,1389.0,0,Very High
CONV00799,U1725,10031.49,07/11/2025,9.213584105380049,1623.0,0,Very High
CONV00800,U1343,44481.21,03/04/2025,10.702844612941991,206.0,1,Very High
CONV00801,U9638,20041.73,10/22/2025,9.90562177346558,1209.0,0,Very High
CONV00802,U8021,25536.4,08/17/2025,10.147899323308128,1005.0,0,Very High
CONV00803,U3484,37451.57,09/21/2025,10.5308306114239,494.0,1,Very High
CONV00804,U1981,2493.97,07/13/2025,7.822031984065234,1923.0,0,Very High
CONV00805,U0459,29686.4,03/16/2025,10.298477992350271,817.0,1,Very High
CONV00806,U0035,3844.44,03/05/2025,8.254643309722935,1867.0,0,Very High
CONV00807,U6182,30482.63,09/25/2025,10.324945097197586,790.0,1,Very High
CONV00808,U7358,4921.09,04/06/2025,8.501488516033726,1822.0,0,Very High
CONV00809,U7260,43364.7,06/14/2025,10.677424085038314,243.0,1,Very High
CONV00810,U9165,27320.8,03/09/2025,10.215440197312304,931.0,1,Very High
CONV00811,U0306,26827.04,04/02/2025,10.19720288819809,945.0,1,Very High
CONV00812,U7279,16361.34,03/03/2025,9.702737631713507,1353.0,0,Very High
CONV00813,U0395,13230.3,10/01/2025,9.490340513808489,1480.0,0,Very High
CONV00814,U1469,34091.12,03/21/2025,10.436821551523357,650.0,1,Very High
CONV00815,U1618,44704.05,06/21/2025,10.70784174961192,195.0,1,Very High
CONV00816,U9602,37743.3,05/14/2025,10.53858974989904,483.0,1,Very High
CONV00817,U1073,31860.29,10/04/2025,10.36914707228654,738.0,1,Very High
CONV00818,U9089,28628.16,12/14/2025,10.26218105780844,861.0,1,Very High
CONV00819,U6117,12635.49,11/03/2025,9.444343939264458,1508.0,0,Very High
CONV00820,U4740,3478.66,12/30/2025,8.154689866846027,1885.0,0,Very High
CONV00821,U5758,42113.87,11/29/2025,10.64815616395852,290.0,1,Very High
CONV00822,U1470,41609.66,08/14/2025,10.63611166342293,308.0,1,Very High
CONV00823,U5614,35533.83,11/30/2025,10.478268621233791,580.0,1,Very High
CONV00824,U5382,32498.94,01/09/2025,10.38899352216228,711.0,1,Very High
CONV00825,U9107,38242.03,01/09/2026,10.551716600427971,459.0,1,Very High
CONV00826,U7294,48615.93,12/23/2025,10.791727103136914,50.0,1,Very High
CONV00827,U0139,46844.27,03/19/2025,10.75460532205744,115.0,1,Very High
CONV00828,U5863,30865.41,04/18/2025,10.337423816596814,771.0,1,Very High
CONV00829,U9930,49221.05,05/08/2025,10.8040969728136,27.0,1,Very High
CONV00830,U9041,28502.5,05/01/2025,10.257782165734122,877.0,1,Very High
CONV00831,U2088,11784.28,05/29/2025,9.374606574103687,1550.0,0,Very High
CONV00832,U8732,28225.74,11/25/2025,10.248025034593375,891.0,1,Very High
CONV00833,U7087,34168.59,08/11/2025,10.439091346207968,648.0,1,Very High
CONV00834,U0770,22718.64,05/23/2025,10.030985027639131,1108.0,0,Very High
CONV00835,U3697,45891.26,12/26/2025,10.734051754378449,156.0,1,Very High
CONV00836,U0457,1689.16,09/28/2025,7.43257847799198,1953.0,0,Very High
CONV00837,U0892,12218.81,06/22/2025,9.410813684323204,1528.0,0,Very High
CONV00838,U2046,2150.51,02/23/2025,7.673925200187909,1931.0,0,Very High
CONV00839,U4940,3756.62,11/30/2025,8.231541057244927,1872.0,0,Very High
CONV00840,U1571,43296.85,12/08/2025,10.675858259178124,245.0,1,Very High
CONV00841,U1660,39254.99,07/07/2025,10.577859323031578,413.0,1,Very High
CONV00842,U9752,42118.58,03/04/2025,10.648267994688224,289.0,1,Very High
CONV00843,U7888,12536.05,12/09/2025,9.436443539303015,1513.0,0,Very High
CONV00844,U5862,27286.61,06/13/2025,10.214188031999868,934.0,1,Very High
CONV00845,U8482,7657.72,11/04/2025,8.943600146943895,1716.0,0,Very High
CONV00846,U3298,33559.08,02/27/2025,10.421092544368529,665.0,1,Very High
CONV00847,U5500,16766.64,11/15/2025,9.727206117424648,1337.0,0,Very High
CONV00848,U3655,31384.04,12/28/2025,10.354086625245005,755.0,1,Very High
CONV00849,U0111,18215.39,07/22/2025,9.81007701726406,1285.0,0,Very High
CONV00850,U5897,10292.34,01/28/2025,9.239252363138789,1609.0,0,Very High
CONV00851,U4030,9215.83,04/10/2025,9.128786439644337,1657.0,0,Very High
CONV00852,U5545,12387.42,05/13/2025,9.424517444296225,1521.0,0,Very High
CONV00853,U7107,7649.4,01/29/2026,8.942513213035333,1717.0,0,Very High
CONV00854,U5210,12605.21,11/04/2025,9.441944828668236,1510.0,0,Very High
CONV00855,U4050,14363.63,02/01/2025,9.57252421403329,1429.0,0,Very High
CONV00856,U1063,37689.75,04/16/2025,10.537169985240697,486.0,1,Very High
CONV00857,U6126,35924.67,10/12/2025,10.489207360738522,564.0,1,Very High
CONV00858,U0600,10548.52,05/14/2025,9.263835640238833,1599.0,0,Very High
CONV00859,U9362,27752.32,03/26/2025,10.231110751657967,915.0,1,Very High
CONV00860,U0675,17150.51,09/10/2025,9.749841495365438,1327.0,0,Very High
CONV00861,U4474,22363.58,07/23/2025,10.015233736347891,1125.0,0,Very High
CONV00862,U8957,14183.04,12/03/2025,9.55987266782903,1439.0,0,Very High
CONV00863,U5469,12876.17,05/04/2025,9.463211255019363,1490.0,0,Very High
CONV00864,U4279,41204.29,01/30/2025,10.626321925153546,332.0,1,Very High
CONV00865,U8400,11732.85,04/10/2025,9.370233106039516,1553.0,0,Very High
CONV00866,U7680,4750.85,09/21/2025,8.466289294887709,1829.0,0,Very High
CONV00867,U9150,29086.67,01/20/2025,10.278069652028362,839.0,1,Very High
CONV00868,U5568,34445.26,05/08/2025,10.447155707413422,630.0,1,Very High
CONV00869,U2280,31677.05,04/08/2025,10.363379291003591,747.0,1,Very High
CONV00870,U1044,24001.49,10/11/2025,10.085912853948424,1051.0,0,Very High
CONV00871,U9059,34606.72,04/16/2025,10.451832057545223,619.0,1,Very High
CONV00872,U4651,33148.71,04/18/2025,10.408789247461112,678.0,1,Very High
CONV00873,U6732,6892.31,08/02/2025,8.838306655035568,1748.0,0,Very High
CONV00874,U2129,40985.86,05/07/2025,10.621006806514377,343.0,1,Very High
CONV00875,U3326,23218.34,09/21/2025,10.05274083107531,1085.0,0,Very High
CONV00876,U4045,28676.84,10/12/2025,10.2638799780698,859.0,1,Very High
CONV00877,U7477,35726.57,07/06/2025,10.483677938629098,571.0,1,Very High
CONV00878,U7080,33124.46,09/14/2025,10.408057449984556,680.0,1,Very High
CONV00879,U4486,33499.52,11/20/2025,10.419316240080748,669.0,1,Very High
CONV00880,U1254,39085.78,03/08/2025,10.573539581385376,415.0,1,Very High
CONV00881,U0438,33943.29,02/21/2025,10.43247593032905,654.0,1,Very High
CONV00882,U0619,35600.43,01/10/2025,10.480141084572711,577.0,1,Very High
CONV00883,U8986,47525.91,12/07/2025,10.769051355923072,87.0,1,Very High
CONV00884,U1647,26965.36,04/13/2025,10.202345442249534,942.0,1,Very High
CONV00885,U7220,35863.41,07/31/2025,10.487500717846665,568.0,1,Very High
CONV00886,U8567,33172.0,11/28/2025,10.4094915710229,677.0,1,Very High
CONV00887,U0798,12860.14,08/11/2025,9.46196564083004,1494.0,0,Very High
CONV00888,U5524,3626.99,05/09/2025,8.196434054891647,1880.0,0,Very High
CONV00889,U1765,31525.93,07/06/2025,10.35859738021215,751.0,1,Very High
CONV00890,U1735,1242.23,07/22/2025,7.12546811059636,1970.0,0,Very High
CONV00891,U4563,2674.98,12/27/2025,7.8920709473786355,1918.0,0,Very High
CONV00892,U8785,47972.22,11/07/2025,10.778398217529944,70.0,1,Very High
CONV00893,U2178,38204.96,07/12/2025,10.550746803367074,460.0,1,Very High
CONV00894,U9586,32209.3,08/25/2025,10.380041556159547,722.0,1,Very High
CONV00895,U2033,21710.64,06/15/2025,9.985603801244483,1153.0,0,Very High
CONV00896,U2485,2376.38,08/10/2025,7.773754319959611,1927.0,0,Very High
CONV00897,U0649,40729.17,10/18/2025,10.614724374461394,355.0,1,Very High
CONV00898,U8837,40171.86,02/19/2025,10.600946922229916,373.0,1,Very High
CONV00899,U0100,47706.23,02/04/2025,10.772838237717552,83.0,1,Very High
CONV00900,U3349,21598.87,05/15/2025,9.980442575135626,1157.0,0,Very High
CONV00901,U9927,29032.88,06/07/2025,10.276218702927483,842.0,1,Very High
CONV00902,U6525,22348.12,07/29/2025,10.014542225664764,1126.0,0,Very High
CONV00903,U0325,4620.03,08/13/2025,8.43837290295047,1838.0,0,Very High
CONV00904,U4216,22953.35,07/26/2025,10.041262740011444,1099.0,0,Very High
CONV00905,U3207,1135.3,04/06/2025,7.035532648923963,1974.0,0,Very High
CONV00906,U6293,49382.34,09/10/2025,10.807368399331905,20.0,1,Very High
CONV00907,U3183,45697.76,09/04/2025,10.729826443034964,163.0,1,Very High
CONV00908,U0946,21490.0,12/07/2025,9.975389521825209,1166.0,0,Very High
CONV00909,U0463,7820.27,01/12/2026,8.964602224445311,1708.0,0,Very High
CONV00910,U2645,5069.14,01/29/2025,8.531123709616214,1817.0,0,Very High
CONV00911,U6930,34745.92,04/11/2025,10.455846213971268,615.0,1,Very High
CONV00912,U1457,38946.21,03/08/2025,10.569962418438072,424.0,1,Very High
CONV00913,U2760,3957.15,10/01/2025,8.283532023372649,1861.0,0,Very High
CONV00914,U2796,35350.34,04/07/2025,10.473091577254088,588.0,1,Very High
CONV00915,U3042,9545.11,05/07/2025,9.163889020650508,1642.0,0,Very High
CONV00916,U1790,15009.72,12/04/2025,9.616519891498395,1402.0,0,Very High
CONV00917,U7830,5490.05,09/07/2025,8.610874773046922,1801.0,0,Very High
CONV00918,U0119,49351.39,08/05/2025,10.806741473273553,22.0,1,Very High
CONV00919,U5515,17482.33,07/19/2025,9.769003134498544,1311.0,0,Very High
CONV00920,U5834,23117.5,07/11/2025,10.048388441788854,1090.0,0,Very High
CONV00921,U4579,22869.94,01/15/2026,10.03762238805236,1103.0,0,Very High
CONV00922,U5279,43735.01,02/03/2025,10.685927069219405,233.0,1,Very High
CONV00923,U1334,47103.14,07/13/2025,10.76011617423087,109.0,1,Very High
CONV00924,U2346,42911.73,10/10/2025,10.666923797495247,258.0,1,Very High
CONV00925,U8991,22591.19,08/31/2025,10.025359550314262,1114.0,0,Very High
CONV00926,U1466,1946.48,03/25/2025,7.574291508115791,1937.0,0,Very High
CONV00927,U7804,7219.94,12/27/2025,8.884740417318199,1733.0,0,Very High
CONV00928,U9842,19162.01,02/25/2025,9.86073713730732,1254.0,0,Very High
CONV00929,U4245,6013.43,03/11/2025,8.701916860826204,1778.0,0,Very High
CONV00930,U5135,583.09,07/15/2025,6.370055080543605,1996.0,0,High
CONV00931,U5981,33355.27,01/01/2026,10.41500103966986,671.0,1,Very High
CONV00932,U5177,11335.76,04/06/2025,9.335805822171926,1567.0,0,Very High
CONV00933,U0563,25367.71,11/25/2025,10.141271803842924,1010.0,0,Very High
CONV00934,U8111,3411.22,06/24/2025,8.135118384844773,1889.0,0,Very High
CONV00935,U0862,19894.49,04/28/2025,9.89824835186158,1218.0,0,Very High
CONV00936,U7757,4055.25,07/21/2025,8.3080141804524,1856.0,0,Very High
CONV00937,U6452,37737.19,03/09/2025,10.538427858048006,484.0,1,Very High
CONV00938,U2254,14908.54,08/19/2025,9.609756555505529,1406.0,0,Very High
CONV00939,U1671,47544.71,12/27/2025,10.769446843083204,86.0,1,Very High
CONV00940,U0860,17255.05,03/15/2025,9.75591808560768,1321.0,0,Very High
CONV00941,U3947,34555.21,08/22/2025,10.450342552552565,624.0,1,Very High
CONV00942,U1469,14123.19,09/15/2025,9.555644209237604,1442.0,0,Very High
CONV00943,U8016,25732.55,11/25/2025,10.155550866998432,995.0,1,Very High
CONV00944,U9714,49997.73,04/25/2025,10.819752884087698,1.0,1,Very High
CONV00945,U8807,35186.72,04/17/2025,10.46845243708275,595.0,1,Very High
CONV00946,U8831,37772.92,12/30/2025,10.539374196394704,480.0,1,Very High
CONV00947,U7328,6876.39,06/16/2025,8.835994498486889,1751.0,0,Very High
CONV00948,U1387,18496.2,03/22/2025,9.825374648260292,1276.0,0,Very High
CONV00949,U8511,22523.55,06/18/2025,10.022361104474538,1117.0,0,Very High
CONV00950,U3439,41078.28,12/26/2025,10.623259137111878,337.0,1,Very High
CONV00951,U2199,29793.27,11/13/2025,10.30207137212577,813.0,1,Very High
CONV00952,U4271,8584.31,07/29/2025,9.057807882172948,1677.0,0,Very High
CONV00953,U8781,36767.41,05/05/2025,10.51239433158718,528.0,1,Very High
CONV00954,U9912,8097.82,04/19/2025,8.999473651035967,1701.0,0,Very High
CONV00955,U2042,27644.25,10/02/2025,10.227209201957766,919.0,1,Very High
CONV00956,U2398,5348.37,05/03/2025,8.584734075946805,1807.0,0,Very High
CONV00957,U9648,17770.56,09/26/2025,9.785354705702948,1296.0,0,Very High
CONV00958,U2798,17586.06,07/05/2025,9.774918683341394,1304.0,0,Very High
CONV00959,U9705,34489.59,03/29/2025,10.448441812192227,626.0,1,Very High
CONV00960,U0867,38987.64,12/15/2025,10.571025600629644,421.0,1,Very High
CONV00961,U7679,47654.51,10/01/2025,10.771753537234511,85.0,1,Very High
CONV00962,U5124,4296.31,02/23/2025,8.365744524528617,1847.0,0,Very High
CONV00963,U9080,34013.14,10/09/2025,10.434531599496143,653.0,1,Very High
CONV00964,U8723,1188.06,12/30/2025,7.08091835799118,1972.0,0,Very High
CONV00965,U8653,30564.99,01/16/2026,10.32764323192683,782.0,1,Very High
CONV00966,U2185,21424.75,10/03/2025,9.972348748687596,1171.0,0,Very High
CONV00967,U8833,24414.67,03/10/2025,10.102980418265451,1037.0,0,Very High
CONV00968,U8447,31078.56,02/03/2025,10.344305647367216,763.0,1,Very High
CONV00969,U5799,44564.72,03/01/2025,10.70472023261068,201.0,1,Very High
CONV00970,U1389,8108.68,10/01/2025,9.000813688871066,1700.0,0,Very High
CONV00971,U6133,44663.57,06/20/2025,10.7069358488647,197.0,1,Very High
CONV00972,U2292,787.61,07/29/2025,6.670271902063102,1989.0,0,High
CONV00973,U6899,33477.14,07/19/2025,10.418647967504588,670.0,1,Very High
CONV00974,U8120,16581.94,01/09/2026,9.716129735044374,1344.0,0,Very High
CONV00975,U0347,25250.05,03/30/2025,10.136623017997325,1013.0,0,Very High
CONV00976,U0132,14470.06,08/13/2025,9.57990607195288,1426.0,0,Very High
CONV00977,U4088,13544.77,06/15/2025,9.513829600448656,1468.0,0,Very High
CONV00978,U8231,49631.31,11/27/2025,10.812397311927102,7.0,1,Very High
CONV00979,U3149,31015.13,03/18/2025,10.342262670727072,765.0,1,Very High
CONV00980,U3792,24220.16,05/10/2025,10.094981910262415,1041.0,0,Very High
CONV00981,U4597,12724.95,07/27/2025,9.451398494820694,1502.0,0,Very High
CONV00982,U3474,45469.86,05/30/2025,10.724826960209583,167.0,1,Very High
CONV00983,U1828,34306.59,03/15/2025,10.443121891473435,638.0,1,Very High
CONV00984,U8665,32687.29,11/12/2025,10.394772188775269,698.0,1,Very High
CONV00985,U1972,44260.05,02/17/2025,10.697860336775973,215.0,1,Very High
CONV00986,U8956,36404.86,12/07/2025,10.50248502967848,549.0,1,Very High
CONV00987,U6852,44633.54,11/02/2025,10.706263277746531,199.0,1,Very High
CONV00988,U7146,26426.26,03/06/2025,10.182151332152332,967.0,1,Very High
CONV00989,U4746,39822.32,02/15/2025,10.592207949331018,383.0,1,Very High
CONV00990,U1229,25709.28,04/12/2025,10.154646190904636,996.0,1,Very High
CONV00991,U2622,34987.73,11/17/2025,10.46278128861842,605.0,1,Very High
CONV00992,U4972,13791.48,04/26/2025,9.531878795082092,1456.0,0,Very High
CONV00993,U2428,43732.45,05/24/2025,10.685868534503385,234.0,1,Very High
CONV00994,U9915,47348.18,08/05/2025,10.76530478061844,99.0,1,Very High
CONV00995,U4832,40888.15,07/12/2025,10.618620025664024,346.0,1,Very High
CONV00996,U8805,36268.81,12/25/2025,10.498740993774115,554.0,1,Very High
CONV00997,U3378,13805.28,09/02/2025,9.532878840094993,1455.0,0,Very High
CONV00998,U6040,25050.08,03/31/2025,10.128672219356094,1019.0,0,Very High
CONV00999,U4622,44320.03,02/06/2025,10.699214561223322,210.0,1,Very High
CONV01000,U6987,32433.38,05/18/2025,10.386974250311075,714.0,1,Very High
CONV01001,U9885,1525.44,03/19/2025,7.330693505801399,1961.0,0,Very High
CONV01002,U4386,1168.1,04/14/2025,7.063989501012773,1973.0,0,Very High
CONV01003,U1393,38103.75,05/12/2025,10.548094225259906,464.0,1,Very High
CONV01004,U0916,31560.55,10/09/2025,10.35969488655483,749.0,1,Very High
CONV01005,U6805,11603.48,03/21/2025,9.35914650943232,1558.0,0,Very High
CONV01006,U6304,45129.93,01/02/2026,10.717323099743666,180.0,1,Very High
CONV01007,U5855,6358.37,03/10/2025,8.757684594823965,1767.0,0,Very High
CONV01008,U5487,21549.61,12/02/2025,9.97815940139578,1159.0,0,Very High
CONV01009,U8180,13637.35,01/03/2026,9.52064095633833,1463.0,0,Very High
CONV01010,U7319,29103.22,10/02/2025,10.27863845982774,837.0,1,Very High
CONV01011,U6309,21479.69,07/22/2025,9.9749096710119,1168.0,0,Very High
CONV01012,U4029,25106.56,08/02/2025,10.130924274988825,1017.0,0,Very High
CONV01013,U9519,38941.33,08/29/2025,10.569837112780691,425.0,1,Very High
CONV01014,U0282,47901.98,08/03/2025,10.776932994407494,73.0,1,Very High
CONV01015,U4829,42738.95,09/22/2025,10.662889359008158,260.0,1,Very High
CONV01016,U1921,19184.31,12/23/2025,9.861900161007634,1253.0,0,Very High
CONV01017,U1209,8329.57,09/06/2025,9.02768716019079,1691.0,0,Very High
CONV01018,U6824,37306.12,04/10/2025,10.526939472134236,500.0,1,Very High
CONV01019,U7275,14695.07,12/01/2025,9.595335390084488,1413.0,0,Very High
CONV01020,U6495,22987.68,08/27/2025,10.042757199840908,1097.0,0,Very High
CONV01021,U2570,19189.23,06/19/2025,9.862156574338988,1252.0,0,Very High
CONV01022,U6428,30451.63,04/07/2025,10.32392764050844,791.0,1,Very High
CONV01023,U0896,10139.16,07/13/2025,9.224259056113388,1615.0,0,Very High
CONV01024,U2667,10989.54,10/05/2025,9.304790181768352,1580.0,0,Very High
CONV01025,U3938,28457.44,06/05/2025,10.256200056367796,881.0,1,Very High
CONV01026,U0139,25260.7,07/12/2025,10.13704469371911,1011.0,0,Very High
CONV01027,U5429,5499.64,08/22/2025,8.612619728087203,1800.0,0,Very High
CONV01028,U0613,34277.51,05/31/2025,10.442273906189463,642.0,1,Very High
CONV01029,U2308,49617.8,04/12/2025,10.812125073156505,8.0,1,Very High
CONV01030,U7060,34302.24,01/28/2025,10.442995089334303,639.0,1,Very High
CONV01031,U8152,38432.71,02/28/2025,10.556690218061398,454.0,1,Very High
CONV01032,U4844,29037.33,04/04/2025,10.276371960398096,841.0,1,Very High
CONV01033,U4195,7452.14,08/18/2025,8.916390699087398,1722.0,0,Very High
CONV01034,U6702,22320.97,11/30/2025,10.013326674249162,1127.0,0,Very High
CONV01035,U0700,37181.61,11/21/2025,10.523596457843336,506.0,1,Very High
CONV01036,U9342,19717.04,08/07/2025,9.889289231736235,1227.0,0,Very High
CONV01037,U1788,5863.24,03/15/2025,8.67662817042338,1783.0,0,Very High
CONV01038,U5611,35263.4,11/21/2025,10.47062923546096,591.0,1,Very High
CONV01039,U2385,28626.23,12/13/2025,10.262113641752318,863.0,1,Very High
CONV01040,U0887,34341.74,04/27/2025,10.44414592160036,634.0,1,Very High
CONV01041,U6637,35754.23,03/10/2025,10.484451831128569,570.0,1,Very High
CONV01042,U0881,48186.61,02/26/2025,10.782857213052756,63.0,1,Very High
CONV01043,U2633,45673.59,01/10/2026,10.72929740474177,164.0,1,Very High
CONV01044,U1275,7658.55,12/29/2025,8.943708514272688,1715.0,0,Very High
CONV01045,U5185,13508.73,03/23/2025,9.511165445558388,1472.0,0,Very High
CONV01046,U1597,48962.08,02/01/2025,10.798821823704284,37.0,1,Very High
CONV01047,U3132,18827.69,12/25/2025,9.843137049395736,1263.0,0,Very High
CONV01048,U8178,20814.15,12/10/2025,9.943436365944692,1194.0,0,Very High
CONV01049,U7518,27861.3,08/13/2025,10.235029799561588,909.0,1,Very High
CONV01050,U7168,31208.64,12/20/2025,10.3484823004338,758.0,1,Very High
CONV01051,U6739,37710.47,03/24/2025,10.537719571195105,485.0,1,Very High
CONV01052,U4750,38955.57,08/21/2025,10.570202714866436,423.0,1,Very High
CONV01053,U7602,39339.44,08/12/2025,10.580008276425495,407.0,1,Very High
CONV01054,U4334,12456.94,07/05/2025,9.43011344962012,1517.0,0,Very High
CONV01055,U8503,8935.33,11/22/2025,9.097880269342012,1666.0,0,Very High
CONV01056,U6445,6879.09,02/16/2025,8.836387012237177,1750.0,0,Very High
CONV01057,U2596,35646.23,08/16/2025,10.481426722963905,574.0,1,Very High
CONV01058,U4264,10586.25,10/13/2025,9.267405725930638,1597.0,0,Very High
CONV01059,U8908,1751.85,03/05/2025,7.468998313661716,1949.0,0,Very High
CONV01060,U3634,42102.61,06/25/2025,10.647888764212832,291.0,1,Very High
CONV01061,U0380,5619.25,12/07/2025,8.634131425884119,1796.0,0,Very High
CONV01062,U1521,18389.17,03/07/2025,9.819571561710072,1282.0,0,Very High
CONV01063,U1206,10909.65,09/20/2025,9.297494655420865,1584.0,0,Very High
CONV01064,U4895,28581.05,01/25/2025,10.26053417739295,871.0,1,Very High
CONV01065,U9831,26326.55,10/15/2025,10.178371198407826,970.0,1,Very High
CONV01066,U8385,18562.09,04/17/2025,9.828930479551722,1271.0,0,Very High
CONV01067,U2074,10362.26,05/20/2025,9.246022138129351,1606.0,0,Very High
CONV01068,U7145,10056.18,09/25/2025,9.21604208626582,1621.0,0,Very High
CONV01069,U9563,39807.93,11/27/2025,10.591846537964225,384.0,1,Very High
CONV01070,U5223,19460.77,11/21/2025,9.876207307410551,1233.0,0,Very High
CONV01071,U8379,15026.94,06/05/2025,9.617666414138643,1401.0,0,Very High
CONV01072,U7036,4095.7,04/27/2025,8.317937050555368,1855.0,0,Very High
CONV01073,U0179,28589.73,06/28/2025,10.260837818393671,868.0,1,Very High
CONV01074,U8639,14263.4,05/11/2025,9.56552220177458,1431.0,0,Very High
CONV01075,U5207,2958.16,06/28/2025,7.992660723260085,1904.0,0,Very High
CONV01076,U2804,19451.45,11/22/2025,9.875728305124076,1236.0,0,Very High
CONV01077,U0077,42161.32,09/06/2025,10.649282210164232,285.0,1,Very High
CONV01078,U1138,40224.41,09/21/2025,10.60225416447489,372.0,1,Very High
CONV01079,U5132,19969.71,10/02/2025,9.90202197910785,1215.0,0,Very High
CONV01080,U1684,41360.1,01/19/2025,10.630096104573331,319.0,1,Very High
CONV01081,U3132,46738.46,08/04/2025,10.75234405475268,120.0,1,Very High
CONV01082,U1230,30831.16,06/10/2025,10.33631358005428,772.0,1,Very High
CONV01083,U7549,43163.8,03/27/2025,10.67278062727536,248.0,1,Very High
CONV01084,U8645,33232.81,05/12/2025,10.411323010208047,675.0,1,Very High
CONV01085,U1357,43707.18,07/21/2025,10.68529054892138,236.0,1,Very High
CONV01086,U3482,23673.44,01/19/2025,10.072151264131444,1068.0,0,Very High
CONV01087,U8645,47246.88,10/13/2025,10.763163064190437,102.0,1,Very High
CONV01088,U3585,43459.01,07/22/2025,10.679596483907035,240.0,1,Very High
CONV01089,U5033,7790.84,11/20/2025,8.960832311230645,1711.0,0,Very High
CONV01090,U3065,33263.33,05/31/2025,10.412240930683506,674.0,1,Very High
CONV01091,U3475,21827.0,03/29/2025,9.990948828306122,1147.0,0,Very High
CONV01092,U6268,9877.76,08/10/2025,9.198142276792494,1630.0,0,Very High
CONV01093,U1789,12822.74,12/18/2025,9.45905341959852,1497.0,0,Very High
CONV01094,U1079,11710.02,10/19/2025,9.368285557836767,1556.0,0,Very High
CONV01095,U4396,39393.52,09/22/2025,10.581381999318213,404.0,1,Very High
CONV01096,U3033,24099.54,09/24/2025,10.089989525866724,1048.0,0,Very High
CONV01097,U7459,23992.73,03/24/2025,10.085547825198356,1053.0,0,Very High
CONV01098,U9733,549.82,07/27/2025,6.311408077015902,1998.0,0,High
CONV01099,U4763,8781.58,05/01/2025,9.080525493122122,1674.0,0,Very High
CONV01100,U8941,13050.07,05/26/2025,9.476625401726816,1486.0,0,Very High
CONV01101,U9761,34446.32,09/28/2025,10.447186479511492,629.0,1,Very High
CONV01102,U5853,29090.42,10/04/2025,10.27819856432332,838.0,1,Very High
CONV01103,U1769,27473.36,06/19/2025,10.221008485096966,927.0,1,Very High
CONV01104,U5427,47290.69,07/28/2025,10.764089871941644,100.0,1,Very High
CONV01105,U2015,48423.58,09/04/2025,10.787762815031597,57.0,1,Very High
CONV01106,U2411,26397.72,09/05/2025,10.181070803110494,968.0,1,Very High
CONV01107,U4829,11257.6,02/03/2025,9.32888756003818,1570.0,0,Very High
CONV01108,U5772,12945.96,12/16/2025,9.468616290535069,1488.0,0,Very High
CONV01109,U2338,45953.86,04/20/2025,10.735414889329077,154.0,1,Very High
CONV01110,U6329,5357.87,08/13/2025,8.586508410943477,1806.0,0,Very High
CONV01111,U5284,38499.19,11/01/2025,10.558418455328631,452.0,1,Very High
CONV01112,U4872,27518.62,10/30/2025,10.222654483812413,924.0,1,Very High
CONV01113,U8255,23684.75,12/30/2025,10.072628880467654,1066.0,0,Very High
CONV01114,U0433,7458.99,09/02/2025,8.917309352714334,1719.0,0,Very High
CONV01115,U8901,37889.09,10/29/2025,10.542444879306736,475.0,1,Very High
CONV01116,U7541,13873.65,02/17/2025,9.537818713071248,1450.0,0,Very High
CONV01117,U7889,3512.81,01/12/2026,8.164456197848699,1884.0,0,Very High
CONV01118,U3360,37150.99,10/07/2025,10.522772615333068,509.0,1,Very High
CONV01119,U0106,10434.64,09/08/2025,9.252982149686147,1602.0,0,Very High
CONV01120,U4051,1720.49,05/01/2025,7.450945473874109,1951.0,0,Very High
CONV01121,U3016,41173.48,05/22/2025,10.625573925943629,334.0,1,Very High
CONV01122,U0355,37357.63,04/12/2025,10.528319221434865,498.0,1,Very High
CONV01123,U4752,47975.03,06/13/2025,10.778456790160806,69.0,1,Very High
CONV01124,U7602,1884.55,08/16/2025,7.541974834511754,1941.0,0,Very High
CONV01125,U7283,23661.4,02/14/2025,10.071642569412504,1069.0,0,Very High
CONV01126,U3454,19835.9,06/30/2025,9.89529911863056,1221.0,0,Very High
CONV01127,U5559,39441.49,09/01/2025,10.582598940597952,397.0,1,Very High
CONV01128,U9927,35570.76,12/20/2025,10.479307343617204,578.0,1,Very High
CONV01129,U5704,20486.81,10/28/2025,9.927585354115156,1201.0,0,Very High
CONV01130,U8183,38115.51,01/07/2026,10.548402800586352,463.0,1,Very High
CONV01131,U1055,6166.45,02/28/2025,8.727040741358083,1772.0,0,Very High
CONV01132,U2852,22750.73,06/18/2025,10.032396465443943,1106.0,0,Very High
CONV01133,U4688,8523.43,05/22/2025,9.050691437746256,1681.0,0,Very High
CONV01134,U1577,7457.85,04/15/2025,8.917156525818648,1720.0,0,Very High
CONV01135,U3037,36550.03,01/01/2026,10.506464645355416,540.0,1,Very High
CONV01136,U5769,28155.52,07/06/2025,10.245534223089942,894.0,1,Very High
CONV01137,U9325,26103.72,02/13/2025,10.169871419872551,979.0,1,Very High
CONV01138,U0370,41493.35,05/07/2025,10.633312552371962,316.0,1,Very High
CONV01139,U3956,15955.85,10/12/2025,9.677643483103036,1370.0,0,Very High
CONV01140,U0492,13413.61,01/27/2025,9.504099690502724,1477.0,0,Very High
CONV01141,U1022,40380.27,05/19/2025,10.60612134258572,369.0,1,Very High
CONV01142,U9801,27795.55,12/10/2025,10.232667191258171,912.0,1,Very High
CONV01143,U8317,21860.02,05/05/2025,9.992460421209206,1144.0,0,Very High
CONV01144,U8753,34337.96,11/08/2025,10.444035848611376,635.0,1,Very High
CONV01145,U2052,27702.47,08/12/2025,10.229312955087826,917.0,1,Very High
CONV01146,U7153,5053.55,01/30/2025,8.528044106720474,1818.0,0,Very High
CONV01147,U4095,6772.44,02/04/2025,8.820764360931806,1754.0,0,Very High
CONV01148,U4791,24195.72,03/11/2025,10.0939723657687,1043.0,0,Very High
CONV01149,U5849,15484.59,05/04/2025,9.647665193069905,1381.0,0,Very High
CONV01150,U5225,5666.72,01/04/2026,8.6425421994492,1792.0,0,Very High
CONV01151,U2247,37224.48,09/30/2025,10.524748752029184,504.0,1,Very High
CONV01152,U7214,1553.84,12/25/2025,7.34912792542872,1957.0,0,Very High
CONV01153,U0979,25020.2,06/19/2025,10.127478744501476,1021.0,0,Very High
CONV01154,U3022,3086.85,12/13/2025,8.035230334835322,1897.0,0,Very High
CONV01155,U4302,1853.58,11/22/2025,7.525413534311428,1942.0,0,Very High
CONV01156,U6359,49549.11,12/31/2025,10.810739759735489,10.0,1,Very High
CONV01157,U4262,37408.88,04/23/2025,10.529690119638571,497.0,1,Very High
CONV01158,U1402,17207.85,05/20/2025,9.753179065357582,1325.0,0,Very High
CONV01159,U9962,28637.83,01/17/2025,10.26251876828481,860.0,1,Very High
CONV01160,U7643,32068.28,02/05/2025,10.375653841546496,729.0,1,Very High
CONV01161,U9035,9400.29,07/04/2025,9.14860219288492,1645.0,0,Very High
CONV01162,U2407,12017.29,12/03/2025,9.394184935073698,1537.0,0,Very High
CONV01163,U5200,11783.64,02/21/2025,9.374552267597757,1551.0,0,Very High
CONV01164,U8855,17811.62,01/25/2025,9.78766247383042,1294.0,0,Very High
CONV01165,U5338,41223.3,11/02/2025,10.626783167295766,330.0,1,Very High
CONV01166,U9945,44920.92,07/15/2025,10.712681150592545,190.0,1,Very High
CONV01167,U4766,5758.49,03/24/2025,8.658604208103226,1788.0,0,Very High
CONV01168,U5637,29342.97,05/12/2025,10.286842352700162,829.0,1,Very High
CONV01169,U9264,27637.53,09/28/2025,10.226966092675692,920.0,1,Very High
CONV01170,U9947,26256.63,09/09/2025,10.175711892451066,973.0,1,Very High
CONV01171,U3983,16083.41,07/08/2025,9.685605758863622,1362.0,0,Very High
CONV01172,U9183,18433.7,10/01/2025,9.821990037142829,1280.0,0,Very High
CONV01173,U8809,29445.39,05/10/2025,10.29032660092095,825.0,1,Very High
CONV01174,U6693,29012.58,08/24/2025,10.275519275223754,845.0,1,Very High
CONV01175,U4316,23758.08,10/14/2025,10.0757200521882,1058.0,0,Very High
CONV01176,U2169,19711.65,10/04/2025,9.88901584062725,1228.0,0,Very High
CONV01177,U1951,30633.49,06/25/2025,10.329881777395917,779.0,1,Very High
CONV01178,U7369,24116.75,08/16/2025,10.090703362907847,1047.0,0,Very High
CONV01179,U1373,29855.89,04/09/2025,10.304170912956252,810.0,1,Very High
CONV01180,U4577,24918.03,02/20/2025,10.123387047585222,1026.0,0,Very High
CONV01181,U4674,37986.36,07/15/2025,10.545008751795422,469.0,1,Very High
CONV01182,U9424,17693.61,11/17/2025,9.781015352412348,1300.0,0,Very High
CONV01183,U4727,5752.91,05/20/2025,8.657634902696154,1789.0,0,Very High
CONV01184,U2767,2467.38,02/12/2025,7.811317343999567,1924.0,0,Very High
CONV01185,U6055,21611.88,04/29/2025,9.98104471225456,1156.0,0,Very High
CONV01186,U1966,13521.3,09/12/2025,9.512095453471666,1470.0,0,Very High
CONV01187,U3645,25599.48,02/16/2025,10.150366380291874,1001.0,0,Very High
CONV01188,U5158,46652.22,02/14/2025,10.75049722854506,123.0,1,Very High
CONV01189,U0584,12672.73,12/09/2025,9.447286626200649,1505.0,0,Very High
CONV01190,U7939,14488.68,04/12/2025,9.58119195087487,1425.0,0,Very High
CONV01191,U8040,35644.53,10/14/2025,10.48137903228675,575.0,1,Very High
CONV01192,U3846,26757.83,12/23/2025,10.194619791313237,950.0,1,Very High
CONV01193,U6426,24307.47,11/06/2025,10.098580128266612,1038.0,0,Very High
CONV01194,U4054,9221.62,01/05/2026,9.129414441042456,1655.0,0,Very High
CONV01195,U2099,20894.14,09/12/2025,9.947271875027074,1191.0,0,Very High
CONV01196,U0997,33911.96,10/28/2025,10.431552521195131,657.0,1,Very High
CONV01197,U4397,17322.16,10/02/2025,9.759799613511758,1317.0,0,Very High
CONV01198,U8783,47419.95,05/05/2025,10.76681939315976,95.0,1,Very High
CONV01199,U6213,45655.31,03/12/2025,10.728897102100625,165.0,1,Very High
CONV01200,U8774,27017.09,05/09/2025,10.20426192063667,939.0,1,Very High
CONV01201,U9060,42351.36,06/01/2025,10.65377942461965,276.0,1,Very High
CONV01202,U2572,11885.26,06/18/2025,9.383138390161534,1543.0,0,Very High
CONV01203,U6566,13864.93,03/11/2025,9.537190031170065,1451.0,0,Very High
CONV01204,U0331,27314.05,02/06/2025,10.215193111324208,932.0,1,Very High
CONV01205,U9924,25861.6,06/09/2025,10.160553188648546,987.0,1,Very High
CONV01206,U9441,21761.96,09/06/2025,9.98796472113048,1149.0,0,Very High
CONV01207,U8737,1352.02,10/02/2025,7.210094410027537,1969.0,0,Very High
CONV01208,U9468,11989.72,01/24/2025,9.39188829626033,1538.0,0,Very High
CONV01209,U1371,10780.25,03/20/2025,9.28556379321377,1587.0,0,Very High
CONV01210,U7759,28548.64,10/02/2025,10.259399605547564,874.0,1,Very High
CONV01211,U2468,28482.96,02/01/2025,10.25709640080388,879.0,1,Very High
CONV01212,U8939,12169.1,09/27/2025,9.406737402874684,1532.0,0,Very High
CONV01213,U1722,19096.46,08/30/2025,9.857310620898332,1256.0,0,Very High
CONV01214,U7170,21497.02,03/05/2025,9.975716116851675,1165.0,0,Very High
CONV01215,U6544,22056.23,01/14/2025,10.001395718286895,1136.0,0,Very High
CONV01216,U2319,10620.86,06/17/2025,9.270669420703433,1594.0,0,Very High
CONV01217,U5410,35896.53,03/26/2025,10.488423769880976,565.0,1,Very High
CONV01218,U0092,10363.75,06/12/2025,9.246165904945617,1605.0,0,Very High
CONV01219,U9740,31999.0,04/19/2025,10.373491181781864,731.0,1,Very High
CONV01220,U4657,15634.64,08/26/2025,9.657308202856544,1379.0,0,Very High
CONV01221,U1270,36667.57,11/08/2025,10.509675263850122,532.0,1,Very High
CONV01222,U9623,28994.96,12/24/2025,10.274911788919196,849.0,1,Very High
CONV01223,U7757,39276.56,04/24/2025,10.578408642412718,410.0,1,Very High
CONV01224,U5298,25829.41,02/23/2025,10.159307758979784,990.0,1,Very High
CONV01225,U3945,38809.02,11/05/2025,10.56643373969392,431.0,1,Very High
CONV01226,U3505,14247.97,03/31/2025,9.564439902382668,1433.0,0,Very High
CONV01227,U1971,17734.93,10/13/2025,9.783347804513438,1299.0,0,Very High
CONV01228,U9172,9360.78,05/01/2025,9.144390722331607,1647.0,0,Very High
CONV01229,U9605,45596.52,07/07/2025,10.727608608058596,166.0,1,Very High
CONV01230,U4505,2673.91,12/17/2025,7.891671013904292,1919.0,0,Very High
CONV01231,U7714,24769.87,11/23/2025,10.117423644999423,1028.0,0,Very High
CONV01232,U2899,41786.19,03/12/2025,10.640345112214447,305.0,1,Very High
CONV01233,U4547,37003.95,04/20/2025,10.518806966461892,519.0,1,Very High
CONV01234,U6606,3543.43,08/08/2025,8.173132636193303,1883.0,0,Very High
CONV01235,U0730,34591.48,06/04/2025,10.451391596383369,621.0,1,Very High
CONV01236,U5746,28624.58,03/24/2025,10.262056002660003,864.0,1,Very High
CONV01237,U2991,29761.85,03/16/2025,10.301016250490775,814.0,1,Very High
CONV01238,U1332,34204.08,06/06/2025,10.440129450031714,647.0,1,Very High
CONV01239,U4704,28469.48,04/15/2025,10.256623039982436,880.0,1,Very High
CONV01240,U4250,5074.4,01/04/2026,8.532160618538024,1816.0,0,Very High
CONV01241,U2794,8207.36,02/06/2025,9.012908426097868,1696.0,0,Very High
CONV01242,U4730,48440.28,05/04/2025,10.78810762176052,56.0,1,Very High
CONV01243,U7663,6207.26,06/04/2025,8.73363594242935,1771.0,0,Very High
CONV01244,U9237,45113.11,07/23/2025,10.71695033687061,181.0,1,Very High
CONV01245,U5484,5460.28,07/21/2025,8.60543847349844,1802.0,0,Very High
CONV01246,U7193,29010.28,11/25/2025,10.275439998858376,847.0,1,Very High
CONV01247,U5536,15358.58,10/04/2025,9.639494662577816,1387.0,0,Very High
CONV01248,U9462,8619.29,07/30/2025,9.06187400578325,1675.0,0,Very High
CONV01249,U2287,39534.19,03/09/2025,10.584946440361698,393.0,1,Very High
CONV01250,U2709,7800.8,09/21/2025,8.96210975528533,1710.0,0,Very High
CONV01251,U7153,8129.83,03/05/2025,9.003418288351833,1698.0,0,Very High
CONV01252,U9009,11018.35,01/02/2026,9.30740809730124,1579.0,0,Very High
CONV01253,U6351,46795.49,03/19/2025,10.753563479093096,118.0,1,Very High
CONV01254,U1175,37151.24,07/15/2025,10.522779344425071,508.0,1,Very High
CONV01255,U5936,578.78,07/13/2025,6.362648721239272,1997.0,0,High
CONV01256,U0725,5096.09,05/01/2025,8.536425067629708,1815.0,0,Very High
CONV01257,U7876,9386.14,01/30/2025,9.14709594646888,1646.0,0,Very High
CONV01258,U6627,6872.61,01/23/2025,8.835444720275092,1752.0,0,Very High
CONV01259,U6582,21536.57,08/28/2025,9.977554130976,1162.0,0,Very High
CONV01260,U5490,39381.99,10/14/2025,10.581089276177249,405.0,1,Very High
CONV01261,U9670,40735.34,06/05/2025,10.614875847748069,354.0,1,Very High
CONV01262,U8022,44513.71,09/14/2025,10.703574975328571,204.0,1,Very High
CONV01263,U8893,18165.83,05/17/2025,9.807352682768496,1287.0,0,Very High
CONV01264,U5854,20112.62,01/24/2025,9.909152476512151,1208.0,0,Very High
CONV01265,U8085,48606.71,08/31/2025,10.791537439281589,51.0,1,Very High
CONV01266,U5351,30663.0,08/02/2025,10.33084460706039,777.0,1,Very High
CONV01267,U4948,9604.55,08/28/2025,9.17009633540605,1641.0,0,Very High
CONV01268,U1908,49748.46,04/28/2025,10.814754888256472,5.0,1,Very High
CONV01269,U9394,46806.17,09/08/2025,10.753791675299237,117.0,1,Very High
CONV01270,U2970,750.03,12/20/2025,6.621445597703968,1991.0,0,High
CONV01271,U9816,11455.52,11/22/2025,9.346314279231736,1562.0,0,Very High
CONV01272,U9984,31921.25,09/03/2025,10.371058537801336,733.0,1,Very High
CONV01273,U5238,23366.4,07/20/2025,10.05909716759963,1076.0,0,Very High
CONV01274,U4190,42688.44,08/25/2025,10.66170686183978,262.0,1,Very High
CONV01275,U3401,14945.24,10/09/2025,9.61221504216942,1404.0,0,Very High
CONV01276,U2732,21860.77,12/10/2025,9.99249472826052,1143.0,0,Very High
CONV01277,U6149,30552.53,10/30/2025,10.327235506206058,784.0,1,Very High
CONV01278,U9352,8376.32,06/22/2025,9.03328333325709,1687.0,0,Very High
CONV01279,U9819,18477.15,05/26/2025,9.824344231959405,1279.0,0,Very High
CONV01280,U8108,46265.24,08/31/2025,10.742167816442192,140.0,1,Very High
CONV01281,U7603,45410.4,12/14/2025,10.723518453830366,168.0,1,Very High
CONV01282,U0476,30680.45,11/29/2025,10.33141351642435,776.0,1,Very High
CONV01283,U5326,28680.65,11/24/2025,10.264012824439444,858.0,1,Very High
CONV01284,U6379,10055.06,11/08/2025,9.215930716839395,1622.0,0,Very High
CONV01285,U3274,3708.23,06/15/2025,8.218579586890774,1874.0,0,Very High
CONV01286,U7269,25260.64,05/07/2025,10.137042318579224,1012.0,0,Very High
CONV01287,U0113,20614.16,02/02/2025,9.933782006449713,1198.0,0,Very High
CONV01288,U1983,35880.83,11/21/2025,10.487986318216588,566.0,1,Very High
CONV01289,U5954,25822.21,08/13/2025,10.159028978904097,991.0,1,Very High
CONV01290,U9500,18639.99,03/20/2025,9.833118198417194,1267.0,0,Very High
CONV01291,U1592,4166.44,07/16/2025,8.335057217400733,1852.0,0,Very High
CONV01292,U5418,28627.44,09/07/2025,10.262155908308632,862.0,1,Very High
CONV01293,U9234,15679.81,07/27/2025,9.660192950733428,1376.0,0,Very High
CONV01294,U4832,34906.58,03/25/2025,10.460459276584832,610.0,1,Very High
CONV01295,U3468,29419.62,11/03/2025,10.289451068032625,827.0,1,Very High
CONV01296,U6650,8935.3,09/13/2025,9.097876912253549,1667.0,0,Very High
CONV01297,U7951,26499.23,12/03/2025,10.184908691181931,960.0,1,Very High
CONV01298,U3383,30627.74,05/18/2025,10.32969406283967,780.0,1,Very High
CONV01299,U0200,10525.23,10/17/2025,9.261625516330522,1600.0,0,Very High
CONV01300,U1101,42406.98,06/05/2025,10.6550918310584,272.0,1,Very High
CONV01301,U4196,32714.96,04/11/2025,10.395618311210765,696.0,1,Very High
CONV01302,U4355,37283.97,11/02/2025,10.526345575364456,501.0,1,Very High
CONV01303,U3997,23481.43,11/13/2025,10.064007760920973,1073.0,0,Very High
CONV01304,U7241,5443.86,03/02/2025,8.602427323374435,1803.0,0,Very High
CONV01305,U7042,22410.77,03/19/2025,10.017341546273066,1121.0,0,Very High
CONV01306,U6672,31740.85,11/14/2025,10.365391278456189,743.0,1,Very High
CONV01307,U4329,14126.77,10/17/2025,9.555897642983023,1441.0,0,Very High
CONV01308,U7989,48730.54,01/19/2025,10.794081738047,45.0,1,Very High
CONV01309,U4992,32075.21,03/07/2025,10.37586991285648,728.0,1,Very High
CONV01310,U8222,26754.78,06/09/2025,10.194505803749715,951.0,1,Very High
CONV01311,U2563,9002.98,04/14/2025,9.10542198078915,1664.0,0,Very High
CONV01312,U9753,11821.82,08/10/2025,9.377786841184925,1548.0,0,Very High
CONV01313,U5167,28382.68,09/12/2025,10.253569611088595,885.0,1,Very High
CONV01314,U2293,41017.39,08/28/2025,10.621775781709346,342.0,1,Very High
CONV01315,U0388,19429.11,07/01/2025,9.87457920370389,1237.0,0,Very High
CONV01316,U4489,8440.69,03/19/2025,9.04093780451208,1683.0,0,Very High
CONV01317,U6391,12867.38,01/07/2026,9.462528418541485,1492.0,0,Very High
CONV01318,U4523,46218.5,10/06/2025,10.741157065942078,144.0,1,Very High
CONV01319,U2487,28917.36,04/05/2025,10.27223196650429,852.0,1,Very High
CONV01320,U4272,14925.26,10/13/2025,9.61087735680801,1405.0,0,Very High
CONV01321,U7305,23682.16,05/04/2025,10.07251952604077,1067.0,0,Very High
CONV01322,U2299,21652.88,03/28/2025,9.982939932154189,1155.0,0,Very High
CONV01323,U6120,49784.9,02/08/2025,10.815487090393042,4.0,1,Very High
CONV01324,U1100,48724.26,03/04/2025,10.793952860431304,48.0,1,Very High
CONV01325,U9404,49651.01,09/21/2025,10.812794152037574,6.0,1,Very High
CONV01326,U5414,28973.58,02/21/2025,10.274174172848364,850.0,1,Very High
CONV01327,U9417,41497.02,05/31/2025,10.633400994237215,315.0,1,Very High
CONV01328,U9575,23158.79,01/02/2026,10.05017286428831,1087.0,0,Very High
CONV01329,U3378,1798.11,06/26/2025,7.495047377161849,1946.0,0,Very High
CONV01330,U5167,10484.22,05/03/2025,9.25772192547164,1601.0,0,Very High
CONV01331,U2250,47426.68,08/14/2025,10.766961303485958,94.0,1,Very High
CONV01332,U7186,38663.69,08/11/2025,10.56268205942403,439.0,1,Very High
CONV01333,U1994,47064.44,04/17/2025,10.759294252710594,110.0,1,Very High
CONV01334,U8306,25682.4,08/03/2025,10.153600147793853,997.0,1,Very High
CONV01335,U1640,41908.46,07/14/2025,10.643266856083066,298.0,1,Very High
CONV01336,U7723,32544.3,01/19/2025,10.39038824396984,708.0,1,Very High
CONV01337,U8498,23755.73,03/22/2025,10.075621137742592,1059.0,0,Very High
CONV01338,U6798,9144.56,04/07/2025,9.121023794598036,1662.0,0,Very High
CONV01339,U2661,15650.21,02/05/2025,9.65830350927348,1378.0,0,Very High
CONV01340,U5433,36880.07,01/19/2025,10.515453690264843,525.0,1,Very High
CONV01341,U2782,17758.99,03/29/2025,9.78470345348294,1298.0,0,Very High
CONV01342,U6801,42917.33,10/27/2025,10.667054286388382,257.0,1,Very High
CONV01343,U2101,18596.34,07/04/2025,9.830773838721592,1270.0,0,Very High
CONV01344,U3216,6925.48,04/05/2025,8.843107026632564,1746.0,0,Very High
CONV01345,U4626,11698.06,11/16/2025,9.367263775677923,1557.0,0,Very High
CONV01346,U8469,45026.84,11/02/2025,10.715036244123796,184.0,1,Very High
CONV01347,U6309,10295.86,11/25/2025,9.239594273371257,1608.0,0,Very High
CONV01348,U2653,28818.29,08/07/2025,10.268800233580375,854.0,1,Very High
CONV01349,U7426,22273.22,12/08/2025,10.01118523489089,1128.0,0,Very High
CONV01350,U4183,27670.59,07/15/2025,10.22816153408631,918.0,1,Very High
CONV01351,U6989,6748.29,12/02/2025,8.817192593149041,1755.0,0,Very High
CONV01352,U5696,27888.28,07/07/2025,10.23599766458375,907.0,1,Very High
CONV01353,U3193,38907.61,03/20/2025,10.568970841876096,427.0,1,Very High
CONV01354,U8603,27203.13,02/16/2025,10.211124078993125,936.0,1,Very High
CONV01355,U3708,21488.78,03/25/2025,9.975332752264473,1167.0,0,Very High
CONV01356,U6902,7237.93,10/01/2025,8.887228684402487,1730.0,0,Very High
CONV01357,U5106,29902.25,04/19/2025,10.305722449124008,807.0,1,Very High
CONV01358,U3973,21240.96,08/07/2025,9.963733749817854,1176.0,0,Very High
CONV01359,U2301,37112.92,08/24/2025,10.521747380381134,513.0,1,Very High
CONV01360,U0177,15902.45,11/26/2025,9.674291345803397,1372.0,0,Very High
CONV01361,U8868,3984.94,12/03/2025,8.290528447975053,1860.0,0,Very High
CONV01362,U1849,29456.44,12/15/2025,10.290701788752695,824.0,1,Very High
CONV01363,U9815,42573.29,07/20/2025,10.659005828938518,267.0,1,Very High
CONV01364,U4520,16777.07,05/30/2025,9.727827955527706,1336.0,0,Very High
CONV01365,U3978,29758.68,11/17/2025,10.300909736201046,815.0,1,Very High
CONV01366,U6158,46299.53,11/19/2025,10.742908687093042,138.0,1,Very High
CONV01367,U1616,48353.12,10/29/2025,10.786306709246968,59.0,1,Very High
CONV01368,U5691,23306.78,12/25/2025,10.05654248939913,1079.0,0,Very High
CONV01369,U0421,1695.15,05/21/2025,7.436116255837188,1952.0,0,Very High
CONV01370,U7482,34309.08,05/21/2025,10.443194467531503,637.0,1,Very High
CONV01371,U4312,38655.04,04/10/2025,10.562458316062164,442.0,1,Very High
CONV01372,U8190,31011.93,03/10/2025,10.342159493280796,766.0,1,Very High
CONV01373,U6653,32154.01,07/04/2025,10.37832354956254,723.0,1,Very High
CONV01374,U5522,8381.26,08/18/2025,9.03387284685386,1686.0,0,Very High
CONV01375,U9183,9306.45,06/20/2025,9.138570433720623,1650.0,0,Very High
CONV01376,U6630,17338.12,05/26/2025,9.760720499335074,1315.0,0,Very High
CONV01377,U9341,22405.53,02/13/2025,10.0171077132172,1122.0,0,Very High
CONV01378,U3588,32570.81,05/12/2025,10.391202469339012,705.0,1,Very High
CONV01379,U7918,27785.69,08/31/2025,10.232312408050015,914.0,1,Very High
CONV01380,U9429,35483.92,07/29/2025,10.47686309648282,583.0,1,Very High
CONV01381,U5246,47925.51,10/08/2025,10.777424074981395,71.0,1,Very High
CONV01382,U1584,27000.32,09/20/2025,10.203641032680332,940.0,1,Very High
CONV01383,U9078,28925.83,04/26/2025,10.27252481713061,851.0,1,Very High
CONV01384,U2808,28170.3,01/13/2025,10.24605900819042,893.0,1,Very High
CONV01385,U1072,47393.88,06/14/2025,10.766269484971287,96.0,1,Very High
CONV01386,U6493,15836.35,05/13/2025,9.670126353392751,1374.0,0,Very High
CONV01387,U6671,29550.19,04/11/2025,10.29387929275098,823.0,1,Very High
CONV01388,U1961,26723.71,03/01/2025,10.193343884571508,953.0,1,Very High
CONV01389,U2970,25001.27,01/19/2025,10.126721899728269,1024.0,0,Very High
CONV01390,U6348,23983.17,08/24/2025,10.085149308375964,1054.0,0,Very High
CONV01391,U7052,9636.04,05/22/2025,9.173369286511967,1639.0,0,Very High
CONV01392,U8584,30504.89,05/29/2025,10.325675058705349,788.0,1,Very High
CONV01393,U0207,15660.06,01/28/2025,9.658932655632071,1377.0,0,Very High
CONV01394,U8163,48800.83,04/07/2025,10.795523091138133,42.0,1,Very High
CONV01395,U2909,41040.27,09/17/2025,10.622333424784957,340.0,1,Very High
CONV01396,U1766,29710.26,07/03/2025,10.299281377520352,816.0,1,Very High
CONV01397,U5528,41672.62,09/15/2025,10.63762359369341,307.0,1,Very High
CONV01398,U2317,39805.67,05/04/2025,10.591789765170937,385.0,1,Very High
CONV01399,U1619,32912.8,10/23/2025,10.401647301695233,690.0,1,Very High
CONV01400,U8952,16355.66,12/10/2025,9.702390432834749,1354.0,0,Very High
CONV01401,U1350,5663.77,09/26/2025,8.642021572461374,1793.0,0,Very High
CONV01402,U0904,47365.6,10/07/2025,10.765672617956556,98.0,1,Very High
CONV01403,U0786,48355.03,10/13/2025,10.7863462087204,58.0,1,Very High
CONV01404,U7108,9325.36,09/29/2025,9.140600078381762,1649.0,0,Very High
CONV01405,U5248,25016.12,02/25/2025,10.127315669481808,1023.0,0,Very High
CONV01406,U4759,40775.07,01/29/2025,10.6158506687145,351.0,1,Very High
CONV01407,U0734,12685.57,04/11/2025,9.44829923260492,1504.0,0,Very High
CONV01408,U4467,21086.42,08/11/2025,9.956431933130371,1180.0,0,Very High
CONV01409,U6480,22731.85,02/12/2025,10.031566293940358,1107.0,0,Very High
CONV01410,U1090,8784.65,04/27/2025,9.080874987639357,1673.0,0,Very High
CONV01411,U4665,38168.97,10/31/2025,10.549804359781408,461.0,1,Very High
CONV01412,U8491,5912.52,01/26/2025,8.684996533777277,1781.0,0,Very High
CONV01413,U3961,22186.37,08/16/2025,10.007278487045678,1131.0,0,Very High
CONV01414,U3448,1203.45,06/16/2025,7.0937783101929055,1971.0,0,Very High
CONV01415,U0925,47367.65,08/05/2025,10.76571589646166,97.0,1,Very High
CONV01416,U0415,12665.92,08/30/2025,9.446749149840416,1506.0,0,Very High
CONV01417,U0930,20791.25,03/16/2025,9.94233560010437,1195.0,0,Very High
CONV01418,U6069,5637.73,01/27/2025,8.637414141830924,1795.0,0,Very High
CONV01419,U9289,31600.19,03/21/2025,10.3609500570938,748.0,1,Very High
CONV01420,U9364,34437.69,12/09/2025,10.44693592065215,631.0,1,Very High
CONV01421,U5655,46011.61,11/26/2025,10.736670768339131,153.0,1,Very High
CONV01422,U2857,8435.67,08/10/2025,9.040342959971731,1684.0,0,Very High
CONV01423,U8872,42086.7,05/08/2025,10.647510815462793,292.0,1,Very High
CONV01424,U7273,17221.17,08/08/2025,9.753952786302502,1323.0,0,Very High
CONV01425,U3129,36600.69,11/13/2025,10.50784969318682,538.0,1,Very High
CONV01426,U6141,19945.06,12/11/2025,9.900786909079216,1216.0,0,Very High
CONV01427,U6753,17215.32,02/24/2025,9.753613050149363,1324.0,0,Very High
CONV01428,U0391,28585.95,12/27/2025,10.260705598967998,870.0,1,Very High
CONV01429,U3241,23694.7,04/15/2025,10.07304887606282,1065.0,0,Very High
CONV01430,U1405,43181.34,01/12/2025,10.67318689435592,246.0,1,Very High
CONV01431,U3490,31349.97,06/17/2025,10.35300048657124,756.0,1,Very High
CONV01432,U4969,45090.44,02/25/2025,10.716447707032929,183.0,1,Very High
CONV01433,U2594,23743.6,10/23/2025,10.075110415189616,1060.0,0,Very High
CONV01434,U0646,19278.8,03/16/2025,9.866813194666747,1248.0,0,Very High
CONV01435,U9371,1482.91,04/19/2025,7.302435774987958,1964.0,0,Very High
CONV01436,U2904,34029.97,04/09/2025,10.43502627134966,652.0,1,Very High
CONV01437,U4790,30339.22,01/25/2026,10.320229504029829,796.0,1,Very High
CONV01438,U4141,49110.8,05/07/2025,10.801854610774557,31.0,1,Very High
CONV01439,U5024,17207.13,05/23/2025,9.753137225544783,1326.0,0,Very High
CONV01440,U0175,19343.22,11/18/2025,9.870148945825468,1241.0,0,Very High
CONV01441,U6147,25872.92,07/16/2025,10.160990790566132,986.0,1,Very High
CONV01442,U4286,14441.24,10/12/2025,9.577912525069973,1427.0,0,Very High
CONV01443,U0377,4183.52,03/18/2025,8.33914728100506,1850.0,0,Very High
CONV01444,U1236,36956.92,01/15/2025,10.517535247115733,522.0,1,Very High
CONV01445,U5422,6537.93,12/29/2025,8.785528822503212,1761.0,0,Very High
CONV01446,U0063,10905.84,09/01/2025,9.297145394342827,1585.0,0,Very High
CONV01447,U8116,23725.92,11/29/2025,10.074365547495578,1063.0,0,Very High
CONV01448,U2882,43969.74,04/30/2025,10.691279691689823,225.0,1,Very High
CONV01449,U3065,20036.06,07/10/2025,9.905338837849513,1210.0,0,Very High
CONV01450,U3576,17565.57,08/14/2025,9.773752942999904,1307.0,0,Very High
CONV01451,U1060,17539.05,02/24/2025,9.772242116549249,1308.0,0,Very High
CONV01452,U0197,29612.86,01/10/2026,10.295997773963736,821.0,1,Very High
CONV01453,U7386,24282.22,07/18/2025,10.097540855820125,1039.0,0,Very High
CONV01454,U0700,23514.77,01/03/2026,10.065426538899388,1071.0,0,Very High
CONV01455,U6318,7401.89,08/13/2025,8.909625743491695,1724.0,0,Very High
CONV01456,U2831,11241.19,03/19/2025,9.327428944326511,1572.0,0,Very High
CONV01457,U8149,41574.02,08/16/2025,10.635254785119342,311.0,1,Very High
CONV01458,U7092,48470.45,08/12/2025,10.78873024380356,54.0,1,Very High
CONV01459,U4741,47195.23,04/08/2025,10.762069295502284,104.0,1,Very High
CONV01460,U2599,34360.85,07/06/2025,10.44470221632515,633.0,1,Very High
CONV01461,U2100,3624.69,07/23/2025,8.195799894003082,1881.0,0,Very High
CONV01462,U3825,45141.08,06/25/2025,10.71757012817568,179.0,1,Very High
CONV01463,U5273,11831.87,12/08/2025,9.378636531099248,1546.0,0,Very High
CONV01464,U5136,37634.52,10/08/2025,10.535703564298911,489.0,1,Very High
CONV01465,U1097,10062.5,09/12/2025,9.216670295671053,1619.0,0,Very High
CONV01466,U7762,651.13,05/18/2025,6.480243928554874,1992.0,0,High
CONV01467,U5148,41294.75,11/26/2025,10.628514868084975,325.0,1,Very High
CONV01468,U3194,12787.21,10/08/2025,9.456278931690193,1498.0,0,Very High
CONV01469,U4852,32377.42,01/26/2025,10.385247430488274,719.0,1,Very High
CONV01470,U9098,38043.85,03/25/2025,10.546521005903417,466.0,1,Very High
CONV01471,U4666,16478.78,03/25/2025,9.709889453859796,1348.0,0,Very High
CONV01472,U6145,21995.85,10/19/2025,9.998654540270776,1138.0,0,Very High
CONV01473,U9268,25829.56,11/11/2025,10.159313566071676,989.0,1,Very High
CONV01474,U1676,12133.17,10/19/2025,9.40378071862332,1534.0,0,Very High
CONV01475,U8069,26471.63,08/14/2025,10.183866648048998,961.0,1,Very High
CONV01476,U2607,12343.64,03/21/2025,9.420977239750185,1523.0,0,Very High
CONV01477,U7843,38047.12,02/21/2025,10.546606953396385,465.0,1,Very High
CONV01478,U6485,14837.15,01/10/2025,9.604956845877508,1409.0,0,Very High
CONV01479,U3422,854.04,05/20/2025,6.751148251468171,1986.0,0,High
CONV01480,U6508,863.82,05/09/2025,6.762521392792085,1985.0,0,High
CONV01481,U3303,10190.74,12/06/2025,9.229332867282473,1613.0,0,Very High
CONV01482,U7300,25834.35,11/17/2025,10.159498988142582,988.0,1,Very High
CONV01483,U3369,37490.02,05/09/2025,10.531856716615115,493.0,1,Very High
CONV01484,U3766,25799.42,10/27/2025,10.158146049846971,992.0,1,Very High
CONV01485,U5364,37816.0,09/21/2025,10.540514015956738,477.0,1,Very High
CONV01486,U4072,44278.41,03/08/2025,10.698275062433895,212.0,1,Very High
CONV01487,U4972,28621.49,08/21/2025,10.261948051422417,865.0,1,Very High
CONV01488,U6109,32854.49,02/17/2025,10.399874133236889,693.0,1,Very High
CONV01489,U1972,39741.75,12/20/2025,10.590182713510304,386.0,1,Very High
CONV01490,U7459,14020.16,10/24/2025,9.54832289611027,1447.0,0,Very High
CONV01491,U1068,1979.96,08/07/2025,7.591336854672382,1935.0,0,Very High
CONV01492,U0722,43880.6,12/25/2025,10.689250376805536,228.0,1,Very High
CONV01493,U4456,22675.46,04/07/2025,10.029082661003129,1110.0,0,Very High
CONV01494,U3794,4876.59,02/05/2025,8.492406524402888,1824.0,0,Very High
CONV01495,U9028,36892.15,10/15/2025,10.515781175939596,524.0,1,Very High
CONV01496,U4792,44526.74,04/07/2025,10.703867644725989,202.0,1,Very High
CONV01497,U2256,23594.48,07/14/2025,10.068810447246635,1070.0,0,Very High
CONV01498,U2377,31818.52,11/26/2025,10.367835216925704,741.0,1,Very High
CONV01499,U6494,6038.06,02/27/2025,8.706003649678317,1776.0,0,Very High
CONV01500,U9019,11725.73,12/29/2025,9.369626130404765,1554.0,0,Very High
CONV01501,U8986,41058.36,07/29/2025,10.622774103505511,339.0,1,Very High
CONV01502,U7433,37789.29,04/12/2025,10.539807470301918,478.0,1,Very High
CONV01503,U5023,41348.98,05/21/2025,10.629827216775784,321.0,1,Very High
CONV01504,U3393,3817.58,04/20/2025,8.247633904744044,1871.0,0,Very High
CONV01505,U4919,10818.2,07/08/2025,9.289077612513568,1586.0,0,Very High
CONV01506,U8192,13161.22,06/28/2025,9.485105883661362,1481.0,0,Very High
CONV01507,U5752,19308.38,01/16/2026,9.868346267190889,1245.0,0,Very High
CONV01508,U4021,19302.63,11/30/2025,9.86804844010916,1246.0,0,Very High
CONV01509,U7393,5200.21,05/12/2025,8.556646569808555,1810.0,0,Very High
CONV01510,U1133,14099.69,10/03/2025,9.553979011339138,1443.0,0,Very High
CONV01511,U8467,22860.43,10/06/2025,10.037206490073004,1104.0,0,Very High
CONV01512,U2537,24569.25,02/09/2025,10.109291640473634,1033.0,0,Very High
CONV01513,U4953,43345.5,04/22/2025,10.676981240771562,244.0,1,Very High
CONV01514,U1664,37147.64,04/25/2025,10.522682441131254,510.0,1,Very High
CONV01515,U7045,44935.63,01/22/2025,10.71300855405346,188.0,1,Very High
CONV01516,U9131,3726.18,01/03/2026,8.22340719452983,1873.0,0,Very High
CONV01517,U1983,28735.82,02/03/2025,10.265934506329536,857.0,1,Very High
CONV01518,U1095,20956.16,12/20/2025,9.950235633071337,1188.0,0,Very High
CONV01519,U6402,25754.7,01/06/2025,10.156411240818846,994.0,1,Very High
CONV01520,U4970,12561.97,03/27/2025,9.438508877036908,1512.0,0,Very High
CONV01521,U1623,31853.13,04/16/2025,10.36892232292351,739.0,1,Very High
CONV01522,U1115,28524.79,09/09/2025,10.25856386935116,876.0,1,Very High
CONV01523,U0978,16364.14,08/22/2025,9.70290874174134,1352.0,0,Very High
CONV01524,U3682,47494.7,03/23/2025,10.768394459609189,88.0,1,Very High
CONV01525,U4713,30191.18,09/25/2025,10.315338229434756,801.0,1,Very High
CONV01526,U6055,23493.1,06/17/2025,10.064504604780664,1072.0,0,Very High
CONV01527,U7700,37992.18,10/15/2025,10.545161948916984,468.0,1,Very High
CONV01528,U9405,5003.89,03/27/2025,8.518170713485823,1820.0,0,Very High
CONV01529,U4395,25919.14,05/29/2025,10.162775551686192,983.0,1,Very High
CONV01530,U3144,20871.19,06/29/2025,9.946172929879769,1192.0,0,Very High
CONV01531,U4834,18393.6,04/25/2025,9.819812422263036,1281.0,0,Very High
CONV01532,U1921,10683.82,06/24/2025,9.276579321565492,1591.0,0,Very High
CONV01533,U7936,27101.73,05/23/2025,10.20738973980144,938.0,1,Very High
CONV01534,U9023,9851.94,08/19/2025,9.19552516678805,1631.0,0,Very High
CONV01535,U8375,13652.21,10/31/2025,9.521729937801355,1460.0,0,Very High
CONV01536,U1957,18386.08,04/07/2025,9.81940352304447,1283.0,0,Very High
CONV01537,U4398,37279.64,03/20/2025,10.526229436034145,502.0,1,Very High
CONV01538,U4542,11909.17,06/14/2025,9.38514793596704,1542.0,0,Very High
CONV01539,U2486,16177.53,01/19/2025,9.691440333580289,1360.0,0,Very High
CONV01540,U1494,48944.29,10/28/2025,10.798458422695855,38.0,1,Very High
CONV01541,U3966,44648.32,09/22/2025,10.706594356625404,198.0,1,Very High
CONV01542,U7131,19641.81,10/30/2025,9.88546664703057,1230.0,0,Very High
CONV01543,U2464,19318.05,08/02/2025,9.868846934714885,1243.0,0,Very High
CONV01544,U5609,25624.19,06/26/2025,10.151331131047368,998.0,1,Very High
CONV01545,U9847,8834.89,01/05/2026,9.08657711539054,1671.0,0,Very High
CONV01546,U4763,43947.66,05/29/2025,10.690777413456257,226.0,1,Very High
CONV01547,U7410,17586.62,01/24/2025,9.774950524427087,1303.0,0,Very High
CONV01548,U7166,13821.52,06/09/2025,9.534054425127302,1454.0,0,Very High
CONV01549,U8474,10187.76,11/04/2025,9.22904043088285,1614.0,0,Very High
CONV01550,U2602,27864.79,02/25/2025,10.235155050579683,908.0,1,Very High
CONV01551,U7142,20768.49,05/28/2025,9.941240361922564,1196.0,0,Very High
CONV01552,U2883,47129.8,06/25/2025,10.760681994100043,107.0,1,Very High
CONV01553,U1104,39265.61,03/10/2025,10.578129818406534,411.0,1,Very High
CONV01554,U2503,39451.96,10/11/2025,10.582864355144965,395.0,1,Very High
CONV01555,U0932,2893.05,07/25/2025,7.970412184167268,1906.0,0,Very High
CONV01556,U7577,35655.35,05/28/2025,10.48168253059796,573.0,1,Very High
CONV01557,U2227,26680.21,01/16/2025,10.191714851325012,956.0,1,Very High
CONV01558,U7646,39426.04,12/16/2025,10.582207154309948,400.0,1,Very High
CONV01559,U2069,30190.01,01/30/2025,10.315299476927638,802.0,1,Very High
CONV01560,U4908,24617.47,08/04/2025,10.111252253209502,1031.0,0,Very High
CONV01561,U9674,15447.62,03/20/2025,9.64527495794824,1383.0,0,Very High
CONV01562,U7641,44177.98,01/14/2026,10.69600438933774,220.0,1,Very High
CONV01563,U1660,17852.48,06/30/2025,9.78995372618914,1292.0,0,Very High
CONV01564,U8398,46731.87,11/06/2025,10.75220305045738,121.0,1,Very High
CONV01565,U2719,37344.72,01/23/2025,10.5279735922947,499.0,1,Very High
CONV01566,U6083,17035.03,02/01/2025,9.74308579201831,1330.0,0,Very High
CONV01567,U8471,22200.69,11/11/2025,10.00792369108905,1129.0,0,Very High
CONV01568,U8290,41323.29,02/14/2025,10.629205741658389,323.0,1,Very High
CONV01569,U1527,20022.77,11/13/2025,9.904675346829103,1211.0,0,Very High
CONV01570,U3173,27579.27,08/10/2025,10.224855941002057,922.0,1,Very High
CONV01571,U7908,45799.13,02/08/2025,10.732042208526195,157.0,1,Very High
CONV01572,U6097,28149.15,09/26/2025,10.245307962150443,895.0,1,Very High
CONV01573,U9663,40406.35,10/18/2025,10.60676697809493,367.0,1,Very High
CONV01574,U8337,49569.99,06/04/2025,10.811161062572298,9.0,1,Very High
CONV01575,U3664,45306.15,05/22/2025,10.721220135660824,172.0,1,Very High
CONV01576,U6870,4515.9,10/23/2025,8.415581196821984,1839.0,0,Very High
CONV01577,U7138,21004.03,07/27/2025,9.952517211833836,1185.0,0,Very High
CONV01578,U6494,21790.23,11/05/2025,9.989262874257427,1148.0,0,Very High
CONV01579,U9798,42733.33,06/20/2025,10.66275785746154,261.0,1,Very High
CONV01580,U8072,8018.44,02/18/2025,8.989623872986241,1704.0,0,Very High
CONV01581,U5854,2501.28,01/05/2026,7.824957595236969,1922.0,0,Very High
CONV01582,U0648,46166.28,12/06/2025,10.74002660105173,147.0,1,Very High
CONV01583,U8620,7361.49,02/20/2025,8.904153469724625,1726.0,0,Very High
CONV01584,U3667,19972.98,12/29/2025,9.902185705500887,1214.0,0,Very High
CONV01585,U5021,40824.58,06/13/2025,10.617064124718764,348.0,1,Very High
CONV01586,U2437,4432.93,01/14/2026,8.397041602951955,1843.0,0,Very High
CONV01587,U4629,29173.88,07/12/2025,10.281063344035758,835.0,1,Very High
CONV01588,U9046,35600.98,11/25/2025,10.480156533271028,576.0,1,Very High
CONV01589,U5654,42135.51,02/28/2025,10.648669864754302,287.0,1,Very High
CONV01590,U5302,16681.96,09/18/2025,9.722143118202496,1340.0,0,Very High
CONV01591,U4106,43838.29,08/11/2025,10.68828572623528,230.0,1,Very High
CONV01592,U4553,21184.57,05/08/2025,9.9610755685283,1178.0,0,Very High
CONV01593,U5525,38692.62,01/18/2025,10.563430007546184,437.0,1,Very High
CONV01594,U4481,26672.39,10/17/2025,10.191421718209742,957.0,1,Very High
CONV01595,U8965,23093.6,06/07/2025,10.047354102948534,1092.0,0,Very High
CONV01596,U7775,44276.21,08/20/2025,10.698225376707397,214.0,1,Very High
CONV01597,U0635,29188.4,05/10/2025,10.28156090865232,833.0,1,Very High
CONV01598,U3916,2864.31,07/25/2025,7.960431825738659,1908.0,0,Very High
CONV01599,U5017,25083.46,11/22/2025,10.1300038098778,1018.0,0,Very High
CONV01600,U6374,9273.22,11/04/2025,9.13499378690424,1652.0,0,Very High
CONV01601,U4024,6928.94,09/26/2025,8.84360643413781,1745.0,0,Very High
CONV01602,U2652,8613.41,08/10/2025,9.06119166141658,1676.0,0,Very High
CONV01603,U1249,46886.59,04/20/2025,10.755508313876437,113.0,1,Very High
CONV01604,U5531,41841.97,03/21/2025,10.641679080923142,301.0,1,Very High
CONV01605,U1365,9231.73,07/27/2025,9.130510058412089,1654.0,0,Very High
CONV01606,U1416,17434.01,02/18/2025,9.76623553266852,1312.0,0,Very High
CONV01607,U5574,40460.11,08/12/2025,10.60809654484863,366.0,1,Very High
CONV01608,U9607,11724.18,01/14/2026,9.369493945009008,1555.0,0,Very High
CONV01609,U3263,9809.99,02/09/2025,9.19125846489878,1633.0,0,Very High
CONV01610,U0122,7136.94,06/14/2025,8.87317949829889,1735.0,0,Very High
CONV01611,U7757,36432.23,09/21/2025,10.50323654926194,548.0,1,Very High
CONV01612,U6974,5775.43,06/30/2025,8.661541123785078,1787.0,0,Very High
CONV01613,U2508,20895.48,05/26/2025,9.947336002715852,1190.0,0,Very High
CONV01614,U6667,16723.82,02/03/2025,9.724649122606676,1339.0,0,Very High
CONV01615,U5940,38515.94,03/10/2025,10.55885342350426,451.0,1,Very High
CONV01616,U3794,42152.63,02/12/2025,10.649076080718242,286.0,1,Very High
CONV01617,U8947,15228.53,06/30/2025,9.630991585268571,1390.0,0,Very High
CONV01618,U4409,5168.59,02/26/2025,8.550548660682724,1812.0,0,Very High
CONV01619,U6652,8360.94,11/04/2025,9.031445736573858,1688.0,0,Very High
CONV01620,U9323,40706.29,01/09/2026,10.61416247087054,357.0,1,Very High
CONV01621,U8351,34229.85,05/31/2025,10.440882563234618,646.0,1,Very High
CONV01622,U0973,33510.67,08/15/2025,10.41964901535948,667.0,1,Very High
CONV01623,U6743,12827.02,11/20/2025,9.459387119901322,1496.0,0,Very High
CONV01624,U0024,9962.66,03/08/2025,9.206699752957642,1624.0,0,Very High
CONV01625,U4077,11927.35,03/16/2025,9.386673198737087,1540.0,0,Very High
CONV01626,U4531,32766.72,03/21/2025,10.397199163440796,695.0,1,Very High
CONV01627,U7325,32574.19,03/18/2025,10.39130623466982,704.0,1,Very High
CONV01628,U4507,42958.93,08/20/2025,10.6680230997587,254.0,1,Very High
CONV01629,U3978,22153.82,09/16/2025,10.00581035902374,1132.0,0,Very High
CONV01630,U7517,20963.52,10/24/2025,9.950586764041068,1187.0,0,Very High
CONV01631,U7754,22994.24,10/08/2025,10.043042516971092,1096.0,0,Very High
CONV01632,U4418,22187.4,03/28/2025,10.00732490877538,1130.0,0,Very High
CONV01633,U8351,13749.95,12/06/2025,9.52886319161714,1458.0,0,Very High
CONV01634,U8463,1504.83,06/26/2025,7.317099520182099,1963.0,0,Very High
CONV01635,U9109,46259.32,12/10/2025,10.742039853184766,141.0,1,Very High
CONV01636,U5364,28613.58,12/20/2025,10.261671657118852,866.0,1,Very High
CONV01637,U4116,10373.6,01/04/2026,9.247115790138798,1604.0,0,Very High
CONV01638,U3216,42960.92,05/17/2025,10.668069420921483,253.0,1,Very High
CONV01639,U9215,5608.02,02/06/2025,8.632131295199965,1797.0,0,Very High
CONV01640,U8766,49493.84,02/24/2025,10.80962370069892,12.0,1,Very High
CONV01641,U6077,1079.04,03/09/2025,6.984753356469448,1975.0,0,Very High
CONV01642,U3426,12217.12,02/20/2025,9.410675374736206,1529.0,0,Very High
CONV01643,U0724,27283.22,09/22/2025,10.214063792075924,935.0,1,Very High
CONV01644,U1454,46278.15,09/23/2025,10.742446814673952,139.0,1,Very High
CONV01645,U9115,37075.58,01/12/2026,10.520740782416356,514.0,1,Very High
CONV01646,U3838,10194.87,01/30/2025,9.229738015316643,1612.0,0,Very High
CONV01647,U3697,6334.87,12/12/2025,8.753982415607004,1768.0,0,Very High
CONV01648,U2522,45107.25,01/03/2026,10.716820435590966,182.0,1,Very High
CONV01649,U6888,8297.95,02/27/2025,9.02388427975803,1693.0,0,Very High
CONV01650,U4361,44249.52,10/10/2025,10.697622401779457,216.0,1,Very High
CONV01651,U8731,47704.1,12/18/2025,10.77279358940008,84.0,1,Very High
CONV01652,U3509,15128.94,02/04/2025,9.624430841143342,1393.0,0,Very High
CONV01653,U2078,35163.34,02/27/2025,10.467787779903963,598.0,1,Very High
CONV01654,U2216,27181.76,02/04/2025,10.210338227803629,937.0,1,Very High
CONV01655,U1216,4636.61,05/20/2025,8.441954426310934,1837.0,0,Very High
CONV01656,U2922,42587.13,01/29/2025,10.65933085493289,266.0,1,Very High
CONV01657,U7248,31875.8,02/08/2025,10.36963375145456,736.0,1,Very High
CONV01658,U0491,1852.43,02/07/2025,7.524793255489704,1943.0,0,Very High
CONV01659,U9599,9925.89,03/13/2025,9.203002515637827,1625.0,0,Very High
CONV01660,U9911,49425.94,01/24/2025,10.808250898659498,17.0,1,Very High
CONV01661,U4750,4709.5,06/25/2025,8.457549338488722,1831.0,0,Very High
CONV01662,U8557,41305.67,02/18/2025,10.628779267119862,324.0,1,Very High
CONV01663,U8310,2685.25,08/12/2025,7.89590144795672,1916.0,0,Very High
CONV01664,U5595,26036.59,03/03/2025,10.167296542116302,981.0,1,Very High
CONV01665,U2446,49538.04,05/29/2025,10.810516324575412,11.0,1,Very High
CONV01666,U0687,31438.34,10/11/2025,10.355815253956388,753.0,1,Very High
CONV01667,U9147,39432.9,08/24/2025,10.582381131440258,398.0,1,Very High
CONV01668,U2006,26664.5,08/17/2025,10.191125874030847,958.0,1,Very High
CONV01669,U2908,44082.47,10/15/2025,10.693840161236666,222.0,1,Very High
CONV01670,U6549,33813.49,05/22/2025,10.428644687831133,658.0,1,Very High
CONV01671,U9363,36662.31,12/10/2025,10.509531806461355,533.0,1,Very High
CONV01672,U6034,5652.6,10/28/2025,8.640047789376645,1794.0,0,Very High
CONV01673,U6388,18996.42,03/31/2025,9.852058459454668,1258.0,0,Very High
CONV01674,U5570,15044.74,11/05/2025,9.61885017363057,1399.0,0,Very High
CONV01675,U4585,48018.6,06/14/2025,10.779364539877994,67.0,1,Very High
CONV01676,U9111,9333.5,01/01/2026,9.141472492677382,1648.0,0,Very High
CONV01677,U1009,2358.28,01/01/2026,7.766111766726074,1928.0,0,Very High
CONV01678,U5818,29562.52,05/08/2025,10.294296447810316,822.0,1,Very High
CONV01679,U1476,23009.82,03/04/2025,10.043719819074145,1095.0,0,Very High
CONV01680,U9721,10300.51,02/22/2025,9.24004576541446,1607.0,0,Very High
CONV01681,U6663,47832.42,02/16/2025,10.775479837358752,81.0,1,Very High
CONV01682,U6672,26461.47,10/10/2025,10.183482781762743,963.0,1,Very High
CONV01683,U9603,21043.62,03/13/2025,9.954400224496151,1183.0,0,Very High
CONV01684,U5470,25118.91,09/22/2025,10.13141603777317,1016.0,0,Very High
CONV01685,U3502,39708.09,07/24/2025,10.58933540772069,388.0,1,Very High
CONV01686,U9422,14966.05,06/03/2025,9.613606397206402,1403.0,0,Very High
CONV01687,U2283,40839.85,08/02/2025,10.617438084990518,347.0,1,Very High
CONV01688,U7394,21204.31,05/23/2025,9.962006900995418,1177.0,0,Very High
CONV01689,U6673,1552.08,02/16/2025,7.347995335022185,1958.0,0,Very High
CONV01690,U8509,37443.97,01/04/2026,10.53062766750809,496.0,1,Very High
CONV01691,U5920,30567.66,08/14/2025,10.32773058010014,781.0,1,Very High
CONV01692,U1638,44925.93,04/11/2025,10.71279267121869,189.0,1,Very High
CONV01693,U1783,24520.87,09/30/2025,10.107320651416238,1035.0,0,Very High
CONV01694,U4322,6233.51,06/07/2025,8.73785526641322,1770.0,0,Very High
CONV01695,U4890,33521.79,05/19/2025,10.419980785022489,666.0,1,Very High
CONV01696,U6133,3143.32,12/02/2025,8.053352929540228,1895.0,0,Very High
CONV01697,U8314,35523.59,08/02/2025,10.47798041173051,581.0,1,Very High
CONV01698,U4182,37932.83,11/17/2025,10.543598605066414,473.0,1,Very High
CONV01699,U6159,27858.58,12/22/2025,10.234932171843278,910.0,1,Very High
CONV01700,U4843,18625.93,03/28/2025,9.83236366204022,1268.0,0,Very High
CONV01701,U0349,31129.79,10/11/2025,10.345952640563056,762.0,1,Very High
CONV01702,U4824,28413.8,04/13/2025,10.254665415170466,883.0,1,Very High
CONV01703,U2540,23130.48,08/05/2025,10.04894973934361,1089.0,0,Very High
CONV01704,U9203,11409.67,05/18/2025,9.342304161552828,1565.0,0,Very High
CONV01705,U2270,1366.21,12/29/2025,7.220527445993474,1968.0,0,Very High
CONV01706,U2335,21990.34,12/22/2025,9.998404018481686,1139.0,0,Very High
CONV01707,U2403,5128.12,08/28/2025,8.54268938348914,1814.0,0,Very High
CONV01708,U3550,40532.74,01/11/2025,10.6098899926905,362.0,1,Very High
CONV01709,U4128,27302.67,04/16/2025,10.21477640437228,933.0,1,Very High
CONV01710,U0483,11574.87,03/26/2025,9.356678038116955,1559.0,0,Very High
CONV01711,U1026,48992.7,02/10/2025,10.799446997398178,35.0,1,Very High
CONV01712,U5487,19071.98,01/15/2025,9.85602795277314,1257.0,0,Very High
CONV01713,U0891,9270.87,09/10/2025,9.13474036421379,1653.0,0,Very High
CONV01714,U2354,11415.28,02/03/2025,9.342795685835569,1564.0,0,Very High
CONV01715,U6402,47175.08,04/22/2025,10.761642263456416,106.0,1,Very High
CONV01716,U2248,40034.02,07/19/2025,10.597509850069493,379.0,1,Very High
CONV01717,U2638,30289.01,11/10/2025,10.318573234163187,799.0,1,Very High
CONV01718,U1101,22966.39,04/12/2025,10.04183066275786,1098.0,0,Very High
CONV01719,U1782,4417.97,08/28/2025,8.393661916241436,1844.0,0,Very High
CONV01720,U0008,37641.72,07/21/2025,10.535894854637847,488.0,1,Very High
CONV01721,U9396,9924.17,07/10/2025,9.202829233872176,1626.0,0,Very High
CONV01722,U0806,2865.39,04/24/2025,7.9608086772880355,1907.0,0,Very High
CONV01723,U7065,12207.12,05/28/2025,9.409856583095848,1530.0,0,Very High
CONV01724,U7590,8930.75,09/18/2025,9.097367623316217,1668.0,0,Very High
CONV01725,U8786,10072.58,04/20/2025,9.217671433953456,1618.0,0,Very High
CONV01726,U9937,21588.01,09/08/2025,9.979939667895202,1158.0,0,Very High
CONV01727,U8905,1943.27,12/22/2025,7.572641864265105,1938.0,0,Very High
CONV01728,U9644,21720.12,10/27/2025,9.986040338095956,1152.0,0,Very High
CONV01729,U3866,40476.48,08/23/2025,10.608501049059123,365.0,1,Very High
CONV01730,U2801,17790.54,04/24/2025,9.786478342399532,1295.0,0,Very High
CONV01731,U8833,13612.98,09/05/2025,9.518852484930866,1464.0,0,Very High
CONV01732,U1192,28609.42,11/03/2025,10.26152626611816,867.0,1,Very High
CONV01733,U4400,30643.58,05/10/2025,10.33021109049062,778.0,1,Very High
CONV01734,U5422,36617.02,02/08/2025,10.508295747951877,536.0,1,Very High
CONV01735,U2130,42383.71,06/21/2025,10.654542962975924,273.0,1,Very High
CONV01736,U5682,25622.98,09/19/2025,10.151283910770426,999.0,0,Very High
CONV01737,U3855,19829.56,10/12/2025,9.894979461155442,1222.0,0,Very High
CONV01738,U4504,3642.31,08/03/2025,8.200647888090383,1876.0,0,Very High
CONV01739,U2457,22105.0,12/01/2025,10.0036043438709,1134.0,0,Very High
CONV01740,U0626,34237.36,11/26/2025,10.441101931912309,645.0,1,Very High
CONV01741,U0850,1979.94,01/20/2026,7.5913267585064,1936.0,0,Very High
CONV01742,U9326,6678.86,01/28/2025,8.806852308227235,1758.0,0,Very High
CONV01743,U4116,23303.95,04/16/2025,10.056421063342192,1080.0,0,Very High
CONV01744,U2181,29014.63,12/24/2025,10.275589929296103,844.0,1,Very High
CONV01745,U1690,13406.06,07/15/2025,9.503536712865658,1478.0,0,Very High
CONV01746,U2915,48447.09,06/30/2025,10.788248194457218,55.0,1,Very High
CONV01747,U9961,11565.91,01/17/2026,9.355903714509534,1560.0,0,Very High
CONV01748,U0421,13511.04,12/09/2025,9.511336418814812,1471.0,0,Very High
CONV01749,U4708,10110.9,06/03/2025,9.221468227097231,1616.0,0,Very High
CONV01750,U7885,2821.05,11/19/2025,7.945218850186344,1910.0,0,Very High
CONV01751,U5968,4866.26,04/27/2025,8.490286429405165,1825.0,0,Very High
CONV01752,U2843,11116.15,07/20/2025,9.316244239991375,1574.0,0,Very High
CONV01753,U7330,48010.11,06/20/2025,10.779187721441014,68.0,1,Very High
CONV01754,U0577,19455.15,07/17/2025,9.87591849444012,1235.0,0,Very High
CONV01755,U9914,13948.26,03/13/2025,9.54318173924751,1449.0,0,Very High
CONV01756,U6590,16879.21,04/19/2025,9.733897208830856,1333.0,0,Very High
CONV01757,U8298,22388.97,08/10/2025,10.016368369708026,1123.0,0,Very High
CONV01758,U4582,36777.95,10/18/2025,10.512680949626828,526.0,1,Very High
CONV01759,U4990,40714.69,11/24/2025,10.614368800828736,356.0,1,Very High
CONV01760,U0703,32138.67,04/08/2025,10.377846371659452,724.0,1,Very High
CONV01761,U5341,775.7,06/22/2025,6.655054175425602,1990.0,0,High
CONV01762,U9103,14553.52,04/13/2025,9.585656877277971,1420.0,0,Very High
CONV01763,U8039,34672.85,04/13/2025,10.453741079528516,618.0,1,Very High
CONV01764,U6772,6921.96,04/14/2025,8.842598702819357,1747.0,0,Very High
CONV01765,U3427,40366.55,02/10/2025,10.605781523375189,370.0,1,Very High
CONV01766,U2070,43993.87,05/03/2025,10.69182831519406,224.0,1,Very High
CONV01767,U1473,13488.32,09/29/2025,9.509653540221876,1474.0,0,Very High
CONV01768,U2705,35455.25,09/20/2025,10.476054821074875,585.0,1,Very High
CONV01769,U4266,13648.7,07/09/2025,9.521472822349608,1462.0,0,Very High
CONV01770,U1479,22951.88,10/17/2025,10.041198697811534,1100.0,0,Very High
CONV01771,U2977,23704.24,08/16/2025,10.073451399731288,1064.0,0,Very High
CONV01772,U9249,47856.2,12/31/2025,10.775976855781028,78.0,1,Very High
CONV01773,U3508,36773.85,08/24/2025,10.5125694666034,527.0,1,Very High
CONV01774,U9063,44886.97,10/19/2025,10.711925109100518,192.0,1,Very High
CONV01775,U3330,13705.52,06/16/2025,9.525626911014582,1459.0,0,Very High
CONV01776,U3586,12733.2,03/24/2025,9.452046566437613,1501.0,0,Very High
CONV01777,U1909,41331.02,04/30/2025,10.629392781220703,322.0,1,Very High
CONV01778,U1145,12701.22,04/21/2025,9.44953206032,1503.0,0,Very High
CONV01779,U8034,29189.14,01/15/2026,10.28158625999973,832.0,1,Very High
CONV01780,U1615,36595.55,04/02/2025,10.507709252651406,539.0,1,Very High
CONV01781,U4347,40636.23,11/01/2025,10.612439920480584,359.0,1,Very High
CONV01782,U5724,37129.07,01/08/2026,10.522182432437326,511.0,1,Very High
CONV01783,U8766,41973.8,08/14/2025,10.644824717193472,297.0,1,Very High
CONV01784,U6355,28846.96,12/22/2025,10.269794558864213,853.0,1,Very High
CONV01785,U3442,39057.77,11/09/2025,10.572822713919487,418.0,1,Very High
CONV01786,U0394,24159.45,03/09/2025,10.092472277703108,1046.0,0,Very High
CONV01787,U9447,10915.65,08/19/2025,9.298044425676563,1583.0,0,Very High
CONV01788,U0794,8013.48,11/27/2025,8.989005184585874,1705.0,0,Very High
CONV01789,U2288,38683.16,02/18/2025,10.563185492905232,438.0,1,Very High
CONV01790,U2961,36222.7,02/05/2025,10.49746887972644,556.0,1,Very High
CONV01791,U3244,11097.42,11/24/2025,9.314558034826453,1575.0,0,Very High
CONV01792,U0220,32706.01,12/26/2025,10.395344706999404,697.0,1,Very High
CONV01793,U2886,1624.12,03/10/2025,7.393336938191191,1955.0,0,Very High
CONV01794,U9445,7931.34,12/16/2025,8.978703353067985,1707.0,0,Very High
CONV01795,U5734,37234.55,08/03/2025,10.5250192290844,503.0,1,Very High
CONV01796,U9560,5309.82,09/26/2025,8.57750152792563,1809.0,0,Very High
CONV01797,U9007,19674.75,07/11/2025,9.887142191999992,1229.0,0,Very High
CONV01798,U0421,3163.86,03/17/2025,8.059864099792666,1893.0,0,Very High
CONV01799,U4554,31161.53,02/14/2025,10.346971690526898,759.0,1,Very High
CONV01800,U2130,32679.67,04/03/2025,10.394539050599764,699.0,1,Very High
CONV01801,U0125,43389.49,04/25/2025,10.677995571653268,242.0,1,Very High
CONV01802,U8133,18744.02,11/13/2025,9.838683396120633,1264.0,0,Very High
CONV01803,U5703,42253.51,08/09/2025,10.651466372650548,280.0,1,Very High
CONV01804,U7566,2684.12,08/12/2025,7.895480698681704,1917.0,0,Very High
CONV01805,U9075,20232.6,05/22/2025,9.915099867864294,1206.0,0,Very High
CONV01806,U0216,36474.77,10/03/2025,10.50440348351772,545.0,1,Very High
CONV01807,U5616,4679.53,01/12/2026,8.451166630362884,1833.0,0,Very High
CONV01808,U3756,40743.36,06/29/2025,10.61507270418219,353.0,1,Very High
CONV01809,U2867,1727.11,03/18/2025,7.454783604745361,1950.0,0,Very High
CONV01810,U5822,21759.5,08/25/2025,9.987851678647068,1150.0,0,Very High
CONV01811,U3260,20427.7,01/05/2026,9.92469605387322,1203.0,0,Very High
CONV01812,U1294,26468.49,07/26/2025,10.18374802794071,962.0,1,Very High
CONV01813,U6603,15874.76,08/11/2025,9.672548696630717,1373.0,0,Very High
CONV01814,U7957,45739.51,12/09/2025,10.730739617492748,161.0,1,Very High
CONV01815,U9045,37985.72,03/03/2025,10.544991903944153,470.0,1,Very High
CONV01816,U1078,13148.32,07/01/2025,9.484125325242234,1482.0,0,Very High
CONV01817,U8142,49490.05,08/11/2025,10.809547124128224,14.0,1,Very High
CONV01818,U1971,28048.83,08/10/2025,10.241737850326416,902.0,1,Very High
CONV01819,U4697,28765.39,02/02/2025,10.26696297074418,856.0,1,Very High
CONV01820,U8445,14810.74,12/27/2025,9.603175388544308,1410.0,0,Very High
CONV01821,U2706,1802.19,08/23/2025,7.497312597573595,1945.0,0,Very High
CONV01822,U1459,8338.74,08/20/2025,9.028787319806888,1690.0,0,Very High
CONV01823,U1372,35239.94,05/20/2025,10.469963753928193,593.0,1,Very High
CONV01824,U7350,48812.56,04/16/2025,10.795763422095298,41.0,1,Very High
CONV01825,U8327,46439.75,02/13/2025,10.745932585552222,131.0,1,Very High
CONV01826,U7394,37003.56,07/09/2025,10.51879642727578,520.0,1,Very High
CONV01827,U8833,1771.8,04/16/2025,7.480315496552965,1948.0,0,Very High
CONV01828,U2947,4713.84,04/26/2025,8.458470260239393,1830.0,0,Very High
CONV01829,U8187,39677.43,12/31/2025,10.588562994083777,389.0,1,Very High
CONV01830,U9480,31951.73,12/18/2025,10.372012902164768,732.0,1,Very High
CONV01831,U1449,18053.2,10/26/2025,9.80113362367422,1288.0,0,Very High
CONV01832,U9064,36281.83,10/24/2025,10.499099905597031,553.0,1,Very High
CONV01833,U6524,2735.8,04/23/2025,7.914544633663395,1914.0,0,Very High
CONV01834,U6288,13609.15,10/26/2025,9.51857111689264,1465.0,0,Very High
CONV01835,U1062,28261.24,08/19/2025,10.249281917074647,890.0,1,Very High
CONV01836,U6663,6690.36,06/06/2025,8.808572420952252,1757.0,0,Very High
CONV01837,U8222,44076.55,05/01/2025,10.693705861519875,223.0,1,Very High
CONV01838,U7294,21533.26,11/24/2025,9.977400434232372,1163.0,0,Very High
CONV01839,U9610,37896.81,05/27/2025,10.542648605759815,474.0,1,Very High
CONV01840,U7785,9735.73,08/04/2025,9.183660611314227,1634.0,0,Very High
CONV01841,U0360,47829.34,04/19/2025,10.77541544515838,82.0,1,Very High
CONV01842,U7028,43715.57,07/04/2025,10.685482485415925,235.0,1,Very High
CONV01843,U7702,38733.79,09/09/2025,10.564493441597842,435.0,1,Very High
CONV01844,U0686,36609.55,11/03/2025,10.508091729219135,537.0,1,Very High
CONV01845,U7256,42465.65,05/22/2025,10.656474340987335,270.0,1,Very High
CONV01846,U6170,31015.17,06/02/2025,10.342263960377789,764.0,1,Very High
CONV01847,U7215,28577.46,07/01/2025,10.260408566197222,872.0,1,Very High
CONV01848,U0808,7171.0,03/17/2025,8.877939834725023,1734.0,0,Very High
CONV01849,U6251,6112.73,01/06/2026,8.718292340533557,1774.0,0,Very High
CONV01850,U8812,21351.82,10/19/2025,9.96893909424354,1173.0,0,Very High
CONV01851,U4259,3262.66,07/02/2025,8.090604543991606,1891.0,0,Very High
CONV01852,U4934,48578.1,03/19/2025,10.790948676242106,52.0,1,Very High
CONV01853,U4489,21851.33,10/26/2025,9.992062830994112,1145.0,0,Very High
CONV01854,U5157,37935.18,08/15/2025,10.543660553127332,472.0,1,Very High
CONV01855,U5226,25567.88,05/13/2025,10.149131265996242,1003.0,0,Very High
CONV01856,U4229,6974.9,08/16/2025,8.850216630623684,1743.0,0,Very High
CONV01857,U5473,11830.65,11/07/2025,9.37853342315528,1547.0,0,Very High
CONV01858,U1941,9461.68,04/24/2025,9.155110920021848,1644.0,0,Very High
CONV01859,U6574,3832.95,03/10/2025,8.251650882310328,1869.0,0,Very High
CONV01860,U1513,47848.99,07/27/2025,10.775826187894662,80.0,1,Very High
CONV01861,U0246,26055.38,03/09/2025,10.168017930822703,980.0,1,Very High
CONV01862,U2833,47117.54,11/06/2025,10.760421833125568,108.0,1,Very High
CONV01863,U4311,21536.91,03/30/2025,9.977569917219125,1160.0,0,Very High
CONV01864,U7844,17613.1,07/13/2025,9.776454996651434,1301.0,0,Very High
CONV01865,U2766,9154.01,07/12/2025,9.122056549407304,1661.0,0,Very High
CONV01866,U5314,37744.86,06/09/2025,10.538631079788928,481.0,1,Very High
CONV01867,U6020,17257.69,05/31/2025,9.75607106372689,1320.0,0,Very High
CONV01868,U7332,38384.82,06/19/2025,10.555443399545222,455.0,1,Very High
CONV01869,U3380,32430.71,05/26/2025,10.386891926865912,715.0,1,Very High
CONV01870,U8830,41072.56,08/11/2025,10.62311988446987,338.0,1,Very High
CONV01871,U1103,41421.73,11/15/2025,10.63158504296591,317.0,1,Very High
CONV01872,U3761,25400.55,06/20/2025,10.14256547476681,1008.0,0,Very High
CONV01873,U0194,31901.28,01/22/2025,10.370432759573069,735.0,1,Very High
CONV01874,U4696,21536.74,09/26/2025,9.977562024128712,1161.0,0,Very High
CONV01875,U4291,26820.98,09/02/2025,10.196976979614057,946.0,1,Very High
CONV01876,U3563,27847.32,08/19/2025,10.23452792037613,911.0,1,Very High
CONV01877,U8231,43769.61,10/13/2025,10.686717866574009,232.0,1,Very High
CONV01878,U8646,44392.88,10/13/2025,10.70085690108197,208.0,1,Very High
CONV01879,U2177,42067.41,09/24/2025,10.647052381717748,293.0,1,Very High
CONV01880,U9802,35668.39,10/09/2025,10.482048177001214,572.0,1,Very High
CONV01881,U7366,12294.22,04/19/2025,9.41696584794283,1526.0,0,Very High
CONV01882,U0493,28545.77,07/25/2025,10.259299073832787,875.0,1,Very High
CONV01883,U2749,40902.61,03/16/2025,10.61897360219453,344.0,1,Very High
CONV01884,U8553,19280.42,07/18/2025,9.866897216904684,1247.0,0,Very High
CONV01885,U0184,15125.85,10/19/2025,9.624226589468876,1394.0,0,Very High
CONV01886,U9061,12576.45,06/28/2025,9.43966080700476,1511.0,0,Very High
CONV01887,U4528,7343.51,08/14/2025,8.901708374333618,1728.0,0,Very High
CONV01888,U0572,38768.19,01/02/2025,10.565381138004115,433.0,1,Very High
CONV01889,U5398,41787.51,11/08/2025,10.640376700343536,304.0,1,Very High
CONV01890,U6389,4154.37,09/02/2025,8.332156752663039,1854.0,0,Very High
CONV01891,U3684,22627.54,06/04/2025,10.026967220417296,1112.0,0,Very High
CONV01892,U0688,18680.57,10/12/2025,9.83529275536028,1266.0,0,Very High
CONV01893,U2308,28589.67,08/01/2025,10.260835719809169,869.0,1,Very High
CONV01894,U8651,28122.49,05/16/2025,10.244360449176533,896.0,1,Very High
CONV01895,U7952,2016.43,12/06/2025,7.609579703135726,1934.0,0,Very High
CONV01896,U9329,34814.07,08/28/2025,10.45780561800223,614.0,1,Very High
CONV01897,U5874,29076.96,09/16/2025,10.277735777879998,840.0,1,Very High
CONV01898,U0096,7390.41,10/22/2025,8.908073794118737,1725.0,0,Very High
CONV01899,U7546,35450.28,09/28/2025,10.475914638501656,586.0,1,Very High
CONV01900,U1583,41821.89,10/22/2025,10.641199076285991,302.0,1,Very High
CONV01901,U2258,8554.58,08/31/2025,9.054338980638375,1678.0,0,Very High
CONV01902,U4331,7028.57,08/02/2025,8.85788081650438,1738.0,0,Very High
CONV01903,U5226,642.86,08/29/2025,6.467481311167092,1993.0,0,High
CONV01904,U9413,3636.78,01/22/2025,8.199128884462269,1877.0,0,Very High
CONV01905,U7527,7232.62,04/25/2025,8.886494881411545,1731.0,0,Very High
CONV01906,U5376,4903.49,06/09/2025,8.497906391058464,1823.0,0,Very High
CONV01907,U1477,19779.56,04/09/2025,9.892454916201626,1224.0,0,Very High
CONV01908,U9216,47465.17,11/27/2025,10.767772525754014,91.0,1,Very High
CONV01909,U1790,9703.52,12/05/2025,9.18034703533824,1637.0,0,Very High
CONV01910,U0873,2670.58,11/02/2025,7.8904253366728385,1920.0,0,Very High
CONV01911,U7928,49404.73,05/14/2025,10.807821688352307,18.0,1,Very High
CONV01912,U2308,20953.62,11/04/2025,9.950114426097873,1189.0,0,Very High
CONV01913,U4572,41898.45,09/01/2025,10.643027979332429,299.0,1,Very High
CONV01914,U1355,4000.8,04/28/2025,8.294499538882393,1859.0,0,Very High
CONV01915,U6608,3901.68,05/22/2025,8.269418775605203,1865.0,0,Very High
CONV01916,U3965,26732.01,07/04/2025,10.19365441035026,952.0,1,Very High
CONV01917,U3175,49491.46,11/06/2025,10.809575613722096,13.0,1,Very High
CONV01918,U5209,49079.16,05/26/2025,10.801210158803237,32.0,1,Very High
CONV01919,U0870,14196.66,08/18/2025,9.560832441277803,1438.0,0,Very High
CONV01920,U5968,28446.27,08/15/2025,10.255807477129492,882.0,1,Very High
CONV01921,U1756,35141.94,02/14/2025,10.467179023579984,600.0,1,Very High
CONV01922,U1366,25621.76,03/05/2025,10.15123629798568,1000.0,0,Very High
CONV01923,U7294,34493.51,12/21/2025,10.448555459922078,625.0,1,Very High
CONV01924,U3831,47054.59,07/02/2025,10.759084947733037,111.0,1,Very High
CONV01925,U9272,8316.48,07/15/2025,9.02611460332106,1692.0,0,Very High
CONV01926,U5686,29615.93,12/16/2025,10.296101436265143,820.0,1,Very High
CONV01927,U1637,42303.98,08/29/2025,10.652660088601133,278.0,1,Very High
CONV01928,U6000,11914.68,12/20/2025,9.385610458823368,1541.0,0,Very High
CONV01929,U3543,10561.54,07/03/2025,9.265069058640508,1598.0,0,Very High
CONV01930,U3515,30772.95,09/01/2025,10.33442383186784,774.0,1,Very High
CONV01931,U3628,30960.99,12/29/2025,10.340515602123808,767.0,1,Very High
CONV01932,U6125,7752.14,12/29/2025,8.955853201582043,1712.0,0,Very High
CONV01933,U9329,1451.47,11/10/2025,7.281020834468018,1966.0,0,Very High
CONV01934,U7824,34924.87,05/22/2025,10.460983094337449,608.0,1,Very High
CONV01935,U3176,29262.13,11/18/2025,10.284083640828417,830.0,1,Very High
CONV01936,U6177,898.47,03/27/2025,6.801805700972256,1984.0,0,High
CONV01937,U5130,19862.57,05/20/2025,9.896642679752732,1219.0,0,Very High
CONV01938,U3061,39065.37,12/12/2025,10.57301727357145,417.0,1,Very High
CONV01939,U9361,44671.18,02/16/2025,10.707106215483554,196.0,1,Very High
CONV01940,U9106,12527.3,08/04/2025,9.435745364304028,1514.0,0,Very High
CONV01941,U0107,47905.54,06/23/2025,10.777007308525793,72.0,1,Very High
CONV01942,U7392,9710.37,06/20/2025,9.181052642990965,1635.0,0,Very High
CONV01943,U6476,12393.33,02/14/2025,9.424994388954264,1520.0,0,Very High
CONV01944,U8531,23366.22,04/20/2025,10.059089464530684,1077.0,0,Very High
CONV01945,U1877,8524.08,03/10/2025,9.050767686271907,1680.0,0,Very High
CONV01946,U1622,33182.54,11/30/2025,10.409809248830957,676.0,1,Very High
CONV01947,U0071,5175.94,12/21/2025,8.551969427110961,1811.0,0,Very High
CONV01948,U9016,29632.79,10/19/2025,10.296670543288824,819.0,1,Very High
CONV01949,U1544,2700.62,07/16/2025,7.901606872064388,1915.0,0,Very High
CONV01950,U9894,48964.93,05/10/2025,10.798880029132906,36.0,1,Very High
CONV01951,U4524,3144.31,06/22/2025,8.053667733434313,1894.0,0,Very High
CONV01952,U2911,15080.0,10/14/2025,9.621190952360683,1395.0,0,Very High
CONV01953,U4546,32914.27,06/15/2025,10.401691962815317,689.0,1,Very High
CONV01954,U5897,10216.01,10/23/2025,9.231809257351834,1610.0,0,Very High
CONV01955,U3406,35862.51,01/30/2025,10.487475623016088,569.0,1,Very High
CONV01956,U2084,18960.07,12/29/2025,9.850143208815798,1259.0,0,Very High
CONV01957,U6671,642.85,06/05/2025,6.4674657797197925,1994.0,0,High
CONV01958,U7487,45203.12,08/27/2025,10.71894351210885,177.0,1,Very High
CONV01959,U2653,34290.49,11/29/2025,10.442652497414636,640.0,1,Very High
CONV01960,U2608,11299.4,11/25/2025,9.33259340230402,1569.0,0,Very High
CONV01961,U1096,8529.02,12/02/2025,9.05134698514886,1679.0,0,Very High
CONV01962,U0916,44297.51,08/02/2025,10.698706321156068,211.0,1,Very High
CONV01963,U6278,46528.15,05/02/2025,10.74783427688761,128.0,1,Very High
CONV01964,U9523,32973.34,06/10/2025,10.403484962222208,686.0,1,Very High
CONV01965,U3682,922.54,11/07/2025,6.828214112182614,1980.0,0,High
CONV01966,U6314,41784.15,03/12/2025,10.640296292234048,306.0,1,Very High
CONV01967,U2252,34923.6,07/03/2025,10.46094673094576,609.0,1,Very High
CONV01968,U0644,47482.61,10/20/2025,10.768139877846796,89.0,1,Very High
CONV01969,U5098,30238.86,01/21/2026,10.316916200653123,800.0,1,Very High
CONV01970,U2196,44503.69,06/15/2025,10.70334985585928,205.0,1,Very High
CONV01971,U3315,4338.64,02/09/2025,8.37554667434521,1846.0,0,Very High
CONV01972,U4376,36524.33,08/07/2025,10.505761271485683,543.0,1,Very High
CONV01973,U6577,36167.32,11/05/2025,10.495938876535387,558.0,1,Very High
CONV01974,U7737,46594.07,06/07/2025,10.74925002052574,125.0,1,Very High
CONV01975,U2073,14634.76,02/10/2025,9.59122312808172,1418.0,0,Very High
CONV01976,U5020,17413.68,10/12/2025,9.765068807667168,1314.0,0,Very High
CONV01977,U9433,42289.86,07/20/2025,10.652326266036544,279.0,1,Very High
CONV01978,U2240,36011.52,05/06/2025,10.49162193475535,561.0,1,Very High
CONV01979,U0863,27450.86,12/14/2025,10.220189204204942,928.0,1,Very High
CONV01980,U5062,3263.91,05/08/2025,8.090987476246381,1890.0,0,Very High
CONV01981,U0297,34469.79,01/19/2025,10.447867577728124,628.0,1,Very High
CONV01982,U1301,22608.39,08/06/2025,10.026120585695333,1113.0,0,Very High
CONV01983,U4578,45339.26,04/26/2025,10.721950658495894,171.0,1,Very High
CONV01984,U8161,10102.78,02/24/2025,9.220664890238252,1617.0,0,Very High
CONV01985,U5595,22513.12,03/31/2025,10.021897946917424,1118.0,0,Very High
CONV01986,U3086,6018.02,05/09/2025,8.702679734353348,1777.0,0,Very High
CONV01987,U7198,46414.79,10/13/2025,10.745394982048984,133.0,1,Very High
CONV01988,U0415,34279.71,04/11/2025,10.442338084282529,641.0,1,Very High
CONV01989,U3193,30408.66,03/10/2025,10.322515600076189,793.0,1,Very High
CONV01990,U8669,24971.67,11/23/2025,10.12553730587137,1025.0,0,Very High
CONV01991,U5752,38890.49,01/04/2026,10.568530739606912,429.0,1,Very High
CONV01992,U7941,36097.26,06/06/2025,10.49399994371336,559.0,1,Very High
CONV01993,U2769,38657.46,04/02/2025,10.562520917514693,441.0,1,Very High
CONV01994,U9961,18497.73,04/15/2025,9.82545736006134,1275.0,0,Very High
CONV01995,U1428,23742.35,09/19/2025,10.075057770255468,1061.0,0,Very High
CONV01996,U9948,25530.49,09/17/2025,10.14766787124303,1006.0,0,Very High
CONV01997,U2556,32417.9,08/21/2025,10.386496865041002,717.0,1,Very High
CONV01998,U1469,42169.82,09/23/2025,10.649483791654706,283.0,1,Very High
CONV01999,U5314,7684.86,09/14/2025,8.947137556022648,1714.0,0,Very High
CONV02000,U8329,37841.88,01/18/2025,10.541198130206176,476.0,1,Very High
