Campaign_id,Channel,Spend,Clicks,Impressions,Date,CTR,CPC,CPM,Campaign_Efficiency,Engagement_Score,Spend_Category,Click_Category
CMP1825,Google Ads,30915.23,4556,99196,03/13/2025,4.592927134158636,6.7856079894644425,311.6580305657486,0.1473707295724469,0.6768630226340462,Very High,Very High
CMP6913,Google Ads,917.29,145,5905,09/16/2025,2.4555461473327687,6.3261379310344825,155.34123624047416,0.1580743276390236,0.3881588062262223,Low,Medium
CMP8929,LinkedIn Ads,24202.15,1889,30893,2025-04-01,6.11465380506911,12.812149285336158,783.418573786942,0.0780509169639887,0.4772543364029868,Very High,Very High
CMP5515,Google Ads,3471.42,828,14156,06/26/2025,5.849109918055948,4.192536231884058,245.2260525572196,0.2385191074545863,1.3951244770584732,Medium,High
CMP6202,Google Ads,41702.74,2451,74357,11/13/2025,3.2962599351775896,17.01458180334557,560.8448431216967,0.058773116586584,0.1937314694698783,Very High,Very High
CMP3734,Instagram Ads,9290.98,526,12458,07/14/2025,4.222186546797238,17.663460076045627,745.7842350296997,0.0566140493252595,0.2390350774208261,High,High
CMP5821,Facebook Ads,65394.93,4424,89841,12/16/2025,4.924255072850926,14.781855786618443,727.8962834340668,0.0676505044045463,0.3331283394950112,Very High,Very High
CMP2678,LinkedIn Ads,44805.47,2261,51735,11/24/2025,4.370348893399053,19.816660769570987,866.0572146515898,0.0504625886080427,0.2205391182812112,Very High,Very High
CMP0917,Facebook Ads,3551.1,373,6207,2025-03-02,6.009344288706299,9.520375335120644,572.1121314644756,0.105037875587846,0.6312087577616653,Medium,Medium
CMP6483,Email Marketing,8705.19,1220,62142,2025-07-05,1.9632454700524604,7.135401639344263,140.08544945447522,0.1401462805521763,0.2751415504387614,High,Very High
CMP9561,LinkedIn Ads,36833.61,1846,49447,2025-12-03,3.733290189495824,19.953201516793065,744.9109147167675,0.0501172706123564,0.1871023147014178,Very High,Very High
CMP2505,Email Marketing,23015.2,1779,22969,07/17/2025,7.745221820714876,12.937155705452502,1002.0114066785668,0.0772967430220028,0.5986804207242068,Very High,Very High
CMP0189,Email Marketing,27792.05,1926,96466,2025-02-10,1.996558372898223,14.429932502596053,288.10202558414363,0.0693003934578413,0.1383622808033944,Very High,Very High
CMP7434,Google Ads,85152.6,4365,96646,2025-02-04,4.516482834261118,19.508041237113403,881.0773337748071,0.0512609127613249,0.2315190325550808,Very High,Very High
CMP9978,Facebook Ads,25049.27,1581,22032,2025-04-10,7.175925925925926,15.84394054395952,1136.9494371822805,0.0631156117523584,0.452912954704424,Very High,Very High
CMP5948,Instagram Ads,1927.28,287,33385,10/18/2025,0.8596675153512057,6.715261324041812,57.72892017373072,0.1489145323979909,0.1280169860662675,Medium,Medium
CMP8728,Facebook Ads,15155.24,1401,18828,2025-09-10,7.441045251752709,10.817444682369736,804.9309538984492,0.0924432737455824,0.6878745831610418,Very High,Very High
CMP3471,YouTube Ads,50096.75,3345,97673,07/24/2025,3.42469259672581,14.97660687593423,512.9027469208481,0.066770798504893,0.2286694593171779,Very High,Very High
CMP1050,Instagram Ads,4279.96,351,4757,10/29/2025,7.378599957956696,12.193618233618231,899.7183098591549,0.0820101122440396,0.6051198107558949,Medium,Medium
CMP1105,Google Ads,7243.57,630,45309,05/23/2025,1.3904522280341651,11.49773015873016,159.87044516541968,0.0869736883884604,0.1209327588000839,High,High
CMP9356,YouTube Ads,33110.91,2040,63953,07/28/2025,3.189842540615765,16.23083823529412,517.738182727941,0.0616111124701797,0.1965297475320418,Very High,Very High
CMP6736,LinkedIn Ads,13384.0,937,97561,11/27/2025,0.96042475989381,14.283884738527217,137.18596570350857,0.070008965929468,0.0672383442932232,Very High,High
CMP1791,Facebook Ads,9852.67,829,27112,03/13/2025,3.05768663322514,11.885006031363089,363.4062407789909,0.0841396291563606,0.2572726193959243,High,High
CMP1236,LinkedIn Ads,2884.27,852,74132,2025-04-10,1.1493012464252954,3.385293427230047,38.90721955430853,0.2953953686721423,0.3394982654031528,Medium,High
CMP3503,LinkedIn Ads,1990.78,218,9685,07/19/2025,2.25090345895715,9.132018348623854,205.55291688177596,0.1095048172073257,0.24648477182444,Medium,Medium
CMP9106,Email Marketing,41791.36,8023,96163,2025-01-06,8.343125734430082,5.208944285180107,434.58877114898667,0.1919774805127184,1.6016922580967106,Very High,Very High
CMP5139,Google Ads,7026.78,648,8572,09/29/2025,7.559496033597759,10.843796296296295,819.7363509099393,0.0922186264547915,0.6971263409088301,High,High
CMP9750,Google Ads,37336.38,3903,90501,10/19/2025,4.3126595286239935,9.566072252113758,412.5521264958398,0.1045361119637201,0.4508286593456421,Very High,Very High
CMP9563,YouTube Ads,49802.29,2641,70522,04/15/2025,3.7449306599359065,18.857360848163573,706.1950880576275,0.0530296900001987,0.1985925119686409,Very High,Very High
CMP4916,LinkedIn Ads,1714.99,644,43441,11/15/2025,1.4824704771989594,2.663027950310559,39.478603162910616,0.375512393658272,0.5566860374207021,Medium,High
CMP2171,Instagram Ads,4931.7,550,11016,03/22/2025,4.992737835875091,8.966727272727272,447.6851851851852,0.1115234097775614,0.5568071475822333,Medium,High
CMP8667,Google Ads,93182.4,4955,89538,02/23/2025,5.533963233487458,18.805731584258325,1040.702271661194,0.0531752777348512,0.2942700319151509,Very High,Very High
CMP2547,Instagram Ads,15632.07,2527,38930,06/25/2025,6.491137939892114,6.18601899485556,401.54302594400207,0.1616548544114759,1.0493239586380672,Very High,Very High
CMP4115,Google Ads,13372.07,1349,14097,05/22/2025,9.569411931616656,9.912579688658266,948.5755834574732,0.1008819128227716,0.9653805802505424,Very High,Very High
CMP2648,Email Marketing,67845.9,4569,59912,10/15/2025,7.626185071438109,14.849179251477349,1132.4258913072504,0.0673437893815249,0.5135762012354574,Very High,Very High
CMP8939,Google Ads,58667.66,4821,50393,2025-09-08,9.566804913380826,12.169188964945032,1164.202567816959,0.0821747449957949,0.7861497541815876,Very High,Very High
CMP0654,Instagram Ads,19522.23,2843,29535,02/22/2025,9.62586761469443,6.866771016531833,660.9862874555612,0.1456288549002854,1.401804078149692,Very High,Very High
CMP3879,Facebook Ads,5098.88,1738,25206,06/20/2025,6.8951836864238665,2.933762945914845,202.28834404506864,0.3408591690724237,2.350286581956171,High,Very High
CMP1772,LinkedIn Ads,3394.47,531,7075,08/24/2025,7.50530035335689,6.392598870056497,479.7837455830388,0.156430900847555,1.1740608954070912,Medium,High
CMP6529,Instagram Ads,13336.36,3590,38517,05/23/2025,9.32055975283641,3.714863509749304,346.24607316249967,0.2691888941210345,2.508991172455056,Very High,Very High
CMP8786,Instagram Ads,2998.49,168,5617,05/14/2025,2.990920420153107,17.84815476190476,533.8241053943385,0.0560282008611,0.1675758900599041,Medium,Medium
CMP5664,Email Marketing,47505.77,3624,43114,09/19/2025,8.405622303660063,13.108656181015451,1101.8641276615483,0.0762854701649926,0.6412268494640562,Very High,Very High
CMP7145,Google Ads,79358.89,6656,70146,2025-10-12,9.488780543437972,11.92291015625,1131.33877911784,0.0838721408527765,0.7958443382603151,Very High,Very High
CMP5410,YouTube Ads,16152.4,1070,43145,2025-03-06,2.480009271062696,15.09570093457944,374.374782709468,0.0662440256556301,0.1642857977784777,Very High,Very High
CMP4845,YouTube Ads,4357.15,442,18683,07/14/2025,2.3657870791628755,9.857805429864252,233.2146871487448,0.1014424566517104,0.2399912532251566,Medium,Medium
CMP0007,Instagram Ads,9120.97,910,39606,10/24/2025,2.297631671968894,10.023043956043956,230.2926324294299,0.0997700902425948,0.2292349192565805,High,High
CMP3502,YouTube Ads,33244.23,6078,64021,02/13/2025,9.49375986004592,5.469600197433366,519.2707080489215,0.1828287194499616,1.7357319579776431,Very High,Very High
CMP3849,Email Marketing,31402.07,1890,42687,03/17/2025,4.427577482605946,16.614851851851853,735.6354393609296,0.0601871150532433,0.2664831153527534,Very High,Very High
CMP1194,LinkedIn Ads,65499.22,5209,56321,12/23/2025,9.248770440865751,12.57424073718564,1162.9626604641253,0.0795276646042502,0.7355331136228751,Very High,Very High
CMP0091,Google Ads,10274.71,1842,57724,12/23/2025,3.191047051486384,5.578018458197611,177.9971935416811,0.1792751328261333,0.5720753840096624,Very High,Very High
CMP1989,LinkedIn Ads,17977.46,1691,19477,09/29/2025,8.682035221029933,10.631259609698402,923.0097037531448,0.0940622312607009,0.8166516047740681,Very High,Very High
CMP8271,LinkedIn Ads,67380.63,3702,73810,2025-01-09,5.015580544641648,18.20114262560778,912.8929684324618,0.0549416056216749,0.275564048247447,Very High,Very High
CMP8541,LinkedIn Ads,28995.35,3969,84149,2025-09-02,4.716633590416999,7.305454774502393,344.5715338269023,0.1368840176097202,0.6456317554492382,Very High,Very High
CMP1321,Facebook Ads,9175.51,997,21769,03/20/2025,4.579907207496899,9.203119358074224,421.4943267949837,0.1086588102459699,0.4976472682035558,High,High
CMP6813,Google Ads,16489.04,1770,29110,10/27/2025,6.080384747509447,9.315841807909605,566.439024390244,0.1073440297312639,0.6526930011141777,Very High,Very High
CMP4893,LinkedIn Ads,69478.02,4459,56921,2025-07-10,7.833664201261397,15.58152500560664,1220.6043463748,0.0641785704313392,0.5027533696761158,Very High,Very High
CMP0476,LinkedIn Ads,51012.21,3362,46057,08/28/2025,7.299650433158912,15.173173706127304,1107.588640163276,0.0659057900059613,0.4810892285646958,Very High,Very High
CMP9247,Email Marketing,1264.83,92,5552,2025-11-03,1.6570605187319885,13.748152173913043,227.8152017291066,0.0727370476664848,0.1205296899372587,Medium,Low
CMP7450,Instagram Ads,23250.74,3155,46236,2025-04-08,6.823687170170429,7.36948969889065,502.8709230902328,0.1356946058491041,0.9259375409938652,Very High,Very High
CMP5734,Facebook Ads,18985.43,1174,87215,11/30/2025,1.346098721550192,16.171575809199318,217.68537522215212,0.0618368928172814,0.0832385623659788,Very High,Very High
CMP2497,Facebook Ads,14485.62,1019,18544,10/16/2025,5.495038826574633,14.215525024533855,781.1486194995686,0.0703456255237953,0.3865519435329347,Very High,Very High
CMP9927,YouTube Ads,31030.48,1926,96156,03/25/2025,2.0029951329090228,16.11136033229491,322.709763301302,0.0620680053934067,0.1243219127123646,Very High,Very High
CMP6150,LinkedIn Ads,12634.97,3299,95718,12/20/2025,3.446582669926242,3.8299393755683537,132.00202678702018,0.2611007386641994,0.8999052809849706,Very High,Very High
CMP9838,Google Ads,20796.08,6461,76177,09/30/2025,8.481562676398388,3.218709178145798,272.9968363154233,0.3106835519001658,2.635082017967328,Very High,Very High
CMP0208,LinkedIn Ads,9219.21,914,66251,2025-05-07,1.3796018173310591,10.086663019693653,139.15578632775353,0.0991408157531936,0.1367748495847896,High,High
CMP4426,YouTube Ads,70096.91,6395,72539,2025-12-08,8.815947283530239,10.961205629397968,966.3341099270738,0.0912308402752703,0.8042862784989505,Very High,Very High
CMP1420,Instagram Ads,32001.44,2047,61087,10/19/2025,3.350958469068705,15.6333365901319,523.8666164650416,0.0639658715357809,0.2143469789541858,Very High,Very High
CMP7989,Facebook Ads,18315.54,2166,48507,2025-02-11,4.465334900117509,8.455927977839336,377.5855031232605,0.1182602314755666,0.5280715389038229,Very High,Very High
CMP3955,Email Marketing,49497.55,4052,55271,2025-04-05,7.3311501510738,12.215584896347483,895.5428705831268,0.0818626376457016,0.6001472883435853,Very High,Very High
CMP1525,Instagram Ads,24918.31,1706,31045,2025-06-06,5.495248832340152,14.606277842907389,802.6513126107264,0.0684637120254142,0.37622513356533,Very High,Very High
CMP9018,Instagram Ads,27276.99,3767,48112,2025-09-05,7.829647489191885,7.241037961242369,566.9477469238444,0.1381017480301162,1.0812880047170097,Very High,Very High
CMP8780,Email Marketing,5243.13,834,26267,2025-05-09,3.175086610576008,6.286726618705036,199.60901511402145,0.1590652911524223,0.5050460761454304,High,High
CMP3181,Instagram Ads,8618.27,1528,31816,2025-08-01,4.802615036459643,5.640229057591624,270.8784888106613,0.1772977639363816,0.8514929070115388,High,Very High
CMP4787,Email Marketing,23998.58,1356,18551,2025-09-09,7.309578998436741,17.69806784660767,1293.6542504447202,0.0565033431144676,0.4130156501709776,Very High,Very High
CMP5583,Facebook Ads,5842.33,308,8734,2025-02-09,3.5264483627204037,18.968603896103897,668.9180215250744,0.0527186927133523,0.1859097476037615,High,Medium
CMP0879,Facebook Ads,5163.92,1294,21555,2025-08-05,6.00324750637903,3.990664605873261,239.56947344003711,0.2505848270306279,1.5043227380080375,High,Very High
CMP3698,YouTube Ads,68811.61,3740,51856,2025-02-06,7.212280160444308,18.39882620320856,1326.9748920086392,0.0543512933355287,0.3919967546183225,Very High,Very High
CMP1626,Facebook Ads,25009.49,3507,83987,2025-11-02,4.175646230964316,7.131305959509553,297.77810851679425,0.140226769918139,0.5855373832889776,Very High,Very High
CMP6694,LinkedIn Ads,58869.44,7749,92357,04/29/2025,8.39026819840402,7.597037037037038,637.4117825394935,0.1316302652106084,1.1044132281440546,Very High,Very High
CMP3825,Instagram Ads,32712.32,3291,83927,2025-06-10,3.9212649087897815,9.939933151017929,389.7711106080284,0.1006042983194099,0.3944961046733209,Very High,Very High
CMP1170,Google Ads,16903.47,1309,23747,10/19/2025,5.512275234766497,12.913269671504969,711.8149661009812,0.0774397209567029,0.4268690560168618,Very High,Very High
CMP6595,Instagram Ads,49835.56,4473,67597,2025-11-02,6.617157566164179,11.141417393248378,737.2451440152669,0.0897551868585403,0.5939242138234702,Very High,Very High
CMP0424,Google Ads,48150.39,2811,32005,10/22/2025,8.783002655835027,17.129274279615796,1504.464614903921,0.0583795894488082,0.5127480891754409,Very High,Very High
CMP2871,LinkedIn Ads,55157.57,5387,70021,05/23/2025,7.693406263835135,10.239014293669946,787.7289670241785,0.0976656513330808,0.7513815337274625,Very High,Very High
CMP7701,Instagram Ads,22569.48,2780,55523,02/23/2025,5.00693406336113,8.118517985611511,406.48884246168257,0.1231751905670844,0.6167300574113334,Very High,Very High
CMP6562,YouTube Ads,2081.14,515,6809,2025-10-05,7.56351887208107,4.04104854368932,305.64546923189897,0.2474605264422384,1.8716723618409867,Medium,High
CMP8890,LinkedIn Ads,2856.65,494,56165,2025-05-07,0.8795513219976854,5.782692307692308,50.86174663936616,0.1729298303957432,0.1521006609374114,Medium,Medium
CMP8999,Facebook Ads,33034.92,1844,39752,2025-06-09,4.638760313946468,17.914815618221258,831.0253572147312,0.0558197204654953,0.2589343040309251,Very High,Very High
CMP2595,Instagram Ads,1970.63,162,74199,02/17/2025,0.2183317834472162,12.164382716049383,26.558713729295544,0.0822072129217559,0.017948447409432,Medium,Medium
CMP8166,Email Marketing,31678.6,2134,40254,2025-01-08,5.301336513141551,14.844704779756324,786.9677547572912,0.067364088059447,0.3571196997040295,Very High,Very High
CMP3123,YouTube Ads,110245.03,6163,68616,2025-05-02,8.981870117756792,17.88820866461139,1606.6956686487115,0.0559027468177023,0.5021112111424443,Very High,Very High
CMP0043,Instagram Ads,84766.95,4941,97164,10/24/2025,5.0852167469433125,17.155828779599272,872.4110781771026,0.0582892271103301,0.296413353867833,Very High,Very High
CMP9043,YouTube Ads,71158.18,3780,51441,2025-07-04,7.348224179156704,18.824915343915343,1383.296981007367,0.0531210888193037,0.3903456692851383,Very High,Very High
CMP0716,Instagram Ads,115748.76,7799,99609,07/15/2025,7.829613789918581,14.841487370175663,1162.0311417642984,0.0673786915730242,0.5275491326868212,Very High,Very High
CMP2069,YouTube Ads,49066.0,2769,79356,08/14/2025,3.489339180402238,17.719754423979776,618.3023337869852,0.0564341906819386,0.1969180326607792,Very High,Very High
CMP2530,Google Ads,18711.53,2221,63537,12/21/2025,3.4956009884004597,8.424822152183701,294.4981664227143,0.1186968676532597,0.4149168878887734,Very High,Very High
CMP8743,LinkedIn Ads,71901.85,4047,43505,01/19/2025,9.302379036892312,17.766703731158884,1652.726123434088,0.0562850608155422,0.5235849698207095,Very High,Very High
CMP1481,LinkedIn Ads,19959.97,1347,14903,02/21/2025,9.03844863450312,14.818092056421678,1339.3256391330606,0.0674850713703477,0.6099603511766651,Very High,Very High
CMP5315,Google Ads,13752.65,1518,40452,03/16/2025,3.752595668940967,9.05971673254282,339.97453772372194,0.1103787270089764,0.4142067329171023,Very High,Very High
CMP2786,Facebook Ads,11116.33,833,12350,2025-04-05,6.7449392712550615,13.344933973589436,900.1076923076923,0.0749348031229731,0.5054306963679079,Very High,High
CMP7530,Instagram Ads,3700.87,203,89404,08/27/2025,0.2270591919824616,18.230886699507387,41.394904031139546,0.0548519672401354,0.0124546433601936,Medium,Medium
CMP5662,YouTube Ads,51567.8,2667,41210,12/20/2025,6.471730162581897,19.33550806149232,1251.3419073040525,0.0517183203471934,0.3347070137490046,Very High,Very High
CMP7917,Google Ads,20163.94,1612,33091,10/22/2025,4.871415188419812,12.5086476426799,609.3481611314254,0.0799446933486213,0.3894437934120384,Very High,Very High
CMP6485,Instagram Ads,1382.68,75,3061,2025-12-09,2.4501796798431887,18.43573333333333,451.7085919634107,0.0542424856076604,0.1329038360200763,Medium,Low
CMP3116,YouTube Ads,44432.08,2826,34850,2025-04-12,8.109038737446198,15.72260438782732,1274.952080344333,0.0636026942695457,0.5157567116376941,Very High,Very High
CMP5062,LinkedIn Ads,6478.79,423,6373,02/16/2025,6.637376431821748,15.31628841607565,1016.5997175584498,0.065289969268953,0.4333541032601148,High,Medium
CMP8838,Instagram Ads,76901.85,4160,71579,03/26/2025,5.811760432529094,18.486021634615387,1074.363290909345,0.0540949274952423,0.3143867592173794,Very High,Very High
CMP1887,LinkedIn Ads,5305.81,338,11869,04/26/2025,2.8477546549835706,15.697662721893492,447.0309208863426,0.0637037511708862,0.1814126539368064,High,Medium
CMP4333,YouTube Ads,8780.19,981,18199,2025-11-12,5.390406066267377,8.950244648318042,482.4545304687071,0.1117287894681094,0.6022635445256078,High,High
CMP1776,Email Marketing,5820.04,1981,32647,10/15/2025,6.0679388611511005,2.9379303382130235,178.27181670597605,0.3403756675211854,2.065378740342048,High,Very High
CMP7607,Email Marketing,15414.97,3394,41608,01/24/2025,8.157085175927707,4.541829699469652,370.4809171313208,0.2201755825668165,1.795990980657026,Very High,Very High
CMP8808,Facebook Ads,33866.51,3766,52940,12/23/2025,7.113713638080846,8.992700477960701,639.7149603324519,0.1112013018170458,0.791054217308263,Very High,Very High
CMP6798,Email Marketing,13964.16,1052,14978,05/24/2025,7.023634664174122,13.273916349809886,932.3113900387234,0.075335716577295,0.5291305504026863,Very High,Very High
CMP3869,Instagram Ads,12981.84,1454,15022,11/27/2025,9.679137265344162,8.928363136176067,864.1885234988683,0.1120026128807626,1.084088664150106,Very High,Very High
CMP7451,Google Ads,48397.64,3525,88870,2025-02-11,3.966467874423315,13.72982695035461,544.5891751997299,0.0728341299286494,0.2888942365235616,Very High,Very High
CMP9251,Facebook Ads,6049.05,474,10992,04/30/2025,4.312227074235809,12.761708860759494,550.313864628821,0.0783594118084657,0.3379035771216593,High,Medium
CMP2130,YouTube Ads,18438.28,3320,34853,2025-05-12,9.525722319456,5.553698795180723,529.0299256878891,0.1800601791490312,1.7152032673651734,Very High,Very High
CMP9648,Instagram Ads,993.01,139,4068,2025-06-03,3.416912487708948,7.143956834532374,244.10275319567356,0.1399784493610336,0.4782941116318503,Low,Medium
CMP5932,YouTube Ads,9816.72,943,79812,04/24/2025,1.1815265874805794,10.410095440084834,122.99804540670576,0.0960605986520956,0.113498151316752,High,High
CMP0511,Google Ads,33265.69,3340,64781,02/25/2025,5.15583272873219,9.9597874251497,513.5099797780214,0.1004037493285123,0.5176649368753666,Very High,Very High
CMP9967,Facebook Ads,1308.99,179,10609,11/21/2025,1.68724667734942,7.312793296089385,123.38486190969932,0.1367466519988693,0.2307253342237497,Medium,Medium
CMP8693,Instagram Ads,54881.01,4191,61469,02/20/2025,6.8180708975255815,13.094967788117394,892.8241878019815,0.0763652126664578,0.5206634340645282,Very High,Very High
CMP3523,LinkedIn Ads,18713.88,1921,61186,08/21/2025,3.139607099663322,9.741738677771997,305.8523191579773,0.1026510803745669,0.3222840607321005,Very High,Very High
CMP4177,Instagram Ads,7320.27,1992,22006,02/13/2025,9.052076706352812,3.674834337349398,332.6488230482596,0.2721211102869156,2.4632611637350537,High,Very High
CMP2132,YouTube Ads,12506.61,650,9861,10/15/2025,6.591623567589494,19.240938461538462,1268.2902342561606,0.0519725169330458,0.3425832674828087,Very High,High
CMP6930,Email Marketing,4474.47,344,8743,06/30/2025,3.934576232414503,13.00718023255814,511.77742193755006,0.0768806137933654,0.3024926357648144,Medium,Medium
CMP3675,Google Ads,41142.26,4606,47890,05/23/2025,9.61787429525997,8.932318714719932,859.099185633744,0.1119530137624914,1.0767500133431518,Very High,Very High
CMP9122,Google Ads,107346.29,7661,81822,12/22/2025,9.363007504094254,14.01204673019188,1311.9489868250591,0.0713671613616083,0.6682112673746441,Very High,Very High
CMP5568,Instagram Ads,1701.37,96,2800,10/17/2025,3.428571428571429,17.722604166666667,607.6321428571429,0.0564251162298618,0.1934575413595262,Medium,Low
CMP1504,Email Marketing,16459.12,1812,71531,08/21/2025,2.53316743789406,9.083399558498895,230.0977198697068,0.1100909404634026,0.2788787855890252,Very High,Very High
CMP9300,YouTube Ads,819.96,157,13135,11/13/2025,1.1952797868290823,5.222675159235669,62.42558051008756,0.1914727547685253,0.2288635135033001,Low,Medium
CMP7958,YouTube Ads,25059.2,3442,59939,09/20/2025,5.742504879961293,7.28041836141778,418.07837968601416,0.1373547439662878,0.7887602875122419,Very High,Very High
CMP9718,LinkedIn Ads,43553.83,5515,71066,04/23/2025,7.760391748515465,7.897339981867634,612.8645203050686,0.1266249145023526,0.9826589416605336,Very High,Very High
CMP3461,Facebook Ads,10179.04,1235,35491,2025-04-01,3.479755430954327,8.242137651821864,286.8062325660027,0.1213277479998113,0.4221908900278016,Very High,Very High
CMP3771,YouTube Ads,97576.24,6876,75233,2025-01-07,9.139606289793042,14.19084351367074,1296.987226350139,0.0704679745806971,0.6440495437067154,Very High,Very High
CMP1276,Instagram Ads,44698.01,3566,77465,12/30/2025,4.603369263538372,12.534495232753786,577.0091008842704,0.0797798380733281,0.3672560544368269,Very High,Very High
CMP2816,YouTube Ads,105978.44,5699,62305,02/15/2025,9.146938447957629,18.595971223021586,1700.9620415696977,0.0537750885934912,0.491877425398133,Very High,Very High
CMP1289,LinkedIn Ads,18054.73,2831,42668,03/28/2025,6.63494890784663,6.37750971388202,423.1445111090279,0.156801015578743,1.0403667270634238,Very High,Very High
CMP5725,Instagram Ads,16381.09,2469,97339,03/16/2025,2.5364961628946263,6.634706358849737,168.28907221154932,0.1507225709644474,0.3823072229129339,Very High,Very High
CMP1235,Facebook Ads,86493.21,8145,84306,10/16/2025,9.661234075866483,10.619178637200738,1025.943705074372,0.0941692417242925,0.9097910870452434,Very High,Very High
CMP5296,Email Marketing,13111.86,1286,43436,08/29/2025,2.960677778800995,10.195847589424572,301.8661939405102,0.0980791436150172,0.290380741064813,Very High,Very High
CMP5767,YouTube Ads,7247.64,685,11724,01/20/2025,5.842715796656432,10.580496350364964,618.1883316274309,0.0945135244024261,0.5522156620237285,High,High
CMP1480,YouTube Ads,38787.15,4203,79867,10/25/2025,5.262498904428613,9.228443968593862,485.6467627430603,0.1083606297446448,0.5702476953143878,Very High,Very High
CMP3085,Instagram Ads,44486.92,3946,81299,2025-01-02,4.853688237247691,11.273928028383173,547.2013185894045,0.0887002291909622,0.4305232590653475,Very High,Very High
CMP2828,Google Ads,29953.95,2948,34472,08/13/2025,8.551868182873058,10.160770013568522,868.9356579252727,0.0984177378943344,0.841655521328899,Very High,Very High
CMP4635,LinkedIn Ads,40567.98,2821,55578,01/27/2025,5.075749397243514,14.380708968450906,729.9287487854907,0.0695376008369162,0.3529554355337375,Very High,Very High
CMP4656,Instagram Ads,20942.93,2513,96861,10/26/2025,2.5944394544760017,8.33383605252686,216.21633061810223,0.1199927612802984,0.3113139541171265,Very High,Very High
CMP2113,YouTube Ads,11385.63,1438,94908,2025-12-07,1.5151515151515151,7.917684283727398,119.96491338980908,0.1262995547896779,0.1913629618025422,Very High,Very High
CMP8625,Google Ads,79641.66,6987,86675,2025-10-01,8.061147966541679,11.398548733361958,918.8538794346698,0.0877304666929343,0.7072082731855001,Very High,Very High
CMP7968,Facebook Ads,3194.67,613,31693,2025-01-06,1.9341810494430949,5.211533442088092,100.80049222225728,0.1918821036288568,0.3711347285662109,Medium,High
CMP0619,Email Marketing,14544.89,1123,46140,03/20/2025,2.433896835717382,12.951816562778273,315.2338534893802,0.0772092466838869,0.1879193411920351,Very High,Very High
CMP2713,Email Marketing,3943.84,407,59366,12/13/2025,0.6855776033419803,9.69002457002457,66.43263821042348,0.1031989127347965,0.0707508632602199,Medium,Medium
CMP7356,Facebook Ads,15902.62,2009,71993,08/29/2025,2.7905490811606684,7.915689397710304,220.89119775533732,0.1263313843882328,0.3525339286263385,Very High,Very High
CMP4617,LinkedIn Ads,42942.09,4370,67916,03/24/2025,6.434418988161847,9.826565217391304,632.2823782319335,0.1017649583427355,0.6547983802899968,Very High,Very High
CMP7874,Instagram Ads,13305.07,890,74684,09/22/2025,1.1916876439397996,14.949516853932584,178.15154517701248,0.0668917938800773,0.079714124247856,Very High,High
CMP8411,Facebook Ads,15268.85,801,59340,04/24/2025,1.3498483316481296,19.062234706616728,257.3112571621166,0.0524597464773051,0.0708127012610741,Very High,High
CMP6127,Facebook Ads,6505.78,718,52615,01/15/2025,1.3646298584053975,9.060974930362116,123.64876936234911,0.1103633999305233,0.1506051908203283,High,High
CMP2255,Google Ads,64798.29,3807,39601,12/23/2025,9.613393601171689,17.020827423167848,1636.279134365294,0.0587515503881352,0.5648017785602153,Very High,Very High
CMP1299,Google Ads,15965.36,933,35544,2025-08-10,2.62491559756921,17.111854233654878,449.1717308125141,0.0584390204793377,0.1533974963628801,Very High,High
CMP4935,Google Ads,2895.0,294,8258,11/15/2025,3.560184063938,9.846938775510203,350.56914507144586,0.1015544041450777,0.3615523712600248,Medium,Medium
CMP8783,Google Ads,60494.07,4013,84831,05/30/2025,4.730581980643868,15.074525292798404,713.1127771687237,0.0663370806427803,0.3138129983372559,Very High,Very High
CMP3069,Email Marketing,16931.74,1452,89584,2025-04-07,1.6208251473477406,11.660977961432508,189.004063225576,0.0857561006724648,0.1389956445084155,Very High,Very High
CMP9080,Google Ads,12724.49,3901,53177,07/18/2025,7.335878293247081,3.26185337093053,239.28559339564092,0.3065741731102779,2.2489908217898607,Very High,Very High
CMP5650,Facebook Ads,27970.23,1748,98068,06/20/2025,1.7824366765917523,16.001275743707094,285.212607578415,0.0624950170234567,0.1113934104468352,Very High,Very High
CMP2869,Email Marketing,62483.7,5746,62899,2025-04-04,9.135280370117172,10.874295161851723,993.3973513092418,0.091959983163609,0.8400802290308237,Very High,Very High
CMP4808,Facebook Ads,4572.34,254,7741,2025-11-06,3.281229815269345,18.001338582677167,590.6652887223873,0.0555514244347533,0.1822769901359946,Medium,Medium
CMP0600,Email Marketing,10680.15,1221,27048,01/25/2025,4.514196983141082,8.747051597051597,394.85913930789707,0.1143242370191429,0.5160821258517213,Very High,Very High
CMP6554,Email Marketing,27129.41,3217,59637,2025-06-04,5.394302194946091,8.433139571028908,454.90903298287975,0.1185797995606981,0.6396552730465416,Very High,Very High
CMP4370,Google Ads,27187.96,7005,97300,2025-05-11,7.199383350462488,3.88122198429693,279.424049331963,0.2576508130804959,1.8549269739248448,Very High,Very High
CMP4844,Instagram Ads,75084.68,4986,60447,03/27/2025,8.248548315052856,15.059101484155637,1242.157261733419,0.066405024300563,0.5477450513054534,Very High,Very High
CMP5777,YouTube Ads,31474.95,2299,59008,01/30/2025,3.896081887201736,13.690713353632017,533.4014031995662,0.0730422129344129,0.2845784428148985,Very High,Very High
CMP2622,Google Ads,23480.96,1788,20714,08/13/2025,8.631843197837211,13.132527964205815,1133.5792217823696,0.0761468014936357,0.6572872505098998,Very High,Very High
CMP5934,LinkedIn Ads,4123.09,315,76349,12/14/2025,0.4125790776565509,13.089174603174603,54.00319585063328,0.0763990114210458,0.0315206336659674,Medium,Medium
CMP2256,YouTube Ads,26485.78,3310,50096,05/23/2025,6.607313957202172,8.001746223564954,528.7004950495049,0.1249727212111555,0.8257340051280042,Very High,Very High
CMP6341,YouTube Ads,9412.26,586,17435,12/27/2025,3.361055348437052,16.061877133105803,539.8485804416404,0.0622592236083576,0.2092566964984087,High,High
CMP3280,Google Ads,6817.46,1796,19790,03/30/2025,9.075290550783224,3.795913140311804,344.4901465386559,0.2634412229774725,2.3908056415742327,High,Very High
CMP5693,Email Marketing,7348.64,613,10511,2025-03-06,5.831985538959185,11.98799347471452,699.1380458567215,0.083416795488689,0.4864855449963504,High,High
CMP5923,YouTube Ads,10797.68,547,31391,03/13/2025,1.742537670032812,19.73981718464351,343.9737504380236,0.0506590304583947,0.0882752689010924,Very High,High
CMP7658,YouTube Ads,23420.53,1303,19009,2025-03-02,6.854647798411278,17.97431312356101,1232.0758588037245,0.055634949337184,0.3813579829888519,Very High,Very High
CMP6709,YouTube Ads,5972.09,306,11666,11/25/2025,2.623007028973084,19.516633986928102,511.9226812960741,0.0512383436954232,0.1343985356660338,High,Medium
CMP9033,Email Marketing,24541.72,1540,79042,2025-08-03,1.948331266921384,15.93618181818182,310.489613117077,0.062750288080868,0.1222583482762793,Very High,Very High
CMP4983,Facebook Ads,25854.2,1371,23229,04/26/2025,5.902105127211675,18.857913931436908,1113.0139050325026,0.0530281346937828,0.3129776256626469,Very High,Very High
CMP9025,Instagram Ads,10373.24,1330,18406,2025-01-10,7.225904596327284,7.799428571428571,563.5792676301205,0.128214521210345,0.9264658981297346,Very High,Very High
CMP2527,Facebook Ads,96240.3,5581,88341,10/16/2025,6.317564890594402,17.244275219494714,1089.4182769042686,0.0579902597976107,0.3663572292938338,Very High,Very High
CMP9450,Instagram Ads,55774.0,3503,87344,2025-02-08,4.010578860597179,15.921781330288324,638.5555962630518,0.0628070427080718,0.2518925977816172,Very High,Very High
CMP4950,LinkedIn Ads,55639.34,3346,34096,07/27/2025,9.813467855466918,16.628613269575613,1631.8436180197089,0.0601373057264877,0.5901555166612744,Very High,Very High
CMP6810,LinkedIn Ads,14548.25,1721,62875,03/15/2025,2.7371769383697813,8.453370133643231,231.38369781312127,0.1182960149846201,0.3237971241169483,Very High,Very High
CMP2143,Instagram Ads,20270.08,4651,69499,2025-04-05,6.69218262133268,4.35821973769082,291.6600238852358,0.229451487117959,1.535531254529745,Very High,Very High
CMP0830,Instagram Ads,49980.17,5091,52351,03/23/2025,9.72474260281561,9.817358082891376,954.7128039578996,0.1018603978337808,0.9905661503539158,Very High,Very High
CMP8164,YouTube Ads,73949.61,4135,63186,2025-12-09,6.544171177159496,17.88382345828295,1170.3480201310415,0.0559164544613555,0.3659268496149542,Very High,Very High
CMP3525,YouTube Ads,1516.24,448,48254,2025-11-09,0.9284204418286568,3.384464285714286,31.42205827496166,0.2954677359784731,0.2743182859832469,Medium,Medium
CMP1762,LinkedIn Ads,13237.21,1857,19555,2025-07-07,9.496292508309894,7.128276790522348,676.9220148299668,0.1402863594367695,1.3322003041374637,Very High,Very High
CMP3190,Instagram Ads,9141.35,2414,74512,09/16/2025,3.239746617994417,3.7868061309030656,122.68292355593732,0.2640747810771932,0.8555353788924527,High,Very High
CMP1947,Facebook Ads,7730.51,856,14672,06/23/2025,5.834242093784078,9.030969626168224,526.8886314067612,0.1107300811977476,0.646026100772028,High,High
CMP8194,Google Ads,435.93,89,7938,06/20/2025,1.1211892164273116,4.89808988764045,54.91685563114135,0.2041612185442617,0.2289033566444858,Low,Low
CMP2291,Instagram Ads,14209.13,2659,82356,2025-12-11,3.228665792413425,5.3437871380218125,172.5330273446986,0.1871332023846639,0.6041905691641428,Very High,Very High
CMP8026,Email Marketing,27080.6,2505,75783,2025-09-01,3.305490677328689,10.81061876247505,357.3439953551588,0.0925016432427641,0.3057633193765413,Very High,Very High
CMP5041,Email Marketing,6291.72,486,92183,05/16/2025,0.5272121757807838,12.945925925925929,68.25249774904267,0.0772443783257996,0.0407241767639788,High,Medium
CMP2794,YouTube Ads,31935.46,6279,84447,12/15/2025,7.435432875057729,5.0860742156394325,378.1716342794889,0.1966152984801221,1.4619198540583878,Very High,Very High
CMP7226,Instagram Ads,12547.57,1290,56890,04/15/2025,2.2675338372297413,9.726798449612405,220.55844612409916,0.1028087510171292,0.2331223216946681,Very High,Very High
CMP1021,Email Marketing,6814.87,1112,20098,06/16/2025,5.53288884466116,6.128480215827338,339.081998208777,0.1631725917002085,0.902815812372534,High,Very High
CMP8735,Instagram Ads,42295.37,2952,73601,12/15/2025,4.010815070447412,14.327699864498646,574.6575454137852,0.0697948735287101,0.2799343305889217,Very High,Very High
CMP9144,Instagram Ads,20298.35,1269,31473,12/27/2025,4.032027452101802,15.995547675334908,644.944873383535,0.0625173967342173,0.2520718598663037,Very High,Very High
CMP9184,Email Marketing,5689.07,1228,37842,12/13/2025,3.245071613551081,4.63279315960912,150.33745573701177,0.215852503133201,0.7004568306314964,High,Very High
CMP2400,Instagram Ads,6610.99,344,7513,2025-10-02,4.57873020098496,19.21799418604651,879.9401038200451,0.0520345666836585,0.2382522419696333,High,Medium
CMP3311,YouTube Ads,34534.41,2352,37537,2025-12-03,6.265817726509844,14.682997448979592,920.0098569411516,0.0681059847265379,0.4267396863809502,Very High,Very High
CMP8701,Facebook Ads,13209.45,3864,85616,07/31/2025,4.513175107456551,3.4185947204968947,154.28716595028968,0.2925178565345264,1.320184308598171,Very High,Very High
CMP9017,Facebook Ads,101822.81,5398,55334,2025-01-09,9.755304152962012,18.863062245276023,1840.149094589222,0.0530136616736466,0.5171643938886478,Very High,Very High
CMP4677,Email Marketing,3402.88,837,9754,10/21/2025,8.581094935411114,4.065567502986858,348.8702070945253,0.2459681211209328,2.1106757984234243,Medium,High
CMP2869,LinkedIn Ads,3950.2,198,25040,07/23/2025,0.7907348242811502,19.95050505050505,157.75559105431307,0.0501240443521847,0.0396348274030853,Medium,Medium
CMP0614,Google Ads,31003.72,2376,41110,06/21/2025,5.779615665288251,13.048703703703705,754.1649233763075,0.0766359649745256,0.4429264236912501,Very High,Very High
CMP2199,YouTube Ads,13422.55,2285,63344,02/27/2025,3.607287193735792,5.874201312910285,211.89931169487244,0.1702359089740772,0.6140898143561608,Very High,Very High
CMP3051,Google Ads,91054.09,5573,98549,10/18/2025,5.655054845812743,16.33843351875112,923.9473764320288,0.0612053780340894,0.3461197696414781,Very High,Very High
CMP7008,YouTube Ads,7231.08,760,44982,02/18/2025,1.6895647147747987,9.51457894736842,160.7549686541283,0.1051018658347024,0.1775764039713081,High,High
CMP4273,LinkedIn Ads,29482.9,1879,32870,06/18/2025,5.716458777000304,15.69073975518893,896.9546699117737,0.0637318581279317,0.3643205397699538,Very High,Very High
CMP5891,Email Marketing,4312.62,304,32972,08/27/2025,0.9219944195074607,14.18625,130.79643333737718,0.0704907921402766,0.0649921169799954,Medium,Medium
CMP5096,Email Marketing,25166.84,1358,17389,2025-01-06,7.809534763356145,18.532282768777613,1447.2850652711484,0.0539598932563643,0.421401662212564,Very High,Very High
CMP2510,LinkedIn Ads,30407.4,3110,81395,2025-09-10,3.8208735180293623,9.777299035369776,373.5782296209841,0.1022777350250268,0.3907902892411491,Very High,Very High
CMP9762,Google Ads,43554.9,3709,70879,2025-05-07,5.232861637438452,11.743030466433002,614.4965363506822,0.0851568939430465,0.4456142434779833,Very High,Very High
CMP8282,Facebook Ads,22774.26,4446,77065,06/17/2025,5.769155907350938,5.122415654520918,295.5201453318627,0.1952203935495599,1.1262568866818186,Very High,Very High
CMP8009,Google Ads,61596.16,3699,68895,08/21/2025,5.369039843239713,16.652111381454446,894.0584948109442,0.0600524448277295,0.3224239689640344,Very High,Very High
CMP7576,Email Marketing,2149.84,228,42392,2025-02-01,0.5378373277976977,9.429122807017544,50.71334214002642,0.1060544040486733,0.0570400172747158,Medium,Medium
CMP1045,YouTube Ads,3578.06,965,9897,08/30/2025,9.750429423057492,3.707834196891192,361.5297564918662,0.2696992224836922,2.629683234280722,Medium,High
CMP6888,Instagram Ads,65983.15,3724,52132,07/13/2025,7.143405202179085,17.718353920515572,1265.6938156986112,0.0564386513829667,0.4031641558930562,Very High,Very High
CMP5698,Google Ads,21101.68,2250,25392,2025-07-03,8.861058601134216,9.378524444444444,831.0365469439193,0.106626581390676,0.9448243861413872,Very High,Very High
CMP8921,LinkedIn Ads,53381.11,3157,71721,2025-07-05,4.4017791162978765,16.90880899588217,744.2884231954379,0.059140770958116,0.2603246105251913,Very High,Very High
CMP1849,Google Ads,91740.68,6918,88533,2025-09-01,7.814035444410558,13.26115640358485,1036.2314617148406,0.0754082049533533,0.5892423863048786,Very High,Very High
CMP9795,Email Marketing,5745.07,847,94181,01/23/2025,0.8993321370552446,6.782845336481699,61.00030791773288,0.147430753672279,0.132589214767756,High,High
CMP0925,Facebook Ads,15960.14,2419,68046,10/22/2025,3.5549481233283364,6.597825547747003,234.5492754901096,0.1515650865217974,0.5388060198927607,Very High,Very High
CMP3882,Instagram Ads,29063.09,2068,20777,04/24/2025,9.953313760408143,14.053718568665378,1398.8107041440055,0.0711555447132428,0.7082334623236566,Very High,Very High
CMP2870,Email Marketing,86190.85,7049,90965,01/25/2025,7.749134282416314,12.227386863384876,947.5166272742264,0.0817836232036231,0.6337522783074142,Very High,Very High
CMP6822,LinkedIn Ads,11614.53,1278,21558,2025-03-10,5.928193709991651,9.08805164319249,538.7573058725299,0.1100345859884127,0.652306340538044,Very High,Very High
CMP7587,Google Ads,66666.37,3430,75713,10/13/2025,4.530265608283914,19.43625947521866,880.5141785426545,0.0514502289535188,0.2330832027664597,Very High,Very High
CMP1296,LinkedIn Ads,9582.01,807,50637,2025-08-04,1.5936963090230465,11.87361833952912,189.22941722455917,0.0842203253805829,0.1342216217037551,High,High
CMP1193,Facebook Ads,85260.05,5983,79015,04/22/2025,7.571980003796748,14.250384422530503,1079.0362589381764,0.0701735455233723,0.531352683498496,Very High,Very High
CMP3471,Facebook Ads,30704.8,1972,99186,2025-03-09,1.988183816264392,15.570385395537524,309.5678825640715,0.0642244860738386,0.1276900838199037,Very High,Very High
CMP3922,YouTube Ads,21694.62,2368,44154,2025-01-10,5.363047515513883,9.161579391891893,491.33985595869,0.1091514854834977,0.5853846030369223,Very High,Very High
CMP7636,Google Ads,122544.3,7742,96688,06/13/2025,8.007198411385072,15.828506845776284,1267.4199487009762,0.0631771530785193,0.5058719997661517,Very High,Very High
CMP3626,Email Marketing,819.37,116,21126,10/27/2025,0.5490864337782827,7.06353448275862,38.78490959007858,0.1415721835068406,0.0777353653639757,Low,Medium
CMP6224,YouTube Ads,25425.43,2095,34208,12/17/2025,6.124298409728719,12.136243436754176,743.259763797942,0.0823978198205497,0.5046288368921062,Very High,Very High
CMP7551,Facebook Ads,31789.71,5820,98045,2025-07-10,5.936049773063389,5.4621494845360825,324.2359120811872,0.1830781092372343,1.086760768790559,Very High,Very High
CMP0555,Google Ads,13399.28,844,89584,07/31/2025,0.94213252366494,15.875924170616114,149.57224504375782,0.0629884590813834,0.0593434759161096,Very High,High
CMP3584,YouTube Ads,11054.32,3107,61770,11/23/2025,5.029949813825482,3.557875764402961,178.95936538772867,0.2810665875422459,1.4137508296806836,Very High,Very High
CMP6740,Google Ads,4859.42,321,4192,2025-02-10,7.657442748091602,15.138380062305297,1159.212786259542,0.0660572660934844,0.5058297332063094,Medium,Medium
CMP2938,Google Ads,5733.71,1123,14624,2025-09-04,7.679157549234136,5.105707925200356,392.0753555798687,0.1958592255276252,1.5040338502976145,High,Very High
CMP6113,LinkedIn Ads,31605.21,4678,62161,12/23/2025,7.525618957223982,6.756137238135955,508.4411447692283,0.1480135711801946,1.1138937372000943,Very High,Very High
CMP0520,Google Ads,28721.08,3156,55120,2025-01-09,5.725689404934688,9.100468948035488,521.0645863570393,0.1098844472422346,0.6291642153419674,Very High,Very High
CMP7110,Email Marketing,15090.0,831,45420,01/22/2025,1.8295904887714665,18.15884476534296,332.2324966974901,0.0550695825049701,0.1007547843717089,Very High,High
CMP0763,Google Ads,84678.82,4643,91709,10/16/2025,5.06275283778037,18.23795390911049,923.3425290865672,0.0548307120954212,0.2775943432586124,Very High,Very High
CMP2363,Email Marketing,5261.39,680,54205,10/16/2025,1.2544968176367497,7.737338235294118,97.06466193155612,0.1292434128623804,0.1621354501363688,High,High
CMP6289,Email Marketing,33023.67,1668,20343,2025-10-02,8.19938062232709,19.79836330935252,1623.3431647249668,0.0505092256554162,0.4141443660877664,Very High,Very High
CMP1246,Instagram Ads,84077.53,6349,81320,2025-01-11,7.807427447122479,13.242641360844226,1033.909616330546,0.0755136360452073,0.589567234691369,Very High,Very High
CMP8039,Facebook Ads,86882.6,4580,48636,2025-10-08,9.416892836581956,18.97,1786.3845710995972,0.0527148128624143,0.4964097436258278,Very High,Very High
CMP4840,Facebook Ads,4935.32,1254,95468,03/20/2025,1.3135291406544602,3.935661881977672,51.69606569740646,0.2540868677208368,0.3337505050089342,Medium,Very High
CMP5910,Google Ads,1140.11,60,13995,08/16/2025,0.4287245444801715,19.00183333333333,81.46552340121471,0.0526265009516625,0.0225622726480868,Medium,Low
CMP7354,YouTube Ads,40944.36,4247,74710,01/14/2025,5.6846473029045645,9.640772309865788,548.0439030919556,0.103726129801516,0.5896464640169168,Very High,Very High
CMP5316,LinkedIn Ads,1938.59,199,3617,02/13/2025,5.501797069394526,9.741658291457286,535.9662703898258,0.1026519274317932,0.5647700735119395,Medium,Medium
CMP2778,Facebook Ads,9233.9,1283,37247,03/16/2025,3.44457271726582,7.197116134060795,247.90989878379463,0.1389445413097391,0.4786045762085411,High,Very High
CMP1261,Instagram Ads,16022.68,1060,34990,2025-11-09,3.029436981994856,15.115735849056604,457.9216919119749,0.0661562235531134,0.200416110220921,Very High,Very High
CMP0111,LinkedIn Ads,52398.57,3162,45544,06/18/2025,6.942736694185843,16.571337760910815,1150.5043474442298,0.0603451582743574,0.4189605446678342,Very High,Very High
CMP9739,Facebook Ads,17795.6,1363,41378,12/22/2025,3.294020977330949,13.05619955979457,430.0739523418241,0.0765919665535301,0.2522955445223586,Very High,Very High
CMP5229,Instagram Ads,157313.8,8094,98321,2025-05-05,8.232218956275872,19.43585371880405,1600.002034153436,0.0514513030643211,0.4235583924111992,Very High,Very High
CMP1866,YouTube Ads,49381.54,2475,28188,2025-03-04,8.780332056194124,19.952137373737376,1751.8639137221512,0.0501199436064569,0.440069747502416,Very High,Very High
CMP7184,Instagram Ads,19912.13,1183,92811,07/29/2025,1.2746333947484674,16.831893491124262,214.5449354063635,0.0594110223265918,0.0757272730736208,Very High,Very High
CMP2526,Email Marketing,11906.8,3138,57460,2025-03-11,5.46119039331709,3.794391332058636,207.2189349112426,0.2635468807740115,1.4392796934717162,Very High,Very High
CMP6854,YouTube Ads,6177.45,418,6818,2025-02-10,6.130830155470813,14.77858851674641,906.0501613376356,0.0676654606674275,0.4148454467436887,High,Medium
CMP5817,Facebook Ads,9576.18,775,86803,11/27/2025,0.8928262848058246,12.356361290322582,110.32084144557216,0.0809299741650637,0.0722564081632252,High,High
CMP3638,YouTube Ads,104852.5,8549,99891,12/19/2025,8.558328578150183,12.26488478184583,1049.6691393619044,0.0815335828902505,0.6977911925286084,Very High,Very High
CMP9644,Email Marketing,10961.42,1284,67597,01/13/2025,1.8994925810317025,8.536931464174454,162.15837980975488,0.1171381080188515,0.2225029671378987,Very High,Very High
CMP1902,Email Marketing,6072.02,763,20569,08/22/2025,3.7094657008119016,7.958086500655309,295.20248918275075,0.125658347633901,0.4661253305686544,High,High
CMP7413,Instagram Ads,2179.22,664,10804,12/30/2025,6.145871899296557,3.281957831325301,201.70492410218435,0.3046961756958912,1.872623664032504,Medium,High
CMP2693,Email Marketing,12010.99,2163,33970,03/23/2025,6.367382984986753,5.55293111419325,353.5763909331764,0.1800850720881459,1.1466706238641733,Very High,Very High
CMP3023,Facebook Ads,67183.79,7130,85948,2025-11-11,8.295713687345838,9.42269144460028,781.6795038860705,0.1061267904058404,0.8803974677638138,Very High,Very High
CMP3520,Facebook Ads,46388.26,3131,38483,2025-02-02,8.136060078476211,14.81579687000958,1205.4221344489774,0.0674955258076073,0.549147652999035,Very High,Very High
CMP7497,Google Ads,49216.4,2797,36387,09/28/2025,7.686811223788716,17.596138720057205,1352.5819660867892,0.0568306499459529,0.4368464778597589,Very High,Very High
CMP5701,Instagram Ads,28186.72,5107,62012,2025-11-12,8.235502805908535,5.519232426081849,454.5365413145843,0.1811846145986478,1.4921464019146211,Very High,Very High
CMP1932,Facebook Ads,5748.91,1008,42026,12/22/2025,2.3985152048731737,5.70328373015873,136.79412744491503,0.1753375857336434,0.4205498653678974,High,Very High
CMP6287,LinkedIn Ads,27828.27,2043,26347,12/22/2025,7.754203514631647,13.621277533039647,1056.2215812046911,0.0734145528989046,0.569271384113797,Very High,Very High
CMP5155,LinkedIn Ads,16376.08,928,83187,2025-05-01,1.1155589214660944,17.646637931034483,196.858643778475,0.0566680182314693,0.0632165132999188,Very High,High
CMP8282,Email Marketing,49253.93,3401,66876,2025-01-08,5.0855314313057,14.482190532196412,736.4963514564267,0.0690503275576182,0.3511576111362217,Very High,Very High
CMP3614,Instagram Ads,2129.91,331,6285,05/28/2025,5.266507557677009,6.434773413897281,338.8878281622911,0.1554056274678273,0.8184449115648503,Medium,Medium
CMP9007,YouTube Ads,5497.31,1222,16838,2025-06-10,7.25739398978501,4.498617021276596,326.4823613255731,0.2222905384633575,1.6132500178300444,High,Very High
CMP3581,LinkedIn Ads,21720.18,1388,15423,2025-02-06,8.999546132399663,15.648544668587896,1408.2979964987358,0.0639037061387152,0.5751043514266794,Very High,Very High
CMP7194,Google Ads,15168.75,909,33056,10/29/2025,2.7498789932236205,16.687293729372936,458.8803848015489,0.0599258343634116,0.1647887930673438,Very High,High
CMP2282,Facebook Ads,3655.56,293,29124,09/30/2025,1.0060431259442384,12.47631399317406,125.51709929954676,0.0801518782347985,0.0806362461296386,Medium,Medium
CMP4795,Instagram Ads,42933.98,2240,77069,09/21/2025,2.9064863953081006,19.166955357142857,557.0849498501343,0.0521731272060032,0.1516404844249274,Very High,Very High
CMP2079,Email Marketing,2838.25,561,19392,06/14/2025,2.8929455445544554,5.059269162210339,146.3619018151815,0.1976570069585131,0.5718109576305997,Medium,High
CMP4403,Email Marketing,32509.98,3123,56293,11/21/2025,5.547759046417849,10.40985590778098,577.5137228429822,0.0960628090204915,0.5329333177677422,Very High,Very High
CMP6047,LinkedIn Ads,34640.61,2731,65968,02/17/2025,4.13988600533592,12.68422189674112,525.1123271889401,0.0788381036015243,0.326380761787174,Very High,Very High
CMP8757,LinkedIn Ads,30635.11,1809,30551,2025-11-09,5.921246440378384,16.934831398562743,1002.7531013714772,0.0590498940594631,0.3496489750043168,Very High,Very High
CMP9276,LinkedIn Ads,1473.58,446,47054,11/17/2025,0.9478471543333192,3.3039910313901344,31.31678497045947,0.3026642598298023,0.2868794573980784,Medium,Medium
CMP7480,Google Ads,34011.37,1707,58072,2025-09-03,2.939454470312715,19.924645577035736,585.6758851081416,0.0501890985279334,0.1475285700288992,Very High,Very High
CMP1351,Instagram Ads,9404.73,2761,89098,11/17/2025,3.098834990684415,3.406276711336472,105.55489461042896,0.2935756794719253,0.9097425879615544,High,Very High
CMP1560,Google Ads,7739.45,2003,29973,10/31/2025,6.682681079638342,3.863929106340489,258.2140593200547,0.2588039201752062,1.7295040606910823,High,Very High
CMP5630,Google Ads,27602.93,5735,57353,2025-06-02,9.999476923613411,4.813065387968614,481.28136278834586,0.2077677985634133,2.0775693072048123,Very High,Very High
CMP5134,Instagram Ads,5619.74,611,41223,2025-10-03,1.4821822768842636,9.197610474631752,136.3253523518424,0.1087238911408712,0.1611486245228934,High,High
CMP2689,LinkedIn Ads,24217.06,1795,48030,03/19/2025,3.7372475536123257,13.491398328690808,504.2069539870915,0.0741213012644805,0.2770096518212419,Very High,Very High
CMP1647,Facebook Ads,19200.88,1257,18142,06/29/2025,6.928673795612392,15.2751630867144,1058.3662220262374,0.0654657494864818,0.4535908229771123,Very High,Very High
CMP4066,YouTube Ads,75074.0,4965,80774,05/26/2025,6.146779904424691,15.120644511581068,929.43273825736,0.0661347470495777,0.4065157341485547,Very High,Very High
CMP3091,Email Marketing,34119.5,2471,53347,2025-03-05,4.631938065870621,13.807972480777014,639.5767334620504,0.0724219288090388,0.335453888854359,Very High,Very High
CMP1164,YouTube Ads,4409.42,234,3581,2025-09-03,6.534487573303546,18.843675213675212,1231.3376151912871,0.053068203981476,0.3467735194544928,Medium,Medium
CMP7718,Google Ads,1288.64,350,4187,05/15/2025,8.359207069500837,3.681828571428572,307.77167422975884,0.2716041718400794,2.270395513351512,Medium,Medium
CMP8210,LinkedIn Ads,13187.62,3345,57518,2025-02-10,5.815570777843457,3.9424872944693576,229.27813901735112,0.2536469810322105,1.475101970779137,Very High,Very High
CMP8378,Facebook Ads,12960.87,1388,22365,11/21/2025,6.206125642745361,9.337802593659942,579.5157612340711,0.1070915764142376,0.6646237785064244,Very High,Very High
CMP3910,Google Ads,7528.44,403,34044,2025-01-03,1.1837621901069204,18.680992555831264,221.13852661261896,0.0535303462603142,0.0633671999262913,High,Medium
CMP2878,Google Ads,1773.15,120,3660,03/25/2025,3.278688524590164,14.77625,484.4672131147541,0.0676761695288046,0.2218890804223103,Medium,Medium
CMP4248,Facebook Ads,17011.36,1089,50741,05/18/2025,2.146193413610296,15.621083562901743,335.25866656155773,0.0640160457482529,0.1373908157502757,Very High,Very High
CMP1047,Instagram Ads,128036.89,9497,95365,2025-12-09,9.9585801918943,13.481824786774771,1342.5983327216484,0.0741739353400414,0.7386670832321854,Very High,Very High
CMP2735,Instagram Ads,17540.38,1094,22618,10/21/2025,4.836855601733133,16.03325411334552,775.5053497214608,0.0623703705392927,0.3016764761251493,Very High,Very High
CMP0202,Facebook Ads,4727.49,533,8026,03/18/2025,6.64091701968602,8.869587242026267,589.0219287316222,0.1127448180747077,0.7487289812337306,Medium,High
CMP6871,Facebook Ads,20381.09,2083,44179,06/13/2025,4.714909798773173,9.784488718194911,461.3298173340275,0.102202580921825,0.4818759502482213,Very High,Very High
CMP0863,Facebook Ads,42536.79,2162,31253,07/25/2025,6.917735897353854,19.674740980573542,1361.0466195245256,0.0508265903468503,0.3516049285825054,Very High,Very High
CMP1416,YouTube Ads,1029.95,115,61866,05/30/2025,0.1858856237674974,8.95608695652174,16.64807810428992,0.1116559056264867,0.0207552276647043,Medium,Medium
CMP9695,LinkedIn Ads,36169.71,2288,27614,2025-06-05,8.285652205403055,15.808439685314683,1309.8323314260883,0.0632573498653984,0.5241284004201912,Very High,Very High
CMP0158,Instagram Ads,1980.49,218,2191,2025-07-06,9.949794614331356,9.084816513761467,903.9205842081242,0.1100737696226691,1.0952114001707838,Medium,Medium
CMP0982,Facebook Ads,19129.0,4634,95277,04/29/2025,4.863713173168761,4.1279671989641775,200.77248444010624,0.242249986930838,1.1782344526354769,Very High,Very High
CMP1392,YouTube Ads,5247.59,1085,14527,07/21/2025,7.468851104839265,4.836488479262673,361.2301232188339,0.2067615800777118,1.5442714558017303,High,Very High
CMP2142,Facebook Ads,19460.52,1119,40230,07/21/2025,2.781506338553318,17.390991957104557,483.7315436241611,0.0575010328603757,0.1599394873744978,Very High,Very High
CMP3322,Facebook Ads,4916.94,942,78638,03/26/2025,1.1978941478674432,5.21968152866242,62.52625956916504,0.1915825696469755,0.2294956390135188,Medium,High
CMP3402,LinkedIn Ads,27444.22,3845,42410,2025-03-03,9.066257958028768,7.137638491547465,647.1167177552464,0.140102360351287,1.2702041394734704,Very High,Very High
CMP9885,Google Ads,7093.17,1392,30183,12/31/2025,4.611867607593679,5.095668103448276,235.00546665341415,0.1962451203058717,0.9050565134869742,High,Very High
CMP4263,Facebook Ads,8099.36,464,6073,2025-12-10,7.6403754322410675,17.455517241379308,1333.6670508809484,0.0572884771142411,0.4377054730941526,High,Medium
CMP2291,Google Ads,1379.55,81,3567,04/24/2025,2.270815811606392,17.03148148148148,386.753574432296,0.0587147983037947,0.1333304923635372,Medium,Low
CMP1377,YouTube Ads,40264.35,2170,78823,2025-08-02,2.7530035649493168,18.555,510.8198114763457,0.0538938291565615,0.1483699037967834,Very High,Very High
CMP2111,Google Ads,3419.29,1053,45456,08/25/2025,2.3165258711721224,3.2471889838556507,75.2219728968673,0.3079586697823232,0.7133942258025042,Medium,Very High
CMP8129,Google Ads,19583.03,3545,52165,04/20/2025,6.795744272979968,5.524126939351199,375.4055401131026,0.181024080543205,1.23019335862295,Very High,Very High
CMP4027,Email Marketing,20322.74,2093,40680,2025-09-10,5.145034414945919,9.709861442904922,499.5757128810226,0.1029880813315527,0.5298772227800881,Very High,Very High
CMP3268,Email Marketing,28308.38,2091,70919,2025-06-10,2.948434129076834,13.538201817312292,399.1649628449358,0.0738650533870182,0.217786244352367,Very High,Very High
CMP7941,Instagram Ads,33853.44,4165,76141,05/19/2025,5.470114655704548,8.128076830732294,444.6151219448129,0.123030333106473,0.6729900282219308,Very High,Very High
CMP4603,Google Ads,38408.52,4387,63824,10/27/2025,6.8735898721484086,8.755076361978572,601.7880421158185,0.1142194492263695,0.7850976494047432,Very High,Very High
CMP8744,Email Marketing,16587.47,832,9328,04/23/2025,8.919382504288166,19.93686298076923,1778.245068610635,0.0501583424114708,0.4473814417489679,Very High,High
CMP2847,Facebook Ads,19969.13,2476,33005,12/24/2025,7.501893652476897,8.065076736672053,605.0334797757915,0.1239913806961044,0.9301701518059524,Very High,Very High
CMP9301,YouTube Ads,22973.03,1203,20625,2025-10-09,5.832727272727273,19.096450540315875,1113.8438787878788,0.0523657523626617,0.30543515196258,Very High,Very High
CMP3812,YouTube Ads,1534.38,131,30679,2025-01-01,0.4270021839042993,11.712824427480918,50.01401610221976,0.0853765038647531,0.0364559536043634,Medium,Medium
CMP2908,Instagram Ads,366.12,72,9806,12/27/2025,0.7342443401998776,5.085,37.33632469916378,0.1966568338249754,0.144394167197616,Low,Low
CMP6121,Email Marketing,83304.81,6531,88787,06/22/2025,7.355806593307578,12.755291685806156,938.2545868201424,0.0783988343530223,0.5766866626415905,Very High,Very High
CMP7983,Email Marketing,21971.41,1477,43586,10/15/2025,3.3887027944752903,14.875700744752878,504.0932868352224,0.067223723921223,0.227801221106884,Very High,Very High
CMP5027,Email Marketing,23051.91,4875,92242,2025-01-01,5.285011166280003,4.728596923076923,249.906875392988,0.2114792223290825,1.1176700514454123,Very High,Very High
CMP3620,Email Marketing,17040.62,902,76127,03/14/2025,1.1848621382689453,18.892039911308203,223.84462805574893,0.0529323463582897,0.0627175330896756,Very High,High
CMP1454,Email Marketing,57253.93,5550,89821,05/16/2025,6.178955923447746,10.316023423423424,637.4225403858785,0.096936577104838,0.5989668373006881,Very High,Very High
CMP1771,Email Marketing,573.74,62,2167,2025-03-08,2.861098292570374,9.253870967741936,264.76234425473007,0.1080628856276362,0.3091785375594575,Low,Low
CMP6150,Google Ads,66473.06,4785,64847,12/18/2025,7.37890727404506,13.891966562173458,1025.0753311641247,0.0719840488763417,0.5311636218688536,Very High,Very High
CMP4832,Google Ads,41928.3,2189,43774,2025-07-02,5.000685338328688,19.154088624942897,957.8357015580026,0.0522081744311121,0.2610766524185692,Very High,Very High
CMP1526,Instagram Ads,92035.28,5076,79860,12/27/2025,6.356123215627347,18.131457840819543,1152.457801152016,0.0551527631577803,0.3505577583131644,Very High,Very High
CMP2574,Google Ads,4438.71,728,15272,2025-08-04,4.766893661602934,6.097129120879121,290.6436616029335,0.1640116159875279,0.7818259326802013,Medium,High
CMP4347,Email Marketing,8441.2,1268,38899,01/26/2025,3.2597239003573355,6.657097791798108,217.0030077894033,0.1502156091550964,0.4896614113696039,High,Very High
CMP5912,Google Ads,5871.09,767,58047,2025-05-12,1.3213430495977398,7.654615384615385,101.14372835805467,0.1306401366696814,0.1726204365869824,High,High
CMP4782,Google Ads,7864.6,996,64071,07/23/2025,1.554525448330758,7.896184738955823,122.74820121427793,0.126643440225822,0.1968704506951955,High,High
CMP6350,Facebook Ads,28453.42,3174,50630,08/17/2025,6.269010468101915,8.964530560806553,561.9873592731582,0.111550738013216,0.6993127443293453,Very High,Very High
CMP4401,YouTube Ads,3195.48,204,10079,2025-08-12,2.0240103184839766,15.664117647058823,317.04335747594007,0.0638401742461226,0.1292131714079672,Medium,Medium
CMP9663,Facebook Ads,9450.46,549,74561,09/25/2025,0.7363098670886925,17.213952641165754,126.74803181287804,0.0580924103165348,0.0427740149190295,High,High
CMP3861,LinkedIn Ads,3509.59,373,41171,01/18/2025,0.9059775084404073,9.409088471849866,85.24422530421899,0.1062802207665282,0.0962874896065557,Medium,Medium
CMP2416,Google Ads,28013.17,1466,60856,03/27/2025,2.4089654265807807,19.10857435197817,460.3189496516366,0.0523325278788512,0.1260672503457275,Very High,Very High
CMP7134,Facebook Ads,42263.52,2472,84211,05/13/2025,2.9354834879053806,17.096893203883493,501.8764769448172,0.0584901588888005,0.1716968956230361,Very High,Very High
CMP5344,Instagram Ads,70546.92,3803,70116,2025-07-01,5.423869017057448,18.55033394688404,1006.1458155057333,0.0539073853259646,0.2923865970600768,Very High,Very High
CMP9284,YouTube Ads,121386.08,6262,78372,02/21/2025,7.990098504567958,19.384554455445542,1548.8449956617158,0.0515874637355452,0.4121889168478342,Very High,Very High
CMP5634,LinkedIn Ads,22585.31,1618,36620,10/20/2025,4.4183506280720914,13.958782447466008,616.7479519388313,0.0716394860198952,0.3165283680507659,Very High,Very High
CMP9973,Email Marketing,21077.92,6631,92919,06/19/2025,7.136323034040401,3.178694012969386,226.84187302919744,0.3145946089557224,2.245048754275654,Very High,Very High
CMP6103,Google Ads,20108.16,2532,46284,2025-09-09,5.470572984184599,7.941611374407583,434.4516463572725,0.1259190298863745,0.6888492430911335,Very High,Very High
CMP5258,Instagram Ads,90013.31,6878,97525,02/15/2025,7.052550628044091,13.087134341378308,922.9767751858498,0.076410921895884,0.5388918952062451,Very High,Very High
CMP7938,YouTube Ads,5873.78,510,51009,03/23/2025,0.9998235605481384,11.51721568627451,115.15183595051852,0.0868265410008546,0.0868112213735534,High,High
CMP8590,YouTube Ads,1333.25,227,5794,04/13/2025,3.917846047635485,5.8733480176211454,230.1087331722472,0.1702606412900806,0.6670549805462254,Medium,Medium
CMP3263,Instagram Ads,43680.57,3852,50280,11/22/2025,7.661097852028639,11.339711838006233,868.7464200477327,0.0881856624123723,0.6755989888871486,Very High,Very High
CMP7309,Facebook Ads,59004.49,4857,64204,06/26/2025,7.564949224347392,12.148340539427627,919.0157934085104,0.0823157695287257,0.6227146168478921,Very High,Very High
CMP0450,LinkedIn Ads,3767.44,216,8507,04/20/2025,2.539085459033737,17.44185185185185,442.86352415657694,0.0573333616461045,0.1455743048731465,Medium,Medium
CMP6710,YouTube Ads,8721.79,449,4628,12/16/2025,9.701815038893692,19.42492204899777,1884.570008643043,0.0514802580662914,0.4994519419136745,High,Medium
CMP0139,Facebook Ads,42152.64,2541,35081,2025-06-06,7.243237079900801,16.588996458087365,1201.580342635615,0.0602809219066706,0.4366290087650011,Very High,Very High
CMP3576,LinkedIn Ads,42042.32,3303,41602,2025-04-01,7.939522138358733,12.728525582803512,1010.5841065333397,0.0785636948674573,0.623758194671438,Very High,Very High
CMP4632,Instagram Ads,19904.3,1821,91707,06/22/2025,1.9856717589715072,10.930422844590884,217.04231956121123,0.0914877689745432,0.18166467914406,Very High,Very High
CMP4896,Facebook Ads,18864.84,1034,21651,2025-04-11,4.7757609348298,18.244526112185685,871.3149508105861,0.0548109604958218,0.2617640439364454,Very High,Very High
CMP8149,Instagram Ads,16899.97,1764,36003,01/19/2025,4.89959170069161,9.580481859410432,469.40449406993866,0.1043788835128109,0.5114139113868249,Very High,Very High
CMP3644,Email Marketing,85708.25,5279,72075,2025-10-12,7.324314949705169,16.235698048872894,1189.1536593825876,0.0615926704838799,0.4511241172173458,Very High,Very High
CMP9147,Facebook Ads,4821.66,449,40506,05/13/2025,1.1084777563817707,10.738663697104675,119.0356984150496,0.0931214560960333,0.1032230627243345,Medium,Medium
CMP3642,Instagram Ads,54989.7,3098,31272,2025-04-08,9.90662573548222,17.75006455777921,1758.432463545664,0.0563378232650841,0.558117729838932,Very High,Very High
CMP1930,LinkedIn Ads,8886.08,699,9035,11/14/2025,7.7365799667957935,12.712560801144493,983.5174322080796,0.0786623573049083,0.6085776176660866,High,High
CMP6254,YouTube Ads,6003.08,1742,41106,03/19/2025,4.237824161922834,3.4460849598163037,146.03902106748407,0.2901843720223618,1.2297503431687695,High,Very High
CMP7497,Facebook Ads,24632.76,1527,43469,2025-07-09,3.512848236674412,16.13147347740668,566.674181600681,0.0619906173729618,0.2177636309289672,Very High,Very High
CMP7407,Instagram Ads,9312.81,740,29444,03/23/2025,2.513245482950686,12.584878378378376,316.28888737943214,0.0794604421221951,0.1997035972368713,High,High
CMP6610,LinkedIn Ads,8235.65,3190,64573,2025-01-10,4.9401452619515895,2.5817084639498438,127.54014835922132,0.3873404042182463,1.9135178626611828,High,Very High
CMP8701,Facebook Ads,1018.58,396,4348,2025-08-05,9.107635694572217,2.572171717171717,234.2640294388225,0.3887765320347935,3.5408350203720844,Medium,Medium
CMP8247,YouTube Ads,5165.1,1418,42123,01/24/2025,3.366331932673362,3.642524682651622,122.61947154761056,0.2745348589572322,0.9241754623397082,High,Very High
CMP5536,LinkedIn Ads,19052.12,2242,92017,2025-08-09,2.4365062977493293,8.497823371989295,207.05000163013355,0.1176771928793226,0.2867212215519321,Very High,Very High
CMP0314,Facebook Ads,59758.77,3028,31402,04/19/2025,9.642697917330109,19.735392998679,1903.024329660531,0.050670386957429,0.4885992347847114,Very High,Very High
CMP0613,LinkedIn Ads,67826.73,4240,85928,11/16/2025,4.934363653291127,15.996870283018866,789.3437529094125,0.0625122278488141,0.3084580649834421,Very High,Very High
CMP0324,Google Ads,19068.09,1947,92406,07/14/2025,2.107006038568924,9.793574730354392,206.35121096032725,0.1021077622352317,0.2151416716143932,Very High,Very High
CMP0153,Instagram Ads,23341.3,5470,57164,09/24/2025,9.568959484990554,4.267148080438757,408.3216709817367,0.234348558135151,2.2424718581612137,Very High,Very High
CMP1719,YouTube Ads,14730.89,1978,96210,02/24/2025,2.055919343103628,7.44736602628918,153.11183868620725,0.1342756615520175,0.2760599298928289,Very High,Very High
CMP8572,Facebook Ads,26119.41,3406,48913,01/21/2025,6.963383967452416,7.66864650616559,533.9973013309345,0.130401107835131,0.9080329836371852,Very High,Very High
CMP3843,Google Ads,1745.19,95,3671,10/21/2025,2.587850721874149,18.37042105263158,475.3990738218469,0.0544353336885955,0.140870517581492,Medium,Low
CMP1660,Instagram Ads,40262.2,3837,86454,2025-01-06,4.438198348254563,10.493145686734428,465.7066185485923,0.0953003064909518,0.422961662856296,Very High,Very High
CMP0647,Instagram Ads,25992.29,2611,49214,2025-01-03,5.305400902182305,9.95491765607047,528.1482911366684,0.1004528650611392,0.5329427209221657,Very High,Very High
CMP2794,Instagram Ads,69843.11,3635,48861,05/18/2025,7.439471152862201,19.214060522696013,1429.424489879454,0.052045219635838,0.3871889101251949,Very High,Very High
CMP7480,Instagram Ads,65448.5,3967,52556,11/29/2025,7.548139127787502,16.4982354423998,1245.309764822285,0.0606125426862342,0.4575119050846546,Very High,Very High
CMP2612,Google Ads,53518.95,4889,56529,10/19/2025,8.648658210829838,10.946809163428105,946.752109536698,0.0913508205971903,0.7900620246239338,Very High,Very High
CMP0473,Email Marketing,23989.03,2190,97325,2025-07-09,2.2501926534806063,10.953894977168948,246.4837400462368,0.0912917279273067,0.205423975505576,Very High,Very High
CMP5149,Google Ads,137777.8,8648,94349,10/23/2025,9.165968902691072,15.931753006475484,1460.2995262270929,0.0627677318116561,0.5753270778780937,Very High,Very High
CMP1561,LinkedIn Ads,45069.0,4122,88732,2025-06-12,4.64544921786954,10.93377001455604,507.9227336248479,0.0914597616987286,0.4248716784498933,Very High,Very High
CMP0191,Email Marketing,36792.17,2120,22568,2025-11-09,9.393831974477136,17.35479716981132,1630.2804856433888,0.0576209557631419,0.5412815766477359,Very High,Very High
CMP0825,YouTube Ads,31698.55,2304,31190,07/26/2025,7.386983007374158,13.758051215277778,1016.3049054184032,0.072684712707679,0.5369207376674977,Very High,Very High
CMP1443,LinkedIn Ads,12079.68,2639,60598,2025-12-09,4.354929205584343,4.577370215990905,199.34123238390703,0.2184660520808498,0.951404190635603,Very High,Very High
CMP0003,Google Ads,105869.24,7940,81194,2025-05-06,9.77904771288519,13.33365743073048,1303.9047220237949,0.0749981769964533,0.7334107512277259,Very High,Very High
CMP5585,Instagram Ads,5671.35,886,9113,08/21/2025,9.72237462964995,6.40107223476298,622.3362229781632,0.1562238267784566,1.518866570017695,High,High
CMP5953,Email Marketing,4137.87,984,61314,2025-04-12,1.6048537038849204,4.20515243902439,67.48654467168998,0.2378035076017371,0.3816398399714736,Medium,High
CMP4784,YouTube Ads,46016.15,3112,70417,01/24/2025,4.419387363846798,14.78668059125964,653.4806935825156,0.0676284304532213,0.2988762309817582,Very High,Very High
CMP6705,Google Ads,15129.85,2552,35330,2025-03-03,7.223322954995755,5.928624608150471,428.24370223606,0.1686731857883587,1.2183808947973156,Very High,Very High
CMP5537,Google Ads,8047.86,430,56325,2025-11-12,0.7634265423879272,18.715953488372094,142.8825565912117,0.0534303529136938,0.0407901495834679,High,Medium
CMP8261,Facebook Ads,1001.42,85,67382,01/25/2025,0.1261464486064527,11.78141176470588,14.861832536879284,0.0848794711509656,0.0107072438452881,Medium,Low
CMP2904,Email Marketing,22497.54,1472,77832,2025-07-03,1.8912529550827424,15.283654891304348,289.0525747764416,0.06542937583398,0.1237435003952341,Very High,Very High
CMP8260,LinkedIn Ads,93346.23,5038,56875,2025-08-05,8.858021978021977,18.5284299325129,1641.2523956043956,0.0539711137771712,0.478077312016508,Very High,Very High
CMP2264,LinkedIn Ads,104185.14,5784,80974,09/20/2025,7.143033566329933,18.012645228215767,1286.6492948353791,0.0555165544721636,0.3965566120816494,Very High,Very High
CMP9070,Email Marketing,5380.22,872,30487,05/29/2025,2.86023551021747,6.169977064220184,176.47587496309902,0.1620751567779756,0.4635731187404295,High,High
CMP2914,YouTube Ads,78283.4,5737,73105,12/30/2025,7.847616442103823,13.645354715007842,1070.835100198345,0.0732850131700973,0.5751126743134513,Very High,Very High
CMP6840,Email Marketing,42711.2,2392,71979,2025-05-08,3.323191486405757,17.855852842809362,593.3841814973812,0.05600404577722,0.1861121681311359,Very High,Very High
CMP0928,Facebook Ads,50722.55,3122,36993,05/27/2025,8.439434487605764,16.246812940422807,1371.1391344308383,0.0615505332440896,0.5194516929906954,Very High,Very High
CMP8867,Google Ads,16130.3,3757,49013,2025-12-12,7.665313284230714,4.2933989885546975,329.10248301471034,0.2329156928265438,1.785371754329107,Very High,Very High
CMP8371,Email Marketing,40803.5,2888,39701,07/15/2025,7.274375960303267,14.128635734072022,1027.7700813581523,0.0707782420625681,0.5148675425724714,Very High,Very High
CMP0213,Email Marketing,11770.01,881,34943,08/15/2025,2.5212488910511404,13.359829738933032,336.83455913916947,0.074851253312444,0.1887186394077876,Very High,High
CMP9641,YouTube Ads,52557.83,3268,98790,2025-10-04,3.3080271282518474,16.082567319461443,532.0156898471505,0.0621791272584884,0.2056902397821036,Very High,Very High
CMP2848,Email Marketing,9346.7,1027,69350,2025-08-08,1.4808940158615718,9.10097370983447,134.7757750540735,0.1098783527876148,0.1627181951159055,High,Very High
CMP4179,Google Ads,57738.71,3870,45327,03/21/2025,8.537957508769606,14.91956330749354,1273.82597568778,0.0670260904685955,0.572265912399816,Very High,Very High
CMP4935,LinkedIn Ads,39940.16,4556,77061,12/29/2025,5.912199426428414,8.766496927129062,518.2927810435889,0.1140706496919391,0.674408429680999,Very High,Very High
CMP8277,Facebook Ads,53517.79,4498,56516,02/17/2025,7.958808125132706,11.8981302801245,946.9493594734236,0.0840468188241704,0.6689125045493641,Very High,Very High
CMP4810,Facebook Ads,156138.37,7830,83039,11/29/2025,9.42930430279748,19.94104342273308,1880.301665482484,0.050147827212491,0.4728591229106867,Very High,Very High
CMP3995,Google Ads,48695.7,5308,91463,02/28/2025,5.803439642259712,9.174020346646572,532.4087335862588,0.1090034643715975,0.6325950262777731,Very High,Very High
CMP8469,Instagram Ads,75555.44,6626,69411,2025-07-09,9.546037371598162,11.402873528523996,1088.522568468975,0.087697192948648,0.837160681272049,Very High,Very High
CMP1573,Facebook Ads,11611.76,4418,72513,2025-03-02,6.0927006191993165,2.628284291534631,160.13349330464882,0.3804763446712643,2.3181284607693047,Very High,Very High
CMP6951,Google Ads,38290.99,2252,28945,2025-11-08,7.780272931421662,17.003103907637655,1322.8878908274312,0.0588127912075399,0.4575795674533769,Very High,Very High
CMP0621,Google Ads,903.99,161,11600,2025-09-05,1.3879310344827585,5.614844720496895,77.9301724137931,0.1780993152579121,0.2471895668665849,Low,Medium
CMP6679,LinkedIn Ads,49919.7,5212,61129,2025-11-06,8.526231412259321,9.577839600920951,816.6287686695348,0.1044076787320436,0.8902040300862302,Very High,Very High
CMP1037,Email Marketing,6231.01,422,78756,2025-07-02,0.5358321905632586,14.76542654028436,79.11790847681446,0.067725778003887,0.0362896519854237,High,Medium
CMP9938,Google Ads,59595.22,3184,38899,07/15/2025,8.185300393326306,18.717091708542718,1532.0501812385924,0.0534271037173786,0.437316893072145,Very High,Very High
CMP2235,Email Marketing,34632.8,4520,53248,11/21/2025,8.48858173076923,7.66212389380531,650.4056490384615,0.1305121156822434,1.1078627608243317,Very High,Very High
CMP6114,Google Ads,88134.21,7216,74551,2025-05-03,9.679279956003272,12.213720898004436,1182.2002387627265,0.0818751311210482,0.7924923155551017,Very High,Very High
CMP1395,Instagram Ads,9047.47,1458,29532,11/27/2025,4.9370174725721245,6.20539780521262,306.3615738859542,0.1611500231556446,0.7956004800248201,High,Very High
CMP4141,Facebook Ads,5995.93,421,17023,10/18/2025,2.473124596134641,14.242114014251785,352.22522469599954,0.0702142953636883,0.1736487008642002,High,Medium
CMP1104,Instagram Ads,6899.81,454,14871,2025-07-09,3.0529217940958917,15.197819383259914,463.97754017887166,0.0657989133034098,0.2008789364518058,High,Medium
CMP4672,YouTube Ads,3595.32,446,11149,08/19/2025,4.00035877657189,8.061255605381167,322.4791461117589,0.1240501540892048,0.4962451226458459,Medium,Medium
CMP9267,YouTube Ads,50909.32,2641,49774,03/28/2025,5.305983043355969,19.276531616811813,1022.809498935187,0.0518765522698005,0.275256106691331,Very High,Very High
CMP7146,Instagram Ads,16551.55,1150,49118,06/19/2025,2.341300541552995,14.392652173913042,336.9752432916649,0.0694798976530899,0.162673322002226,Very High,Very High
CMP9039,Google Ads,6634.08,385,25038,03/13/2025,1.5376627526160238,17.231376623376622,264.960460100647,0.0580336685719798,0.0892362105607965,High,Medium
CMP1236,Google Ads,15911.78,5224,68476,10/25/2025,7.628950289152405,3.0458996937212865,232.37017349144227,0.3283102204781614,2.5046623514485598,Very High,Very High
CMP4270,YouTube Ads,54616.27,3917,72736,03/18/2025,5.385228772547294,13.94339290273168,750.8836064672239,0.071718555661161,0.3862208294720191,Very High,Very High
CMP4768,Facebook Ads,47500.83,4155,62909,07/23/2025,6.604778330604525,11.432209386281588,755.0720882544629,0.0874721557496995,0.5777341988268795,Very High,Very High
CMP2718,YouTube Ads,5090.8,963,20398,10/17/2025,4.721051083439553,5.286396677050883,249.57348759682324,0.1891647678164532,0.8930565320484579,High,High
CMP5879,Google Ads,13419.36,2047,30681,05/16/2025,6.671881620546919,6.555622862725941,437.38339689058375,0.1525408067150743,1.0177342047057043,Very High,Very High
CMP5919,LinkedIn Ads,67657.1,3774,63561,01/21/2025,5.937603247274272,17.92715951245363,1064.4436053554853,0.055781285334429,0.3312071409388386,Very High,Very High
CMP4315,YouTube Ads,26159.99,4720,73349,2025-01-12,6.434988888737406,5.542370762711864,356.65094275313913,0.1804282035276007,1.161053484914962,Very High,Very High
CMP8466,Instagram Ads,21630.95,1875,51326,06/30/2025,3.6531192767798,11.536506666666668,421.4423489069868,0.0866813524140178,0.3166573194409919,Very High,Very High
CMP2277,LinkedIn Ads,3818.25,992,23706,11/26/2025,4.18459461739644,3.8490423387096775,161.0668185269552,0.2598048844365874,1.087178120986648,Medium,High
CMP1939,Email Marketing,29183.77,1748,32191,02/28/2025,5.430089155353981,16.695520594965675,906.5816532571216,0.0598963053779549,0.3252422782786034,Very High,Very High
CMP6733,Google Ads,1070.79,226,33938,10/31/2025,0.6659202074370911,4.738008849557522,31.55135835936119,0.211059124571578,0.140548536016196,Medium,Medium
CMP2407,Google Ads,20637.6,1107,23802,09/22/2025,4.650869674817242,18.64281842818428,867.0531888076631,0.0536399581346668,0.2494724546469884,Very High,Very High
CMP4645,Google Ads,24772.73,1889,30389,08/30/2025,6.216065023528251,13.114203282159872,815.1874033367337,0.0762532026143263,0.4739948657029268,Very High,Very High
CMP9547,Facebook Ads,23822.17,4383,83685,12/18/2025,5.237497759455099,5.435128907141227,284.66475473501816,0.1839882764668374,0.9636381857610664,Very High,Very High
CMP6316,Facebook Ads,501.41,83,16230,09/16/2025,0.5113986444855206,6.041084337349398,30.89402341343192,0.1655331963861909,0.0846534522492535,Low,Low
CMP9828,Google Ads,65377.16,4173,71655,02/17/2025,5.8237387481683065,15.666705008387252,912.3879701346732,0.0638296310209865,0.371727095458205,Very High,Very High
CMP0020,Email Marketing,82835.08,7119,87096,2025-09-07,8.173739322127307,11.635774687456104,951.0778910627356,0.0859418497573733,0.7024662767781995,Very High,Very High
CMP7900,LinkedIn Ads,20077.71,4769,47943,2025-10-03,9.94722900110548,4.210046131264416,418.7829297290533,0.2375270884976424,2.3627363432518966,Very High,Very High
CMP9803,YouTube Ads,12550.8,2161,55562,12/30/2025,3.889348835535078,5.807866728366497,225.8881969691516,0.1721802594256939,0.6696690914994505,Very High,Very High
CMP3366,Email Marketing,30046.21,3399,43405,03/21/2025,7.830895058173022,8.839720506031185,692.2292362631033,0.1131257486385138,0.8858758659654612,Very High,Very High
CMP6940,YouTube Ads,45808.89,2307,49925,07/23/2025,4.620931397095643,19.85647594278284,917.5541311967952,0.0503614036489423,0.2327165913232049,Very High,Very High
CMP6066,YouTube Ads,27847.73,4012,74733,2025-07-06,5.368444997524521,6.941109172482553,372.6296281428552,0.1440691934315651,0.7734275407750786,Very High,Very High
CMP1952,Email Marketing,30448.09,1879,32116,03/24/2025,5.850666334537302,16.204411921234698,948.0660729854278,0.0617115884773067,0.3610539131549989,Very High,Very High
CMP9021,YouTube Ads,4792.25,902,93364,11/22/2025,0.9661111349128144,5.312915742793791,51.328670579666685,0.1882205644530231,0.1818419831376406,Medium,High
CMP1445,Google Ads,8612.05,958,36483,2025-08-11,2.6258805471041304,8.989613778705635,236.05651947482383,0.1112394842110763,0.2921015976597624,High,High
CMP9789,Google Ads,21117.49,2074,24973,04/14/2025,8.30496936691627,10.1820106075217,845.6128618908422,0.0982124296021923,0.8156512192966276,Very High,Very High
CMP8452,Email Marketing,14042.03,2569,32365,01/19/2025,7.937586899428394,5.465951732191514,433.864668623513,0.1829507556955796,1.4521875216497575,Very High,Very High
CMP4521,LinkedIn Ads,31540.05,3287,48285,04/13/2025,6.807497152324739,9.595390933982356,653.205964585275,0.1042167022563375,0.7094549038346933,Very High,Very High
CMP9005,Instagram Ads,170501.57,9210,97176,06/28/2025,9.477648802173375,18.512656894679697,1754.5646044290772,0.0540170979070749,0.5119550832758712,Very High,Very High
CMP6619,YouTube Ads,645.32,116,2609,09/17/2025,4.446147949405903,5.563103448275863,247.34380988884632,0.1797557800781007,0.7992207929881062,Low,Medium
CMP1918,YouTube Ads,37692.87,2253,35776,10/22/2025,6.297517889087656,16.730079893475367,1053.5797741502683,0.059772577678484,0.3764188772071346,Very High,Very High
CMP3986,Instagram Ads,59499.17,5633,62142,10/28/2025,9.064722731807796,10.562607846618144,957.4711145441086,0.0946735895643586,0.8581898394258829,Very High,Very High
CMP3611,Email Marketing,62991.28,3817,93904,07/31/2025,4.064789572329188,16.502824207492797,670.805077525984,0.0605956888001005,0.2463087239627534,Very High,Very High
CMP4068,Instagram Ads,12389.18,867,14190,06/25/2025,6.109936575052854,14.289711649365628,873.092318534179,0.0699804183973434,0.4275759179034305,Very High,High
CMP9400,Instagram Ads,9300.5,828,25957,04/13/2025,3.1898909735331507,11.232487922705314,358.3041183495782,0.0890274716413096,0.2839879281850921,High,High
CMP4092,YouTube Ads,21406.4,1327,48665,2025-03-03,2.7268057125244014,16.131424265259987,439.8725983766568,0.0619908064877793,0.1690368852548714,Very High,Very High
CMP8872,Google Ads,41287.59,3090,65214,2025-10-09,4.738246388812218,13.361679611650484,633.1093016836875,0.074840890446742,0.3546145788947661,Very High,Very High
CMP8375,Instagram Ads,29208.67,1869,54150,2025-07-03,3.451523545706371,15.627966827180307,539.4029547553093,0.0639878501828395,0.2208555715452024,Very High,Very High
CMP8233,Instagram Ads,15551.88,1481,53605,2025-03-03,2.7628019774274786,10.500931802835922,290.11995149706183,0.0952296442616584,0.2631006494758252,Very High,Very High
CMP3453,LinkedIn Ads,7170.74,875,78153,2025-10-11,1.1195987358130846,8.195131428571429,91.7525878725065,0.1220236684080025,0.1366175448888746,High,High
CMP5622,Instagram Ads,20750.55,2092,26105,2025-03-08,8.013790461597395,9.919000956022945,794.8879524995211,0.1008166048610759,0.8079231464063242,Very High,Very High
CMP2149,YouTube Ads,63543.19,3794,91916,05/19/2025,4.127681796422821,16.74833684765419,691.3180512641977,0.0597074210470075,0.2464532349670859,Very High,Very High
CMP2451,LinkedIn Ads,1382.73,140,3276,2025-10-03,4.273504273504273,9.876642857142857,422.0787545787546,0.1012489784701279,0.4326879421800339,Medium,Medium
CMP4112,YouTube Ads,4167.69,440,76427,12/20/2025,0.5757127716644641,9.472022727272726,54.53164457586978,0.1055740710081604,0.0607803410360089,Medium,Medium
CMP1578,LinkedIn Ads,38985.29,5533,99595,2025-04-07,5.555499774085044,7.045958792698356,391.4382248104824,0.1419253261935463,0.7884661176051929,Very High,Very High
CMP5753,Email Marketing,21146.91,1679,81374,11/29/2025,2.0633126059920857,12.594943418701607,259.87305527564087,0.0793969426266059,0.1638207125987064,Very High,Very High
CMP7988,Email Marketing,6344.77,692,60580,05/27/2025,1.1422911852096402,9.168742774566477,104.73374050841863,0.1090662072856856,0.1245853671866862,High,High
CMP5528,LinkedIn Ads,115953.86,6681,84742,2025-06-02,7.883930046494064,17.355764107169584,1368.3163012437751,0.0576177455412006,0.4542542752835208,Very High,Very High
CMP4774,Email Marketing,34852.84,2529,37058,05/19/2025,6.824437368449457,13.781273230525898,940.4943601921312,0.0725622359612588,0.4951964346322617,Very High,Very High
CMP6783,Facebook Ads,675.1,144,26102,2025-01-05,0.5516818634587387,4.688194444444445,25.86391847368018,0.2133017330765812,0.1176746975826668,Low,Medium
CMP1688,Google Ads,18037.99,1009,10361,2025-08-10,9.738442235305472,17.87709613478692,1740.9506804362516,0.0559374963618451,0.5447440771074393,Very High,Very High
CMP1703,Instagram Ads,10312.31,2594,83015,07/19/2025,3.1247364934048063,3.9754471858134153,124.22224899114616,0.2515440284475544,0.78600880538813,Very High,Very High
CMP2072,Facebook Ads,37955.14,6919,71041,01/18/2025,9.73944623527259,5.485639543286602,534.2709139792514,0.1822941504101947,1.7754440769247868,Very High,Very High
CMP4464,YouTube Ads,22503.84,1156,60306,12/24/2025,1.9168905249892216,19.466989619377163,373.16087951447616,0.0513690107999345,0.0984687700804636,Very High,Very High
CMP9241,LinkedIn Ads,72443.02,5291,70610,2025-08-06,7.493272907520181,13.691744471744473,1025.9597790681207,0.0730367121635735,0.5472840165096551,Very High,Very High
CMP5045,Instagram Ads,11380.17,2178,56028,2025-06-01,3.8873420432640815,5.225055096418733,203.11576354679804,0.1913855416922594,0.743981062693191,Very High,Very High
CMP0137,Email Marketing,67674.03,6238,66478,2025-05-01,9.38355546195734,10.848674254568772,1017.9913655645476,0.0921771616083747,0.8649495082779891,Very High,Very High
CMP6122,Facebook Ads,47113.34,4642,55967,2025-08-05,8.294173352153948,10.14936234381732,841.8057069344435,0.0985283573612059,0.8172112760568159,Very High,Very High
CMP1298,LinkedIn Ads,45862.65,3974,83962,2025-10-11,4.733093542316762,11.54067689984902,546.2310330863962,0.0866500300353337,0.4101226976017917,Very High,Very High
CMP6766,Facebook Ads,2068.86,423,10973,02/26/2025,3.854916613505878,4.890921985815603,188.54096418481728,0.2044604274818015,0.7881778987041106,Medium,Medium
CMP3077,Instagram Ads,427.81,127,4542,2025-01-10,2.796125055041832,3.3685826771653544,94.18978423601936,0.2968607559430588,0.8300597975510452,Low,Medium
CMP7184,Email Marketing,689.26,169,3075,2025-08-01,5.495934959349594,4.078461538461538,224.14959349593497,0.2451904941531497,1.347551008516498,Low,Medium
CMP8166,Instagram Ads,94159.26,5759,62776,06/19/2025,9.173888110105771,16.349932279909705,1499.9244934369822,0.0611623328390643,0.5610963980186245,Very High,Very High
CMP8900,LinkedIn Ads,15212.25,837,25803,2025-09-05,3.24380885943495,18.1747311827957,589.5535402860132,0.0550214465315781,0.1784790557180596,Very High,High
CMP7258,Facebook Ads,3585.4,599,98681,02/18/2025,0.6070064146086885,5.985642737896495,36.333235374590856,0.167066436101969,0.1014103983797078,Medium,High
CMP5114,Instagram Ads,3448.25,222,22789,2025-09-10,0.9741541972004036,15.532657657657658,151.31203650884197,0.0643804828536214,0.0627165175896439,Medium,Medium
CMP5906,Google Ads,70667.85,3618,89385,2025-01-05,4.047659003188454,19.532296849087896,790.600771941601,0.0511972558950074,0.2072290337619699,Very High,Very High
CMP1961,LinkedIn Ads,1673.1,86,33862,10/25/2025,0.2539720040163014,19.454651162790697,49.40936743252023,0.0514015898631283,0.0130545647871627,Medium,Low
CMP4076,Facebook Ads,11574.22,798,67525,06/23/2025,1.1817845242502778,14.504035087719297,171.40644205849685,0.0689463307246622,0.0814797066542472,Very High,High
CMP1760,Facebook Ads,15732.0,1956,65942,10/13/2025,2.9662430620848625,8.042944785276074,238.57329168056776,0.1243325705568268,0.3688006248053643,Very High,Very High
CMP5869,Email Marketing,10261.58,563,19659,2025-06-09,2.863828272038252,18.226607460035524,521.9787374739306,0.0548648453746888,0.1571234953250411,Very High,High
CMP9285,Facebook Ads,23660.48,2898,73253,08/28/2025,3.956151966472363,8.164416839199447,322.9967373349897,0.1224827222440119,0.4845602624645361,Very High,Very High
CMP7363,Instagram Ads,20240.7,2268,36517,2025-01-01,6.210805926007065,8.924470899470899,554.2815674891148,0.1120514606708266,0.6959298759521174,Very High,Very High
CMP5966,YouTube Ads,20605.24,1363,33298,2025-04-12,4.0933389392756325,15.117564196625093,618.8131419304464,0.066148222490978,0.2707670948861885,Very High,Very High
CMP9036,Facebook Ads,19296.69,2369,82352,11/25/2025,2.876675733436953,8.145500211059518,234.319627938605,0.1227671688771494,0.3531613355716521,Very High,Very High
CMP2127,Facebook Ads,1119.61,256,6099,2025-09-04,4.197409411378914,4.3734765625,183.57271683882604,0.228651048132832,0.9597420613544022,Medium,Medium
CMP8027,YouTube Ads,14252.23,4243,83785,04/24/2025,5.064152294563466,3.358998350223898,170.1047920272125,0.2977077973061058,1.507637624837151,Very High,Very High
CMP8052,Google Ads,18822.95,5284,63349,10/13/2025,8.341094571342879,3.562253974261923,297.1309728646072,0.2807211409476198,2.3415215848193704,Very High,Very High
CMP8668,Google Ads,20574.9,1203,98246,2025-09-02,1.2244773324104798,17.102992518703243,209.4222665553814,0.0584692999722963,0.0715943324579855,Very High,Very High
CMP6314,Facebook Ads,30859.72,2205,27312,10/19/2025,8.073374340949032,13.995337868480728,1129.8960164030464,0.0714523657376022,0.5768616961460641,Very High,Very High
CMP9447,Instagram Ads,111921.39,7565,90407,2025-07-08,8.367714889333792,14.794631857237276,1237.972612740164,0.0675920840511362,0.5655912881157938,Very High,Very High
CMP2592,YouTube Ads,69299.85,3679,80632,2025-11-06,4.56270463339617,18.83659961946181,859.4584036114694,0.0530881379974126,0.2422254932191701,Very High,Very High
CMP5300,YouTube Ads,28386.17,2356,33551,2025-12-07,7.022145390599387,12.048459252971137,846.0603260707579,0.082998164246885,0.5828251764944745,Very High,Very High
CMP0004,Email Marketing,4407.71,341,6543,09/23/2025,5.211676600947578,12.9258357771261,673.6527586733914,0.0773644364080214,0.403198422973182,Medium,Medium
CMP5160,Google Ads,84949.57,4571,92402,09/19/2025,4.946862622021168,18.584460730693504,919.347741390879,0.0538083947923456,0.266182736949213,Very High,Very High
CMP5828,Facebook Ads,5282.98,592,20141,10/26/2025,2.9392780894692416,8.923952702702701,262.29978650513874,0.1120579672836164,0.329369527987195,High,High
CMP6551,YouTube Ads,5549.53,366,30499,2025-05-09,1.200039345552313,15.162650273224044,181.95776910718385,0.0659515310305557,0.0791444321360811,High,Medium
CMP1563,YouTube Ads,15678.55,4971,86181,10/23/2025,5.7680927350576106,3.154003218668276,181.92583051948804,0.3170573809440286,1.828816375619645,Very High,Very High
CMP7116,LinkedIn Ads,10522.72,1627,17799,2025-01-12,9.14096297544806,6.467559926244622,591.1972582729367,0.1546178174464397,1.4133557446224925,Very High,Very High
CMP4994,YouTube Ads,4492.74,376,7397,03/18/2025,5.08314181424902,11.94877659574468,607.3732594294984,0.0836905763520702,0.4254110681138084,Medium,Medium
CMP6437,LinkedIn Ads,53966.62,4762,80005,04/24/2025,5.9521279920005,11.332763544729106,674.5405912130492,0.0882397304111319,0.5252141693866761,Very High,Very High
CMP7797,YouTube Ads,10363.42,857,99689,05/15/2025,0.8596735848488799,12.09267211201867,103.95750784941168,0.0826947088895364,0.0710904568391023,Very High,High
CMP2210,LinkedIn Ads,18454.82,1672,75308,11/30/2025,2.220215647739948,11.037571770334928,245.05789557550327,0.0905996373847049,0.201150732601087,Very High,Very High
CMP4035,Facebook Ads,9575.64,595,11390,06/15/2025,5.223880597014925,16.093512605042015,840.7058823529411,0.0621368388953636,0.3245954270653325,High,High
CMP5707,Facebook Ads,37028.27,2872,44039,01/13/2025,6.5214923136311,12.892851671309192,840.8063307522877,0.0775623597861849,0.5058223331726953,Very High,Very High
CMP7246,YouTube Ads,6091.05,1854,21112,04/30/2025,8.781735505873437,3.2853559870550164,288.5112732095491,0.3043810180510749,2.672993593533028,High,Very High
CMP1406,Google Ads,6368.4,943,98938,11/14/2025,0.953122157310639,6.753340402969247,64.36758373931148,0.1480748696689906,0.1411334392224,High,High
CMP5000,LinkedIn Ads,1960.65,236,63759,2025-03-10,0.3701438228328549,8.307838983050848,30.75095280666259,0.1203682452247978,0.0445535624351892,Medium,Medium
CMP7914,YouTube Ads,34679.76,2365,97672,2025-09-12,2.421369481530019,14.663746300211418,355.0634777623065,0.0681953969692985,0.1651262530022841,Very High,Very High
CMP4186,Facebook Ads,2044.14,340,9878,12/23/2025,3.4419923061348454,6.012176470588235,206.93865154889653,0.1663291164010292,0.5725035389385499,Medium,Medium
CMP6368,Email Marketing,48142.66,2765,37561,2025-04-12,7.361358856260483,17.41145027124774,1281.7193365458854,0.0574334696088666,0.4227883801509978,Very High,Very High
CMP6333,Facebook Ads,82574.84,4215,51899,02/20/2025,8.121543767702653,19.590709371293,1591.0680359929863,0.0510446039011398,0.414560984688153,Very High,Very High
CMP8203,LinkedIn Ads,16928.42,5886,75490,2025-07-05,7.797059213140814,2.876048250084947,224.2471850576235,0.3476993127533462,2.7110321299062075,Very High,Very High
CMP0302,Instagram Ads,50701.67,5815,91694,2025-04-06,6.341745370471351,8.719117798796216,552.9442493511025,0.1146905023049536,0.7273379620294738,Very High,Very High
CMP6344,Google Ads,15119.85,2345,74737,06/24/2025,3.1376694274589565,6.44769722814499,202.30742470262385,0.1550941312248468,0.4866341139225093,Very High,Very High
CMP3727,LinkedIn Ads,12394.77,2396,33504,2025-09-06,7.151384909264566,5.173109348914858,369.9489613180516,0.193307338498415,1.3824151833876628,Very High,Very High
CMP2271,YouTube Ads,93284.89,5653,72956,2025-12-03,7.748505948791053,16.501837962143995,1278.6458961565877,0.0605993103491894,0.4695541167333297,Very High,Very High
CMP7047,Facebook Ads,21260.27,2639,88013,10/13/2025,2.998420687852931,8.05618416066692,241.5582925249679,0.1241282448435509,0.3721886972857769,Very High,Very High
CMP0484,Instagram Ads,26689.77,3418,56269,11/23/2025,6.074392649593915,7.808592744294909,474.32458369617376,0.1280640485099721,0.7779113149462135,Very High,Very High
CMP4373,YouTube Ads,33136.45,5066,76323,04/29/2025,6.637579759705463,6.540949467035135,434.1607379164865,0.1528830034599361,1.0147731293686524,Very High,Very High
CMP7809,Facebook Ads,53548.92,5003,67840,11/29/2025,7.374705188679245,10.703361982810314,789.341391509434,0.0934285882889888,0.689008294825783,Very High,Very High
CMP3167,Facebook Ads,7431.57,468,6224,2025-08-01,7.519280205655527,15.879423076923077,1194.0183161953728,0.0629745800685454,0.4735235133688825,High,Medium
CMP3352,Google Ads,32680.63,1849,25209,2025-08-09,7.334682057995161,17.674759329367227,1296.3874013249238,0.0565778566692257,0.4149805901915921,Very High,Very High
CMP9961,Email Marketing,24556.03,2613,51856,10/20/2025,5.038954026535021,9.397638729429774,473.5426951558161,0.1064097087354918,0.5361936302951255,Very High,Very High
CMP0631,YouTube Ads,10222.87,974,16328,01/22/2025,5.965213130818226,10.49575975359343,626.09443900049,0.0952765710607686,0.5683450527510329,Very High,High
CMP9138,LinkedIn Ads,85522.66,6318,69649,01/26/2025,9.071199873652173,13.536350110794556,1227.909374147511,0.0738751577652051,0.6701363217857631,Very High,Very High
CMP4685,LinkedIn Ads,13621.17,1780,23821,01/28/2025,7.472398304017464,7.652342696629214,571.8135258805256,0.1306789358036057,0.9764850582696702,Very High,Very High
CMP8203,Google Ads,46278.26,2447,25562,12/23/2025,9.572803380017213,18.9122435635472,1810.4318910883344,0.0528757995654979,0.5061696328017111,Very High,Very High
CMP2931,LinkedIn Ads,110711.3,7395,79373,04/14/2025,9.316770186335404,14.97110209601082,1394.8231766469708,0.0667953497068501,0.6223169227346288,Very High,Very High
CMP2687,Email Marketing,8494.79,2074,98110,12/28/2025,2.1139537254102536,4.095848601735777,86.58434410355724,0.2441496493733217,0.5161210608503407,High,Very High
CMP8384,YouTube Ads,19421.82,1601,22958,01/23/2025,6.973603972471469,12.13105559025609,845.971774544821,0.0824330572521009,0.5748554955162195,Very High,Very High
CMP2657,Facebook Ads,2559.1,260,25444,2025-08-06,1.021851910077032,9.842692307692309,100.57773934915892,0.101598218123559,0.1038183332499817,Medium,Medium
CMP3324,Google Ads,11386.42,4196,83600,2025-12-09,5.019138755980861,2.713636796949476,136.2011961722488,0.3685091538868231,1.8495985762070688,Very High,Very High
CMP3554,YouTube Ads,81894.68,7844,88438,08/15/2025,8.869490490513128,10.44042325344212,926.0123476333702,0.0957815574833432,0.8495336132650494,Very High,Very High
CMP4557,YouTube Ads,11581.83,3451,84396,03/17/2025,4.089056353381677,3.356079397276152,137.23197781885395,0.2979667289193504,1.2184027459840256,Very High,Very High
CMP9472,YouTube Ads,26161.07,1406,41117,01/26/2025,3.419510178271761,18.606735419630155,636.2592115183501,0.053743979126236,0.1837780836429892,Very High,Very High
CMP9748,YouTube Ads,29173.43,1503,75685,10/24/2025,1.9858624562330711,19.41013306719893,385.4585452863843,0.0515194819395593,0.1023106049483487,Very High,Very High
CMP6209,Google Ads,16577.45,4559,58010,08/30/2025,7.858989829339769,3.63620311471814,285.7688329598345,0.2750121399853415,2.161317611089764,Very High,Very High
CMP6780,YouTube Ads,17859.34,2900,29504,01/30/2025,9.829175704989154,6.158393103448276,605.3192787418656,0.1623800207622454,1.5960617550518972,Very High,Very High
CMP7925,Email Marketing,47423.7,4755,92263,2025-12-06,5.153745271669033,9.973438485804415,514.0056143849647,0.100266322534935,0.5167470856720638,Very High,Very High
CMP9219,LinkedIn Ads,81656.87,6023,70118,2025-10-09,8.589805756011296,13.55750788643533,1164.5635928007073,0.0737598685817862,0.633582943706464,Very High,Very High
CMP0026,Google Ads,3872.32,288,5143,2025-02-03,5.599844448765312,13.445555555555556,752.9301963834338,0.0743740186761424,0.416482935615964,Medium,Medium
CMP9182,Email Marketing,1316.24,96,29831,12/20/2025,0.3218128792196038,13.710833333333332,44.123227515001176,0.0729350270467392,0.0234714310498708,Medium,Low
CMP5308,Google Ads,12115.38,1454,16920,07/22/2025,8.59338061465721,8.332448418156808,716.0390070921986,0.120012744131839,1.0313151889343617,Very High,Very High
CMP5537,Email Marketing,64771.33,3937,64797,11/27/2025,6.075898575551338,16.451950723901447,999.603839683936,0.0607830655939904,0.3693117416601699,Very High,Very High
CMP8798,Instagram Ads,64471.69,3441,62616,01/29/2025,5.495400536604063,18.736323743097937,1029.6360355180784,0.0533722630816719,0.2933019631787933,Very High,Very High
CMP8780,Google Ads,35008.16,2415,29297,2025-01-07,8.243164829163394,14.496132505175986,1194.9400962555894,0.0689839168925187,0.5686457975063411,Very High,Very High
CMP8754,Facebook Ads,46689.54,5011,76839,2025-01-11,6.521427920717344,9.317409698662942,607.6281575762308,0.1073259663727678,0.699918553721339,Very High,Very High
CMP4449,LinkedIn Ads,19044.19,1067,13376,2025-10-07,7.9769736842105265,17.848350515463917,1423.7582236842104,0.0560275863662355,0.4469305820332938,Very High,Very High
CMP6132,Google Ads,4404.13,429,28489,01/13/2025,1.5058443609814316,10.266037296037297,154.59054371862825,0.0974085687752178,0.1466821440014337,Medium,Medium
CMP8580,Instagram Ads,19526.33,1223,44904,02/20/2025,2.7235880990557635,15.965928045789044,434.84611615891686,0.0626333775983505,0.1705875218305333,Very High,Very High
CMP6351,Email Marketing,2566.78,998,70464,01/23/2025,1.4163260672116258,2.571923847695391,36.42682788374206,0.3888140004207606,0.5506874040927553,Medium,High
CMP8530,Email Marketing,14956.01,5169,99721,2025-09-06,5.183461858585454,2.893404913909847,149.9785401269542,0.345613569394511,1.7914747547660246,Very High,Very High
CMP5229,LinkedIn Ads,14375.65,1977,89965,03/22/2025,2.197521258267104,7.271446636317653,159.79158561662868,0.1375242162963066,0.302212388837657,Very High,Very High
CMP3385,YouTube Ads,36734.36,4550,47916,03/14/2025,9.49578428917272,8.073485714285715,766.6407880457467,0.1238622368812196,1.1761690829984754,Very High,Very High
CMP5550,YouTube Ads,2220.98,465,60149,08/30/2025,0.7730801842092138,4.776301075268817,36.924637151074826,0.2093670361732208,0.1618575068921307,Medium,Medium
CMP2933,Email Marketing,94631.14,7351,80134,12/20/2025,9.173384580827117,12.873233573663446,1180.911223700302,0.0776805605427558,0.7125936563129232,Very High,Very High
CMP8741,Google Ads,22594.97,4701,63039,12/24/2025,7.4572883453100465,4.80641778345033,358.4284331921509,0.2080551556386222,1.5515272873255652,Very High,Very High
CMP7626,LinkedIn Ads,4844.62,966,32368,2025-12-11,2.9844290657439445,5.015134575569358,149.67313395946613,0.1993964438903361,0.5950845427523006,Medium,High
CMP5413,Instagram Ads,12248.76,4043,61412,2025-01-09,6.583403895004233,3.0296215681424683,199.4522243209796,0.3300742279218467,2.173011957741201,Very High,Very High
CMP5712,YouTube Ads,12448.31,1093,77324,07/27/2025,1.4135326677357614,11.389121683440072,160.98895556360247,0.0878030833101039,0.1241125265867565,Very High,Very High
CMP8729,LinkedIn Ads,47576.09,4887,54535,11/14/2025,8.961217566700284,9.73523429506855,872.3955258091133,0.1027196644364848,0.9204932613937862,Very High,Very High
CMP3412,Email Marketing,58103.5,3581,79459,2025-11-08,4.5067267395763855,16.22549567160011,731.2387520608113,0.0616313991411877,0.2777558745070957,Very High,Very High
CMP1277,Email Marketing,162122.23,9457,95311,02/28/2025,9.922254514169405,17.14309294702337,1700.9813138042828,0.0583325309551934,0.5787902185930951,Very High,Very High
CMP7295,Facebook Ads,12544.98,3374,42374,02/25/2025,7.962429791853495,3.7181327800829873,296.0537121819984,0.2689522023949022,2.14151302893378,Very High,Very High
CMP1484,Facebook Ads,23642.64,1867,20208,11/22/2025,9.2389152810768,12.663438671665771,1169.9643705463184,0.0789674926319565,0.7295739743857026,Very High,Very High
CMP6390,YouTube Ads,21996.43,3713,77750,12/15/2025,4.77556270096463,5.924166442230002,282.91228295819934,0.1688001189283897,0.8061155518728118,Very High,Very High
CMP7123,Email Marketing,9916.92,781,47123,2025-10-11,1.6573647687965536,12.697720870678618,210.44755215075443,0.0787542906466927,0.1305245867093924,High,High
CMP8993,Google Ads,3254.59,193,2110,2025-03-07,9.14691943127962,16.863160621761658,1542.4597156398106,0.0593008643177788,0.542420228119968,Medium,Medium
CMP6460,Email Marketing,30593.75,3185,43697,2025-11-08,7.288829896789253,9.60557299843014,700.1338764674921,0.1041062308478038,0.7588126078455165,Very High,Very High
CMP9101,LinkedIn Ads,18027.28,3467,49223,2025-10-12,7.043455295288788,5.199676954139025,366.2369217642159,0.1923196400122481,1.3545947868323025,Very High,Very High
CMP7975,Email Marketing,4626.63,1162,59243,11/25/2025,1.9614131627365257,3.9816092943201378,78.09580878753609,0.2511547281714769,0.4926181897190488,Medium,Very High
CMP2946,LinkedIn Ads,42854.93,3524,68770,08/19/2025,5.1243274683728375,12.160876844494892,623.1631525374437,0.0822309125227832,0.4213781237898622,Very High,Very High
CMP9469,LinkedIn Ads,58771.82,3928,97802,05/18/2025,4.016277785730353,14.962275967413442,600.9265659188974,0.0668347517568794,0.2684269287959575,Very High,Very High
CMP9309,LinkedIn Ads,27276.53,6088,94390,2025-04-09,6.449835787689374,4.480376149802891,288.9769043330861,0.2231955457677351,1.4395746187455996,Very High,Very High
CMP4579,LinkedIn Ads,8044.53,690,69757,2025-09-11,0.9891480424903596,11.658739130434782,115.3221898877532,0.0857725684409157,0.0848417681727022,High,High
CMP1280,Email Marketing,68376.49,5169,85058,06/25/2025,6.077029791436432,13.228185335654867,803.8807637141716,0.0755961588551854,0.459400109481123,Very High,Very High
CMP9404,Email Marketing,30348.66,3498,45452,05/31/2025,7.696030977734754,8.676003430531733,667.707911643052,0.1152604431299438,0.8870479408354823,Very High,Very High
CMP4982,Email Marketing,7803.81,2183,75886,08/31/2025,2.8766834462219646,3.574809894640403,102.83596447302531,0.2797351550076181,0.8047094897367503,High,Very High
CMP0448,Instagram Ads,3421.55,725,65538,2025-09-02,1.1062284476181758,4.719379310344828,52.20711648204095,0.2118922710467478,0.2344012580623335,Medium,High
CMP4210,Google Ads,24526.53,1877,99180,10/30/2025,1.8925186529542248,13.06687799680341,247.29310344827584,0.0765293745181238,0.1448332687744691,Very High,Very High
CMP3870,LinkedIn Ads,38863.41,2210,25699,06/25/2025,8.599556402972878,17.58525339366516,1512.2537841939377,0.056865828294532,0.4890208978205994,Very High,Very High
CMP8126,LinkedIn Ads,28109.29,1999,52222,11/23/2025,3.827888629313316,14.06167583791896,538.2652904905979,0.0711152789700486,0.2722213677398937,Very High,Very High
CMP4332,Google Ads,2347.08,221,8884,2025-01-09,2.4876181900045027,10.62027149321267,264.19180549302115,0.0941595514426436,0.234233012931385,Medium,Medium
CMP6223,Email Marketing,69586.25,6440,94485,03/16/2025,6.815896703180399,10.805318322981366,736.4793353442345,0.092547018987228,0.6307909216042217,Very High,Very High
CMP6259,Email Marketing,1622.7,386,43377,09/30/2025,0.8898725130829702,4.203886010362695,37.409226087557926,0.2378751463610032,0.2116785542922453,Medium,Medium
CMP5489,Instagram Ads,14077.4,3336,37007,2025-02-12,9.014510768233038,4.21984412470024,380.39830302375225,0.2369755778765965,2.1362188985768262,Very High,Very High
CMP9646,Facebook Ads,40409.23,2814,70151,2025-03-04,4.011346951575886,14.360067519545131,576.0321306895127,0.0696375555782676,0.2793403962840802,Very High,Very High
CMP0196,LinkedIn Ads,4858.17,1125,14805,08/17/2025,7.598784194528875,4.318373333333334,328.1438703140831,0.2315686770944615,1.7596404034533548,Medium,Very High
CMP0389,YouTube Ads,3141.36,166,14050,2025-03-12,1.1814946619217082,18.92385542168675,223.58434163701068,0.0528433544706751,0.0624341412251392,Medium,Medium
CMP1416,YouTube Ads,11455.28,819,19027,11/28/2025,4.304409523308983,13.986910866910868,602.0539233720503,0.0714954152146433,0.3077455461228409,Very High,High
CMP7651,Email Marketing,18236.93,978,11924,05/22/2025,8.201945655820195,18.64716768916156,1529.430560214693,0.0536274471635302,0.4398494072956441,Very High,High
CMP2654,Google Ads,11612.22,3233,38344,07/18/2025,8.431566868349677,3.591778533869471,302.84320884623406,0.2784136022224863,2.347462904197002,Very High,Very High
CMP1138,LinkedIn Ads,23886.94,2549,28302,11/27/2025,9.006430640944103,9.371102393095333,844.001837325984,0.106711031216221,0.9610855012725162,Very High,Very High
CMP1741,LinkedIn Ads,18492.2,4293,95768,2025-07-02,4.482708211511152,4.307523876077336,193.09372650572217,0.2321519343290684,1.040669382335113,Very High,Very High
CMP8155,Facebook Ads,1204.84,64,87572,2025-07-12,0.0730827205042707,18.825625,13.758278901932124,0.0531190863517147,0.0038820873412845,Medium,Low
CMP9415,Google Ads,110772.6,5846,69552,2025-09-09,8.405221992178515,18.94844338008895,1592.6587301587304,0.052774783655886,0.4435837722169163,Very High,Very High
CMP1149,YouTube Ads,581.33,63,31602,12/19/2025,0.1993544712359977,9.227460317460318,18.395354724384536,0.1083721810331481,0.021604478846555,Low,Low
CMP5464,Email Marketing,11544.94,3331,41692,11/28/2025,7.989542358246187,3.4659081356949866,276.91019859925166,0.2885246696821291,2.30518006982436,Very High,Very High
CMP7531,Instagram Ads,18880.2,3377,86907,01/21/2025,3.8857629419954662,5.590820254663903,217.2460216093065,0.1788646306712852,0.6950255534961859,Very High,Very High
CMP1750,Email Marketing,65377.99,5936,92287,11/20/2025,6.432108530995698,11.013812331536387,708.4203625646081,0.0907950825652486,0.5840038251403945,Very High,Very High
CMP9715,Facebook Ads,11650.07,3234,66124,2025-04-10,4.890811203193999,3.6023716759431044,176.1851975077128,0.2775948985714249,1.3576642398826266,Very High,Very High
CMP0269,Google Ads,4280.73,509,46470,01/22/2025,1.09533032063697,8.410078585461688,92.11814073595868,0.1189049531271535,0.130240200434089,Medium,High
CMP7510,Email Marketing,19644.87,1270,72328,04/30/2025,1.7558898351952217,15.46840157480315,271.6080909191461,0.0646479208057879,0.1135146270093887,Very High,Very High
CMP7721,YouTube Ads,4402.26,298,8003,2025-08-03,3.723603648631763,14.77268456375839,550.0762214169687,0.0676925033959829,0.2520600526303002,Medium,Medium
CMP1595,LinkedIn Ads,24787.82,1448,82114,2025-02-02,1.7634020995201791,17.118660220994474,301.8708137467424,0.0584157864628676,0.1030105204937432,Very High,Very High
CMP1034,Facebook Ads,46981.65,2813,57864,12/14/2025,4.861399142817642,16.70161749022396,811.9322895064289,0.059874440340005,0.2910735529455868,Very High,Very High
CMP5269,Facebook Ads,3636.71,657,7975,2025-02-02,8.238244514106583,5.535327245053272,456.0137931034483,0.1806577923452791,1.488303066719102,Medium,High
CMP6061,YouTube Ads,12485.94,1846,23627,10/25/2025,7.813095187708977,6.763781148429036,528.4606594150761,0.1478462975154453,1.155137195638516,Very High,Very High
CMP6163,Facebook Ads,1169.88,299,4048,2025-04-01,7.386363636363637,3.912642140468228,289.001976284585,0.255581769070332,1.8878198851785888,Medium,Medium
CMP6820,Email Marketing,27006.65,5721,64391,03/15/2025,8.884782034756409,4.72061702499563,419.4165333664643,0.2118367142907395,1.8821230334321888,Very High,Very High
CMP0617,YouTube Ads,27703.2,2097,25593,02/15/2025,8.193646700269605,13.210872675250355,1082.4522330324698,0.0756952265442259,0.6202199432002571,Very High,Very High
CMP1926,YouTube Ads,11633.42,1317,14541,2025-04-10,9.05714875180524,8.83327258921792,800.0426380579053,0.1132083256686339,1.0253446455236297,Very High,Very High
CMP4529,Google Ads,8401.21,511,27391,12/17/2025,1.8655762841809356,16.440724070450095,306.7142492059436,0.0608245716986005,0.1134728784563721,High,High
CMP0886,Email Marketing,14710.25,2385,49735,2025-09-05,4.795415703227103,6.167819706498952,295.7725947521866,0.162131846841488,0.7774896043368835,Very High,Very High
CMP8805,Facebook Ads,1857.07,169,22715,2025-01-03,0.7440017609509135,10.988579881656804,81.75522782302443,0.0910035701400593,0.0677068164370241,Medium,Medium
CMP6866,Facebook Ads,35149.61,5386,99922,02/26/2025,5.390204359400332,6.526106572595618,351.77048097516064,0.1532307186338625,0.8259448875742914,Very High,Very High
CMP3277,LinkedIn Ads,3770.56,351,30922,2025-06-09,1.1351141582045146,10.742336182336182,121.93777892762436,0.0930896206399049,0.1056673463702433,Medium,Medium
CMP2918,LinkedIn Ads,12265.7,1167,50953,2025-10-04,2.290346005141993,10.510454155955442,240.7257668832061,0.0951433672762255,0.2179112311568607,Very High,Very High
CMP9318,Google Ads,2706.65,609,38779,08/27/2025,1.5704376079837026,4.444417077175698,69.79679723561722,0.2250013854765115,0.3533506376007518,Medium,High
CMP4836,YouTube Ads,9412.38,746,22550,2025-11-10,3.3082039911308203,12.617131367292224,417.40044345898,0.0792573185527996,0.2621993775626985,High,High
CMP3547,YouTube Ads,28360.28,3840,64061,2025-08-08,5.994286695493358,7.385489583333333,442.70741949079786,0.1354006377934209,0.8116302416864184,Very High,Very High
CMP9696,Facebook Ads,19178.26,7408,77196,01/23/2025,9.596352142598064,2.588857991360691,248.4359293227628,0.3862707044330403,3.70678970210887,Very High,Very High
CMP8702,LinkedIn Ads,97118.67,5756,64818,08/20/2025,8.88024931346231,16.872597289784572,1498.3287049893547,0.0592676979616792,0.5263119341346937,Very High,Very High
CMP6663,Facebook Ads,6018.24,784,19394,11/28/2025,4.042487367226977,7.676326530612244,310.3145302670929,0.1302706439091827,0.5266174323233952,High,High
CMP7525,YouTube Ads,28136.59,9612,99948,08/21/2025,9.617000840437028,2.927235746982938,281.51228638892223,0.341619222514171,3.285352350028227,Very High,Very High
CMP6069,Email Marketing,79007.69,5816,62856,11/18/2025,9.25289550719104,13.5845409215956,1256.9633766068475,0.0736130875361626,0.6811342069338199,Very High,Very High
CMP6978,Instagram Ads,112306.94,8937,93495,04/17/2025,9.558799935825444,12.566514490321136,1201.207979036312,0.0795765604512063,0.7606564209342005,Very High,Very High
CMP5964,Google Ads,7420.8,834,16544,11/13/2025,5.04110251450677,8.897841726618704,448.54932301740814,0.1123868046571798,0.5665534035546903,High,High
CMP1098,YouTube Ads,16754.83,3404,94974,06/21/2025,3.584138816939373,4.922100470035253,176.41491355528882,0.2031652962160761,0.7281726244230246,Very High,Very High
CMP9505,Email Marketing,7889.2,973,29498,05/17/2025,3.298528713811106,8.108119218910586,267.4486405858024,0.1233331643259139,0.4068179838942106,High,High
CMP5657,LinkedIn Ads,48707.34,4157,65730,2025-04-03,6.324357218925909,11.716944912196295,741.0214513920583,0.0853464796065644,0.5397616244096888,Very High,Very High
CMP4789,LinkedIn Ads,100326.27,6081,83389,12/21/2025,7.2923287244120925,16.498317710902814,1203.1115614769335,0.0606122404431062,0.4420043820342362,Very High,Very High
CMP2930,Instagram Ads,1469.67,273,12085,02/27/2025,2.2589987587918907,5.383406593406594,121.61108812577577,0.1857559860376819,0.4196225418972872,Medium,Medium
CMP0372,Instagram Ads,67539.63,5640,56596,2025-09-03,9.965368577284616,11.97511170212766,1193.3640186585626,0.0835065279451486,0.8321733295827238,Very High,Very High
CMP4777,Facebook Ads,1278.46,72,10250,04/29/2025,0.702439024390244,17.75638888888889,124.7278048780488,0.0563177573017536,0.0395597904948903,Medium,Low
CMP5347,LinkedIn Ads,80881.9,5504,79772,2025-08-10,6.899664042521185,14.695112645348836,1013.9134031991176,0.068049835624534,0.4695210039580748,Very High,Very High
CMP5022,Facebook Ads,10732.82,978,36079,05/28/2025,2.710718146290086,10.974253578732108,297.4810831785804,0.091122370448773,0.2470070631084564,Very High,High
CMP2635,Email Marketing,13576.12,2386,72165,03/31/2025,3.3063119240629115,5.689907795473596,188.12609990992863,0.1757497723944691,0.5810835681191758,Very High,Very High
CMP9414,Facebook Ads,19579.9,2183,59788,04/16/2025,3.651234361410317,8.969262482821806,327.48879373787383,0.1114918870882895,0.4070830091552419,Very High,Very High
CMP2424,Instagram Ads,87519.94,4472,60776,2025-01-10,7.358167697775437,19.57064847942755,1440.0411346584178,0.0510969271688257,0.3759797589492378,Very High,Very High
CMP2382,LinkedIn Ads,3419.8,1328,43971,2025-07-10,3.020172386345546,2.575150602409639,77.7739874007869,0.3883268027370021,1.1728138865041478,Medium,Very High
CMP4749,YouTube Ads,40555.26,2459,89410,08/15/2025,2.7502516497036127,16.492582350549004,453.5875181747009,0.0606333185880203,0.1667568844737078,Very High,Very High
CMP2285,Email Marketing,7946.68,1007,74215,07/25/2025,1.3568685575692243,7.891439920556108,107.07646702149162,0.126719586040963,0.1719418219271707,High,Very High
CMP3198,YouTube Ads,30226.33,1869,71000,05/23/2025,2.632394366197183,16.172461209202783,425.72295774647887,0.0618335074089378,0.1627701765454997,Very High,Very High
CMP1432,YouTube Ads,18198.52,1642,53697,2025-05-11,3.057898951524294,11.083142509135202,338.9112985827886,0.0902271173699839,0.2759054076047332,Very High,Very High
CMP2424,Email Marketing,28492.96,3078,58051,2025-07-01,5.302234242304181,9.256972059779075,490.8263423541368,0.1080266844862731,0.572782785565707,Very High,Very High
CMP9192,Google Ads,28926.02,1869,30271,2025-01-08,6.174226157048,15.47673622257892,955.56869611179,0.0646131061238289,0.3989359299178632,Very High,Very High
CMP6945,Email Marketing,20425.89,1193,56289,2025-03-11,2.1194194247543927,17.121450125733446,362.87533976443,0.0584062677317855,0.1237873783581518,Very High,Very High
CMP8607,Instagram Ads,19398.18,1005,10665,2025-12-07,9.423347398030945,19.30167164179105,1818.8635724331928,0.0518089841418112,0.4882140559073633,Very High,Very High
CMP2866,YouTube Ads,72989.33,5868,62570,2025-12-03,9.378296308134887,12.438536128152691,1166.5227744925685,0.0803953125751394,0.7539710631147802,Very High,Very High
CMP4948,YouTube Ads,50341.55,4097,41834,08/26/2025,9.793469426782044,12.28741762265072,1203.3644882153274,0.0813840654489184,0.7970323568012116,Very High,Very High
CMP7743,Google Ads,46678.56,4763,87696,2025-09-09,5.431262543331509,9.800243543984884,532.2769567597153,0.1020382805296478,0.5541966910266293,Very High,Very High
CMP9813,Email Marketing,52469.9,4810,49416,2025-12-08,9.733689493281528,10.908503118503118,1061.799821920026,0.0916716060064913,0.8923029482176286,Very High,Very High
CMP1960,Instagram Ads,76081.31,6054,69177,05/13/2025,8.751463636757881,12.567114304592003,1099.8064385561674,0.0795727623512266,0.6963781361931363,Very High,Very High
CMP2220,Instagram Ads,1934.28,266,23405,2025-03-08,1.1365092928861351,7.2717293233082705,82.64387951292458,0.1375188700705172,0.1562914737823438,Medium,Medium
CMP1259,YouTube Ads,14963.31,2622,27403,02/18/2025,9.56829544210488,5.706830663615561,546.0464182753713,0.1752286091780495,1.6766391025247085,Very High,Very High
CMP4933,Instagram Ads,25016.56,5989,91842,10/24/2025,6.520981685938895,4.177084655201202,272.38692537183425,0.2394014204990614,1.5611322786621358,Very High,Very High
CMP7945,LinkedIn Ads,5944.85,1385,46605,03/21/2025,2.9717841433322607,4.29231046931408,127.55820190966637,0.2329747596659293,0.6923506965718531,High,Very High
CMP8613,YouTube Ads,134275.1,9079,95394,02/28/2025,9.517370065203265,14.789635422403348,1407.5843344445143,0.0676149189239106,0.6435162053275731,Very High,Very High
CMP0285,LinkedIn Ads,37971.99,2602,47640,03/13/2025,5.461796809403862,14.59338585703305,797.0610831234256,0.0685241937543963,0.3742652228147339,Very High,Very High
CMP4992,Google Ads,12737.79,1993,99577,12/22/2025,2.0014662020346066,6.391264425489212,127.91899735882788,0.1564635623605036,0.313156531914482,Very High,Very High
CMP1288,LinkedIn Ads,7257.49,1880,92546,2025-05-09,2.031422211656906,3.860367021276596,78.42035312169084,0.2590427268931821,0.5262251491789838,High,Very High
CMP8413,YouTube Ads,2428.0,530,9768,2025-10-05,5.425880425880425,4.581132075471698,248.56674856674857,0.2182866556836902,1.1843972923050352,Medium,High
CMP2029,YouTube Ads,44872.5,2456,28922,2025-05-04,8.491805545951179,18.27056188925081,1551.5005877878432,0.0547328541980054,0.46478075482436,Very High,Very High
CMP4545,YouTube Ads,15584.13,2935,47591,09/14/2025,6.1671324410077535,5.30975468483816,327.45960370658315,0.1883326178618889,1.1614721973159718,Very High,Very High
CMP0230,YouTube Ads,17445.06,2981,30442,05/25/2025,9.792392089875827,5.852083193559209,573.0589317390447,0.1708793205641023,1.6733173070152725,Very High,Very High
CMP8261,Email Marketing,44917.28,3052,64221,2025-05-04,4.752339577396802,14.717326343381387,699.4173245511593,0.0679471241357446,0.3229078072005927,Very High,Very High
CMP6949,Facebook Ads,18436.82,1914,69403,2025-10-06,2.7578058585363747,9.632612330198535,265.6487471723124,0.1038139982925472,0.2862988526892718,Very High,Very High
CMP5919,Email Marketing,35300.39,2332,39784,2025-12-02,5.861652925799317,15.137388507718695,887.3011763523025,0.0660615930872151,0.3872301304026387,Very High,Very High
CMP5112,Email Marketing,23167.7,1900,60190,05/29/2025,3.1566705432796147,12.193526315789477,384.9094533975744,0.0820107304566271,0.2588808570652791,Very High,Very High
CMP6021,Facebook Ads,4292.76,301,3675,07/22/2025,8.190476190476192,14.261661129568107,1168.0979591836735,0.0701180592439363,0.5743002947598593,Medium,Medium
CMP6469,LinkedIn Ads,26555.21,1716,93099,03/28/2025,1.843199175071698,15.475064102564104,285.236253880278,0.064620087734196,0.1191076924047309,Very High,Very High
CMP6624,Google Ads,27176.71,1789,32522,05/23/2025,5.500891704077239,15.191006148686416,835.6407969989546,0.0658284244119321,0.3621150337400731,Very High,Very High
CMP6558,Instagram Ads,71948.28,5511,64367,07/27/2025,8.561840694765952,13.055394665215024,1117.782093308683,0.0765966886213263,0.6558086457223878,Very High,Very High
CMP2002,Instagram Ads,26961.87,4123,66138,2025-10-03,6.233935105385709,6.539381518311909,407.66080014515103,0.1529196602461179,0.95329123831193,Very High,Very High
CMP0439,Facebook Ads,71959.15,5002,52152,03/20/2025,9.59119496855346,14.38607556977209,1379.796556220279,0.0695116604351218,0.6666998878211374,Very High,Very High
CMP8519,LinkedIn Ads,13014.05,1704,63082,2025-12-09,2.70124599727339,7.637353286384976,206.3036999461019,0.130935412112294,0.353688757869676,Very High,Very High
CMP8857,YouTube Ads,1309.27,66,4316,2025-02-03,1.5291936978683969,19.83742424242424,303.352641334569,0.0504097703300312,0.077086303099677,Medium,Low
CMP0590,Google Ads,32712.48,2330,25182,2025-05-06,9.252640775156856,14.039690987124464,1299.0421729807006,0.0712266388852205,0.6590345032267647,Very High,Very High
CMP7987,Google Ads,61841.49,5579,76560,2025-11-10,7.287095088819227,11.084690804803728,807.7519592476489,0.0902145145597235,0.6574017459883724,Very High,Very High
CMP8302,Google Ads,24623.71,2207,53299,07/13/2025,4.140790633970619,11.15709560489352,461.99196983057846,0.0896290607711023,0.3711351753725639,Very High,Very High
CMP2101,Instagram Ads,4290.54,270,47727,11/17/2025,0.5657175183858194,15.890888888888888,89.89754227167013,0.0629291417863485,0.0356001179255224,Medium,Medium
CMP6750,Instagram Ads,4924.7,727,9398,2025-01-05,7.735688444349861,6.774002751031636,524.0157480314961,0.1476232054744451,1.1419671247065506,Medium,High
CMP4996,Google Ads,4096.74,1440,46249,06/16/2025,3.1135808341801985,2.844958333333333,88.58007740707907,0.3514989967632801,1.0944205395557165,Medium,Very High
CMP6901,Instagram Ads,4352.22,406,4674,2025-12-01,8.68635002139495,10.719753694581282,931.1553273427472,0.0932857254458644,0.8103124632225277,Medium,Medium
CMP8002,Google Ads,28682.79,3423,92552,09/15/2025,3.698461405480163,8.37943032427695,309.90999654248424,0.1193398550141042,0.4413738479052629,Very High,Very High
CMP3306,LinkedIn Ads,22093.35,1284,85288,2025-02-10,1.5054872901228775,17.206658878504673,259.0440624706875,0.0581170352164791,0.087494457858033,Very High,Very High
CMP6587,Facebook Ads,23433.16,1556,83863,10/24/2025,1.8554070328988943,15.059871465295627,279.4219143126289,0.0664016291443407,0.123202049710354,Very High,Very High
CMP8701,LinkedIn Ads,15165.97,1768,57981,2025-09-02,3.0492747624221725,8.578037330316741,261.56792742450114,0.1165767834170844,0.3554746435580712,Very High,Very High
CMP3279,LinkedIn Ads,28324.92,2108,54730,08/21/2025,3.851635300566417,13.436869070208727,517.5391923990499,0.0744220989856282,0.2866467835952937,Very High,Very High
CMP3057,YouTube Ads,25231.01,1794,67431,08/28/2025,2.6604973973395025,14.064108138238572,374.1752309768504,0.0711029800233918,0.1891692932953166,Very High,Very High
CMP7107,YouTube Ads,12000.55,1031,97238,2025-06-07,1.060285073736605,11.639718719689622,123.41420020979452,0.0859127289999208,0.091091984202594,Very High,Very High
CMP4920,LinkedIn Ads,46691.66,2660,55773,2025-02-02,4.769332831298299,17.553255639097745,837.1731841572088,0.0569694887695147,0.2717064531707263,Very High,Very High
CMP4202,Email Marketing,19051.67,1984,80804,02/28/2025,2.45532399386169,9.60265625,235.7763229543092,0.1041378524822233,0.2556921678688321,Very High,Very High
CMP7605,LinkedIn Ads,35804.68,3622,75377,01/19/2025,4.805179298725076,9.88533406957482,475.0080263210263,0.1011599600946021,0.486091746106437,Very High,Very High
CMP4552,Email Marketing,20538.74,1491,74182,01/22/2025,2.0099215443099405,13.77514419852448,276.8695910059044,0.0725945213776502,0.1459092925158077,Very High,Very High
CMP9857,Instagram Ads,18676.05,972,10333,2025-06-07,9.40675505661473,19.214043209876543,1807.4179812252007,0.052045266531199,0.489577074115218,Very High,High
CMP9355,Email Marketing,12076.36,1038,67568,10/25/2025,1.536230168126924,11.634258188824663,178.72898413450156,0.0859530520786064,0.1320436716457398,Very High,Very High
CMP2004,Instagram Ads,53857.63,3244,45160,2025-01-05,7.183348095659876,16.60222872996301,1192.5958813108946,0.0602328769386993,0.4326737218537214,Very High,Very High
CMP7201,LinkedIn Ads,8571.5,2464,35332,2025-01-10,6.973848069738481,3.4786931818181817,242.59877731235144,0.2874642711310739,2.00473215234622,High,Very High
CMP4037,Instagram Ads,16613.96,1536,20993,2025-08-07,7.316724622493212,10.816380208333332,791.4047539656075,0.0924523713792497,0.6764485420784434,Very High,Very High
CMP0896,Email Marketing,27542.55,3976,90027,07/16/2025,4.4164528419252,6.927200704225352,305.936552367623,0.1443584562794657,0.6375523144913814,Very High,Very High
CMP2000,YouTube Ads,17313.33,1862,32983,07/21/2025,5.645332443986296,9.298243823845327,524.9167753084923,0.1075471905173643,0.6071396438872523,Very High,Very High
CMP4873,Facebook Ads,25024.4,1847,23001,11/26/2025,8.030085648450068,13.548673524634545,1087.9700882570326,0.0738079634276945,0.5926842678620576,Very High,Very High
CMP8056,LinkedIn Ads,127533.87,6815,98592,06/20/2025,6.912325543654657,18.71370066030814,1293.55191090555,0.0534367850673707,0.3693724543919705,Very High,Very High
CMP5765,LinkedIn Ads,100794.85,6023,80920,06/17/2025,7.4431537320810675,16.734990868338038,1245.6110973801287,0.0597550370877083,0.4447659273100189,Very High,Very High
CMP3011,Email Marketing,25877.44,5301,60117,07/25/2025,8.817805279704576,4.881614789662327,430.4512866576842,0.2048502479379722,1.806329597816243,Very High,Very High
CMP2586,Facebook Ads,114770.52,5895,69681,11/29/2025,8.459981917595902,19.469129770992367,1647.0848581392345,0.0513633640415674,0.4345331310185563,Very High,Very High
CMP7398,LinkedIn Ads,15797.47,2237,98360,12/18/2025,2.2742984953233023,7.061899865891819,160.60868239121592,0.141604953198202,0.3220519319889974,Very High,Very High
CMP2981,LinkedIn Ads,30355.49,4722,51456,2025-12-01,9.1767723880597,6.428523930537908,589.931009017413,0.1555567048991796,1.4275084742963433,Very High,Very High
CMP7577,Facebook Ads,50863.37,2922,36312,01/26/2025,8.046926635822867,17.407039698836414,1400.7317140339285,0.0574480220244942,0.4622800186042415,Very High,Very High
CMP6029,Facebook Ads,2777.23,1011,76349,09/27/2025,1.3241823730500728,2.7470128585558853,36.37546005841596,0.3640317870684099,0.4820444756659058,Medium,Very High
CMP3329,Facebook Ads,19126.62,1229,36891,07/15/2025,3.331435851562712,15.562750203417412,518.4630397657966,0.0642559950477397,0.2140647255798762,Very High,Very High
CMP4637,Email Marketing,30955.14,3152,90760,07/29/2025,3.472895548699868,9.82079314720812,341.0658880564125,0.101824769650533,0.3536267892667254,Very High,Very High
CMP4069,Instagram Ads,78189.55,5655,78402,02/13/2025,7.212826203413178,13.826622458001768,997.2902476977628,0.0723242428176143,0.5216621937369063,Very High,Very High
CMP6514,Email Marketing,27366.39,2971,29815,2025-05-08,9.964782827435856,9.21117132278694,917.8732181787692,0.1085638259193119,1.0818149482014956,Very High,Very High
CMP5454,Facebook Ads,58871.56,2952,63726,2025-10-12,4.632332172111854,19.942940379403797,923.8232432602076,0.0501430571909424,0.2322792970336474,Very High,Very High
CMP8267,YouTube Ads,49565.66,2528,51930,2025-10-12,4.868091661852493,19.60666930379747,954.470633545157,0.0510030533236115,0.2482875386136914,Very High,Very High
CMP2784,YouTube Ads,50517.11,2828,66597,2025-09-03,4.2464375272159405,17.86319306930693,758.5493340540866,0.0559810329609116,0.2377199591775277,Very High,Very High
CMP1915,Instagram Ads,2022.51,180,7788,05/24/2025,2.311248073959938,11.236166666666666,259.695685670262,0.0889983238649005,0.2056972046184141,Medium,Medium
CMP4322,YouTube Ads,65582.64,3619,43026,2025-11-06,8.411193231999256,18.121757391544627,1524.2560312369264,0.0551822860439896,0.4641488708994531,Very High,Very High
CMP7209,Google Ads,2273.34,658,26762,2025-04-04,2.458710111351917,3.454924012158055,84.94656602645543,0.2894419664458462,0.7116538895499843,Medium,High
CMP1901,LinkedIn Ads,4387.03,502,7346,12/30/2025,6.833650966512388,8.73910358565737,597.1998366457935,0.1144282122529365,0.7819624632585642,Medium,High
CMP2426,Google Ads,4949.32,816,47823,05/26/2025,1.7062919515714197,6.065343137254902,103.49246178616984,0.1648711338123217,0.2813182886704191,Medium,High
CMP9596,Facebook Ads,971.54,83,78486,10/20/2025,0.1057513441887725,11.705301204819277,12.37851336544097,0.08543137698911,0.0090344829524961,Low,Low
CMP1546,Instagram Ads,2812.48,195,5402,12/15/2025,3.6097741577193623,14.42297435897436,520.6368011847464,0.0693338263738764,0.2502794547002203,Medium,Medium
CMP5301,Facebook Ads,1403.69,133,5784,12/29/2025,2.299446749654219,10.55406015037594,242.6849930843707,0.0947502653719838,0.2178731897384829,Medium,Medium
CMP5398,Google Ads,61174.13,7473,88005,10/19/2025,8.491562979376171,8.186020339890272,695.1210726663257,0.1221594814670842,1.0373249304056815,Very High,Very High
CMP0910,Email Marketing,3423.42,831,11269,2025-11-05,7.3742124412104,4.119638989169675,303.79093087230456,0.2427397164239269,1.7900142368292065,Medium,High
CMP2670,LinkedIn Ads,32959.85,2384,54742,2025-01-12,4.354974242811735,13.82544043624161,602.0943699536006,0.0723304262610418,0.3149971433384307,Very High,Very High
CMP5081,Email Marketing,9881.18,1125,81103,02/19/2025,1.38712501387125,8.78327111111111,121.83495061834952,0.1138527989572095,0.1579280653327999,High,Very High
CMP7806,Instagram Ads,49191.85,4967,75801,2025-05-08,6.552684001530324,9.903734648681295,648.9604358781546,0.1009720106074481,0.6616376785097758,Very High,Very High
CMP0663,YouTube Ads,55157.13,3847,46793,11/28/2025,8.221315153976022,14.337699506108656,1178.7474622272562,0.0697461960040343,0.573405458140149,Very High,Very High
CMP4763,LinkedIn Ads,12826.54,698,59325,2025-02-09,1.1765697429414244,18.376131805157595,216.20800674252,0.0544184168138874,0.0640270626819948,Very High,High
CMP4074,YouTube Ads,30749.96,2470,58063,2025-10-10,4.253999965554656,12.449376518218624,529.5964727967897,0.0803253077402377,0.3417038563601384,Very High,Very High
CMP1549,LinkedIn Ads,36634.86,4201,88619,10/27/2025,4.74051839898893,8.72050940252321,413.39735271217234,0.1146722001940228,0.5436056748723073,Very High,Very High
CMP2942,Facebook Ads,1662.19,420,53505,12/27/2025,0.784973366975049,3.957595238095238,31.0660685917204,0.252678694974702,0.1983460459571532,Medium,Medium
CMP7372,YouTube Ads,28116.68,1448,36743,2025-06-04,3.940886699507389,19.417596685082877,765.2254851264187,0.0514996791939873,0.2029544007644821,Very High,Very High
CMP1743,LinkedIn Ads,510.06,196,72041,2025-01-03,0.2720672950125623,2.60234693877551,7.080134923168751,0.384268517429322,0.1045468960954833,Low,Medium
CMP9862,Email Marketing,33709.06,2530,65795,2025-12-11,3.845276996732274,13.32373913043478,512.3346758872254,0.075054006252325,0.2886034437546658,Very High,Very High
CMP4959,Google Ads,894.16,326,18395,02/27/2025,1.7722207121500406,2.7428220858895704,48.60886110356075,0.3645879932003221,0.646130392950829,Low,Medium
CMP2379,Email Marketing,31611.87,1834,33690,2025-03-10,5.4437518551498965,17.236570338058886,938.3161175422974,0.0580161818962307,0.31582569782632,Very High,Very High
CMP6913,Google Ads,7133.98,390,17264,12/26/2025,2.2590361445783134,18.29225641025641,413.2286839666357,0.0546679413174693,0.1234968553858494,High,Medium
CMP3976,Facebook Ads,40530.66,2382,40644,07/20/2025,5.86064363743726,17.01539042821159,997.211396516091,0.0587703235032442,0.3444319225094175,Very High,Very High
CMP7075,LinkedIn Ads,76870.57,6088,66972,2025-11-10,9.090366123155944,12.626571944809465,1147.8016185868723,0.0791980598036413,0.7199393598587001,Very High,Very High
CMP7994,Facebook Ads,12262.2,1044,95623,2025-05-08,1.091787540654445,11.745402298850577,128.23483889859136,0.0851396976072809,0.0929544610627163,Very High,Very High
CMP6835,LinkedIn Ads,14241.22,1063,17327,11/27/2025,6.134933918162405,13.39719661335842,821.9091591158308,0.0746424814727951,0.45792669132326,Very High,Very High
CMP3150,LinkedIn Ads,23878.41,3639,47068,04/23/2025,7.731367383360245,6.561805441055235,507.3172856293022,0.1523970817152398,1.1782378268924911,Very High,Very High
CMP7676,Facebook Ads,45012.16,3011,40455,2025-02-08,7.442837720924484,14.949239455330456,1112.6476331726612,0.066893035126508,0.4978740051067004,Very High,Very High
CMP1413,Email Marketing,6124.58,1107,65293,03/22/2025,1.6954344263550458,5.532592592592593,93.80147948478395,0.1807470879635828,0.306444835396882,High,Very High
CMP4976,Facebook Ads,7743.44,2330,29450,2025-10-01,7.911714770797963,3.323364806866953,262.9351443123939,0.3008998584608391,2.3806338547156374,High,Very High
CMP8249,Google Ads,3964.16,395,10344,11/13/2025,3.818638824439288,10.035848101265822,383.2327919566899,0.099642799483371,0.3804998626830196,Medium,Medium
CMP5821,Google Ads,40753.84,2241,75010,12/20/2025,2.9876016531129186,18.185560017849173,543.3120917211038,0.0549886832749993,0.1642842810548908,Very High,Very High
CMP7174,LinkedIn Ads,4303.59,266,16539,2025-09-11,1.608319729125098,16.17890977443609,260.2085978596046,0.0618088619036664,0.0994084120344354,Medium,Medium
CMP1935,Facebook Ads,20368.81,1336,49400,12/29/2025,2.7044534412955468,15.24611526946108,412.324089068826,0.0655904787761288,0.177386396042324,Very High,Very High
CMP5960,Instagram Ads,5222.47,301,20058,08/13/2025,1.500648120450693,17.350398671096347,260.36843154850936,0.0576355632488075,0.08649069966044,High,Medium
CMP4699,YouTube Ads,2854.95,399,24447,2025-01-08,1.6321020984169838,7.155263157894736,116.78120014725732,0.1397572636998896,0.2280981233536057,Medium,Medium
CMP8678,LinkedIn Ads,10166.54,615,31908,07/31/2025,1.927416321925536,16.5309593495935,318.62040867494045,0.0604925569564473,0.1165943416328667,Very High,High
CMP0488,LinkedIn Ads,1355.26,90,21082,09/22/2025,0.4269044682667678,15.058444444444444,64.2851721848022,0.0664079217271962,0.0283498385136498,Medium,Low
CMP2693,LinkedIn Ads,7135.21,452,10056,2025-05-12,4.494828957836118,15.785862831858408,709.5475338106603,0.0633478201762807,0.2847376165441417,High,Medium
CMP8517,Instagram Ads,60178.01,3343,56959,12/25/2025,5.869133938446953,18.001199521387974,1056.514510437332,0.0555518535757496,0.3260412691650681,Very High,Very High
CMP0130,Instagram Ads,93969.82,5050,71178,12/25/2025,7.094888870156509,18.607885148514853,1320.2087723734862,0.0537406584369321,0.3812839994190727,Very High,Very High
CMP7245,Email Marketing,54041.75,3363,47252,2025-04-06,7.117159062050284,16.0695063931014,1143.6923304833658,0.0622296650275018,0.4428984243788387,Very High,Very High
CMP2065,YouTube Ads,14820.84,2375,72882,09/19/2025,3.2586921324881315,6.240353684210526,203.3539145468017,0.1602473274119415,0.5221967050895436,Very High,Very High
CMP0384,Google Ads,34453.76,4903,72770,2025-05-06,6.737666620860244,7.027077299612483,473.4610416380377,0.1423066742207527,0.9588149288227984,Very High,Very High
CMP4256,Email Marketing,13780.85,2953,68518,11/30/2025,4.309816398610584,4.666728750423299,201.12744096441813,0.2142828635388963,0.9235197992211696,Very High,Very High
CMP5554,Facebook Ads,118747.58,9578,99748,11/18/2025,9.602197537795243,12.39795155564836,1190.475799013514,0.0806584858403009,0.7744987141380301,Very High,Very High
CMP9385,Email Marketing,13773.04,1512,20346,2025-07-05,7.431436154526688,9.10915343915344,676.94092204856,0.1097796855305727,0.8158207240844688,Very High,Very High
CMP5920,LinkedIn Ads,5233.8,350,14843,07/30/2025,2.3580138785959712,14.953714285714286,352.6106582227312,0.0668730176926898,0.1576875038229565,High,Medium
CMP3520,LinkedIn Ads,11561.58,806,12233,07/26/2025,6.588735387885228,14.34439205955335,945.1140358047904,0.069713655054067,0.4593248260735551,Very High,High
CMP9574,LinkedIn Ads,139313.49,6987,85422,12/19/2025,8.179391725784926,19.93895663374839,1630.8853691086604,0.0501530756282108,0.4102216518160537,Very High,Very High
CMP7500,Facebook Ads,148922.15,8458,94343,2025-02-03,8.965159047306107,17.60725348782218,1578.51827904561,0.0567947749881397,0.509174190824636,Very High,Very High
CMP9160,Instagram Ads,22326.75,1282,17566,02/26/2025,7.298189684618012,17.4155616224649,1271.0207218490266,0.0574199110931953,0.4190614028320418,Very High,Very High
CMP1930,Instagram Ads,24334.58,3117,41967,2025-06-09,7.427264279076418,7.807051652229709,579.8503586151023,0.1280893280262079,0.9513532905799562,Very High,Very High
CMP5000,Instagram Ads,13450.92,799,30256,2025-08-09,2.6407985193019567,16.834693366708386,444.5703331570597,0.0594011413345704,0.1568664460811798,Very High,High
CMP6842,LinkedIn Ads,32081.05,2587,77112,06/22/2025,3.3548604627036003,12.400869733281793,416.0318757132482,0.0806395052531011,0.2705342879056083,Very High,Very High
CMP2270,YouTube Ads,120319.11,7601,85422,2025-08-12,8.89817611388167,15.829379029075122,1408.5260237409566,0.06317367207919,0.5621304599212426,Very High,Very High
CMP6712,LinkedIn Ads,14073.78,1669,32516,01/24/2025,5.132857670070119,8.432462552426603,432.8263008980194,0.1185893199978967,0.6087021007396043,Very High,Very High
CMP0407,YouTube Ads,62946.39,5110,84589,2025-05-03,6.040974594805471,12.318275929549902,744.1439194221471,0.0811801915884294,0.4904074749871431,Very High,Very High
CMP0867,YouTube Ads,25031.27,1601,70387,09/15/2025,2.2745677468850785,15.63477201748907,355.6234816088198,0.0639599988334591,0.1454813504373933,Very High,Very High
CMP0311,Instagram Ads,17938.64,1054,28975,10/24/2025,3.637618636755824,17.019582542694497,619.1075064710958,0.0587558477119781,0.2137313666554788,Very High,Very High
CMP0738,LinkedIn Ads,2273.11,224,5049,2025-01-08,4.436522083580908,10.1478125,450.2099425628838,0.098543405290549,0.4371899937627846,Medium,Medium
CMP1628,YouTube Ads,6115.09,1218,24040,2025-11-05,5.066555740432612,5.02059934318555,254.37146422628956,0.1991794070079099,1.0091535679518897,High,Very High
CMP5330,Facebook Ads,1462.37,415,5561,07/19/2025,7.462686567164178,3.52378313253012,262.9688904873224,0.2837859091748326,2.117805292349497,Medium,Medium
CMP6153,Google Ads,1720.2,257,8799,2025-02-11,2.9207864530060235,6.693385214007782,195.49948857824756,0.1494012324148354,0.4363690956996558,Medium,Medium
CMP1886,Instagram Ads,3987.9,375,9947,07/28/2025,3.769980898763446,10.6344,400.9148486981,0.0940344542240276,0.35450809625023,Medium,Medium
CMP0306,Instagram Ads,69438.21,4851,74623,2025-07-05,6.500676735054876,14.314205318491034,930.5202149471344,0.0698606718116725,0.4541416439414438,Very High,Very High
CMP1375,Email Marketing,27799.93,1716,67592,03/14/2025,2.5387619836667064,16.200425407925408,411.29024144869214,0.061726774132165,0.1567095875411221,Very High,Very High
CMP6943,YouTube Ads,986.87,392,61210,08/26/2025,0.6404182323149812,2.5175255102040817,16.122692370527695,0.3972154387102657,0.2543840091070481,Low,Medium
CMP7901,Instagram Ads,36187.13,2105,80363,07/14/2025,2.619364632977863,17.19103562945368,450.29590732053305,0.0581698520993513,0.152368053294594,Very High,Very High
CMP0746,Facebook Ads,108714.56,8800,98886,2025-03-06,8.89913637926501,12.353927272727272,1099.3928361952148,0.0809459192954467,0.7203487751551595,Very High,Very High
CMP9118,Instagram Ads,23425.82,1777,58618,2025-12-06,3.031492033163875,13.182791221159256,399.6352656180696,0.0758564694853798,0.2299582829088674,Very High,Very High
CMP4030,Email Marketing,17617.49,2848,44157,2025-03-11,6.44971352220486,6.18591643258427,398.9738886246801,0.1616575346431301,1.0426447871540974,Very High,Very High
CMP9975,LinkedIn Ads,742.16,52,2560,07/31/2025,2.03125,14.272307692307692,289.90625,0.0700657540153066,0.1423210628435917,Low,Low
CMP1330,Email Marketing,15742.8,1320,87362,2025-10-12,1.5109544195416773,11.926363636363636,180.20191845424785,0.0838478542571842,0.1266902859589789,Very High,Very High
CMP9852,Instagram Ads,25794.76,1501,52692,12/23/2025,2.8486297730205723,17.185049966688872,489.5384498595612,0.0581901130307085,0.1657620884747088,Very High,Very High
CMP0154,Facebook Ads,5898.87,374,99405,12/15/2025,0.376238619787737,15.772379679144384,59.34178361249434,0.0634019735983332,0.0238542710384554,High,Medium
CMP3624,Facebook Ads,9504.1,3023,66724,2025-10-09,4.530603680834482,3.143929870989084,142.4390024578862,0.3180732525962479,1.441063848987557,High,Very High
CMP6490,Google Ads,26799.82,2381,38352,03/29/2025,6.208281184814352,11.25569928601428,698.7854609929078,0.0888438802947184,0.5515677904195988,Very High,Very High
CMP9880,YouTube Ads,4055.34,317,25006,2025-03-02,1.2676957530192754,12.792870662460569,162.17467807726146,0.0781685382729931,0.099093923988398,Medium,Medium
CMP4495,Facebook Ads,8499.72,428,90864,12/21/2025,0.4710336326818102,19.859158878504672,93.54331748547278,0.0503545999162325,0.0237187101207821,High,Medium
CMP0033,LinkedIn Ads,15680.85,899,86012,06/15/2025,1.0452029949309398,17.44254727474972,182.31002650792917,0.057331075802651,0.0599226121315435,Very High,High
CMP8120,Instagram Ads,20434.38,6267,69797,04/25/2025,8.978895941086293,3.2606318812829107,292.7687436422769,0.3066890211496507,2.7537288071763277,Very High,Very High
CMP6421,Facebook Ads,12889.24,720,45870,01/13/2025,1.5696533682145193,17.901722222222222,280.9949858295182,0.0558605472471612,0.0876816961368128,Very High,High
CMP2695,Instagram Ads,7588.57,564,42737,02/19/2025,1.3196995577602546,13.45491134751773,177.5644055502258,0.0743223031480239,0.0980831105961707,High,High
CMP5478,Instagram Ads,5296.71,491,34394,06/24/2025,1.427574576961098,10.787596741344196,154.00098854451358,0.0926990528082526,0.1323348110974357,High,Medium
CMP9830,YouTube Ads,11198.52,833,59478,10/24/2025,1.4005178385285315,13.44360144057623,188.2800363159488,0.0743848294238881,0.1041772805240573,Very High,High
CMP1066,Facebook Ads,16392.9,991,10126,01/29/2025,9.786687734544737,16.541775983854695,1618.8919612877742,0.0604530009943329,0.5916346433476586,Very High,High
CMP0915,YouTube Ads,6098.19,351,8842,07/25/2025,3.969690115358517,17.373760683760683,689.684460529292,0.057558062310292,0.228487671012356,High,Medium
CMP0174,LinkedIn Ads,63232.05,3852,52321,11/14/2025,7.362244605416563,16.415381619937694,1208.540547772405,0.0609184740966013,0.4484967072879117,Very High,Very High
CMP8475,Instagram Ads,7138.33,1626,79045,2025-07-01,2.057056107280663,4.390116851168512,90.3071668037194,0.2277843697335371,0.468565228903449,High,Very High
CMP9392,Facebook Ads,58583.25,8387,85540,2025-04-08,9.80476969838672,6.985006557767974,684.8638064063596,0.1431637882841938,1.4036879732751155,Very High,Very High
CMP0723,Google Ads,8757.65,688,18735,09/20/2025,3.672271150253536,12.729142441860464,467.4486255671204,0.0785598876410909,0.2884932089515375,High,High
CMP2416,LinkedIn Ads,21710.16,2859,42458,2025-05-01,6.733713316689434,7.593620146904512,511.3326110509209,0.1316894946882013,0.8867593040500434,Very High,Very High
CMP8309,YouTube Ads,4105.09,482,9157,04/13/2025,5.263732663536093,8.516784232365145,448.30075352189584,0.1174152089235558,0.6180422704068356,Medium,Medium
CMP7658,YouTube Ads,95320.58,5475,92756,10/17/2025,5.902583121307516,17.410151598173517,1027.648669627841,0.0574377537358669,0.3390311157271457,Very High,Very High
CMP7444,Google Ads,34352.7,1847,67002,11/24/2025,2.756634130324468,18.59918787222523,512.7115608489299,0.0537657884241995,0.1482126074139527,Very High,Very High
CMP7877,Email Marketing,19065.11,3129,45452,2025-05-04,6.884185514388806,6.093036113774369,419.45590953093375,0.1641217910623122,1.1298448566267163,Very High,Very High
CMP1888,Facebook Ads,10936.52,1853,40086,10/27/2025,4.6225614927905,5.902061521856449,272.8264231901412,0.1694323239933726,0.7832113365257684,Very High,Very High
CMP3588,Instagram Ads,24537.97,2905,96219,2025-11-10,3.019154221099783,8.446805507745268,255.0220850351802,0.1183879514075532,0.3574314832194704,Very High,Very High
CMP1658,Google Ads,20983.38,2298,90795,02/26/2025,2.5309763753510657,9.131148825065274,231.1072195605485,0.10951524492241,0.2771804976394055,Very High,Very High
CMP6101,Email Marketing,43275.22,2208,24460,11/16/2025,9.026982829108748,19.59928442028985,1769.2240392477513,0.051022270943972,0.4605771637133702,Very High,Very High
CMP2143,Facebook Ads,20343.2,2231,27124,2025-11-07,8.225188025364991,9.118422232182878,750.0073735437252,0.1096680954815368,0.9020407057193212,Very High,Very High
CMP9623,Facebook Ads,40125.44,2459,72184,06/17/2025,3.4065720935387347,16.317787718584793,555.8772027042004,0.0612828170856194,0.2087643344973101,Very High,Very High
CMP8328,YouTube Ads,26861.71,1764,66092,08/29/2025,2.669006838951764,15.227726757369616,406.4290685710827,0.0656696837245283,0.1752728349725654,Very High,Very High
CMP8343,Instagram Ads,45686.11,4300,67350,06/14/2025,6.384558277654046,10.624676744186049,678.3386785449146,0.094120510588448,0.6009178849745009,Very High,Very High
CMP7763,Instagram Ads,45565.27,3334,78177,10/26/2025,4.264681428041495,13.666847630473905,582.8475126955498,0.0731697628478883,0.3120457287115898,Very High,Very High
CMP3841,LinkedIn Ads,12949.08,1303,30651,07/13/2025,4.251084793318325,9.937897160399078,422.46843496133897,0.1006249092599628,0.4277650215840645,Very High,Very High
CMP1377,Instagram Ads,37206.02,4300,60262,10/26/2025,7.1355082805084455,8.652562790697674,617.4043344064252,0.1155726949563538,0.8246699218617395,Very High,Very High
CMP7661,LinkedIn Ads,50731.21,3060,55602,2025-12-06,5.503399158303658,16.57882679738562,912.3990144239416,0.0603178989817116,0.3319534744865969,Very High,Very High
CMP1244,Instagram Ads,11261.35,653,12802,09/20/2025,5.100765505389783,17.245558958652374,879.6555225745977,0.0579859430707686,0.2957726982128721,Very High,High
CMP1613,Google Ads,2494.73,787,11351,04/13/2025,6.933309840542684,3.16992376111817,219.7806360673069,0.3154650002204647,2.187216590375348,Medium,High
CMP4497,Facebook Ads,46095.58,2308,94489,2025-06-10,2.4426123675771785,19.972088388214907,487.8407010339828,0.0500698765478165,0.1223012996987591,Very High,Very High
CMP6617,LinkedIn Ads,87397.14,6257,78015,08/30/2025,8.020252515541882,13.967898353843696,1120.2607190924823,0.071592731753007,0.5741917869365698,Very High,Very High
CMP3439,LinkedIn Ads,27614.28,2162,32634,2025-10-10,6.624992339278053,12.772562442183164,846.1812833241404,0.078292825306327,0.5186893678748514,Very High,Very High
CMP3078,LinkedIn Ads,42514.18,6893,93480,08/19/2025,7.373769790329482,6.167732482228348,454.7943945228926,0.1621341397152667,1.1955398214134936,Very High,Very High
CMP5007,Email Marketing,5088.02,305,3268,2025-01-07,9.332925336597308,16.682032786885248,1556.921664626683,0.0599447329216473,0.5594597166800009,High,Medium
CMP8809,Instagram Ads,2983.83,240,44739,01/17/2025,0.5364447126668008,12.432625,66.69415945819084,0.0804335367631534,0.0431481455176843,Medium,Medium
CMP9959,YouTube Ads,19271.47,3173,53234,07/20/2025,5.960476387271293,6.073580208005043,362.01431416012326,0.1646475333744649,0.9813777349009604,Very High,Very High
CMP9331,LinkedIn Ads,20828.03,5041,85755,02/23/2025,5.878374438808233,4.131725848046022,242.87831613317007,0.2420296110577909,1.4227406790768165,Very High,Very High
CMP0440,Facebook Ads,6161.81,334,28083,07/17/2025,1.1893316241142329,18.448532934131737,219.4142363707581,0.0542048521457169,0.0644675448373373,High,Medium
CMP7450,Google Ads,11573.21,4297,50319,06/17/2025,8.53951787595143,2.693323248778217,229.99682028657165,0.3712885189156682,3.17062494441588,Very High,Very High
CMP7836,Email Marketing,16255.21,846,11012,04/16/2025,7.682528151107883,19.214196217494088,1476.1360334180893,0.0520448520812711,0.3998360412346115,Very High,High
CMP7779,Facebook Ads,90150.48,4761,81129,10/28/2025,5.868431756831712,18.935198487712665,1111.1992012720482,0.0528116988395402,0.3099218506021907,Very High,Very High
CMP0122,Facebook Ads,9717.93,574,60422,2025-06-11,0.9499851047631658,16.930191637630664,160.83429876535038,0.0590660768291189,0.0561118931844597,High,High
CMP7540,LinkedIn Ads,5698.96,370,77514,05/28/2025,0.4773331269190082,15.402594594594596,73.5216864050365,0.0649241265072925,0.0309904363182112,High,Medium
CMP6408,YouTube Ads,12004.75,1750,24954,11/13/2025,7.0129037428869125,6.859857142857143,481.0751783281237,0.1457756304796018,1.022310464612099,Very High,Very High
CMP9317,Google Ads,2724.73,407,53583,03/22/2025,0.759569266371797,6.694668304668305,50.85064292779427,0.1493725983858951,0.1134588349720234,Medium,Medium
CMP3560,LinkedIn Ads,21157.39,4578,55907,2025-08-07,8.188598923211762,4.621535605067715,378.4390147924232,0.2163782961887076,1.7718350831772467,Very High,Very High
CMP7389,Facebook Ads,10209.16,899,35130,08/25/2025,2.559066325078281,11.356129032258064,290.61087389695416,0.0880581752073628,0.2253467108210053,Very High,High
CMP6245,Instagram Ads,115201.99,6592,99774,07/23/2025,6.606931665564176,17.476030036407767,1154.6293623589313,0.0572212337651458,0.3780567813055924,Very High,Very High
CMP5360,Email Marketing,42517.04,4021,62849,2025-12-02,6.397874270075896,10.573747823924396,676.495091409569,0.0945738461567409,0.6050715769483288,Very High,Very High
CMP7714,Instagram Ads,12845.91,748,23150,2025-07-11,3.2311015118790496,17.173676470588234,554.8989200863931,0.0582286502085099,0.1881426797233928,Very High,High
CMP2760,Google Ads,3344.53,233,90000,03/20/2025,0.2588888888888889,14.354206008583692,37.16144444444445,0.0696659919330967,0.0180357512449017,Medium,Medium
CMP8722,Facebook Ads,19203.8,5757,59941,11/22/2025,9.60444437029746,3.3357304151467777,320.3783720658648,0.2997844176673367,2.8792627625679543,Very High,Very High
CMP6400,Email Marketing,12599.46,3687,42412,2025-03-01,8.693294350655476,3.417266069975589,297.07299820805434,0.2926315889728607,2.5439325392411054,Very High,Very High
CMP3909,Facebook Ads,810.11,82,13978,2025-08-01,0.586636142509658,9.87939024390244,57.95607383030477,0.1012208218636975,0.0593797924797767,Low,Low
CMP1583,Email Marketing,2400.34,734,24004,09/20/2025,3.0578236960506584,3.2702179836512264,99.99750041659723,0.3057900130814801,0.9350519480161908,Medium,High
CMP3394,YouTube Ads,16403.02,3555,53781,04/20/2025,6.6101411279076245,4.614070323488045,304.9965601234637,0.2167283829441164,1.4326051976838172,Very High,Very High
CMP5182,Google Ads,18867.21,1792,53011,2025-03-02,3.3804304766935163,10.52857700892857,355.91122597196807,0.0949795968773337,0.3210719239482033,Very High,Very High
CMP3581,LinkedIn Ads,81615.18,4142,41522,02/22/2025,9.975434709310726,19.70429261226461,1965.5888444679929,0.0507503628614186,0.5062569311979099,Very High,Very High
CMP5315,Email Marketing,92154.67,6416,93267,12/22/2025,6.879174842119936,14.36325903990025,988.0737023813354,0.0696220820930724,0.4789424755906727,Very High,Very High
CMP5210,Email Marketing,5043.7,603,65193,2025-08-11,0.9249459297777368,8.364344941956881,77.36566809320018,0.1195550885262803,0.1105819925165999,High,High
CMP8249,YouTube Ads,1754.35,267,94357,2025-12-11,0.2829678773169982,6.570599250936329,18.592685227381114,0.1521931199589591,0.0430657640970379,Medium,Medium
CMP1301,Google Ads,9173.04,817,20029,04/14/2025,4.079085326276898,11.227711138310896,457.98791751959664,0.0890653480198494,0.3633051541875131,High,High
CMP9799,LinkedIn Ads,26357.97,5435,98895,2025-12-06,5.495727792102735,4.849672493100276,266.5247990292735,0.2061994910837215,1.1332162738662486,Very High,Very High
CMP0389,Facebook Ads,46542.16,5477,98059,04/16/2025,5.585412863684108,8.497746941756438,474.63425080818695,0.117678251288724,0.6572816185238901,Very High,Very High
CMP3645,YouTube Ads,35123.89,4321,52002,08/15/2025,8.309295796315526,8.128648461004397,675.4334448675052,0.1230216812545535,1.02222353890413,Very High,Very High
CMP2319,Facebook Ads,1312.82,237,18457,2025-09-10,1.2840656661429268,5.539324894514768,71.12856910657203,0.1805274142685212,0.2318090544597688,Medium,Medium
CMP5104,Facebook Ads,22299.41,3286,96591,2025-01-04,3.4019732687310413,6.786186853317103,230.86426271598805,0.1473581588033046,0.5013085171782662,Very High,Very High
CMP3300,Instagram Ads,13495.63,705,65068,2025-04-07,1.0834818958627896,19.14273758865248,207.4080961455708,0.052239132222801,0.0566001540189873,Very High,High
CMP9985,Email Marketing,22333.91,1326,58810,2025-04-09,2.254718585274613,16.84306938159879,379.76381567760586,0.059371601300444,0.1338662528896255,Very High,Very High
CMP4919,YouTube Ads,15839.56,1301,72411,03/31/2025,1.7966883484553453,12.174911606456572,218.7452182679427,0.0821361199427256,0.1475730096884259,Very High,Very High
CMP9211,YouTube Ads,5323.89,639,65025,08/29/2025,0.9826989619377162,8.331596244131456,81.87450980392158,0.1200250192997977,0.1179484618724655,High,High
CMP6132,LinkedIn Ads,65508.44,3456,55025,2025-11-07,6.280781462971377,18.95498842592593,1190.5213993639254,0.0527565608339933,0.3313524293362669,Very High,Very High
CMP6698,Google Ads,15764.68,838,18315,03/25/2025,4.575484575484576,18.812267303102622,860.7523887523888,0.0531568036902747,0.2432181353669135,Very High,High
CMP5712,YouTube Ads,109645.83,8055,94946,2025-08-07,8.483769721736566,13.612145251396647,1154.8230573167905,0.0734638061474841,0.6232500142375504,Very High,Very High
CMP3971,LinkedIn Ads,5687.5,420,6522,12/13/2025,6.439742410303588,13.541666666666666,872.0484513952775,0.0738461538461538,0.4755502087608804,High,Medium
CMP7463,Email Marketing,7451.27,1091,21315,10/24/2025,5.118461177574478,6.829761686526124,349.5787004456956,0.1464179931743179,0.7494348137611111,High,Very High
CMP6298,LinkedIn Ads,15810.63,1366,94545,2025-07-04,1.444814638531916,11.57439970717423,167.2286212914485,0.0863975692303216,0.1248284727575433,Very High,Very High
CMP8736,Email Marketing,38272.6,4851,52172,07/30/2025,9.298090930000766,7.889631003916718,733.5850647857087,0.1267486400192304,1.178520380152739,Very High,Very High
CMP2339,Instagram Ads,24750.86,1680,29462,2025-04-01,5.702260538999389,14.732654761904762,840.0943588351097,0.0678764293442732,0.3870490845780298,Very High,Very High
CMP6846,YouTube Ads,40831.16,5411,56636,2025-09-08,9.553993926124726,7.54595453705415,720.9400381382867,0.1325213390949461,1.26610806879503,Very High,Very High
CMP7971,Facebook Ads,9898.4,953,67878,04/19/2025,1.4039895105925335,10.386568730325289,145.82633548425113,0.0962781863735553,0.1351735637673446,High,High
CMP3144,Instagram Ads,49298.93,3660,55581,11/16/2025,6.584984077292599,13.46965300546448,886.9745056764002,0.0742409622277806,0.4888755541528166,Very High,Very High
CMP2043,Instagram Ads,1207.67,400,10423,2025-01-05,3.837666698647223,3.019175,115.86587354888228,0.3312163090910596,1.271097799447605,Medium,Medium
CMP4360,Google Ads,3083.13,735,89205,09/25/2025,0.8239448461409113,4.194734693877551,34.56230031948882,0.238394099502778,0.1964235896357175,Medium,High
CMP4356,LinkedIn Ads,52487.65,6250,64027,2025-08-08,9.761506864291627,8.398024,819.7736892248582,0.1190756301720499,1.1623575812943172,Very High,Very High
CMP3926,Instagram Ads,60008.63,6578,89173,01/30/2025,7.376672311125565,9.1226254180602,672.9461832617496,0.1096175666733268,0.8086128688920905,Very High,Very High
CMP6584,Email Marketing,1329.41,102,20201,09/29/2025,0.5049254987376862,13.03343137254902,65.8091183604772,0.0767257655651755,0.038740795444027,Medium,Medium
CMP7786,YouTube Ads,31595.61,5458,56149,11/23/2025,9.72056492546617,5.788862220593624,562.7101105985859,0.1727455174943607,1.679184018387186,Very High,Very High
CMP5334,Email Marketing,25751.33,1963,60236,07/24/2025,3.258848529118799,13.118354559347935,427.5073046018993,0.0762290724401419,0.2484190005976468,Very High,Very High
CMP1646,Email Marketing,32249.46,2457,52444,12/31/2025,4.684997330485851,13.125543345543344,614.9313553504691,0.0761873222063253,0.3569374011534995,Very High,Very High
CMP0521,Facebook Ads,26466.33,6577,67264,2025-11-12,9.777890104662228,4.024073285692565,393.4694636060895,0.2485044205222257,2.429848914389092,Very High,Very High
CMP7900,Email Marketing,13672.91,2023,72866,03/29/2025,2.7763291521422886,6.758729609490855,187.6445804627673,0.1479567992475632,0.4107767750086741,Very High,Very High
CMP5350,LinkedIn Ads,14361.46,952,38747,2025-07-12,2.4569644101478825,15.085567226890756,370.6470178336388,0.066288524982836,0.1628685466840268,Very High,High
CMP8061,Google Ads,97709.8,5502,92673,10/22/2025,5.937004305461137,17.75896037804435,1054.3502422496306,0.0563096025168406,0.3343103525812884,Very High,Very High
CMP6253,Email Marketing,120014.21,7209,86161,04/25/2025,8.366894534650248,16.647830489665697,1392.906419377677,0.0600678869610523,0.5025816751224178,Very High,Very High
CMP9703,Facebook Ads,24448.18,1952,99598,2025-07-03,1.959878712423944,12.52468237704918,245.4685837065001,0.0798423440926891,0.156481310537289,Very High,Very High
CMP9668,YouTube Ads,32202.03,1639,26885,06/13/2025,6.096336246977869,19.64736424649176,1197.7693881346477,0.0508974123681022,0.3102877398970415,Very High,Very High
CMP3640,Google Ads,1490.02,125,53814,08/24/2025,0.2322815624187014,11.92016,27.688333890809083,0.0838914913893773,0.0194864466935596,Medium,Medium
CMP7468,Facebook Ads,11980.04,2371,80835,2025-07-12,2.9331353992701183,5.052737241670182,148.20362466753264,0.1979125278379704,0.580504241360584,Very High,Very High
CMP2023,Instagram Ads,102753.62,9453,94605,04/21/2025,9.99207230061836,10.869948164603828,1086.133079646953,0.0919967588489826,0.9192382658415864,Very High,Very High
CMP5459,Facebook Ads,60694.28,3500,95947,04/26/2025,3.647847249002053,17.341222857142856,632.581320937601,0.0576660601295542,0.2103569788043813,Very High,Very High
CMP2609,Google Ads,27424.46,3263,73819,12/14/2025,4.420271203890597,8.404676677903769,371.5095029734893,0.1189813764792451,0.5259299522504735,Very High,Very High
CMP4638,Instagram Ads,47941.48,3246,93275,2025-08-10,3.4800321629589925,14.769402341343191,513.9799517555615,0.0677075467841209,0.2356244404837917,Very High,Very High
CMP0887,Email Marketing,53005.25,3798,41855,10/23/2025,9.074184685222791,13.956095313322802,1266.4018635766336,0.0716532796279613,0.6501950926460335,Very High,Very High
CMP3437,Facebook Ads,7226.73,2717,27644,10/22/2025,9.82853422080741,2.6598196540301804,261.4212849081175,0.3759653397871513,3.6951882079355034,High,Very High
CMP2757,Google Ads,15208.17,778,14589,2025-02-04,5.33278497498115,19.547776349614395,1042.440880115155,0.0511567137926522,0.2728077546828668,Very High,High
CMP2435,Email Marketing,45265.95,6669,96706,2025-02-03,6.896159493723244,6.787516869095816,468.0779889562178,0.1473292839319621,1.0160062400908478,Very High,Very High
CMP2827,Email Marketing,99679.7,6200,99674,2025-10-12,6.220278106627606,16.077370967741935,1000.0571864277546,0.0621992241148398,0.386896472010762,Very High,Very High
CMP7293,Instagram Ads,504.05,111,3520,2025-04-03,3.153409090909091,4.540990990990991,143.19602272727272,0.2202162483880567,0.6944319196327925,Low,Medium
CMP9615,YouTube Ads,29000.35,3978,77055,02/18/2025,5.162546233210045,7.290183509301156,376.3590941535267,0.1371707582839517,0.7081503814853807,Very High,Very High
CMP7106,Instagram Ads,4558.24,1075,76897,2025-02-02,1.39797391315656,4.240223255813953,59.27721497587682,0.2358366387026571,0.3296934686728435,Medium,Very High
CMP9111,YouTube Ads,14663.39,4052,71479,10/27/2025,5.668797828732915,3.618803060217176,205.1426293037116,0.2763344629038715,1.5664842033135429,Very High,Very High
CMP1923,Facebook Ads,32452.97,5745,80525,2025-12-10,7.134430301148711,5.648906875543951,403.01732381248064,0.1770254001405726,1.2629753788358768,Very High,Very High
CMP2642,Google Ads,37463.01,2153,75727,01/18/2025,2.843107478178193,17.400376219228985,494.7113975200391,0.0574700217628001,0.1633934486448806,Very High,Very High
CMP2812,LinkedIn Ads,349.14,51,88266,01/24/2025,0.0577798925973761,6.845882352941176,3.955543470872136,0.146073208455061,0.0084400942958875,Low,Low
CMP8036,Email Marketing,38458.91,2934,43017,09/19/2025,6.820559313759676,13.10801295160191,894.0397982193086,0.0762892136048577,0.520335106392014,Very High,Very High
CMP0602,Facebook Ads,11590.23,663,20568,04/21/2025,3.223453908984831,17.481493212669683,563.5078763127188,0.0572033514434139,0.1843923668173058,Very High,High
CMP2106,Email Marketing,26472.21,6964,83567,2025-11-05,8.333433053717377,3.801293796668581,316.77827372048773,0.2630683271249359,2.192262292649077,Very High,Very High
CMP1365,Instagram Ads,133015.58,7018,90673,03/15/2025,7.739900521654737,18.95348817326873,1466.981129994596,0.0527607367497852,0.4083628538925511,Very High,Very High
CMP3157,Email Marketing,65352.31,4667,50777,09/19/2025,9.191169230163265,14.00306620955646,1287.0455127321425,0.0714129309277667,0.6563683333790642,Very High,Very High
CMP7105,LinkedIn Ads,2452.4,359,5396,05/19/2025,6.653076352853966,6.831197771587744,454.4848035581913,0.1463872125265046,0.9739253020202958,Medium,Medium
CMP5397,Email Marketing,14600.55,793,13662,05/20/2025,5.804421021812326,18.411790668348043,1068.6978480456742,0.0543130224546335,0.3152556492938399,Very High,High
CMP6204,Google Ads,4790.75,409,18187,2025-06-06,2.2488590751635784,11.713325183374083,263.4161763897289,0.0853728539372749,0.1919915173494554,Medium,Medium
CMP4621,YouTube Ads,10745.02,2538,37527,01/25/2025,6.763130546006875,4.233656422379827,286.3277107149519,0.236202445411921,1.5974679736068846,Very High,Very High
CMP8712,YouTube Ads,126356.02,7275,79937,2025-02-09,9.100916972115542,17.368525085910655,1580.695047349788,0.0575754127108467,0.5239890507167017,Very High,Very High
CMP2548,Email Marketing,3122.12,342,18563,05/17/2025,1.842374616171955,9.129005847953216,168.1904864515434,0.1095409529422315,0.201815471132054,Medium,Medium
CMP9973,LinkedIn Ads,43067.69,7550,94639,2025-01-07,7.977683618804086,5.704329801324503,455.0733841228247,0.1753054319839304,1.3985312730255754,Very High,Very High
CMP3749,Instagram Ads,28124.59,1474,85313,07/28/2025,1.7277554417263488,19.080454545454547,329.6635917152134,0.0524096529051623,0.0905510630058833,Very High,Very High
CMP1535,Facebook Ads,2069.72,520,77407,05/27/2025,0.6717738705801801,3.980230769230769,26.73815029648481,0.2512417138550142,0.1687776185675809,Medium,High
CMP2236,LinkedIn Ads,61841.75,4268,67248,12/13/2025,6.346657149655008,14.489632146204311,919.6072745657864,0.0690148645534772,0.4380136835507981,Very High,Very High
CMP0120,Email Marketing,69146.15,4427,57702,2025-06-05,7.6721777408062115,15.61918906708832,1198.3319468995874,0.0640238104363005,0.4912020533109812,Very High,Very High
CMP2762,Email Marketing,10523.66,1893,70618,2025-07-07,2.6806196720382904,5.559249867934495,149.02234557761477,0.179880383820838,0.4821908954839366,Very High,Very High
CMP2794,Instagram Ads,13723.88,742,16841,2025-08-05,4.405914138115314,18.49579514824798,814.9088533935039,0.0540663427543814,0.2382116639377175,Very High,High
CMP3491,Google Ads,87959.69,9369,98734,2025-06-06,9.489132416391517,9.388375493649267,890.8753823404298,0.1065147000859143,1.0107320934074702,Very High,Very High
CMP0943,Instagram Ads,2185.13,207,2772,2025-02-06,7.467532467532467,10.556183574879228,788.2864357864358,0.094731205923675,0.7074083559235471,Medium,Medium
CMP6588,Instagram Ads,1013.95,101,3161,2025-12-04,3.195191395128124,10.03910891089109,320.7687440683328,0.099610434439568,0.3182744029862818,Medium,Medium
CMP7986,Google Ads,6934.46,1074,22398,07/22/2025,4.795070988481114,6.456666666666667,309.601750156264,0.1548786783686112,0.7426542573796252,High,Very High
CMP4416,Google Ads,93266.19,5426,59484,03/24/2025,9.121780646896644,17.188755989679322,1567.9206173088562,0.0581775668117245,0.5306830030267259,Very High,Very High
CMP3252,Google Ads,3896.65,1216,26846,07/22/2025,4.529538851225508,3.204481907894737,145.14825299858452,0.3120629258465605,1.4135011466491003,Medium,Very High
CMP7853,Email Marketing,5289.87,536,36838,2025-09-10,1.4550192735761984,9.869160447761194,143.59818665508442,0.101325741464346,0.1474309067400224,High,High
CMP6552,YouTube Ads,30814.78,6420,97157,02/25/2025,6.607861502516546,4.799809968847352,317.1647951254156,0.2083415815397676,1.3766923160300424,Very High,Very High
CMP3875,Google Ads,56658.23,5655,90907,2025-02-11,6.22064307479072,10.019138815207782,623.2548648618919,0.0998089774424651,0.6208760243294137,Very High,Very High
CMP7028,Facebook Ads,38887.19,2548,82951,2025-06-04,3.071692927149763,15.261848508634223,468.79712119202907,0.0655228624130465,0.2012661130407621,Very High,Very High
CMP4053,Email Marketing,18078.48,1675,58250,02/22/2025,2.875536480686695,10.793122388059702,310.36017167381976,0.0926515946030861,0.2664230402749686,Very High,Very High
CMP2437,Facebook Ads,3047.19,320,17789,05/21/2025,1.798864466805329,9.52246875,171.2963067063916,0.1050147841125758,0.1889073636293455,Medium,Medium
CMP0835,LinkedIn Ads,34203.2,4350,55385,11/21/2025,7.85411212422136,7.862804597701149,617.5534892118804,0.1271810824718155,0.9988944818134828,Very High,Very High
CMP6998,Email Marketing,1597.77,361,8770,2025-06-07,4.11630558722919,4.42595567867036,182.18586088939568,0.2259399037408388,0.9300376881464402,Medium,Medium
CMP0780,Facebook Ads,170.61,50,7359,06/14/2025,0.6794401413235494,3.4122000000000003,23.183856502242158,0.2930660570892679,0.1991208432458675,Low,Low
CMP7060,Facebook Ads,18274.83,2062,35064,2025-05-06,5.880675336527492,8.862672162948595,521.1849760438056,0.1128327869534217,0.6635329873886481,Very High,Very High
CMP2135,Instagram Ads,46658.94,3010,49260,10/29/2025,6.11043442955745,15.501308970099668,947.1973203410475,0.064510681125632,0.3941882870242642,Very High,Very High
CMP9574,LinkedIn Ads,1277.19,267,13433,2025-05-11,1.9876423732598825,4.783483146067416,95.07853792898086,0.2090526859746787,0.4155219768870634,Medium,Medium
CMP3121,Facebook Ads,137473.61,7353,94361,2025-08-02,7.792414238933458,18.69626138990888,1456.890134695478,0.0534866291792293,0.4167899708087809,Very High,Very High
CMP3310,YouTube Ads,8385.6,2567,96472,2025-09-04,2.660875694502032,3.266692637319829,86.92263040053074,0.3061200152642625,0.8145473082172671,High,Very High
CMP9181,Instagram Ads,50344.76,3723,49973,2025-02-03,7.450023012426711,13.52263228579103,1007.4392171772756,0.0739500992754757,0.550929941373534,Very High,Very High
CMP8256,Google Ads,17219.44,1172,23880,2025-08-03,4.90787269681742,14.69235494880546,721.0820770519263,0.0680626083078195,0.334042616988126,Very High,Very High
CMP3117,Email Marketing,59449.23,4105,54100,09/20/2025,7.587800369685767,14.482151035322778,1098.876709796673,0.069050515877161,0.5239415298997157,Very High,Very High
CMP6394,LinkedIn Ads,13919.56,2274,81589,2025-02-01,2.787140423341382,6.12117854001759,170.60584147372808,0.1633672328723034,0.4553274185878219,Very High,Very High
CMP8402,LinkedIn Ads,88348.96,5847,68036,05/13/2025,8.593979657828209,15.11013511202326,1298.5619377976368,0.0661807450817757,0.5687559769726948,Very High,Very High
CMP2804,Facebook Ads,3974.6,596,7978,01/21/2025,7.47054399598897,6.668791946308724,498.1950363499624,0.1499521964474412,1.1202244808557908,Medium,High
CMP4080,Facebook Ads,2527.02,1001,72070,06/27/2025,1.3889274316636604,2.5244955044955044,35.06341057305398,0.396118748565504,0.5501801960789088,Medium,Very High
CMP9000,Instagram Ads,21597.39,2239,96644,2025-10-11,2.3167501345143,9.645998213488165,223.473676586234,0.1036699341911221,0.2401773339823708,Very High,Very High
CMP5825,Facebook Ads,25906.16,4632,97745,2025-09-01,4.738861322829812,5.59286701208981,265.0382116732314,0.1787991736328348,0.8473044884825728,Very High,Very High
CMP6259,Email Marketing,35564.91,2615,35730,2025-10-10,7.318779736915756,13.600347992351818,995.3795130142738,0.0735275303663076,0.5381317993503907,Very High,Very High
CMP6480,Facebook Ads,29749.29,1948,60465,2025-11-08,3.221698503266352,15.271709445585216,492.0084346316051,0.0654805543258343,0.2109586038645915,Very High,Very High
CMP3032,Facebook Ads,26413.34,2383,26754,2025-03-04,8.90707931524258,11.084070499370542,987.2669507363386,0.0902195632964252,0.8035928060678078,Very High,Very High
CMP6459,Email Marketing,5900.13,1588,81668,2025-06-02,1.9444580496644956,3.7154471032745593,72.24531028064848,0.2691466120238028,0.5233442962896103,High,Very High
CMP1643,Email Marketing,17866.38,1174,71045,2025-07-01,1.6524737842212682,15.218381601362864,251.47976634527413,0.0657100095262722,0.1085840681030946,Very High,Very High
CMP0223,Email Marketing,1266.51,185,7733,2025-12-02,2.392344497607656,6.846,163.7799043062201,0.1460706982179374,0.3494514311433911,Medium,Medium
CMP0154,Google Ads,102262.37,6080,73089,12/29/2025,8.318625237723872,16.81946875,1399.1485722885798,0.0594549099536809,0.4945831144472902,Very High,Very High
CMP7280,Facebook Ads,30107.44,2767,42289,2025-05-05,6.543072666650902,10.88089627755692,711.9449502234623,0.0919041937806734,0.6013358182769125,Very High,Very High
CMP0348,Google Ads,8962.26,1165,15476,09/19/2025,7.5277849573533215,7.6929270386266095,579.1070043939003,0.1299895338898893,0.978533257829679,High,Very High
CMP6999,LinkedIn Ads,20911.41,1497,21316,04/26/2025,7.022893601050854,13.968877755511022,981.0194220303996,0.0715877121628814,0.5027528856625703,Very High,Very High
CMP2779,Google Ads,8964.98,466,31428,05/25/2025,1.4827542318951252,19.23815450643777,285.2545500827288,0.0519800378807314,0.0770736211417235,High,Medium
CMP1390,Google Ads,7228.03,1287,81233,09/29/2025,1.584331490896557,5.616184926184926,88.97898637253333,0.1780568149274422,0.2821010190582868,High,Very High
CMP4941,YouTube Ads,26301.64,1476,39618,05/19/2025,3.72557928214448,17.819539295392953,663.8810641627542,0.0561181736195917,0.209072704988938,Very High,Very High
CMP1252,Google Ads,5267.91,650,21482,07/19/2025,3.0257890326785217,8.104476923076923,245.2243738944232,0.123388592439886,0.3733478497622471,High,High
CMP4563,Facebook Ads,14154.95,711,13855,2025-04-04,5.131721400216528,19.908509142053447,1021.6492241068208,0.0502297782754442,0.2577652281042286,Very High,High
CMP6783,YouTube Ads,27117.74,5513,85440,2025-01-12,6.452481273408239,4.918871757663704,317.38927902621725,0.2032986524688266,1.3117807479642336,Very High,Very High
CMP8071,YouTube Ads,44240.03,6778,72282,2025-12-02,9.377161672338897,6.527003540867512,612.0476743864309,0.1532096610241901,1.4366717611880695,Very High,Very High
CMP3594,Email Marketing,4688.68,531,13436,04/15/2025,3.952069068175052,8.829905838041432,348.96397737421853,0.1132514908247097,0.447577713813046,Medium,High
CMP1805,Google Ads,52163.57,3006,47789,03/13/2025,6.2901504530331245,17.3531503659348,1091.539266358367,0.0576264239583295,0.3624788767681654,Very High,Very High
CMP6899,Facebook Ads,3369.84,969,29621,2025-12-03,3.27132777421424,3.4776470588235298,113.76523412443876,0.2875507442489851,0.9406727361576804,Medium,High
CMP6959,Instagram Ads,3344.77,768,9088,10/25/2025,8.450704225352112,4.355169270833334,368.0424735915493,0.2296122005399474,1.9403847932953304,Medium,High
CMP5985,Facebook Ads,2120.6,551,12353,10/19/2025,4.4604549502145225,3.848638838475499,171.6668015866591,0.2598321229840611,1.158969479189004,Medium,High
CMP8642,Email Marketing,19160.75,1975,41257,06/22/2025,4.787066437210656,9.701645569620252,464.4242189204256,0.1030752971569484,0.4934282955255428,Very High,Very High
CMP0984,Email Marketing,2566.84,227,6209,2025-06-01,3.655983250120793,11.307665198237888,413.4063456273152,0.0884355861682068,0.3233190217455782,Medium,Medium
CMP4228,YouTube Ads,38134.27,2557,67781,2025-05-08,3.7724436051400834,14.913676183026984,562.6100234579011,0.0670525487966598,0.2529519589163027,Very High,Very High
CMP2051,Email Marketing,22533.22,1690,29769,04/23/2025,5.677046592092445,13.33326627218935,756.9357385199369,0.0750003772208321,0.4257806359071731,Very High,Very High
CMP7675,LinkedIn Ads,57178.33,3368,43050,03/26/2025,7.823461091753775,16.976938836104512,1328.1842044134728,0.0589034342206216,0.4608287257957116,Very High,Very High
CMP1711,Google Ads,8368.41,2798,49540,05/25/2025,5.647961243439645,2.990854181558256,168.92228502220428,0.3343526428556918,1.8884107684905649,High,Very High
CMP5065,Facebook Ads,23269.42,1702,74311,01/17/2025,2.2903742379997576,13.671809635722678,313.1356057649608,0.0731432068354088,0.1675253166205083,Very High,Very High
CMP7927,Google Ads,1536.8,372,8297,2025-08-06,4.483548270459202,4.131182795698924,185.22357478606725,0.2420614263404477,1.0852940894136016,Medium,Medium
CMP6401,Email Marketing,16438.91,1111,48640,02/19/2025,2.284128289473684,14.796498649864986,337.9710115131579,0.0675835563306812,0.1543695129181474,Very High,Very High
CMP2461,Google Ads,60367.48,6571,78962,10/28/2025,8.321724373749397,9.186954801400091,764.513056913452,0.1088499967200883,0.9058196707881012,Very High,Very High
CMP1529,Email Marketing,15516.56,933,32352,2025-01-12,2.8839020771513355,16.630825294748124,479.6167161226508,0.0601293070113478,0.1734070333876965,Very High,High
CMP8574,Instagram Ads,9478.54,1124,60652,2025-04-07,1.853195277979292,8.432864768683276,156.27745169161778,0.1185836637288021,0.2197586856677003,High,Very High
CMP3422,YouTube Ads,12792.14,664,81544,10/18/2025,0.8142843127636613,19.26527108433735,156.87408025115275,0.0519068740648554,0.0422669532756107,Very High,High
CMP8965,Google Ads,8576.49,820,67393,03/28/2025,1.2167435787099552,10.459134146341464,127.26084311427002,0.0956102088383476,0.1163331076631772,High,High
CMP1462,Google Ads,13586.16,1937,25486,08/31/2025,7.600251118261006,7.014021683014971,533.0832613984147,0.1425715581150229,1.083579643995917,Very High,Very High
CMP9319,LinkedIn Ads,7398.74,422,7189,07/25/2025,5.870079287800807,17.53255924170616,1029.1751286687995,0.0570367386879387,0.3348101784157762,High,Medium
CMP5139,Instagram Ads,10173.18,896,12943,05/15/2025,6.922660897782586,11.353995535714288,785.9986092868733,0.0880747219650099,0.6097114338302474,Very High,High
CMP9189,Google Ads,3649.14,481,22258,03/23/2025,2.161020756581903,7.586569646569647,163.94734477491238,0.1318118789632625,0.2848482064036719,Medium,Medium
CMP1532,Instagram Ads,53420.9,3887,63063,08/27/2025,6.16367759224902,13.743478260869566,847.1036899608329,0.0727617842454919,0.4484801791259964,Very High,Very High
CMP6504,LinkedIn Ads,13979.92,1694,28145,2025-12-06,6.018831053473086,8.252609208972846,496.7106057914372,0.1211737978471979,0.7293246173499853,Very High,Very High
CMP1874,Instagram Ads,4370.13,363,61582,08/29/2025,0.5894579584943652,12.03892561983471,70.96440518333279,0.0830638905478784,0.0489626713469518,Medium,Medium
CMP6231,Google Ads,70119.46,3573,49381,04/20/2025,7.23557643628116,19.62481388189197,1419.9684089022096,0.0509558972644683,0.368695289536351,Very High,Very High
CMP4130,Email Marketing,1952.32,392,25082,05/21/2025,1.5628737740212104,4.980408163265306,77.83749302288494,0.200786756269464,0.3138043555443341,Medium,Medium
CMP6877,YouTube Ads,50615.57,2792,30063,2025-05-04,9.287163623058245,18.12878581661891,1683.650001663174,0.055160892191869,0.5122882313797635,Very High,Very High
CMP2696,Facebook Ads,38063.76,3483,47780,2025-02-10,7.289660946002511,10.928440999138674,796.6462955211387,0.0915043600527115,0.6670357598652037,Very High,Very High
CMP6376,Google Ads,117264.31,6464,75519,2025-12-04,8.55943537387942,18.14113706683168,1552.7789033223428,0.0551233363331093,0.471824634935869,Very High,Very High
CMP5186,Google Ads,36327.07,1928,21727,09/13/2025,8.873751553366779,18.84184128630705,1671.978183826575,0.0530733692532868,0.470959892853763,Very High,Very High
CMP0061,LinkedIn Ads,13980.03,1349,18478,10/24/2025,7.300573655157485,10.363254262416604,756.5770104989717,0.0964947857765684,0.7044672909004807,Very High,Very High
CMP8948,Facebook Ads,19739.31,3142,80766,04/18/2025,3.8902508481291633,6.282402928071293,244.40123319218483,0.1591747634542443,0.6192297585286329,Very High,Very High
CMP0266,Instagram Ads,70077.45,4163,42234,2025-05-03,9.856987261448122,16.833401393226037,1659.2662309987213,0.0594057004071923,0.5855612321710982,Very High,Very High
CMP8888,LinkedIn Ads,52917.29,6317,70572,2025-01-04,8.951142096015417,8.376965331644769,749.8340701694724,0.119374971771986,1.0685423350388763,Very High,Very High
CMP8893,LinkedIn Ads,41217.22,2384,52012,12/19/2025,4.583557640544489,17.28910234899329,792.4559716988388,0.0578399028367269,0.2651125285756308,Very High,Very High
CMP1626,Google Ads,3231.34,233,15606,2025-12-11,1.493015506856337,13.868412017167383,207.0575419710368,0.0721063088378196,0.1076558372370368,Medium,Medium
CMP8925,Google Ads,82848.46,7326,85037,01/17/2025,8.615073438620835,11.3088260988261,974.2636734597882,0.0884265078674968,0.7618008591992685,Very High,Very High
CMP6244,Google Ads,37752.67,1973,27632,06/29/2025,7.140272148233932,19.134652812975165,1366.2662854661262,0.0522612043068741,0.373159221545537,Very High,Very High
CMP0125,Instagram Ads,15881.43,2128,31351,2025-04-12,6.787662275525501,7.463078007518797,506.56853050939367,0.1339929716656497,0.909499038960488,Very High,Very High
CMP6793,Google Ads,326.6,63,4035,2025-11-07,1.5613382899628252,5.184126984126984,80.94175960346965,0.1928965094917329,0.3011767062696202,Low,Low
CMP7046,Facebook Ads,19117.79,3256,74841,11/26/2025,4.350556513141193,5.871557125307126,255.44541093785492,0.1703125727398407,0.7409544726031473,Very High,Very High
CMP6397,Email Marketing,31167.42,1701,24769,09/22/2025,6.8674552868504986,18.322998236331568,1258.323711090476,0.0545762209384029,0.3747997570197565,Very High,Very High
CMP8262,Google Ads,111661.66,6472,84764,11/18/2025,7.635316879807466,17.253037700865267,1317.3240998537117,0.0579608076756157,0.4425491332129033,Very High,Very High
CMP0421,LinkedIn Ads,382.31,128,3512,12/29/2025,3.644646924829157,2.986796875,108.85820045558089,0.3348068321519186,1.220252691214282,Low,Medium
CMP2139,LinkedIn Ads,34109.82,5917,85160,2025-01-12,6.948097698449976,5.764715227311138,400.5380460310005,0.1734691065505476,1.2052802999760337,Very High,Very High
CMP6195,Instagram Ads,6558.76,897,88410,03/15/2025,1.0145911096029865,7.311884057971015,74.18572559665196,0.1367636565448347,0.1387591900471855,High,High
CMP9764,Google Ads,2530.66,340,16034,2025-03-04,2.1204939503554945,7.443117647058823,157.83085942372458,0.1343523033516948,0.2848932464735951,Medium,Medium
CMP3408,LinkedIn Ads,17323.34,1055,15195,07/31/2025,6.943073379401119,16.42022748815166,1140.0684435669627,0.0609004960937094,0.4228366132205556,Very High,Very High
CMP6149,Instagram Ads,123823.14,7437,85040,2025-03-04,8.745296331138288,16.6496087131908,1456.057619943556,0.0600614715472406,0.5252553667648506,Very High,Very High
CMP0516,Google Ads,31698.8,2890,46932,2025-11-11,6.157845393335038,10.968442906574394,675.4197562430751,0.0911706436836725,0.5614147282148934,Very High,Very High
CMP1993,Facebook Ads,3468.73,292,81444,09/23/2025,0.3585285595010068,11.879212328767125,42.59036884239477,0.0841806655461797,0.0301811727561078,Medium,Medium
CMP3555,Google Ads,7519.8,1185,44931,12/21/2025,2.6373773118782133,6.345822784810126,167.3632903785805,0.1575839782972951,0.4156084090767949,High,Very High
CMP5711,Email Marketing,41236.82,5390,74285,2025-11-09,7.255838998451908,7.650615955473098,555.1163761190011,0.1307084299904793,0.9483993237513412,Very High,Very High
CMP3243,Email Marketing,89993.94,4655,96030,02/22/2025,4.847443507237322,19.332747583243822,937.144017494533,0.0517257050863647,0.2507374332781711,Very High,Very High
CMP7993,LinkedIn Ads,45546.85,3521,60478,05/20/2025,5.821951784119845,12.93577108775916,753.1143556334534,0.077305016702582,0.450066079913012,Very High,Very High
CMP9293,Instagram Ads,5969.99,576,51015,01/18/2025,1.1290796824463394,10.364565972222222,117.024208566108,0.0964825736726527,0.1089365136439242,High,High
CMP8692,Instagram Ads,1329.38,295,54206,06/15/2025,0.5442201970261595,4.506372881355933,24.52459137364868,0.22190795709278,0.1207667921307053,Medium,Medium
CMP6090,Instagram Ads,6204.1,1337,21010,06/13/2025,6.363636363636363,4.640314136125655,295.29271775345075,0.2155026514724134,1.3713805093699034,High,Very High
CMP3812,YouTube Ads,3313.68,444,10681,04/19/2025,4.1569141466154855,7.463243243243243,310.2406141747027,0.1339900050698921,0.5569849475801151,Medium,Medium
CMP1226,YouTube Ads,100469.23,6959,86707,2025-11-08,8.025880263415871,14.437308521339272,1158.7210951826266,0.0692649878972895,0.5559124993105954,Very High,Very High
CMP8170,Google Ads,8141.98,1775,37968,08/20/2025,4.674989464812473,4.587030985915493,214.44321533923303,0.2180059395871766,1.019175470836595,High,Very High
CMP0349,Instagram Ads,6142.77,379,4337,10/22/2025,8.738759511182845,16.2078364116095,1416.3638459764816,0.0616985496771,0.5391687878169455,High,Medium
CMP0607,YouTube Ads,3109.6,370,71142,2025-09-01,0.5200865873886031,8.404324324324325,43.709763571448654,0.1189863648057628,0.0618832124176045,Medium,Medium
CMP4932,Instagram Ads,27396.37,2882,43574,2025-12-10,6.6140358929636935,9.506027064538516,628.7320420434204,0.1051964183576145,0.6957728868284874,Very High,Very High
CMP7448,LinkedIn Ads,35180.55,2039,86029,11/13/2025,2.370131002336421,17.253825404610104,408.9382650036616,0.0579581615409651,0.1373684355066638,Very High,Very High
CMP1723,Instagram Ads,46441.47,7188,92124,02/15/2025,7.802527028787287,6.46097245409015,504.1191220528853,0.1547754625338087,1.2076397298130963,Very High,Very High
CMP0861,Instagram Ads,544.43,163,7646,2025-05-06,2.131833638503793,3.340061349693251,71.20455139942453,0.299395698253219,0.6382618207595435,Low,Medium
CMP6219,Instagram Ads,53065.46,2840,93575,10/26/2025,3.0349986641731235,18.685021126760564,567.0901415976489,0.0535188048873975,0.1624295013413936,Very High,Very High
CMP9571,LinkedIn Ads,104610.64,7370,85480,09/25/2025,8.621899859616285,14.194116689280868,1223.802526906879,0.0704517246046864,0.6074277144788716,Very High,Very High
CMP5275,Email Marketing,7802.33,1900,65269,2025-01-06,2.91102973846696,4.106489473684211,119.54112978596272,0.2435170006908192,0.708885230833254,High,Very High
CMP3374,Email Marketing,3959.7,203,12225,01/31/2025,1.6605316973415132,19.505911330049265,323.9018404907975,0.0512665100891481,0.085129665015109,Medium,Medium
CMP3079,LinkedIn Ads,4595.23,747,15701,10/30/2025,4.757658747850456,6.1515796519410975,292.6711674415642,0.1625598718671318,0.7734043964381088,Medium,High
CMP7439,Email Marketing,9202.61,2116,22184,2025-08-03,9.538406058420485,4.3490595463138,414.8309592499099,0.2299347685058912,2.1932111889581045,High,Very High
CMP3327,LinkedIn Ads,2436.88,331,26635,03/26/2025,1.242725736812465,7.362175226586103,91.4916463300169,0.1358294212271429,0.1687987175753117,Medium,Medium
CMP1756,Email Marketing,1512.34,542,16444,08/24/2025,3.296035027973729,2.7902952029520294,91.96910727316954,0.3583850192417049,1.1812495769216982,Medium,High
CMP5767,Instagram Ads,4674.07,1177,17509,2025-09-08,6.722257124907191,3.971172472387425,266.95242446741673,0.251814799521616,1.6927638302412595,Medium,Very High
CMP0871,LinkedIn Ads,6587.13,1564,37728,11/29/2025,4.14546225614928,4.211719948849105,174.59526081424937,0.2374326907165943,0.9842682577416072,High,Very High
CMP9733,Instagram Ads,55981.02,5026,71410,2025-10-08,7.038229939784343,11.138284918424194,783.9381039070158,0.0897804291525949,0.6318953044684807,Very High,Very High
CMP3598,Google Ads,1080.72,86,8964,2025-03-05,0.9593931280678268,12.566511627906976,120.56224899598396,0.0795765785772448,0.0763452226421581,Medium,Low
CMP6629,LinkedIn Ads,5579.93,879,53496,12/21/2025,1.6431135038133693,6.348043230944255,104.30555555555556,0.1575288578888982,0.2588377936375459,High,High
CMP4719,Email Marketing,36961.14,2409,80159,02/18/2025,3.005277011938772,15.34293897882939,461.097818086553,0.065176561112563,0.1958736208288083,Very High,Very High
CMP3910,Facebook Ads,3347.27,618,43302,06/20/2025,1.4271858112789246,5.416294498381877,77.30058657798716,0.1846280700391662,0.2634985619237096,Medium,High
CMP0342,Facebook Ads,2003.01,365,36581,2025-05-01,0.997785735764468,5.487698630136986,54.75547415324896,0.1822257502458799,0.1818222542843175,Medium,Medium
CMP4056,LinkedIn Ads,2390.03,142,16337,10/18/2025,0.8691926302258677,16.831197183098592,146.2955254942768,0.0594134801655209,0.0516417590959415,Medium,Medium
CMP1539,Google Ads,29167.78,2799,41924,06/29/2025,6.6763667588970526,10.420785994998214,695.7298921858601,0.0959620512771284,0.6406778492621945,Very High,Very High
CMP0223,Instagram Ads,50369.57,2783,41470,2025-06-12,6.710875331564986,18.09901904419691,1214.6026042922597,0.0552516132260013,0.370786688227542,Very High,Very High
CMP0340,Facebook Ads,26028.16,1854,55781,03/14/2025,3.323712375181513,14.038921251348436,466.61336297305536,0.0712305441491061,0.2367498410792973,Very High,Very High
CMP7057,Instagram Ads,2445.28,415,29041,07/13/2025,1.4290141524052202,5.892240963855422,84.20095726731174,0.1697147156971798,0.2425247306026983,Medium,Medium
CMP7361,YouTube Ads,20937.31,1136,24931,06/28/2025,4.5565761501744815,18.430730633802817,839.8102763627613,0.0542572087818349,0.2472271035103463,Very High,Very High
CMP5068,Facebook Ads,7459.67,643,7387,06/25/2025,8.704480844727223,11.601353032659407,1009.8375524570192,0.0861968424876703,0.7502987643098964,High,High
CMP5686,Instagram Ads,752.49,67,16442,12/17/2025,0.407493005717066,11.231194029850746,45.766330130154486,0.0890377280761206,0.0362822514359571,Low,Low
CMP9145,Email Marketing,14248.13,1293,23313,2025-03-02,5.546261742375499,11.019435421500386,611.1667310084503,0.0907487508887131,0.5033163252224342,Very High,Very High
CMP9717,Google Ads,4318.53,550,8972,2025-09-08,6.130182790905038,7.851872727272727,481.3341506910388,0.1273581519637469,0.78072875144963,Medium,High
CMP4642,YouTube Ads,49700.78,2590,89205,05/19/2025,2.9034246959251164,19.18949034749035,557.1524017712012,0.0521118582042374,0.1513028560607308,Very High,Very High
CMP3586,Google Ads,20249.87,2955,64020,12/14/2025,4.615745079662605,6.852747884940778,316.30537332083725,0.1459268627403534,0.6735611986843866,Very High,Very High
CMP4949,YouTube Ads,18169.15,1469,42728,12/14/2025,3.4380265867815014,12.368379850238258,425.2281876053174,0.0808513331663836,0.277969033002756,Very High,Very High
CMP2224,LinkedIn Ads,13082.3,1684,74651,02/13/2025,2.255830464427804,7.768586698337292,175.24614539657873,0.12872354249635,0.2903784886523335,Very High,Very High
CMP7159,Google Ads,11543.13,1128,20167,2025-10-06,5.593295978578867,10.233271276595744,572.377150790896,0.097720462300953,0.5465794688127884,Very High,Very High
CMP7644,LinkedIn Ads,11423.81,3828,55773,10/14/2025,6.863536119627776,2.984276384535005,204.826887562082,0.3350896067073944,2.299899618948068,Very High,Very High
CMP4955,Facebook Ads,38329.99,4245,78064,11/14/2025,5.437845870055339,9.029444051825676,491.0072504611601,0.1107487896553064,0.6022348484407357,Very High,Very High
CMP2064,LinkedIn Ads,1558.07,147,89828,09/23/2025,0.1636460791735316,10.599115646258502,17.34503718217037,0.0943474940150314,0.0154395974754081,Medium,Medium
CMP1754,Instagram Ads,14300.71,847,79901,10/17/2025,1.0600618265103066,16.883955135773316,178.9803631994593,0.0592278285483727,0.0627851601112273,Very High,High
CMP9579,Email Marketing,91874.84,6106,68954,12/26/2025,8.855178814862082,15.046649197510645,1332.407692084578,0.0664599796854068,0.5885150041463787,Very High,Very High
CMP2235,Facebook Ads,20074.11,2585,90562,2025-09-06,2.8543980919149314,7.765613152804643,221.66151365915064,0.1287728322700234,0.3675689267220364,Very High,Very High
CMP0001,Facebook Ads,33518.19,7258,81140,02/19/2025,8.94503327581957,4.618102783135851,413.0908306630515,0.2165391388974165,1.9369498029547072,Very High,Very High
CMP7272,LinkedIn Ads,1348.27,174,9294,2025-05-09,1.8721755971594576,7.74867816091954,145.0688616311599,0.1290542695454174,0.2416122541521695,Medium,Medium
CMP7195,Email Marketing,20816.88,2068,82892,11/22/2025,2.4948125271437536,10.066189555125726,251.13255802731263,0.0993424566986022,0.2478408054489088,Very High,Very High
CMP2798,YouTube Ads,54091.33,9006,99211,2025-03-09,9.077622441059962,6.006143681989784,545.2150467186099,0.1664961833994468,1.5113894907776535,Very High,Very High
CMP6019,Email Marketing,15284.08,1652,38068,02/24/2025,4.33960281601345,9.251864406779662,401.4941683303562,0.1080863225002747,0.4690517094947304,Very High,Very High
CMP1969,YouTube Ads,1772.32,140,53043,01/18/2025,0.2639368059875949,12.65942857142857,33.41289142770959,0.0789925069964792,0.0208490299936034,Medium,Medium
CMP7510,Instagram Ads,1147.64,131,3195,09/15/2025,4.100156494522691,8.760610687022902,359.1987480438185,0.1141472935763828,0.4680217670893943,Medium,Medium
CMP2859,Email Marketing,20842.44,1491,21844,10/16/2025,6.825672953671488,13.978832997987928,954.1494231825671,0.0715367298646415,0.4882863222311874,Very High,Very High
CMP4964,LinkedIn Ads,9452.71,1040,10940,08/30/2025,9.506398537477148,9.08914423076923,864.0502742230348,0.1100213589542046,1.0459068858534997,High,Very High
CMP8609,Instagram Ads,12085.41,1479,18963,10/25/2025,7.799398829299162,8.171338742393509,637.3152982123081,0.1223789676974136,0.954482377390048,Very High,Very High
CMP0484,Email Marketing,4185.27,999,22863,02/24/2025,4.36950531426322,4.18945945945946,183.05865371998428,0.2386942777885297,1.042975915281202,Medium,High
CMP3877,Google Ads,25524.5,1623,24806,2025-04-08,6.542771910021769,15.726740603820089,1028.9647665887285,0.0635859664244157,0.4160284749932548,Very High,Very High
CMP1195,LinkedIn Ads,67982.09,5018,51063,01/16/2025,9.827076356657464,13.547646472698286,1331.337563402072,0.0738135588358639,0.7253714788366634,Very High,Very High
CMP9401,YouTube Ads,5887.78,851,28179,08/13/2025,3.019979417296568,6.918660399529965,208.94212001845344,0.1445366504862613,0.4364977095134973,High,High
CMP8660,Facebook Ads,3631.92,1242,13274,2025-09-12,9.356637034804882,2.9242512077294687,273.61157149314454,0.3419678847551708,3.199669375214119,Medium,Very High
CMP5892,LinkedIn Ads,79804.65,4527,76487,06/24/2025,5.918652842966779,17.628595096090123,1043.3753448298403,0.0567260178448248,0.3357416067874567,Very High,Very High
CMP8130,Facebook Ads,40520.42,2386,29194,09/14/2025,8.172912242241557,16.98257334450964,1387.9708159210795,0.0588838911343959,0.4812528747231237,Very High,Very High
CMP1101,LinkedIn Ads,46981.54,5173,58034,2025-06-02,8.913740221249613,9.082068432244348,809.5519867663783,0.1101070760983995,0.9814658728624956,Very High,Very High
CMP1933,LinkedIn Ads,3386.78,260,32221,06/19/2025,0.8069271593060426,13.026076923076925,105.1109524844046,0.0767690844991407,0.0619470592774172,Medium,Medium
CMP5864,Google Ads,4680.77,1229,22691,10/22/2025,5.416244325944207,3.8086004882017903,206.28310784011285,0.2625636380339132,1.4221088147004508,Medium,Very High
CMP0929,YouTube Ads,23695.44,1866,93425,05/15/2025,1.9973240567299972,12.698520900321542,253.6306127910088,0.0787493289848173,0.1572879292327205,Very High,Very High
CMP0974,Facebook Ads,38456.75,2290,28769,06/18/2025,7.959956898049985,16.793340611353713,1336.7426744064792,0.0595474136529998,0.4739948460682316,Very High,Very High
CMP9995,Email Marketing,7946.07,404,6634,2025-02-08,6.089840217063611,19.6684900990099,1197.7796201386795,0.0508427436456009,0.3096241849988357,High,Medium
CMP2122,Instagram Ads,3167.35,733,96808,2025-12-09,0.7571688290223948,4.321077762619372,32.7178538963722,0.2314237454023079,0.1752268463142423,Medium,High
CMP3732,Google Ads,1218.91,76,9255,2025-11-04,0.8211777417612101,16.038289473684213,131.7028633171259,0.062350788819519,0.0512010799598427,Medium,Low
CMP9053,LinkedIn Ads,7091.14,446,8834,12/23/2025,5.04867557165497,15.899417040358744,802.7099841521394,0.0628953877655778,0.3175384077818399,High,Medium
CMP7176,Google Ads,52578.42,6074,82694,06/25/2025,7.3451520061915,8.65630885742509,635.8190437032916,0.1155226802174732,0.8485316463599928,Very High,Very High
CMP3722,LinkedIn Ads,109914.92,8835,99973,2025-08-01,8.837386094245446,12.44085116015846,1099.446050433617,0.0803803523670853,0.7103522082594294,Very High,Very High
CMP4631,Google Ads,38005.2,2914,43173,2025-06-05,6.749588863410001,13.042278654770074,880.3001876172607,0.0766737183332807,0.5175160753785467,Very High,Very High
CMP1259,Google Ads,13889.44,2276,34794,12/28/2025,6.541357705351497,6.102565905096661,399.1906650571938,0.1638654978170466,1.0719028367867969,Very High,Very High
CMP9035,Instagram Ads,47476.8,4051,87674,05/17/2025,4.620526039646874,11.719772895581338,541.5151584278121,0.0853258854851211,0.3942504757399295,Very High,Very High
CMP6732,Email Marketing,59288.08,8016,83509,04/15/2025,9.5989653809769,7.39621756487026,709.960363553629,0.1352042434162145,1.2978208519134171,Very High,Very High
CMP2012,Instagram Ads,7428.25,2375,97015,2025-01-05,2.448075039942277,3.127684210526316,76.5680564861104,0.319725372732474,0.7827117046226105,High,Very High
CMP0554,Instagram Ads,22679.58,2459,38433,02/13/2025,6.398147425389639,9.223090687271249,590.106939348997,0.1084235245978981,0.6937096947577125,Very High,Very High
CMP6269,LinkedIn Ads,2654.7,413,60198,07/14/2025,0.6860693046280607,6.427845036319612,44.099471743247285,0.1555731344408031,0.1067339521646096,Medium,Medium
CMP0513,YouTube Ads,4827.6,262,47587,06/22/2025,0.5505705339693614,18.425954198473285,101.44787441948432,0.0542712735106471,0.0298801640359542,Medium,Medium
CMP7112,LinkedIn Ads,16380.0,985,97581,2025-11-10,1.0094178169930623,16.629441624365484,167.86054662280566,0.0601343101343101,0.0607006440621591,Very High,High
CMP7595,LinkedIn Ads,73937.55,5941,77052,09/23/2025,7.710377407465089,12.445303820905572,959.5798940974928,0.0803515940141376,0.6195411151404137,Very High,Very High
CMP3904,Facebook Ads,3183.11,193,3990,05/21/2025,4.837092731829574,16.49279792746114,797.7719298245614,0.0606325260515659,0.2932851510764968,Medium,Medium
CMP0633,YouTube Ads,11027.91,1531,37949,2025-09-05,4.034361906769612,7.203076420640104,290.59817122980843,0.1388295697008771,0.5600887275344355,Very High,Very High
CMP4334,Facebook Ads,10760.32,3840,60170,2025-05-01,6.381917899285358,2.8021666666666665,178.8319760678079,0.356866710283709,2.2774940460186848,Very High,Very High
CMP3570,LinkedIn Ads,12171.73,643,9678,05/22/2025,6.643934697251498,18.92959564541213,1257.6699731349452,0.0528273302151789,0.3509813321797898,Very High,High
CMP4525,Instagram Ads,7075.98,1092,66871,03/31/2025,1.6329948707212394,6.479835164835165,105.81537587294942,0.1543249132982286,0.2520117918405074,High,Very High
CMP0631,Facebook Ads,146660.95,8352,91711,10/24/2025,9.10686831459694,17.55997964559387,1599.1642223942604,0.0569476742104834,0.5186149698574408,Very High,Very High
CMP4245,Instagram Ads,6862.66,397,4112,06/30/2025,9.65466926070039,17.286297229219144,1668.9348249027237,0.057849288759752,0.5585157499421587,High,Medium
CMP8306,LinkedIn Ads,4225.5,1096,16835,04/15/2025,6.51024651024651,3.855383211678832,250.994950994951,0.2593775884510709,1.68861204004974,Medium,Very High
CMP1170,Email Marketing,11854.22,2369,57898,06/17/2025,4.091678469031745,5.003891937526382,204.7431690213824,0.1998444435821167,0.8176992069605764,Very High,Very High
CMP7712,Instagram Ads,2971.07,560,83515,01/23/2025,0.6705382266658684,5.305482142857144,35.575285876788605,0.1884842834399727,0.1263859171722262,Medium,High
CMP5130,YouTube Ads,135780.61,8376,95817,12/31/2025,8.741663796612292,16.210674546322824,1417.0826680025464,0.0616877476099127,0.5392535499761311,Very High,Very High
CMP2459,LinkedIn Ads,25652.88,1335,87093,04/25/2025,1.5328442010264889,19.215640449438204,294.54583031931384,0.0520409404324192,0.0797706537577988,Very High,Very High
CMP8831,Email Marketing,31904.01,1785,17891,01/27/2025,9.97708344977922,17.87339495798319,1783.2435302666142,0.0559490797551781,0.5582086376557651,Very High,Very High
CMP4411,Facebook Ads,45187.11,2450,77398,06/18/2025,3.165456471743456,18.44371836734694,583.8278766893201,0.0542190018348152,0.1716278902494863,Very High,Very High
CMP3950,LinkedIn Ads,59763.54,6766,98049,06/30/2025,6.900631316994564,8.832920484776825,609.5272771777377,0.1132128384630495,0.7812400585839664,Very High,Very High
CMP9916,Facebook Ads,22699.11,3481,60847,2025-06-03,5.72090653606587,6.520858948577995,373.0522457968347,0.1533540301800379,0.8773240735890215,Very High,Very High
CMP9922,Instagram Ads,11580.81,1449,39602,2025-11-02,3.658906115852735,7.992277432712215,292.4299277814252,0.125120781706979,0.4578051934079406,Very High,Very High
CMP3246,Facebook Ads,959.07,177,61515,2025-03-08,0.2877346988539381,5.418474576271187,15.590831504511096,0.1845537864806531,0.0531025281753647,Low,Medium
CMP2071,Google Ads,3585.65,246,58547,2025-07-02,0.4201752438212034,14.575813008130082,61.24395784583327,0.0686068076917713,0.0288268821496844,Medium,Medium
CMP5806,Facebook Ads,31016.21,4612,54732,05/31/2025,8.426514653219323,6.725110581092801,566.6924285609881,0.1486964397004018,1.2529927280169797,Very High,Very High
CMP0742,Google Ads,112159.82,5865,98829,07/29/2025,5.934492911999515,19.123583972719523,1134.8877353813157,0.0522914533921327,0.3103232595137648,Very High,Very High
CMP3006,Email Marketing,127332.63,7556,79274,09/18/2025,9.531498347503597,16.85185680254103,1606.2344526578702,0.059340641907734,0.5656052302833701,Very High,Very High
CMP7431,LinkedIn Ads,20368.39,3642,44000,10/29/2025,8.277272727272727,5.59263866007688,462.91795454545456,0.178806474149405,1.4800299519366662,Very High,Very High
CMP9243,YouTube Ads,54679.75,4799,70838,2025-07-08,6.774612496117903,11.393988330902271,771.8985572715209,0.0877655804936928,0.5945777983416131,Very High,Very High
CMP2347,Google Ads,35130.47,3501,98288,05/23/2025,3.561981116718216,10.03441016852328,357.42379537685173,0.0996570783140675,0.3549766311020169,Very High,Very High
CMP1943,Instagram Ads,20799.87,2043,37893,03/28/2025,5.391497110284221,10.181042584434657,548.9106167366003,0.0982217677322021,0.5295623768951759,Very High,Very High
CMP4566,Facebook Ads,5753.03,473,14579,09/18/2025,3.244392619521229,12.162854122621564,394.6107414774676,0.0822175444939449,0.2667459945513132,High,Medium
CMP8845,YouTube Ads,850.57,77,27576,01/14/2025,0.2792283144763562,11.046363636363637,30.84457499274732,0.0905275285984692,0.0252778492242607,Low,Low
CMP8535,Facebook Ads,45781.08,2466,61486,12/28/2025,4.010669095403832,18.56491484184915,744.577302150083,0.053865046434029,0.2160348770554528,Very High,Very High
CMP2242,Instagram Ads,38078.58,1958,97896,2025-10-02,2.000081719375664,19.447691521961183,388.9697229713165,0.0514199846737982,0.1028441713566406,Very High,Very High
CMP7430,Email Marketing,120537.57,8452,98406,2025-07-02,8.588907180456475,14.261425698059632,1224.900615816109,0.0701192167719989,0.602247444421006,Very High,Very High
CMP8541,Instagram Ads,32867.01,2336,26955,11/17/2025,8.666295677981822,14.069781678082192,1219.3288814691152,0.0710743082501268,0.6159509704036216,Very High,Very High
CMP6164,Facebook Ads,23248.86,3255,90257,03/19/2025,3.6063684811150383,7.142506912442396,257.58511805178546,0.1400068648527282,0.5049163445446121,Very High,Very High
CMP1454,YouTube Ads,9096.66,3559,96802,2025-04-02,3.6765769302287135,2.555959539196404,93.97181876407512,0.3912424999945035,1.4384331496047995,High,Very High
CMP6852,Email Marketing,23455.31,2562,36481,10/26/2025,7.022833803897919,9.155078064012493,642.9459170527124,0.1092289976129072,0.7670970968018103,Very High,Very High
CMP2951,Instagram Ads,17680.21,1246,32394,2025-08-09,3.846391307032167,14.1895746388443,545.7865654133482,0.0704742760408388,0.271071642732868,Very High,Very High
CMP3587,Google Ads,34412.06,1768,39653,06/16/2025,4.458679040677881,19.46383484162896,867.8299245958691,0.05137733689875,0.229075055196303,Very High,Very High
CMP5225,Email Marketing,11184.38,761,16881,12/27/2025,4.508026775664948,14.696951379763467,662.5425034061963,0.0680413219150279,0.3067321010445841,Very High,High
CMP0475,Instagram Ads,13330.55,2128,37117,07/29/2025,5.733221973758655,6.264356203007519,359.1494463453404,0.1596333234562715,0.9152132777836188,Very High,Very High
CMP6413,LinkedIn Ads,23411.32,3315,57731,01/28/2025,5.742148932116194,7.062238310708899,405.5242417418718,0.1415981670405598,0.8130777636615613,Very High,Very High
CMP0748,Instagram Ads,21712.56,3407,60672,03/27/2025,5.615440400843882,6.372926328147931,357.86787974683546,0.1569137863061748,0.8811400150730778,Very High,Very High
CMP5402,Facebook Ads,12736.08,4471,81293,2025-11-01,5.499858536405348,2.848597629165735,156.66883987551202,0.3510499305908882,1.9307249574648015,Very High,Very High
CMP9059,Google Ads,9909.36,856,87843,2025-05-07,0.9744658083171112,11.576355140186916,112.80762269048188,0.0863829752880105,0.0841772558388682,High,High
CMP3758,Instagram Ads,13124.33,1581,23155,04/21/2025,6.827898941913194,8.301283997469955,566.8032822284604,0.1204632922213934,0.8225111854978319,Very High,Very High
CMP8628,Google Ads,54097.22,3309,67732,01/22/2025,4.885430815567236,16.348510123904504,798.6951514793599,0.0611676533470666,0.2988303385776937,Very High,Very High
CMP4052,Google Ads,14555.56,3121,37711,07/13/2025,8.276099811726022,4.663748798462032,385.9765055288908,0.2144197818565551,1.774559516253371,Very High,Very High
CMP1254,Google Ads,88347.98,5965,68127,2025-01-08,8.755706254495282,14.811061190276613,1296.8130109941726,0.0675171067861427,0.5911599541728556,Very High,Very High
CMP2488,Google Ads,158568.05,9686,98452,2025-10-04,9.838296835005892,16.370849679950442,1610.6127859261364,0.0610841843612253,0.6009643376699598,Very High,Very High
CMP4951,Instagram Ads,7257.9,1710,62149,2025-02-12,2.751452155304188,4.24438596491228,116.78224911100742,0.2356053403877154,0.6482568216109567,High,Very High
CMP6658,YouTube Ads,15171.65,2029,38511,12/26/2025,5.268624548830204,7.4774026614095614,393.9562722339072,0.1337362778603514,0.7046062366042247,Very High,Very High
CMP6450,Instagram Ads,25945.6,5903,73641,04/25/2025,8.01591504732418,4.395324411316279,352.3254708654146,0.2275144918598914,1.8237368387840187,Very High,Very High
CMP7812,YouTube Ads,10840.13,1366,16280,03/15/2025,8.39066339066339,7.935673499267935,665.8556511056511,0.1260132489186015,1.057334754439863,Very High,Very High
CMP8026,YouTube Ads,1954.5,393,34763,2025-12-11,1.1305123263239651,4.973282442748092,56.22357103817277,0.2010744435917114,0.2273171369891626,Medium,Medium
CMP0966,LinkedIn Ads,13802.0,1736,35033,06/22/2025,4.955327833756744,7.950460829493087,393.9713983957983,0.1257788726271554,0.6232755484278878,Very High,Very High
CMP0092,Instagram Ads,54634.67,3477,92491,2025-08-09,3.7592846871587504,15.713163646821972,590.7025548431739,0.0636409078704053,0.2392442904340957,Very High,Very High
CMP7914,YouTube Ads,109408.75,7084,74719,2025-11-02,9.480854936495405,15.444487577639752,1464.2694629210778,0.0647480206107829,0.6138665908360477,Very High,Very High
CMP0224,Facebook Ads,28578.56,6178,70149,2025-12-04,8.806968025203496,4.625859501456782,407.39796718413663,0.216176042459802,1.9038554937585093,Very High,Very High
CMP8595,LinkedIn Ads,28175.44,1583,20332,2025-03-08,7.785756443045446,17.79876184459886,1385.76824709817,0.0561836833781477,0.4374324748554394,Very High,Very High
CMP4442,YouTube Ads,38262.51,3094,44255,03/26/2025,6.9913004180318605,12.366680672268908,864.5917975370015,0.0808624421137034,0.5653336253526121,Very High,Very High
CMP6083,YouTube Ads,22686.14,2108,81235,04/18/2025,2.594940604419277,10.761925996204932,279.2655874930756,0.092920170641634,0.2411223237675443,Very High,Very High
CMP0161,Instagram Ads,7789.02,1518,56565,2025-04-02,2.6836382922301776,5.131106719367589,137.70034473614425,0.1948897293882927,0.5230135405487993,High,Very High
CMP8811,LinkedIn Ads,2944.74,825,45389,08/28/2025,1.817621009495693,3.5693818181818178,64.87783383639207,0.2801605574685711,0.5092257152869003,Medium,High
CMP3704,Instagram Ads,5265.35,281,84420,05/21/2025,0.3328595119639896,18.737900355871886,62.37088367685383,0.0533677723228275,0.0177639706499816,High,Medium
CMP6608,Instagram Ads,61528.85,4482,75546,04/14/2025,5.932809149392424,13.727989736724677,814.4554311280544,0.0728438773030862,0.4321688217409694,Very High,Very High
CMP2922,Instagram Ads,4188.98,888,75880,09/25/2025,1.1702688455455983,4.717319819819819,55.2053241960991,0.2119847791109053,0.2480791827233578,Medium,High
CMP9703,YouTube Ads,51689.6,3356,38338,2025-12-11,8.75371693880745,15.402145411203811,1348.2602118003026,0.0649260199343775,0.5683440004689106,Very High,Very High
CMP1497,YouTube Ads,3429.81,637,21200,2025-01-01,3.004716981132076,5.384317111459969,161.78349056603776,0.1857245736644304,0.5580497803030291,Medium,High
CMP6970,Email Marketing,21271.93,2729,63825,2025-02-03,4.275754014884449,7.79477097838036,333.2852330591461,0.1282911329625473,0.5485413268386865,Very High,Very High
CMP7774,Instagram Ads,31188.39,2646,42863,2025-06-11,6.173156335300843,11.786995464852607,727.6296572801717,0.0848392623024144,0.5237260295643997,Very High,Very High
CMP7164,YouTube Ads,59595.49,4064,59887,2025-09-05,6.786113847746589,14.664244586614172,995.132332559654,0.0681930797112331,0.4627660025488865,Very High,Very High
CMP5992,LinkedIn Ads,87191.5,5718,89823,04/20/2025,6.365852843926388,15.248600909408884,970.7034946505904,0.0655797870205237,0.4174712737086882,Very High,Very High
CMP0175,Facebook Ads,35197.07,3007,59944,2025-03-01,5.016348592019218,11.705044895244429,587.1658547978112,0.0854332477106759,0.4285629518650782,Very High,Very High
CMP4158,YouTube Ads,2620.08,360,3703,11/28/2025,9.721847150958682,7.278,707.5560356467728,0.1374003847210772,1.3357855387412314,Medium,Medium
CMP4146,Instagram Ads,19241.53,987,83955,01/16/2025,1.175629801679471,19.494964539007093,229.1886129474123,0.0512952972034968,0.0603042800784364,Very High,High
CMP8939,Google Ads,1285.99,428,7006,03/20/2025,6.109049386240365,3.0046495327102805,183.5555238367114,0.3328175180211354,2.0331986541970597,Medium,Medium
CMP0919,LinkedIn Ads,8567.08,1071,85555,2025-06-10,1.251826310560458,7.999140989729225,100.13535152825668,0.1250134234768439,0.1564950926815496,High,Very High
CMP5186,Email Marketing,17880.73,1550,24179,2025-07-12,6.410521526944869,11.535954838709678,739.5148682741221,0.0866854988582681,0.5556992565048825,Very High,Very High
CMP8217,Facebook Ads,17537.04,4418,97545,08/16/2025,4.529191655133529,3.969452240832956,179.7840996463171,0.2519239278692413,1.141011751833829,Very High,Very High
CMP2834,Email Marketing,810.43,102,99888,10/15/2025,0.1021143680922633,7.945392156862745,8.113386993432643,0.1258591118295226,0.0128520236731252,Low,Medium
CMP1411,YouTube Ads,3500.7,772,62687,02/16/2025,1.2315153062038382,4.534585492227979,55.84411440968621,0.2205273231068072,0.2715827738421925,Medium,High
CMP0330,Facebook Ads,2199.91,161,3368,08/24/2025,4.780285035629453,13.664037267080744,653.1799287410926,0.0731848121059497,0.349844262145425,Medium,Medium
CMP3131,Email Marketing,17644.16,2224,98745,07/14/2025,2.252265937515824,7.933525179856115,178.68408527014026,0.1260473720483151,0.2838922025778043,Very High,Very High
CMP3703,Facebook Ads,21964.22,3669,37756,2025-01-06,9.717660769149274,5.986432270373399,581.7411802097681,0.1670444022141464,1.6232808341024032,Very High,Very High
CMP9482,Instagram Ads,44940.46,4334,47725,11/20/2025,9.081194342587745,10.369280110752191,941.654478784704,0.0964387102401711,0.8757786698395005,Very High,Very High
CMP3452,Email Marketing,39910.66,2891,58866,12/16/2025,4.911154146706078,13.80514008993428,677.9917099853906,0.0724367875650264,0.3557482296240471,Very High,Very High
CMP4407,Google Ads,39508.05,6385,69275,04/22/2025,9.2168892096716,6.187635082223963,570.3074702273549,0.1616126333747173,1.489565736698044,Very High,Very High
CMP3055,LinkedIn Ads,12845.98,1006,20325,2025-10-07,4.9495694956949565,12.769363817097416,632.0285362853629,0.0783124370425611,0.3876128495193925,Very High,Very High
CMP1714,Email Marketing,601.71,114,49039,2025-01-09,0.2324680356450988,5.278157894736842,12.27002997614144,0.1894600388891658,0.0440434030738084,Low,Medium
CMP5866,Instagram Ads,23678.63,1962,23331,2025-12-01,8.40941236980841,12.06861875637105,1014.899918563285,0.0828595235450699,0.6967999022563425,Very High,Very High
CMP6543,LinkedIn Ads,16432.38,1084,33927,2025-04-11,3.1950953517847145,15.159022140221404,484.3452117782298,0.0659673157509746,0.2107718639256535,Very High,Very High
CMP3839,YouTube Ads,9077.27,912,16136,05/18/2025,5.651958353991076,9.953146929824564,562.5477193852256,0.1004707362455892,0.5678564170548922,High,High
CMP4925,YouTube Ads,51583.58,8636,93439,10/18/2025,9.242393433148898,5.973087077350625,552.0562077933198,0.1674176162259385,1.547339476800057,Very High,Very High
CMP1482,Instagram Ads,14469.54,1691,20541,07/22/2025,8.232315856092692,8.55679479597871,704.4223747626697,0.1168661892499692,0.962079382803651,Very High,Very High
CMP2820,Instagram Ads,4057.12,708,42308,04/15/2025,1.673442374964546,5.730395480225988,95.89486621915478,0.1745080253973261,0.2920291244712748,Medium,High
CMP6132,Google Ads,11561.48,1355,64566,08/30/2025,2.098627760740947,8.532457564575646,179.0645231236254,0.1171995280880994,0.2459581831914239,Very High,Very High
CMP6166,LinkedIn Ads,63841.98,4027,94566,02/19/2025,4.258401539665419,15.853483983113982,675.1050060275363,0.0630776175801565,0.2686098238217649,Very High,Very High
CMP5360,Instagram Ads,90702.69,7006,90440,2025-01-10,7.74657231313578,12.946430202683414,1002.904577620522,0.0772413695779033,0.5983558550008745,Very High,Very High
CMP0441,Facebook Ads,24049.34,1509,81760,2025-08-07,1.8456457925636007,15.937269715043074,294.14554794520546,0.0627460046720616,0.1158068995231667,Very High,Very High
CMP6524,Google Ads,18775.72,3819,86617,2025-07-04,4.409065195054088,4.916396962555643,216.76714732673727,0.2034009880846113,0.8968082172034714,Very High,Very High
CMP2948,LinkedIn Ads,9667.98,1217,21758,2025-12-12,5.593344976560346,7.9441084634346755,444.3413916720287,0.1258794494816911,0.7040871864105988,High,Very High
CMP8477,Google Ads,6214.57,726,62938,02/21/2025,1.153516158759414,8.560013774104682,98.74114207632908,0.1168222419250245,0.1347563437630173,High,High
CMP6292,Email Marketing,1585.07,144,61597,2025-10-12,0.2337776190398883,11.007430555555556,25.73290907024693,0.0908477228135035,0.0212381643345365,Medium,Medium
CMP1900,YouTube Ads,37559.73,4162,61017,08/31/2025,6.821049871347329,9.024442575684768,615.5617286985595,0.1108101682307087,0.755841683754052,Very High,Very High
CMP8712,LinkedIn Ads,6979.22,1360,90436,06/22/2025,1.5038259100358264,5.131779411764706,77.17302844000177,0.194864182530426,0.2930418066272053,High,Very High
CMP7455,LinkedIn Ads,3900.75,525,8362,2025-04-03,6.278402296101411,7.43,466.4852906003349,0.1345895020188425,0.8450070385062465,Medium,High
CMP6051,Instagram Ads,40275.19,2814,57797,01/13/2025,4.868764814782774,14.312434257285004,696.8387632576085,0.0698693165693321,0.3401772701456834,Very High,Very High
CMP7320,Instagram Ads,8289.14,2654,41017,02/27/2025,6.470487846502669,3.1232629992464203,202.0903527805544,0.3201779677988308,2.071707649360257,High,Very High
CMP1378,YouTube Ads,4687.38,308,14395,11/21/2025,2.139631816602987,15.218766233766232,325.6255644320945,0.0657083488003959,0.1405916737097739,Medium,Medium
CMP4000,Email Marketing,49570.76,4711,70623,2025-09-02,6.670631380711667,10.522343451496498,701.9067442617844,0.0950358638842737,0.6339492159194787,Very High,Very High
CMP1657,LinkedIn Ads,23239.28,5992,69191,11/23/2025,8.660085849315664,3.878384512683578,335.8714283649608,0.2578393134382821,2.2329105897041326,Very High,Very High
CMP4209,Email Marketing,23111.37,1348,87576,2025-10-08,1.5392344934685305,17.144933234421366,263.9007262263634,0.0583262697105364,0.0897778062138064,Very High,Very High
CMP8423,YouTube Ads,47681.55,2893,33949,2025-11-07,8.521605938319244,16.481697200138267,1404.505287342779,0.0606733631771618,0.5170344919483022,Very High,Very High
CMP3043,Instagram Ads,18317.71,5550,67740,07/24/2025,8.193091231178034,3.300488288288288,270.4120165338057,0.3029854714372048,2.482387609206505,Very High,Very High
CMP0307,LinkedIn Ads,15903.19,2176,88142,08/25/2025,2.4687436182523657,7.308451286764706,180.42692473508657,0.1368278942778147,0.3377929907972644,Very High,Very High
CMP5319,Facebook Ads,5095.04,676,10352,12/31/2025,6.530139103554869,7.537041420118343,492.1792890262751,0.1326780555206632,0.8664061585391069,High,High
CMP8872,LinkedIn Ads,12560.62,4618,64338,06/24/2025,7.177717678510367,2.7199263750541363,195.22863626472693,0.3676570105615805,2.638938224336129,Very High,Very High
CMP8176,Facebook Ads,31564.73,5765,71761,07/19/2025,8.033611571745098,5.475235039028621,439.8591156756456,0.182640561157976,1.4672633255887342,Very High,Very High
CMP1288,Email Marketing,91735.61,4648,65771,2025-12-02,7.066944397986955,19.73657702237521,1394.7729242371258,0.0506673471730334,0.3580633252653289,Very High,Very High
CMP7398,Email Marketing,1526.65,292,63260,10/27/2025,0.46158710085362,5.228253424657535,24.132943408156816,0.1912684636295156,0.0882870556114741,Medium,Medium
CMP0384,Instagram Ads,68137.27,6145,74933,2025-01-05,8.200659255601671,11.088245728234336,909.309249596306,0.0901855915272214,0.7395813058796202,Very High,Very High
CMP2024,Google Ads,11391.63,1838,53871,02/26/2025,3.411854244398656,6.197840043525571,211.4612685860667,0.1613465324979831,0.5504908517222495,Very High,Very High
CMP6572,YouTube Ads,45893.87,2933,55545,2025-03-08,5.280403276622558,15.647415615410845,826.246646862904,0.0639083171674125,0.3374616873742389,Very High,Very High
CMP5207,YouTube Ads,41309.71,4412,72205,07/26/2025,6.110380167578422,9.363034904805076,572.1170279066546,0.1068029768303868,0.6526067914627336,Very High,Very High
CMP2911,LinkedIn Ads,744.76,63,39802,06/21/2025,0.1582835033415406,11.821587301587302,18.71162253153108,0.0845910091841667,0.0133893612848663,Low,Low
CMP9506,Email Marketing,33648.17,3476,56801,11/22/2025,6.11961057023644,9.680140966628308,592.3869298075738,0.1033042807380015,0.6321819683549467,Very High,Very High
CMP1320,YouTube Ads,58375.12,6047,76787,2025-12-01,7.875030929714666,9.653567058045311,760.2213916418144,0.1035886521518071,0.8157638396629349,Very High,Very High
CMP1491,Instagram Ads,5600.1,430,4977,2025-01-12,8.639742816958007,13.023488372093023,1125.1959011452684,0.0767843431367297,0.6633969770703992,High,Medium
CMP2645,LinkedIn Ads,11188.05,2010,50373,12/31/2025,3.9902328628431896,5.566194029850746,222.10410338872012,0.1796559722203601,0.716869164359724,Very High,Very High
CMP3392,YouTube Ads,25870.3,3811,62447,2025-05-11,6.102775153330024,6.788323274731042,414.27610613800505,0.1473117822367734,0.8990106844273441,Very High,Very High
CMP9897,Instagram Ads,11139.33,1052,22875,2025-05-02,4.598907103825137,10.588716730038024,486.9652459016394,0.0944401503501557,0.434321478331645,Very High,Very High
CMP7704,LinkedIn Ads,17408.83,904,11222,2025-03-10,8.055605061486366,19.257555309734517,1551.31260024951,0.0519276711875525,0.4183088108496477,Very High,High
CMP7878,Email Marketing,5829.73,349,9836,01/21/2025,3.5481903212688084,16.704097421203436,592.6931679544531,0.0598655512347913,0.2124143694687085,High,Medium
CMP7210,LinkedIn Ads,1324.34,262,18260,05/15/2025,1.434830230010953,5.0547328244274805,72.52683461117196,0.1978343929806545,0.2838587675845098,Medium,Medium
CMP5568,Facebook Ads,36207.19,3308,33859,05/16/2025,9.769928231784752,10.945341596130593,1069.3520186656428,0.0913630690478879,0.8926106276334607,Very High,Very High
CMP8054,Facebook Ads,11133.37,1452,36078,08/16/2025,4.0246133377681685,7.667610192837466,308.59166250900824,0.1304187321538761,0.5248849689213042,Very High,Very High
CMP0586,Facebook Ads,3636.32,1231,21401,2025-09-07,5.752067660389701,2.9539561332250206,169.91355544133452,0.3385290623487482,1.9472420716382837,Medium,Very High
CMP2594,YouTube Ads,54541.76,5042,85085,08/14/2025,5.925838867015338,10.817485124950418,641.0267379679144,0.0924429281343322,0.547801896519132,Very High,Very High
CMP9953,Instagram Ads,29428.69,2157,52361,01/15/2025,4.119478237619602,13.64334260547056,562.034529516243,0.0732958211867398,0.3019405402872327,Very High,Very High
CMP5967,Email Marketing,109140.15,6156,68662,09/22/2025,8.96565786024293,17.729069200779726,1589.5276863476158,0.0564045404005766,0.5057038109958203,Very High,Very High
CMP2554,YouTube Ads,30591.65,2624,67679,07/13/2025,3.87712584405798,11.658403201219512,452.0109635189645,0.0857750399210242,0.3325606240529078,Very High,Very High
CMP7930,LinkedIn Ads,704.79,83,3865,2025-08-06,2.147477360931436,8.49144578313253,182.35187580853813,0.1177655755615147,0.2528989074154134,Low,Low
CMP1960,Email Marketing,16955.53,1510,27813,10/19/2025,5.429115881062812,11.228827814569536,609.626074137993,0.0890564907142389,0.4834980080483976,Very High,Very High
CMP0539,LinkedIn Ads,31978.87,1669,84103,09/17/2025,1.9844714219468984,19.160497303774715,380.2345932963152,0.0521907121796361,0.1035709768115438,Very High,Very High
CMP1302,Google Ads,54669.33,4692,60541,2025-06-05,7.750119753555442,11.65160485933504,903.0133298095508,0.0858250869363132,0.6651547016157346,Very High,Very High
CMP3742,Email Marketing,42161.09,7522,96028,2025-08-11,7.833132003165744,5.605037224142515,439.04996459366015,0.1784109471553036,1.3975164998773213,Very High,Very High
CMP1044,Facebook Ads,9019.8,2530,70492,04/27/2025,3.5890597514611584,3.5651383399209484,127.95494524201324,0.2804940242577441,1.0067098129888392,High,Very High
CMP0837,Instagram Ads,7398.07,1246,85087,2025-01-03,1.4643835133451644,5.9374558587479935,86.94712470765216,0.1684223047362352,0.2466348463353381,High,Very High
CMP3523,YouTube Ads,31245.4,2507,65862,10/25/2025,3.8064437763809176,12.463262863980852,474.40709361999336,0.0802358107113367,0.3054131023250449,Very High,Very High
CMP3192,YouTube Ads,149477.8,7525,85221,2025-09-05,8.829983220098333,19.864159468438537,1754.001947876697,0.0503419236836506,0.4445183413941064,Very High,Very High
CMP8312,LinkedIn Ads,45462.4,2374,69397,2025-03-06,3.42089715693762,19.150126368997476,655.106128506996,0.0522189765608502,0.1786357484552049,Very High,Very High
CMP8243,Instagram Ads,32307.82,7259,84040,2025-04-04,8.63755354593051,4.45072599531616,384.4338410280819,0.2246824453027162,1.9407066521328145,Very High,Very High
CMP8123,Facebook Ads,5026.84,318,25435,2025-11-12,1.250245724395518,15.807672955974844,197.63475525850208,0.0632604180757692,0.0790910672227034,High,Medium
CMP2993,Facebook Ads,10569.16,1612,16249,2025-07-06,9.920610499107635,6.556550868486352,650.4498738383901,0.1525192162858732,1.5130837384013025,Very High,Very High
CMP4917,YouTube Ads,34048.17,2388,29563,06/15/2025,8.07766464837804,14.258027638190956,1151.7156580861213,0.0701359280102278,0.5665345062694047,Very High,Very High
CMP9997,Email Marketing,26612.2,1383,22595,08/31/2025,6.120823190971454,19.24237165582068,1177.7915468023898,0.051968645959372,0.3180908933915092,Very High,Very High
CMP7733,Instagram Ads,9721.67,1237,50600,2025-01-07,2.444664031620553,7.859070331447049,192.1278656126482,0.1272415130322259,0.3110627502388606,High,Very High
CMP6835,Google Ads,9784.31,503,54963,2025-01-07,0.9151611083820024,19.451908548707756,178.01630187580736,0.0514088372097777,0.04704736844153,High,High
CMP3418,Email Marketing,32496.91,4243,95935,2025-11-07,4.422786261531245,7.658946500117841,338.73883358524,0.1305662599921038,0.5774666609125936,Very High,Very High
CMP9175,Email Marketing,12375.72,930,28142,08/14/2025,3.304669177741454,13.307225806451612,439.75978963826304,0.0751471429541069,0.248336447115768,Very High,High
CMP7860,Email Marketing,74707.94,3899,79717,01/24/2025,4.891052096792404,19.160795075660427,937.1644693101848,0.0521899011002043,0.2552635252075426,Very High,Very High
CMP9603,LinkedIn Ads,532.75,153,9774,06/25/2025,1.5653775322283612,3.4820261437908497,54.50685492121956,0.2871891130924449,0.4495593851355031,Low,Medium
CMP7731,Facebook Ads,13994.85,714,11697,07/31/2025,6.104129263913824,19.60063025210084,1196.4478071300332,0.051018767618088,0.3114251524263904,Very High,High
CMP1442,LinkedIn Ads,17431.78,1392,34142,2025-05-12,4.077089801417609,12.522830459770114,510.5670435241052,0.0798541514406446,0.3255725464395094,Very High,Very High
CMP2302,Google Ads,99970.46,5193,93652,2025-04-07,5.544996369538291,19.25100327363759,1067.467432622902,0.051945344654811,0.2880367475253424,Very High,Very High
CMP5935,Instagram Ads,7735.32,1110,28081,2025-12-01,3.952850681955771,6.968756756756757,275.4645489832983,0.1434976187151921,0.5672246599973765,High,Very High
CMP7969,Google Ads,10033.11,543,71258,09/20/2025,0.7620197030508855,18.47718232044199,140.79976985040275,0.0541208060112965,0.0412411205256028,Very High,High
CMP8262,Instagram Ads,30380.95,4080,72622,06/20/2025,5.618132246426702,7.446311274509804,418.3436148825425,0.1342946813710565,0.754485279934332,Very High,Very High
CMP1841,YouTube Ads,37268.94,2153,22738,02/14/2025,9.468730759081714,17.310236878773804,1639.0597238103617,0.0577692845570601,0.5470018016155793,Very High,Very High
CMP1198,Email Marketing,24686.74,2318,58485,03/19/2025,3.963409421219116,10.650017256255394,422.1037872958879,0.0938965614738924,0.3721505163657052,Very High,Very High
CMP8647,Email Marketing,128871.77,7134,98922,07/25/2025,7.2117425850670225,18.064447715166807,1302.7614686318514,0.0553573525062936,0.3992229764662046,Very High,Very High
CMP0140,Facebook Ads,18219.36,3549,44255,04/25/2025,8.01943283244831,5.133660185967878,411.6904304598351,0.1947927918434017,1.5621277104332452,Very High,Very High
CMP3283,YouTube Ads,24689.54,4775,48484,03/17/2025,9.848609850672387,5.170584293193717,509.2306740367957,0.1934017401701287,1.9047382833767117,Very High,Very High
CMP0647,Facebook Ads,55795.06,2905,72788,06/17/2025,3.9910424795295927,19.20656110154905,766.5420124196296,0.0520655412862715,0.2077957869932117,Very High,Very High
CMP6952,Instagram Ads,15039.06,939,32537,01/14/2025,2.885945231582506,16.016038338658145,462.2140947229308,0.0624374129766089,0.1801909542521921,Very High,High
CMP7274,Email Marketing,31748.32,3467,98981,08/17/2025,3.502692435922046,9.157288722238246,320.7516594093816,0.1092026286745251,0.3825032214410631,Very High,Very High
CMP2043,Google Ads,39275.22,2125,24950,09/22/2025,8.517034068136272,18.48245647058824,1574.157114228457,0.0541053621087291,0.4608172123488952,Very High,Very High
CMP9910,Instagram Ads,20155.49,3450,43534,02/16/2025,7.924840354665319,5.842171014492754,462.9827261450821,0.1711692447070252,1.3564889379318166,Very High,Very High
CMP7487,Google Ads,2434.28,147,2951,07/24/2025,4.981362250084717,16.559727891156463,824.900033886818,0.0603874656982762,0.3008118420076792,Medium,Medium
CMP4927,Facebook Ads,19893.72,1433,93909,07/19/2025,1.5259453300535626,13.882568039078857,211.84039868383223,0.0720327822046354,0.1099180876159287,Very High,Very High
CMP0744,Facebook Ads,9606.99,776,34636,2025-07-03,2.240443469222774,12.38014175257732,277.37007737614044,0.0807745193864051,0.1809707444388796,High,High
CMP1003,YouTube Ads,21033.1,2757,29502,11/13/2025,9.345129143786862,7.628980776206021,712.9381058911259,0.1310791086430436,1.224951198321711,Very High,Very High
CMP2481,Email Marketing,26888.29,3025,89643,02/26/2025,3.374496614348025,8.88869090909091,299.9485737871334,0.1125025057376278,0.3796393247172943,Very High,Very High
CMP6115,Instagram Ads,15921.33,5310,83515,01/14/2025,6.358139256421003,2.9983672316384182,190.6403640064659,0.3335148508321855,2.120533865675514,Very High,Very High
CMP6680,Google Ads,49717.81,3138,72710,09/26/2025,4.315774996561683,15.84378903760357,683.7822857928758,0.0631162152958869,0.2723953838515928,Very High,Very High
CMP1510,LinkedIn Ads,3209.71,165,10693,08/26/2025,1.5430655569063874,19.45278787878788,300.1692696156364,0.0514065133610201,0.0793236201680382,Medium,Medium
CMP0012,Instagram Ads,71071.25,3896,64422,2025-12-05,6.047623482661202,18.24210728952772,1103.2139641737294,0.0548182281865029,0.3315200040585757,Very High,Very High
CMP1580,LinkedIn Ads,105383.45,6183,66592,10/20/2025,9.284899086977417,17.044064370046904,1582.5241770783275,0.0586714517317472,0.5447585086157395,Very High,Very High
CMP2337,Facebook Ads,21646.02,1396,88403,07/26/2025,1.579131929911881,15.505744985673353,244.8561700394783,0.0644922253605974,0.1018417322979922,Very High,Very High
CMP4934,Instagram Ads,108189.52,7621,95121,09/24/2025,8.011900631826832,14.19623671434195,1137.388379011995,0.0704412035472567,0.5643679232069084,Very High,Very High
CMP6915,Instagram Ads,30700.01,2429,88665,01/18/2025,2.739525179044719,12.638950185261423,346.24722269215584,0.0791204954004901,0.2167525893281345,Very High,Very High
CMP0235,Facebook Ads,10408.43,608,85182,2025-02-05,0.7137658190697566,17.119128289473686,122.19048625296423,0.0584141892677377,0.0416940516479826,Very High,High
CMP5635,Facebook Ads,69717.56,6696,84406,04/20/2025,7.933085325687747,10.411821983273596,825.9787218918086,0.0960446693774136,0.7619305572484917,Very High,Very High
CMP4577,Email Marketing,23634.7,2813,69435,2025-06-04,4.051270972852308,8.401955207963029,340.38597249225893,0.1190199156325233,0.4821819293933725,Very High,Very High
CMP1582,Email Marketing,30544.67,4302,46875,2025-07-07,9.1776,7.100109251510925,651.6196266666666,0.1408429031971863,1.2925998283824969,Very High,Very High
CMP7495,Google Ads,17622.24,1177,17765,2025-06-03,6.625386996904024,14.972166525063722,991.9639741063892,0.0667906009678678,0.4425135791679171,Very High,Very High
CMP1360,YouTube Ads,28275.08,1678,25935,09/19/2025,6.470021206863312,16.850464839094162,1090.228648544438,0.0593455438499201,0.3839669272418199,Very High,Very High
CMP5799,YouTube Ads,33199.46,6439,80765,09/29/2025,7.972512845910976,5.155996272713154,411.0624651767473,0.1939489377236858,1.5462603974528737,Very High,Very High
CMP8698,Facebook Ads,5740.76,1350,51082,03/26/2025,2.642809600250577,4.252414814814815,112.38322696840376,0.2351605013970275,0.6214844306918038,High,Very High
CMP4562,Google Ads,23097.48,2478,54543,09/25/2025,4.543204444199989,9.321016949152542,423.47285627853256,0.1072844310288395,0.4874151038436908,Very High,Very High
CMP4916,Google Ads,8401.33,564,11813,2025-09-12,4.774401083552019,14.895975177304964,711.1936002708879,0.0671322278734438,0.3205161815002313,High,High
CMP0971,LinkedIn Ads,3755.21,344,20389,03/24/2025,1.687184266025798,10.916308139534884,184.1782333611261,0.091606061977892,0.1545563064416835,Medium,Medium
CMP3169,Facebook Ads,4050.63,627,47928,05/22/2025,1.3082123184777166,6.460334928229665,84.51489734601903,0.1547907362558417,0.2024991479561274,Medium,High
CMP2488,Facebook Ads,17345.23,1216,60114,06/17/2025,2.022823302392122,14.264169407894736,288.53894267558303,0.0701057293561399,0.1418115029727954,Very High,Very High
CMP9805,LinkedIn Ads,28017.69,2755,32432,2025-05-03,8.494696595954613,10.169760435571687,863.8902935372471,0.0983307331903522,0.8352897445098064,Very High,Very High
CMP5594,Instagram Ads,7552.43,440,7370,2025-11-05,5.970149253731343,17.164613636363637,1024.753052917232,0.0582593946584079,0.347817281542734,High,Medium
CMP7984,Instagram Ads,9428.7,2191,31443,2025-05-11,6.968164615335687,4.303377453217709,299.86642495945046,0.2323756191203453,1.6192315666211132,High,Very High
CMP7086,LinkedIn Ads,3051.6,703,9425,05/24/2025,7.458885941644562,4.340825035561878,323.7771883289125,0.2303709529427186,1.718310662267705,Medium,High
CMP4117,Instagram Ads,324.5,76,12891,2025-06-09,0.589558606779924,4.269736842105263,25.17260103948491,0.234206471494607,0.1380784410332025,Low,Low
CMP4355,Google Ads,99023.31,8043,94868,10/17/2025,8.478095880591981,12.311738157403951,1043.8009655521355,0.0812232998472783,0.6886189238432981,Very High,Very High
CMP0690,YouTube Ads,21615.27,1259,16129,11/26/2025,7.805815611631223,17.168602065131058,1340.1494202988406,0.0582458604495803,0.4546564468102276,Very High,Very High
CMP5910,YouTube Ads,116718.3,6961,90160,01/21/2025,7.720718722271518,16.767461571613275,1294.568544809228,0.059639319626828,0.4604584116263862,Very High,Very High
CMP8565,Google Ads,80661.52,5195,54257,2025-10-08,9.574801408113238,15.526760346487007,1486.656468289806,0.0644049355876259,0.616664467953843,Very High,Very High
CMP5390,Google Ads,37111.53,3821,40309,01/15/2025,9.479272619018085,9.712517665532582,920.6760276861248,0.1029599156919695,0.9759851096752978,Very High,Very High
CMP4075,Instagram Ads,3606.92,441,60459,12/24/2025,0.729419937478291,8.178956916099773,59.65894242379133,0.1222649795393299,0.0891825137313625,Medium,Medium
CMP5274,Email Marketing,46964.97,2905,54601,03/30/2025,5.320415377007747,16.166943201376938,860.1485320781671,0.06185461206512,0.3290922291701135,Very High,Very High
CMP3729,Instagram Ads,16259.74,879,42086,02/16/2025,2.0885805255904577,18.497997724687146,386.3455781019817,0.0540599050169313,0.1129084648336327,Very High,High
CMP6271,Facebook Ads,52911.26,3556,36692,06/29/2025,9.691485882481194,14.87943194600675,1442.038046440641,0.0672068667425421,0.6513344002411419,Very High,Very High
CMP5289,Google Ads,5554.86,438,16611,09/17/2025,2.6368069351634458,12.682328767123288,334.4085244717356,0.0788498720039749,0.207911889336831,High,Medium
CMP1245,Facebook Ads,3514.22,235,14237,2025-06-12,1.6506286436749316,14.954127659574468,246.8371145606518,0.066871169135683,0.1103794672113894,Medium,Medium
CMP6501,Facebook Ads,15524.32,898,52494,05/31/2025,1.710671695812855,17.287661469933184,295.7351316340915,0.0578447236336277,0.0989533314721639,Very High,High
CMP4029,YouTube Ads,3467.67,1171,22317,04/25/2025,5.247121028812116,2.9612894961571308,155.38244387686518,0.3376907260494799,1.7719041098890576,Medium,Very High
CMP2382,Google Ads,20310.59,1048,40901,2025-10-11,2.562284540720276,19.38033396946565,496.5793012395785,0.0515986980191121,0.1322105462556651,Very High,Very High
CMP3150,LinkedIn Ads,27535.17,2174,26386,11/18/2025,8.23921776699765,12.665671573137072,1043.5522625634806,0.0789535710148148,0.6505156650731734,Very High,Very High
CMP4319,LinkedIn Ads,55409.81,3036,50526,2025-01-05,6.008787554922218,18.250925559947294,1096.659343704231,0.0547917417511447,0.3292319359467909,Very High,Very High
CMP5271,Email Marketing,39430.76,3308,34361,2025-07-03,9.627193620674603,11.91981862152358,1147.5440179273014,0.0838938940055935,0.807662761184202,Very High,Very High
CMP9898,Facebook Ads,86685.33,5757,96385,11/27/2025,5.972921097681175,15.057378843147474,899.3653576801369,0.0664126213743432,0.3966773473591266,Very High,Very High
CMP7541,YouTube Ads,52941.32,4122,59392,2025-03-02,6.940328663793103,12.843600194080544,891.3880657327586,0.0778597889134611,0.540372524752975,Very High,Very High
CMP5696,LinkedIn Ads,8938.99,2472,94577,2025-01-07,2.6137432991107774,3.616096278317152,94.51547416390876,0.2765413094767977,0.7228079945722998,High,Very High
CMP0452,Email Marketing,40860.87,4070,80346,2025-10-03,5.065591317551589,10.0395257985258,508.5613471734748,0.0996062981527314,0.5045647990959313,Very High,Very High
CMP4992,Instagram Ads,39269.93,2384,32482,09/18/2025,7.339449541284404,16.472286073825504,1208.9751246844407,0.0607080277454021,0.4455635063882726,Very High,Very High
CMP0112,YouTube Ads,12232.76,779,8943,10/28/2025,8.710723470871072,15.703157894736842,1367.858660404786,0.0636814586405684,0.5547115764397049,Very High,High
CMP2642,Email Marketing,21001.77,1069,27509,2025-02-04,3.886000945145225,19.64618334892423,763.4508706241594,0.0509004717221453,0.1977992812205945,Very High,Very High
CMP5437,Google Ads,10989.46,876,14341,12/17/2025,6.108360644306534,12.545045662100456,766.2966320340282,0.0797127429373235,0.486914181808071,Very High,High
CMP5625,Facebook Ads,5987.37,687,14564,12/29/2025,4.717110683878055,8.71524017467249,411.1075254051085,0.114741530922592,0.5412485013994832,High,High
CMP3287,Facebook Ads,6063.58,718,48032,02/18/2025,1.4948367754830114,8.445097493036211,126.24042305129912,0.1184118952829846,0.1770064557236487,High,High
CMP0970,Email Marketing,4533.55,832,50909,09/28/2025,1.6342886326582726,5.448978365384615,89.05203402148932,0.1835206405576204,0.2999256967214838,Medium,High
CMP9308,YouTube Ads,11881.02,618,51130,2025-07-04,1.2086837473107763,19.22495145631068,232.3688636808136,0.0520157360226647,0.0628705747350025,Very High,High
CMP2535,YouTube Ads,26593.36,4752,51042,08/14/2025,9.309980016457036,5.596245791245791,521.0093648368011,0.1786912221697446,1.6636117075166068,Very High,Very High
CMP0636,YouTube Ads,32100.42,1703,17765,05/30/2025,9.586265128060791,18.84933646506165,1806.9473684210527,0.0530522653597678,0.5085730813829704,Very High,Very High
CMP1634,LinkedIn Ads,13151.86,2521,27317,2025-10-11,9.22868543397884,5.216921856406188,481.4533074642165,0.1916839139102758,1.7689905442318166,Very High,Very High
CMP7339,Google Ads,9448.38,1122,89648,2025-07-07,1.25156166339461,8.421016042780748,105.3942084597537,0.1187505159614664,0.1486235932857011,High,Very High
CMP5871,Google Ads,81160.57,5453,64970,10/30/2025,8.39310450977374,14.883654868879518,1249.2007080190858,0.0671877982128513,0.563914212182051,Very High,Very High
CMP8640,YouTube Ads,68514.07,5802,77377,07/21/2025,7.498352223528956,11.808698724577733,885.4578233842099,0.0846833358461991,0.634985479638197,Very High,Very High
CMP3245,Instagram Ads,67344.69,7034,84095,07/13/2025,8.364349842440097,9.574166903611031,800.8168143171414,0.1044477300289005,0.8736373542104602,Very High,Very High
CMP7932,YouTube Ads,28637.09,2555,52961,05/28/2025,4.824304677026492,11.208254403131116,540.7203413832821,0.0892199591508774,0.4304242662156904,Very High,Very High
CMP9626,Email Marketing,24879.87,4496,76878,2025-10-06,5.84822706105778,5.533778914590747,323.62795598220555,0.1807083397139937,1.0568234024742005,Very High,Very High
CMP3085,Instagram Ads,8102.55,479,72485,12/17/2025,0.6608263778712837,16.915553235908142,111.7824377457405,0.0591171915014409,0.0390661995298202,High,Medium
CMP0733,Facebook Ads,18856.63,986,14930,04/24/2025,6.604152712659076,19.124371196754566,1263.0026791694577,0.0522893008984107,0.3453265283712863,Very High,High
CMP0256,Google Ads,31710.0,1737,52002,2025-01-03,3.340256143994462,18.25561312607945,609.7842390677282,0.0547776726584673,0.182971457651163,Very High,Very High
CMP5420,Facebook Ads,17291.93,1920,53107,07/25/2025,3.615342610202045,9.006213541666666,325.60547573766166,0.111034453643983,0.4014275914595956,Very High,Very High
CMP4231,LinkedIn Ads,31181.26,5124,91180,2025-01-12,5.6196534327703445,6.085335675253708,341.9747751699934,0.1643294722535266,0.92347468285487,Very High,Very High
CMP6179,Instagram Ads,14209.7,2049,26837,2025-06-01,7.634981555315424,6.9349438750610055,529.4816857323844,0.1441972736933221,1.1009435249752846,Very High,Very High
CMP3654,Google Ads,8691.42,1924,85571,2025-08-09,2.248425284266866,4.517370062370063,101.5696906662304,0.2213677396789017,0.4977288230150482,High,Very High
CMP4203,Email Marketing,49200.6,6574,95719,05/27/2025,6.868019933346567,7.484119257681776,514.0108024530134,0.1336162567123165,0.917679114519342,Very High,Very High
CMP3312,Google Ads,78321.55,6984,74712,2025-07-03,9.347895920334084,11.214425830469644,1048.3128546953635,0.089170860382615,0.833559921983327,Very High,Very High
CMP0624,LinkedIn Ads,6211.03,392,26179,2025-04-02,1.4973833989075214,15.844464285714285,237.2523778601169,0.0631135254539102,0.0945051452612124,High,Medium
CMP7243,YouTube Ads,13714.26,728,7380,2025-07-04,9.86449864498645,18.83826923076923,1858.3008130081305,0.0530834328647699,0.5236414515657524,Very High,High
CMP5593,Instagram Ads,15709.06,1484,25006,11/26/2025,5.934575701831561,10.585619946091644,628.2116292089898,0.0944677784666937,0.5606261826944474,Very High,Very High
CMP1043,Facebook Ads,7087.83,846,26112,08/13/2025,3.2398897058823533,8.378049645390071,271.43956801470586,0.1193595218846953,0.3867116862532638,High,High
CMP4716,YouTube Ads,7691.56,637,23115,2025-12-06,2.7557862859614968,12.074662480376766,332.7518927103613,0.0828180499144516,0.2282288461843206,High,High
CMP0287,YouTube Ads,42980.54,2833,96435,06/14/2025,2.937730077254109,15.17138722202612,445.694405558148,0.0659135506440821,0.1936362202257321,Very High,Very High
CMP0097,LinkedIn Ads,683.33,194,2448,07/18/2025,7.924836601307189,3.522319587628866,279.13807189542484,0.2839038239210922,2.2498914150609437,Low,Medium
CMP8939,Google Ads,6463.43,382,4594,2025-01-09,8.315193730953418,16.91997382198953,1406.9286025250326,0.0591017462864144,0.4914424702091932,High,Medium
CMP7368,Email Marketing,31558.54,2847,33151,2025-09-05,8.58797622997798,11.084840182648405,951.9634400168924,0.0902132988408209,0.7747496660728699,Very High,Very High
CMP7442,YouTube Ads,9466.08,1883,49203,11/23/2025,3.8270024185517135,5.02712692511949,192.3882690079873,0.1989207781890708,0.7612702992297633,High,Very High
CMP0344,LinkedIn Ads,2073.37,639,41302,07/30/2025,1.5471405743063291,3.24471048513302,50.20023243426469,0.3081939065386304,0.4768192975598877,Medium,High
CMP3410,LinkedIn Ads,36664.93,3472,57199,08/20/2025,6.070036189443871,10.56017569124424,641.0064861273798,0.0946953942091257,0.5748044698230467,Very High,Very High
CMP6536,Facebook Ads,53295.88,8732,96805,04/22/2025,9.020195237849284,6.103513513513513,550.5488352874335,0.1638400566798034,1.4778692990321194,Very High,Very High
CMP5955,LinkedIn Ads,112912.13,7115,73854,07/29/2025,9.633872234408429,15.869589599437807,1528.8559861348065,0.0630136018158545,0.6070649889238291,Very High,Very High
CMP1781,YouTube Ads,57856.81,7460,87490,11/16/2025,8.52668876443022,7.75560455764075,661.296262429992,0.1289390134022252,1.0994228368734715,Very High,Very High
CMP2568,Email Marketing,43131.11,4289,52369,08/15/2025,8.189959708988141,10.056215901142458,823.600030552426,0.0994409835499248,0.8144176486960372,Very High,Very High
CMP4479,Email Marketing,35717.5,2603,91211,10/22/2025,2.85382245562487,13.721667306953517,391.5920228919758,0.0728774410303072,0.2079792777207681,Very High,Very High
CMP2140,LinkedIn Ads,4858.99,339,43446,2025-03-02,0.7802789669935092,14.33330383480826,111.83975509828292,0.0697675854447117,0.054438179500431,Medium,Medium
CMP5432,Google Ads,17988.4,2972,43064,03/19/2025,6.901356121122052,6.052624495289368,417.71317109418544,0.1652175846656734,1.1402253892494465,Very High,Very High
CMP9560,LinkedIn Ads,41817.26,2823,64270,05/29/2025,4.392407032830247,14.813057031526744,650.6497588299362,0.067508009850478,0.2965226572396132,Very High,Very High
CMP2675,LinkedIn Ads,21009.12,1140,17524,07/29/2025,6.505364072129651,18.429052631578948,1198.8769687286008,0.0542621490095729,0.3529950346434216,Very High,Very High
CMP4087,Google Ads,45143.12,2452,89014,02/19/2025,2.754622868312849,18.41073409461664,507.1462915945807,0.0543161394250109,0.1496204797786043,Very High,Very High
CMP0327,YouTube Ads,112504.64,5987,92193,10/27/2025,6.493985443580315,18.791488224486383,1220.316509930255,0.053215582930624,0.3455812209231134,Very High,Very High
CMP9287,Instagram Ads,13438.14,746,46535,2025-05-02,1.6030944450413669,18.013592493297587,288.7749006124422,0.0555136350715203,0.0889936000072078,Very High,High
CMP2450,Google Ads,63375.08,3279,89674,06/14/2025,3.656578272408948,19.32756328148826,706.7274795369896,0.0517395796581243,0.1891898228014693,Very High,Very High
CMP8106,Google Ads,136878.86,6894,83508,2025-06-07,8.255496479379222,19.85478096895851,1639.1107438808256,0.0503657029288525,0.4157938832106021,Very High,Very High
CMP0385,LinkedIn Ads,4832.24,1417,43755,2025-03-05,3.2384870300537085,3.4101905434015523,110.43857844817737,0.2932387464198798,0.9496498769899892,Medium,Very High
CMP7506,Email Marketing,8879.67,731,12517,2025-08-03,5.840057521770392,12.147291381668946,709.408804026524,0.0823228791160031,0.4807703493952091,High,High
CMP7703,LinkedIn Ads,5045.64,344,52907,05/19/2025,0.6501975163966961,14.667558139534885,95.36809873929728,0.0681776741899937,0.044328954432037,High,Medium
CMP6956,LinkedIn Ads,27234.21,5655,94704,06/27/2025,5.971236695387734,4.81595225464191,287.57190826153067,0.207643254568427,1.239887021228728,Very High,Very High
CMP7371,Email Marketing,12338.27,702,13114,02/28/2025,5.353057800823547,17.575883190883193,940.8471862132072,0.0568961450835489,0.3045683532762802,Very High,High
CMP1065,Facebook Ads,43966.88,6615,76961,02/14/2025,8.595262535569963,6.646542705971277,571.2877951170074,0.1504541600404668,1.293193005116472,Very High,Very High
CMP1154,Facebook Ads,100466.26,5179,78382,08/24/2025,6.607384348447348,19.39877582544893,1281.7516776811003,0.0515496446269623,0.3406083150762138,Very High,Very High
CMP2273,Facebook Ads,7925.88,1379,99788,02/16/2025,1.381929690944803,5.747556200145032,79.42718563354312,0.173986989457322,0.2404377865691737,High,Very High
CMP1302,LinkedIn Ads,25750.97,4386,43996,2025-12-04,9.969088098918084,5.871174190606475,585.3025275025002,0.1703236810108512,1.697971781329197,Very High,Very High
CMP9697,Google Ads,17802.58,1564,60001,2025-10-02,2.6066232229462845,11.382723785166242,296.70472158797355,0.0878524348717994,0.2289981969292085,Very High,Very High
CMP3103,Email Marketing,23569.63,1489,18254,2025-07-04,8.15711624849348,15.829167226326394,1291.2035718198752,0.0631745173768107,0.5153218821851167,Very High,Very High
CMP9705,Instagram Ads,38952.83,3427,80846,05/27/2025,4.238923385201495,11.36645170703239,481.8151794770304,0.0879782033808583,0.3729328636991336,Very High,Very High
CMP8693,Google Ads,30986.03,4173,87831,03/24/2025,4.751169860299894,7.42536065180925,352.7914973073288,0.1346735932289486,0.6398571171276689,Very High,Very High
CMP0990,YouTube Ads,10064.11,704,58373,08/17/2025,1.206037037671526,14.295610795454548,172.41036095455092,0.069951540672747,0.084364148893519,Very High,High
CMP5923,Email Marketing,14068.49,1129,91270,06/13/2025,1.2369891530623425,12.461018600531444,154.14144844965486,0.0802502613997664,0.0992687028819286,Very High,Very High
CMP4920,LinkedIn Ads,10439.06,1608,43087,03/29/2025,3.731984125142154,6.491952736318408,242.27864553113469,0.1540368577247376,0.5748631077155016,Very High,Very High
CMP5315,LinkedIn Ads,40132.04,3854,62768,03/14/2025,6.140071373948508,10.413087701089776,639.3710170787663,0.0960329950832302,0.5896494440650799,Very High,Very High
CMP6250,Email Marketing,15005.28,1686,21580,2025-11-08,7.812789620018536,8.899928825622776,695.3327154772938,0.112360449121909,0.877848550600272,Very High,Very High
CMP6411,LinkedIn Ads,9739.1,1159,21647,2025-12-01,5.354090636115859,8.403019844693702,449.9052986557029,0.1190048361758273,0.6371626790214989,High,Very High
CMP9001,Instagram Ads,9119.89,828,31850,09/13/2025,2.599686028257457,11.014359903381642,286.3387755102041,0.0907905687458949,0.2360269730662513,High,High
CMP5790,Google Ads,10577.06,712,10769,2025-08-11,6.6115702479338845,14.855421348314604,982.1766180703872,0.067315492206719,0.4450611054989691,Very High,High
CMP3546,LinkedIn Ads,3002.22,156,66291,11/20/2025,0.2353260623614065,19.245,45.28850070145268,0.0519615484541439,0.0122279065919151,Medium,Medium
CMP1997,YouTube Ads,8429.25,1134,18964,2025-11-07,5.9797511073613165,7.433201058201059,444.4869225901709,0.1345315419521309,0.8044651369632805,High,Very High
CMP6063,LinkedIn Ads,17260.29,907,34258,12/19/2025,2.64755677505984,19.030088202866597,503.8323895148579,0.0525483639035033,0.1391247768710302,Very High,High
CMP4597,YouTube Ads,40658.76,2762,46663,2025-07-03,5.919036495724664,14.72076755973932,871.3276043117673,0.0679312404018223,0.4020874911382325,Very High,Very High
CMP9985,Facebook Ads,25345.67,2051,34649,2025-10-01,5.91936275217178,12.357713310580204,731.4978787266588,0.0809211198599208,0.4790014627628435,Very High,Very High
CMP5270,Google Ads,43140.64,4071,71367,05/17/2025,5.704317121358611,10.597062146892656,604.4900304062102,0.0943657766783246,0.5382923155764704,Very High,Very High
CMP4526,Email Marketing,13782.14,795,20754,01/31/2025,3.830586874819312,17.336025157232704,664.07150428833,0.0576833496104378,0.2209610819133569,Very High,High
CMP7907,YouTube Ads,22455.04,1167,21152,2025-06-09,5.517208774583963,19.241679520137104,1061.6036308623295,0.0519705153052499,0.2867321830617752,Very High,Very High
CMP3084,YouTube Ads,7949.58,1036,81309,2025-01-02,1.2741516929245225,7.673339768339768,97.76998856215178,0.1303213503103308,0.1660491691221178,High,Very High
CMP6931,Email Marketing,1427.59,202,3430,03/15/2025,5.889212827988338,7.067277227722772,416.2069970845481,0.141497208582296,0.8333071759073994,Medium,Medium
CMP1290,Instagram Ads,12989.09,1259,62940,07/15/2025,2.0003177629488404,10.316989674344718,206.37257705751512,0.0969274983851832,0.1938857967380771,Very High,Very High
CMP4482,LinkedIn Ads,12779.77,860,38169,08/21/2025,2.2531373627813145,14.860197674418606,334.8206659854856,0.0672938558362161,0.1516223008701979,Very High,High
CMP2031,Google Ads,35441.46,3958,44799,2025-11-06,8.835018638808902,8.954386053562406,791.1216768231434,0.1116771148818361,0.9866693915094252,Very High,Very High
CMP6481,Facebook Ads,4569.44,332,44809,06/15/2025,0.740922582516905,13.763373493975902,101.97594233301344,0.0726566056234462,0.053832919875436,Medium,Medium
CMP2161,LinkedIn Ads,3684.47,999,10372,03/19/2025,9.631700732741995,3.688158158158158,355.23235634400305,0.2711380469918333,2.611520525885475,Medium,High
CMP5904,Instagram Ads,6940.96,714,46323,2025-05-02,1.541350948772748,9.7212324929972,149.83830926321698,0.1028676148544293,0.1585550957538643,High,High
CMP6488,Email Marketing,6968.57,416,22314,08/18/2025,1.864300439186161,16.751370192307693,312.295868064892,0.0596966092038969,0.1112924147567496,High,Medium
CMP9138,Google Ads,12213.45,708,8879,04/26/2025,7.973870931411195,17.25063559322034,1375.5434170514698,0.0579688785723935,0.4622363557749142,Very High,High
CMP2501,Facebook Ads,21740.4,2667,67612,11/21/2025,3.944566053363309,8.151631046119237,321.5464710406437,0.1226748357895898,0.4838989928575344,Very High,Very High
CMP6799,YouTube Ads,792.29,132,10907,01/19/2025,1.2102319611258825,6.0021969696969695,72.64050609700193,0.1666056620681821,0.201631497139452,Low,Medium
CMP1321,YouTube Ads,76910.06,4220,50249,03/26/2025,8.398177078150809,18.2251327014218,1530.578916993373,0.0548692849804043,0.4608019714169565,Very High,Very High
CMP4611,Instagram Ads,35648.27,3116,74910,03/23/2025,4.159658256574557,11.440394736842103,475.8813242557736,0.0874095713480626,0.3635939451616115,Very High,Very High
CMP4266,LinkedIn Ads,10356.96,1382,17619,01/15/2025,7.843804983256711,7.494182344428364,587.8290481866167,0.1334368386090127,1.0466525396313953,Very High,Very High
CMP3353,Facebook Ads,1252.86,135,16770,02/24/2025,0.8050089445438283,9.280444444444443,74.70840787119856,0.1077534600833293,0.0867424991726265,Medium,Medium
CMP3512,YouTube Ads,31912.13,3006,41763,11/28/2025,7.197758781696717,10.616144377910846,764.1244642386802,0.0941961567592009,0.6780012145156193,Very High,Very High
CMP0203,Facebook Ads,8659.53,1417,25713,07/18/2025,5.510831097110411,6.111171489061398,336.77633881694084,0.1636347469204448,0.9017634518969796,High,Very High
CMP8056,LinkedIn Ads,37002.87,4938,75509,2025-08-12,6.539617793905363,7.493493317132443,490.0458223523024,0.1334491081367472,0.8727061621518729,Very High,Very High
CMP0512,YouTube Ads,1163.2,61,8557,2025-01-01,0.7128666588757742,19.068852459016394,135.9354914105411,0.0524415405777166,0.0373838258179351,Medium,Low
CMP1594,Google Ads,25021.23,1813,50241,2025-05-08,3.608606516590037,13.801009376723664,498.024123723652,0.0724584682687461,0.2614741007767298,Very High,Very High
CMP0574,Google Ads,8595.31,1211,41590,04/15/2025,2.911757634046646,7.097696118909991,206.66770858379417,0.1408907881158445,0.4102398278631589,High,Very High
CMP7808,Facebook Ads,428.71,107,3880,2025-01-05,2.7577319587628866,4.006635514018692,110.4922680412371,0.2495859672039374,0.6882911982170439,Low,Medium
CMP9228,LinkedIn Ads,11656.01,798,10294,04/21/2025,7.752088595298232,14.606528822055138,1132.3110549834855,0.0684625356361224,0.5307276417099839,Very High,High
CMP7086,LinkedIn Ads,28956.87,1483,56057,10/23/2025,2.645521522735787,19.52587322993931,516.5611788001498,0.0512140987613647,0.1354880005407066,Very High,Very High
CMP4614,Email Marketing,28273.08,1710,64805,01/13/2025,2.638685286629118,16.5339649122807,436.2792994367719,0.0604815605515918,0.1595918039398534,Very High,Very High
CMP0723,YouTube Ads,88684.34,4628,59061,2025-08-09,7.835966204432705,19.162562662057045,1501.57193410203,0.0521850870176177,0.4089205782454327,Very High,Very High
CMP7476,LinkedIn Ads,12572.8,1392,73380,2025-10-07,1.8969746524938675,9.032183908045976,171.3382393022622,0.110715194706032,0.210023918003266,Very High,Very High
CMP6669,Facebook Ads,30108.84,3341,78049,06/27/2025,4.280644210688157,9.011924573480991,385.7684275262976,0.110964088951949,0.4749977849664462,Very High,Very High
CMP8885,LinkedIn Ads,14389.89,3586,49229,2025-10-05,7.284324280403827,4.012796988287786,292.3051453411607,0.2492027388673575,1.8152735614746276,Very High,Very High
CMP8835,Email Marketing,1914.85,225,23532,11/17/2025,0.9561448240693524,8.510444444444444,81.3721740608533,0.1175026764498524,0.1123495759018222,Medium,Medium
CMP2613,YouTube Ads,28163.93,1721,20287,12/21/2025,8.483265145166856,16.364863451481696,1388.2747572336964,0.0611065288118526,0.5183828860117234,Very High,Very High
CMP8913,Google Ads,11313.57,900,70100,2025-11-05,1.2838801711840229,12.570633333333332,161.39186875891585,0.0795504867163945,0.1021332925032169,Very High,High
CMP5487,LinkedIn Ads,10960.14,716,17325,2025-11-07,4.132756132756133,15.30745810055866,632.6199134199134,0.0653276326762249,0.2699831745811086,Very High,High
CMP9454,Instagram Ads,5942.07,921,55477,11/26/2025,1.660147448492168,6.4517589576547225,107.10871171836978,0.1549964911217808,0.2573170292610633,High,High
CMP0010,YouTube Ads,5347.9,1064,16129,2025-06-02,6.596813193626387,5.026221804511278,331.5704631409263,0.1989565997868322,1.3124795224328196,High,Very High
CMP1583,Facebook Ads,176.56,58,5080,2025-03-03,1.141732283464567,3.044137931034483,34.75590551181102,0.3285002265518804,0.3750593137797059,Low,Low
CMP1949,LinkedIn Ads,8997.26,3351,48860,2025-02-11,6.858370855505526,2.68494777678305,184.14367580843228,0.3724467226689014,2.554377747980942,High,Very High
CMP9662,LinkedIn Ads,10587.03,736,85259,01/17/2025,0.8632519733987027,14.384551630434784,124.17492581428355,0.069519024693422,0.0600124352553497,Very High,High
CMP6288,YouTube Ads,13313.57,915,14845,11/14/2025,6.163691478612328,14.550349726775956,896.8386662175817,0.0687268704036558,0.4236112254587072,Very High,High
CMP7987,Google Ads,25412.49,2115,64242,2025-12-02,3.2922387223311853,12.01536170212766,395.5743905855982,0.0832267912353334,0.2740024648403386,Very High,Very High
CMP3955,YouTube Ads,2697.74,331,63509,2025-10-10,0.5211859736415311,8.150271903323262,42.47807397376749,0.122695293097185,0.0639470657940894,Medium,Medium
CMP2104,YouTube Ads,9662.42,512,90505,08/16/2025,0.5657146014032375,18.8719140625,106.76117341583338,0.0529887957675199,0.02997653547646,High,High
CMP6360,YouTube Ads,5877.55,848,87682,2025-02-03,0.9671312241965284,6.931073113207548,67.03257224972059,0.1442778028260074,0.1395355680715019,High,High
CMP2667,Google Ads,20849.03,2512,40048,02/26/2025,6.272473032361167,8.299773089171975,520.6010287654814,0.1204852216146266,0.7557403033758047,Very High,Very High
CMP6346,Email Marketing,47141.26,2943,87704,01/23/2025,3.355605217549941,16.01809717974856,537.5041047158625,0.062429387759258,0.2094883792934146,Very High,Very High
CMP8084,Facebook Ads,122108.12,7335,95562,2025-01-03,7.675645130909777,16.647323790047714,1277.7894979175824,0.0600697152654549,0.4610738174924256,Very High,Very High
CMP9916,YouTube Ads,3064.02,274,5103,12/24/2025,5.36939055457574,11.182554744525548,600.4350382128159,0.0894250037532392,0.4801577704955427,Medium,Medium
CMP8905,Google Ads,12131.5,3930,56869,2025-12-08,6.910619142239181,3.0868956743002545,213.32360336914664,0.3239500473972715,2.238695398672875,Very High,Very High
CMP5860,LinkedIn Ads,78141.02,4204,54602,2025-12-03,7.699351672099923,18.58730256898192,1431.1017911431816,0.0538001679527602,0.4142264130863415,Very High,Very High
CMP3220,LinkedIn Ads,75557.85,6166,88489,2025-02-09,6.968097729661314,12.253949075575738,853.8671473290466,0.0816063453367188,0.5686409896667475,Very High,Very High
CMP0652,Facebook Ads,5064.67,653,28535,12/26/2025,2.2884177326090764,7.756003062787136,177.48974943052391,0.1289323884873052,0.2950511641219915,High,High
CMP1848,YouTube Ads,56165.59,4406,89282,2025-05-01,4.934925292892185,12.747523831139354,629.0807777603547,0.0784466076115287,0.3871281480437216,Very High,Very High
CMP3499,Facebook Ads,85088.95,7828,89036,04/20/2025,8.791949323868998,10.86981987736331,955.6690552136214,0.091997844608495,0.8088403877030628,Very High,Very High
CMP1162,Facebook Ads,37301.2,2130,89435,03/16/2025,2.3816179348129927,17.512300469483566,417.07608877956056,0.057102720555907,0.1359968634025627,Very High,Very High
CMP6775,Email Marketing,32212.23,1896,49411,07/28/2025,3.837202242415656,16.989572784810125,651.9242678755742,0.0588596318851566,0.2258563114574832,Very High,Very High
CMP0454,Facebook Ads,57637.74,6172,90035,2025-07-11,6.855111900927417,9.338583927414128,640.1703781862609,0.1070826163551867,0.7340633177588854,Very High,Very High
CMP6661,Email Marketing,17655.81,2626,85275,09/24/2025,3.079448841981824,6.723461538461539,207.04555848724715,0.1487329100165894,0.458015387515173,Very High,Very High
CMP1087,YouTube Ads,5577.07,348,13120,01/21/2025,2.652439024390244,16.026063218390803,425.0815548780488,0.0623983561260662,0.165507834846578,High,Medium
CMP5595,Instagram Ads,41185.97,5008,72161,2025-07-06,6.940036862016879,8.224035543130991,570.7510982386608,0.1215948052212925,0.8438724304655331,Very High,Very High
CMP9660,Email Marketing,73807.53,5638,75424,2025-05-12,7.475074246924056,13.091083717630363,978.5682276198556,0.0763878699097504,0.5710049991397602,Very High,Very High
CMP5611,YouTube Ads,69085.86,5099,69763,2025-09-05,7.3090320083712,13.548903706609138,990.293708699454,0.0738067095061131,0.5394556022127357,Very High,Very High
CMP5312,Facebook Ads,13895.95,1616,76188,2025-06-06,2.121068934740379,8.59897896039604,182.3902714338216,0.1162928767014849,0.2466652081031129,Very High,Very High
CMP9794,LinkedIn Ads,49989.13,3135,89776,03/13/2025,3.4920245945464266,15.94549601275917,556.8206424879701,0.0627136339440194,0.2189975521458975,Very High,Very High
CMP9059,Instagram Ads,24663.78,1945,28799,03/30/2025,6.753706725927984,12.680606683804626,856.4109864925865,0.0788605801705983,0.532601230708753,Very High,Very High
CMP5528,Facebook Ads,74239.8,8192,86866,07/20/2025,9.430617272580756,9.0624755859375,854.6473879308361,0.1103451248521682,1.0406226403759378,Very High,Very High
CMP4174,YouTube Ads,2652.15,567,11443,2025-12-07,4.954994319671415,4.677513227513228,231.7705147251595,0.2137888128499519,1.059322353280807,Medium,High
CMP4175,LinkedIn Ads,57969.97,4560,61606,05/22/2025,7.401876440606435,12.712712719298246,940.9792877317144,0.0786614172820858,0.5822420913649833,Very High,Very High
CMP8021,YouTube Ads,10404.28,1025,16166,2025-10-06,6.340467648150439,10.150517073170732,643.5902511443771,0.0985171487118762,0.6246447941956771,Very High,Very High
CMP0893,Google Ads,2707.2,618,11211,2025-02-10,5.512443136205512,4.380582524271844,241.47712068504143,0.2282801418439716,1.2583813010398222,Medium,High
CMP3357,Google Ads,2755.33,1031,88546,06/22/2025,1.1643665439432611,2.672483026188167,31.11749824949744,0.3741838545655148,0.4356871615398163,Medium,Very High
CMP9891,YouTube Ads,20093.38,2313,36961,2025-02-05,6.2579475663537245,8.687150886294855,543.6373474743649,0.1151125395528278,0.7203682367514158,Very High,Very High
CMP2816,LinkedIn Ads,30130.81,2268,28626,03/24/2025,7.922867323412283,13.28518959435626,1052.567945224621,0.0752717899054157,0.596368404616373,Very High,Very High
CMP7967,Google Ads,9580.98,554,14541,04/24/2025,3.809916787016024,17.29418772563177,658.8941613369094,0.057822894943941,0.2203004181207848,High,High
CMP3611,Instagram Ads,374.0,56,16075,2025-07-06,0.3483670295489891,6.678571428571429,23.26594090202177,0.1497326203208556,0.052161908167763,Low,Low
CMP3805,Google Ads,13261.15,886,12747,08/15/2025,6.95065505609163,14.967437923250564,1040.3349807797913,0.0668117018508952,0.4643850932760118,Very High,High
CMP4452,Facebook Ads,82175.6,8103,90252,09/26/2025,8.97819438904401,10.141379735900284,910.5127864202456,0.0986059122172518,0.8853030477954965,Very High,Very High
CMP7245,YouTube Ads,7930.77,1577,28931,2025-09-02,5.450900418236493,5.029023462270134,274.1270609380941,0.1988457615086555,1.0838884445720844,High,Very High
CMP3394,Facebook Ads,28221.28,2943,43184,2025-08-05,6.815024082993701,9.589289840299012,653.5124120044461,0.1042830091335332,0.7106912186920814,Very High,Very High
CMP0398,Email Marketing,28267.7,2049,75834,2025-03-02,2.701954268533903,13.795851634943876,372.7576021309703,0.0724855577213568,0.1958526620922808,Very High,Very High
CMP0336,LinkedIn Ads,68083.1,3698,59185,02/15/2025,6.248204781616964,18.410789616008653,1150.3438371208922,0.0543159756239066,0.339377338611484,Very High,Very High
CMP4258,LinkedIn Ads,4687.82,740,22722,10/27/2025,3.2567555672916115,6.334891891891892,206.31194437109409,0.1578558903712173,0.5140980497962363,Medium,High
CMP6250,Instagram Ads,5382.13,828,8288,12/29/2025,9.99034749034749,6.500157004830918,649.3882722007722,0.1538424378452397,1.5369394128361302,High,High
CMP1299,YouTube Ads,9730.77,1905,35442,03/14/2025,5.37497883866599,5.108015748031496,274.5547655324192,0.1957707355121948,1.0522635606081234,High,Very High
CMP8529,Google Ads,5707.51,427,32384,10/21/2025,1.318552371541502,13.366533957845434,176.24475049407116,0.0748137103570558,0.098645795215115,High,Medium
CMP2752,Facebook Ads,1956.92,150,4252,2025-09-02,3.5277516462841016,13.046133333333334,460.2351834430856,0.0766510639167671,0.2704059169218032,Medium,Medium
CMP2034,LinkedIn Ads,56263.38,6282,74540,2025-02-04,8.42768983096324,8.956284622731614,754.8078883820767,0.1116534413680799,0.9409805724098176,Very High,Very High
CMP2815,Instagram Ads,19213.53,6712,69272,09/16/2025,9.689340570504678,2.862564064362336,277.3635812449474,0.3493371598035343,3.3848467152692607,Very High,Very High
CMP2168,Facebook Ads,61445.48,6884,81818,05/23/2025,8.413796475103277,8.925839628123185,751.0019800044,0.1120342781926351,0.9426336149479336,Very High,Very High
CMP4067,Facebook Ads,2725.96,742,85903,07/13/2025,0.8637649441812276,3.673800539083558,31.733001175744736,0.2721976844854656,0.2351148177458476,Medium,High
CMP6472,YouTube Ads,57399.77,5999,72971,09/26/2025,8.221074125337463,9.568223037172862,786.6107083635965,0.1045126139007177,0.859205945910575,Very High,Very High
CMP6639,Instagram Ads,18370.66,3389,70612,09/13/2025,4.79946751260409,5.420672764827383,260.1634283124681,0.1844789463198382,0.8854007096214976,Very High,Very High
CMP4890,Google Ads,72451.65,7456,81219,2025-12-07,9.180117952695795,9.717227736051502,892.0529679015992,0.1029100096409122,0.9447260270166362,Very High,Very High
CMP0263,Facebook Ads,82532.11,5280,59086,08/19/2025,8.93612700132011,15.63108143939394,1396.813289104018,0.0639751001155792,0.5716896195549851,Very High,Very High
CMP2332,Google Ads,12799.43,1848,31762,07/24/2025,5.8182734084755365,6.926098484848485,402.9793463887665,0.1443814294855318,0.8400506318533554,Very High,Very High
CMP2137,LinkedIn Ads,5744.64,301,8730,11/24/2025,3.447880870561283,19.08518272425249,658.0343642611684,0.0523966688948306,0.18065747236362,High,Medium
CMP6334,Email Marketing,8935.74,689,58804,2025-01-07,1.1716890007482483,12.969143686502177,151.95803006598192,0.0771060930600039,0.0903443611290775,High,High
CMP7856,Google Ads,16274.48,2765,48200,09/17/2025,5.736514522821577,5.885887884267631,337.64481327800826,0.1698979014997714,0.9746217793503484,Very High,Very High
CMP4418,Google Ads,1961.41,310,5235,09/24/2025,5.921680993314231,6.327129032258065,374.6723973256925,0.158049566383367,0.9359191132539406,Medium,Medium
CMP7542,Instagram Ads,40425.62,5400,83496,01/27/2025,6.4673756826674325,7.486225925925926,484.1623550828783,0.1335786563075594,0.8639033535269004,Very High,Very High
CMP7101,YouTube Ads,9318.74,611,6739,10/17/2025,9.066627096008313,15.251620294599018,1382.807538210417,0.0655668040958327,0.5944697626139455,High,High
CMP7207,Email Marketing,22214.76,4426,96705,2025-11-04,4.576805749444186,5.019150474469046,229.71676748875444,0.19923690375228,0.9118686065948932,Very High,Very High
CMP0722,Instagram Ads,696.63,118,3587,10/19/2025,3.289657095065514,5.90364406779661,194.20964594368556,0.1693869055309131,0.5572248355909604,Low,Medium
CMP3451,Google Ads,3803.95,217,10680,05/16/2025,2.0318352059925093,17.529723502304147,356.1750936329588,0.0570459653780938,0.1159080008150408,Medium,Medium
CMP8086,Google Ads,16554.23,991,12481,06/25/2025,7.940068904735198,16.70457114026236,1326.3544587773415,0.0598638535286751,0.475323121920656,Very High,High
CMP5417,Email Marketing,63262.3,5399,89155,2025-08-12,6.055745611575347,11.717410631598444,709.5765801132858,0.0853430874312189,0.516816027189895,Very High,Very High
CMP4019,Facebook Ads,2980.96,272,4913,06/18/2025,5.536332179930796,10.959411764705882,606.7494402605332,0.0912457731737426,0.5051669103044578,Medium,Medium
CMP9695,Instagram Ads,8223.71,486,35769,2025-12-10,1.358718443344796,16.921213991769545,229.91165534401296,0.0590974146705076,0.0802967472668139,High,Medium
CMP1616,Email Marketing,37118.01,4193,73068,07/24/2025,5.738490173536979,8.85237538755068,507.9926917392019,0.112964030129848,0.648242976863268,Very High,Very High
CMP7884,Email Marketing,6739.15,843,10692,01/30/2025,7.884399551066218,7.994246737841044,630.2983539094649,0.1250899594162468,0.9862592198643482,High,High
CMP5469,Instagram Ads,4504.62,680,17496,2025-09-09,3.8866026520347514,6.624441176470588,257.4657064471879,0.15095612948484,0.5867064931966804,Medium,High
CMP4694,Facebook Ads,35760.73,6640,82028,03/23/2025,8.094796898619984,5.385652108433735,435.9575998439558,0.1856785362043783,1.5030300390075004,Very High,Very High
CMP1346,Google Ads,968.78,189,98656,2025-08-08,0.1915747648394421,5.125820105820106,9.819777813817709,0.1950907326740849,0.0373744612343922,Low,Medium
CMP0035,LinkedIn Ads,884.98,183,25274,2025-07-07,0.7240642557569044,4.8359562841530055,35.0154308775817,0.2067843341092454,0.1497251449789978,Low,Medium
CMP5076,Instagram Ads,2571.68,129,15103,2025-12-02,0.8541349400781303,19.93550387596899,170.27610408528108,0.0501617619610527,0.0428449135468171,Medium,Medium
CMP2785,LinkedIn Ads,6675.8,930,66272,05/30/2025,1.4033075808788025,7.1782795698924735,100.73334138097538,0.139309146469337,0.195493581326176,High,High
CMP9932,Instagram Ads,9024.98,2158,22629,2025-07-11,9.536435547306551,4.182103799814643,398.8236333907817,0.2391141032999519,2.280296234571993,High,Very High
CMP2668,Email Marketing,32970.76,3756,63952,09/18/2025,5.873154866149612,8.778157614483494,515.55479109332,0.1139191210636333,0.669064640222365,Very High,Very High
CMP3853,Instagram Ads,33402.9,5401,89327,08/25/2025,6.046324179699307,6.184576930198112,373.9395703426736,0.161692547653048,0.9776455605518072,Very High,Very High
CMP1929,Facebook Ads,4561.01,969,16113,2025-07-02,6.013777695028859,4.706924664602683,283.0639856016881,0.2124529435366289,1.2776447730838043,Medium,High
CMP7891,LinkedIn Ads,19786.51,1054,55723,2025-09-12,1.8914990219478487,18.772779886148005,355.0869479389121,0.0532686158397817,0.1007575347614629,Very High,Very High
CMP7754,Email Marketing,2210.98,422,6434,2025-09-04,6.558905812869133,5.239289099526067,343.640037301834,0.190865589014826,1.2518694212660333,Medium,Medium
CMP4132,LinkedIn Ads,22156.43,2088,26453,07/23/2025,7.893244622538087,10.611317049808427,837.5772124144709,0.0942390087211703,0.7438515488216976,Very High,Very High
CMP6920,Email Marketing,4095.19,1557,43259,03/26/2025,3.599251022908528,2.630179833012203,94.66677454402551,0.3802021395832672,1.3684429398070854,Medium,Very High
CMP2428,Google Ads,6207.29,541,20394,2025-11-09,2.6527410022555653,11.47373382624769,304.3684416985388,0.0871555864153277,0.2312011976595681,High,High
CMP0152,Email Marketing,47183.94,2859,49281,2025-10-07,5.801424484081085,16.503651626442814,957.4468862238996,0.0605926508044898,0.3515236879325427,Very High,Very High
CMP3305,Facebook Ads,20327.18,1411,21373,09/16/2025,6.601787301735835,14.406222537207654,951.068170121181,0.0694144490283453,0.4582594281523194,Very High,Very High
CMP3223,LinkedIn Ads,7270.86,695,97849,10/30/2025,0.7102780815337918,10.4616690647482,74.30694232950772,0.0955870419730265,0.0678933807920913,High,High
CMP5450,Google Ads,65709.03,4877,55390,2025-02-02,8.804838418487092,13.473247898298132,1186.2977071673586,0.0742211534700786,0.6535052635377747,Very High,Very High
CMP3784,Instagram Ads,19429.22,1875,79449,2025-03-06,2.3600045312087,10.362250666666668,244.54958526853707,0.0965041314062015,0.2277501873989955,Very High,Very High
CMP4348,Google Ads,6184.75,1927,71565,08/19/2025,2.692657025082093,3.2095225739491435,86.42143505903724,0.3115728202433405,0.8389587432528709,High,Very High
CMP4484,YouTube Ads,9650.74,3464,73636,11/24/2025,4.704220761584008,2.7860103926096995,131.06007930903365,0.3589362059282501,1.6885151520118669,High,Very High
CMP3497,YouTube Ads,76863.06,4761,88676,2025-01-05,5.36898371599982,16.144310018903592,866.7853759754612,0.0619413278628251,0.332561980642914,Very High,Very High
CMP3282,Google Ads,27595.33,7086,91795,11/28/2025,7.719374693610763,3.8943451876940447,300.61909690070263,0.2567825787914114,1.9822009404825327,Very High,Very High
CMP4231,Facebook Ads,68988.12,4839,88174,2025-01-08,5.488012339238324,14.25668939863608,782.4088733640302,0.0701425114932832,0.3849429685803041,Very High,Very High
CMP4732,Instagram Ads,69162.43,5715,73082,2025-05-02,7.819983032757724,12.101912510936131,946.3675049943898,0.0826315674564933,0.6461774554799535,Very High,Very High
CMP3925,Google Ads,3510.96,783,37396,08/20/2025,2.093806824259279,4.483984674329502,93.88597710985132,0.2230159272677558,0.4669522704317381,Medium,High
CMP7624,YouTube Ads,14686.62,1035,18003,05/23/2025,5.749041826362273,14.189971014492754,815.7873687718715,0.0704723074471866,0.4051482431141374,Very High,Very High
CMP3102,YouTube Ads,8513.33,3020,34804,11/14/2025,8.677163544420182,2.818983443708609,244.60780370072405,0.3547378053006285,3.078117951982238,High,Very High
CMP8763,Facebook Ads,84743.65,6253,64742,01/16/2025,9.658336165086034,13.552478810171117,1308.9439621883785,0.0737872395158811,0.7126619639381001,Very High,Very High
CMP6594,Facebook Ads,11069.38,828,23957,2025-05-09,3.45619234461744,13.368816425120771,462.052009850983,0.0748009373605387,0.2585264270757025,Very High,High
CMP8100,YouTube Ads,26223.04,3222,62011,2025-08-07,5.19585234877683,8.138746120422098,422.8772314589347,0.1228690495076085,0.6384094394760846,Very High,Very High
CMP5824,Google Ads,85234.71,6153,89107,2025-01-08,6.905181411112482,13.852545099951245,956.5433692078064,0.072188900507786,0.4984774538750128,Very High,Very High
CMP9743,YouTube Ads,28711.46,6326,75585,2025-11-03,8.369385460078057,4.538643692696807,379.8565853013164,0.2203301399510857,1.8440278697235803,Very High,Very High
CMP1963,YouTube Ads,2545.32,374,6257,2025-02-10,5.977305417931916,6.805668449197861,406.7955889403869,0.1469363380635833,0.8782833695985325,Medium,Medium
CMP4919,Email Marketing,10354.39,1475,19946,07/14/2025,7.394966409305123,7.019925423728814,519.1211270430161,0.142451655771127,1.0534252093773808,Very High,Very High
CMP8700,Instagram Ads,8449.51,1070,11845,2025-03-06,9.03334740396792,7.896738317757009,713.3398058252427,0.1266345622408873,1.1439339940713336,High,Very High
CMP1525,Facebook Ads,64817.36,4989,70806,02/21/2025,7.046013049741548,12.992054519943876,915.421856904782,0.076970120350474,0.5423324724296174,Very High,Very High
CMP2028,Facebook Ads,22700.61,1789,77551,2025-10-02,2.3068690281234283,12.688993851313583,292.71846913643924,0.0788084549269821,0.1818007838253162,Very High,Very High
CMP8869,Google Ads,170606.71,9043,95429,12/20/2025,9.476155047207872,18.86616277783921,1787.7868362866634,0.0530049492191719,0.5022831170702535,Very High,Very High
CMP6614,Google Ads,14411.24,3492,42880,06/20/2025,8.14365671641791,4.126930126002291,336.0830223880597,0.2423108629097843,1.9732964861962845,Very High,Very High
CMP9639,Google Ads,3328.53,1026,16002,2025-04-07,6.411698537682789,3.244181286549708,208.0071241094863,0.3082441798631828,1.976368757278,Medium,Very High
CMP9195,Facebook Ads,3997.84,734,12749,11/29/2025,5.757314299160719,5.446648501362398,313.5806729939603,0.1835991435375102,1.057037974402169,Medium,High
CMP3579,Email Marketing,11610.93,2125,94820,12/16/2025,2.241088377979329,5.463967058823529,122.4523307319131,0.1830172087851705,0.410157739578662,Very High,Very High
CMP4478,YouTube Ads,34721.09,3122,97663,2025-02-05,3.1967070436091456,11.121425368353618,355.51938809989446,0.0899165319982754,0.2874368111757941,Very High,Very High
CMP8648,Instagram Ads,11159.66,1165,47123,10/30/2025,2.472253464338009,9.57910729613734,236.8198119814104,0.1043938614617291,0.258088085654382,Very High,Very High
CMP2043,Email Marketing,29602.55,2138,57079,2025-12-09,3.7456858038858423,13.845907390084191,518.6241875295643,0.0722235077721345,0.270526567768923,Very High,Very High
CMP2101,YouTube Ads,11158.63,2426,26164,2025-10-12,9.272282525607704,4.599600164880461,426.4879223360342,0.2174102017900047,2.015888814946305,Very High,Very High
CMP0763,Email Marketing,4141.43,858,11463,04/22/2025,7.4849515833551425,4.826841491841492,361.2867486696328,0.2071748164281419,1.550693470255132,Medium,High
CMP1815,Email Marketing,1141.01,261,3803,04/16/2025,6.863002892453326,4.371685823754789,300.0289245332632,0.2287447086353318,1.569875596997676,Medium,Medium
CMP6042,Instagram Ads,44259.14,3152,55887,12/15/2025,5.6399520460930095,14.041605329949238,791.939807110777,0.0712169283000076,0.4016600604820872,Very High,Very High
CMP3388,LinkedIn Ads,28181.39,1590,48291,2025-06-12,3.292538982419084,17.72414465408805,583.5743720361972,0.0564202120619316,0.1857657476102613,Very High,Very High
CMP0051,LinkedIn Ads,4822.11,1349,62762,01/31/2025,2.1493897581339025,3.574581171237954,76.83168159077148,0.2797530541609379,0.6012983494201988,Medium,Very High
CMP4706,Facebook Ads,6684.67,1194,39151,2025-08-01,3.049730530510076,5.59855108877722,170.74072182064316,0.1786176430549301,0.5447356793123715,High,Very High
CMP3676,LinkedIn Ads,20250.63,1178,28335,07/19/2025,4.157402505734957,17.190687606112053,714.6860772895712,0.0581710297408031,0.2418403848055976,Very High,Very High
CMP0281,Facebook Ads,73942.96,8011,86570,2025-10-10,9.253783065727156,9.230178504556235,854.1406953910131,0.1083402666055023,1.0025573244503634,Very High,Very High
CMP8553,Instagram Ads,12111.45,1669,92427,2025-04-12,1.80574940223095,7.256710605152786,131.0380083741764,0.1378034834805081,0.2488385579202701,Very High,Very High
CMP1756,Facebook Ads,18036.86,1082,39068,2025-09-12,2.769530050168936,16.66992606284658,461.6786116514795,0.0599882684680149,0.166139312179769,Very High,Very High
CMP2998,Email Marketing,11203.26,4378,67147,2025-11-01,6.520023232609051,2.558990406578346,166.84676902914504,0.3907791125083235,2.5478888923726157,Very High,Very High
CMP7882,Facebook Ads,7568.49,494,26559,2025-06-08,1.860009789525208,15.32082995951417,284.96893708347454,0.065270615406772,0.1214039836249308,High,Medium
CMP9857,YouTube Ads,12431.82,2973,75927,08/30/2025,3.91560314512624,4.181574167507568,163.7338496187127,0.2391443891562136,0.9363945223193636,Very High,Very High
CMP7724,Facebook Ads,30952.9,2781,71794,2025-09-08,3.873582750647686,11.130133045667026,431.1349137810959,0.0898461856562713,0.348026634969622,Very High,Very High
CMP2245,Facebook Ads,2489.5,409,55835,07/31/2025,0.7325154473000806,6.08679706601467,44.58672875436554,0.1642900180759188,0.12034497607782,Medium,Medium
CMP7230,Email Marketing,7738.55,502,19789,04/22/2025,2.536762848046895,15.415438247011952,391.0531103138108,0.0648700337918602,0.1645598916747376,High,High
CMP6704,Google Ads,34344.97,2683,38754,08/19/2025,6.92315631934768,12.800957882966827,886.230324611653,0.0781191539838293,0.5408311145652428,Very High,Very High
CMP1533,Instagram Ads,69221.16,4448,80423,2025-04-05,5.5307561269786,15.562311151079138,860.7134774877834,0.0642578078726216,0.3553942645977156,Very High,Very High
CMP0105,LinkedIn Ads,31301.29,1736,30358,02/21/2025,5.7184267738322685,18.030697004608296,1031.0722050200936,0.0554609730142112,0.3171495129872544,Very High,Very High
CMP0002,LinkedIn Ads,108745.2,5767,93275,08/20/2025,6.182792816939158,18.85645916421016,1165.8558027338515,0.0530322257901958,0.3278872646819181,Very High,Very High
CMP9367,Google Ads,26759.19,4559,89464,03/22/2025,5.095904497898596,5.86953059881553,299.10567379057494,0.1703713752172618,0.8681962572828139,Very High,Very High
CMP3239,Facebook Ads,6919.57,1937,40666,08/19/2025,4.763192839226873,3.5723128549303045,170.15615010082132,0.2799306893347419,1.3333638549190852,High,Very High
CMP3346,Instagram Ads,84821.77,4958,84199,2025-10-08,5.888430978990249,17.108061718434854,1007.3964061330896,0.0584519752417333,0.3441904217965936,Very High,Very High
CMP6195,Google Ads,4933.79,1584,24462,03/31/2025,6.475349521707138,3.114766414141414,201.6920121004006,0.3210513621374237,2.078919784259992,Medium,Very High
CMP2519,LinkedIn Ads,6121.28,940,16213,03/27/2025,5.797816566952445,6.512,377.5538148399432,0.1535626535626535,0.8903280968907317,High,High
CMP9695,YouTube Ads,19761.99,3761,45260,2025-01-11,8.309765797613787,5.2544509438979,436.6325673884225,0.1903148417745378,1.5814717629563344,Very High,Very High
CMP2821,YouTube Ads,18755.08,2337,60336,2025-07-11,3.873309466984885,8.02528027385537,310.84394059931054,0.1246062400160383,0.4826385290995119,Very High,Very High
CMP8773,LinkedIn Ads,5603.04,1240,13930,12/22/2025,8.90165111270639,4.518580645161291,402.2282842785355,0.2213084325651789,1.970010454995132,High,Very High
CMP1855,YouTube Ads,60432.54,3282,64825,10/25/2025,5.062861550327805,18.41332723948812,932.2412649440802,0.0543084900949058,0.2749563663578571,Very High,Very High
CMP2072,Facebook Ads,9986.57,570,8652,2025-06-10,6.588072122052704,17.520298245614036,1154.2498844197871,0.0570766539462498,0.3760251126833379,High,High
CMP8808,Google Ads,9300.38,1119,36033,2025-11-03,3.105486637249188,8.311331546023235,258.1072905392279,0.1203176644395175,0.3736448991419535,High,Very High
CMP2290,Facebook Ads,17508.22,1514,93589,11/16/2025,1.6177114831871269,11.564214002642007,187.07561786107345,0.0864736677971832,0.1398894453888122,Very High,Very High
CMP5274,LinkedIn Ads,23470.2,1181,23578,06/22/2025,5.00890660785478,19.8731583403895,995.4279413012132,0.0503191280858279,0.2520438131705948,Very High,Very High
CMP0397,Email Marketing,1099.4,135,5977,11/23/2025,2.258658189727288,8.143703703703704,183.9384306508282,0.1227942514098599,0.2773502415983116,Medium,Medium
CMP1610,LinkedIn Ads,48196.39,5354,72651,11/19/2025,7.369478740829445,9.001940605155024,663.396099158993,0.1110871581875738,0.8186544506424827,Very High,Very High
CMP6211,Email Marketing,31023.72,1677,17093,11/27/2025,9.811033756508513,18.49953488372093,1814.9956122389283,0.0540554130839241,0.5303394824883919,Very High,Very High
CMP2424,YouTube Ads,96475.7,8897,89574,2025-09-09,9.932569718891642,10.843621445431044,1077.0502601201242,0.0922201134586222,0.9159827064118627,Very High,Very High
CMP8216,YouTube Ads,3391.05,371,7565,01/21/2025,4.904163912756114,9.140296495956871,448.25512227362856,0.1094056413205349,0.5365431980161065,Medium,Medium
CMP0046,Email Marketing,9623.51,1056,36247,11/22/2025,2.9133445526526334,9.113172348484849,265.4981101884294,0.1097312726853299,0.3196850055334468,High,Very High
CMP2457,LinkedIn Ads,21685.25,4662,51508,07/31/2025,9.0510212005902,4.6514907764907765,421.0074163236779,0.2149848399257559,1.945832343973508,Very High,Very High
CMP0803,Instagram Ads,23450.49,1444,42648,2025-12-07,3.38585631213656,16.239951523545706,549.8614237478897,0.0615765384859762,0.2084893115122623,Very High,Very High
CMP6664,Facebook Ads,22553.65,1730,33508,2025-11-11,5.162946162110541,13.036791907514452,673.082547451355,0.076705987722608,0.3960288849233377,Very High,Very High
CMP8616,Facebook Ads,648.37,182,18484,01/25/2025,0.9846353603116208,3.5624725274725275,35.07736420688163,0.2807039190585622,0.2763910044831115,Low,Medium
CMP9107,YouTube Ads,927.24,131,98797,05/13/2025,0.1325951192849985,7.078167938931298,9.385305221818475,0.1412794961390794,0.0187329716430857,Low,Medium
CMP8449,Facebook Ads,18640.3,1587,51556,2025-02-02,3.0782062223601523,11.745620667926906,361.55442625494607,0.0851381147299131,0.2620726745216312,Very High,Very High
CMP6555,YouTube Ads,74275.54,4885,90854,09/25/2025,5.376758315539217,15.204818833162742,817.5263609747507,0.0657686231564253,0.3536219914578752,Very High,Very High
CMP4876,Facebook Ads,3112.91,174,4714,2025-08-03,3.691132795927026,17.89028735632184,660.3542638947815,0.0558962514174839,0.2063204867764576,Medium,Medium
CMP4127,Google Ads,6484.09,384,62550,05/30/2025,0.6139088729016786,16.885651041666666,103.6625099920064,0.0592218800170879,0.0363568376124089,High,Medium
CMP0694,Facebook Ads,29120.49,1926,54858,2025-08-07,3.510882642458712,15.119672897196262,530.8339713441977,0.0661389969742954,0.232206256466683,Very High,Very High
CMP0382,Email Marketing,9211.47,1012,13089,07/30/2025,7.731683092673237,9.102243083003952,703.7565895026357,0.1098630294621813,0.8494261274026096,High,Very High
CMP8278,Google Ads,13410.17,3043,31604,2025-04-05,9.628528034426022,4.406891225764048,424.318757119352,0.226917332144186,2.184879894047457,Very High,Very High
CMP5433,Email Marketing,13216.2,1003,19596,12/23/2025,5.118391508471117,13.176669990029913,674.4335578689529,0.0758917086605832,0.388443477171693,Very High,Very High
CMP0943,Instagram Ads,16462.19,888,33302,04/17/2025,2.6665065161251578,18.53850225225225,494.3303705483153,0.0539417902478345,0.1438361351873074,Very High,High
CMP2002,LinkedIn Ads,61234.89,3685,97479,02/22/2025,3.78030139824988,16.617337856173677,628.18545532884,0.0601781108776385,0.2274913966947733,Very High,Very High
CMP2028,YouTube Ads,13133.37,671,8334,2025-04-05,8.051355891528678,19.572831594634877,1575.8783297336215,0.0510912279178916,0.411353658902151,Very High,High
CMP2208,LinkedIn Ads,106787.98,5342,86414,01/21/2025,6.181868678686324,19.99026207412954,1235.771749947925,0.0500243566738503,0.3092440036935088,Very High,Very High
CMP8273,LinkedIn Ads,13499.78,3239,44918,09/14/2025,7.210917672202681,4.1678851497375735,300.54276681953786,0.2399298358936219,1.7301142937340075,Very High,Very High
CMP0175,Facebook Ads,3152.43,158,29355,01/16/2025,0.5382388008857094,19.95208860759493,107.38988247317322,0.0501200661077327,0.0269765642821385,Medium,Medium
CMP2096,YouTube Ads,1063.95,157,70664,07/13/2025,0.2221781954036001,6.776751592356688,15.056464394882829,0.1475633253442361,0.0327853533327367,Medium,Medium
CMP4648,YouTube Ads,28208.56,1534,17689,2025-02-01,8.67205608004975,18.38889178617992,1594.6950081971847,0.054380656084536,0.4715920992349951,Very High,Very High
CMP0950,Google Ads,10488.86,630,42793,09/27/2025,1.4722033977519688,16.64898412698413,245.10691000864628,0.0600637247517842,0.0884260196612158,Very High,High
CMP6505,YouTube Ads,49078.0,2859,64566,10/28/2025,4.428027135024626,17.166142007694997,760.1214261375956,0.0582542075879212,0.2579512119286729,Very High,Very High
CMP3533,YouTube Ads,21333.73,4193,80900,2025-03-05,5.182941903584672,5.087939422847603,263.7049443757726,0.1965432205244933,1.0186720935218798,Very High,Very High
CMP4181,Google Ads,23239.62,4866,93149,2025-02-10,5.223888608573361,4.775918618988903,249.48866869209547,0.2093838023169053,1.0937976597430583,Very High,Very High
CMP5530,Facebook Ads,32895.65,3289,66536,01/24/2025,4.943188649753517,10.001717847370022,494.4037814115667,0.0999828244767925,0.4942339631239789,Very High,Very High
CMP0295,Google Ads,3202.84,276,27288,04/15/2025,1.011433597185576,11.60449275362319,117.37173849311051,0.0861735210001124,0.0871587943272904,Medium,Medium
CMP0447,LinkedIn Ads,7226.94,1916,22184,04/19/2025,8.63685539127299,3.7718893528183712,325.7726289217454,0.2651191237231802,2.28979553305812,High,Very High
CMP0853,LinkedIn Ads,26018.5,4557,68725,10/20/2025,6.630774827209894,5.7095676980469605,378.5885776646053,0.1751446086438495,1.161344462117166,Very High,Very High
CMP9198,Email Marketing,8183.21,1322,20690,09/26/2025,6.3895601739971,6.190022692889562,395.5152247462542,0.1615502962773777,1.0322353391913646,High,Very High
CMP9086,Google Ads,60013.07,3715,71181,06/25/2025,5.219089363734705,16.154258411843877,843.1051825627626,0.061903182090168,0.3230782392281286,Very High,Very High
CMP8661,Facebook Ads,2651.38,427,55406,11/27/2025,0.7706746561744215,6.209320843091335,47.85366205826084,0.1610482088572743,0.1241157729885863,Medium,Medium
CMP6072,LinkedIn Ads,4519.31,345,92584,01/25/2025,0.3726345804890694,13.09944927536232,48.81307785362482,0.0763390871615357,0.0284465837193573,Medium,Medium
CMP4741,Instagram Ads,29028.35,1539,77246,08/20/2025,1.992336172746809,18.861825860948667,375.7909794681925,0.0530171366956785,0.1056279592142625,Very High,Very High
CMP9385,YouTube Ads,110504.78,6943,84046,10/21/2025,8.26095233562573,15.915998847760331,1314.8130785522214,0.0628298612964977,0.5190344894243438,Very High,Very High
CMP9836,Email Marketing,30614.83,7524,97650,09/25/2025,7.7050691244239635,4.068956671982988,313.51592421915,0.2457632461130765,1.893622799544074,Very High,Very High
CMP9319,Facebook Ads,17388.01,1403,21258,05/31/2025,6.599868284880986,12.393449750534568,817.9513594881927,0.0806877842835379,0.5325287484702403,Very High,Very High
CMP3186,Facebook Ads,2828.2,493,26952,04/25/2025,1.8291777975660437,5.736713995943204,104.93469872365688,0.1743158192489923,0.3188546263347922,Medium,Medium
CMP0898,LinkedIn Ads,8445.62,426,83555,08/31/2025,0.5098438154509005,19.825399061032865,101.07857100113698,0.0504403465938557,0.0257166987600772,High,Medium
CMP0501,Email Marketing,23012.59,1474,59932,2025-08-06,2.459454047920977,15.612340569877883,383.97834212107057,0.06405189507135,0.1575326926102416,Very High,Very High
CMP9870,Instagram Ads,73753.07,4047,87221,09/24/2025,4.639937629699269,18.22413392636521,845.5884477362105,0.054872292095773,0.2546040129230273,Very High,Very High
CMP4665,Google Ads,61076.99,3388,47178,2025-02-03,7.181313324006952,18.027446871310502,1294.607444147696,0.0554709719650559,0.3983544300682721,Very High,Very High
CMP8999,Facebook Ads,77480.17,4887,55245,2025-06-10,8.846049416236763,15.854342132187435,1402.482939632546,0.0630742033735857,0.5579575199325074,Very High,Very High
CMP6266,YouTube Ads,27641.67,2873,51584,2025-07-02,5.569556451612903,9.621186912634876,535.8574364143919,0.1039372802005088,0.5788845495038423,Very High,Very High
CMP2388,Facebook Ads,32741.1,2619,71272,2025-03-03,3.67465484341677,12.501374570446735,459.3823661465933,0.0799912037164298,0.2939400641673164,Very High,Very High
CMP9628,Instagram Ads,30638.68,2277,68719,01/21/2025,3.313494084605422,13.455722441809398,445.8545671502787,0.0743178230915953,0.2462516671947534,Very High,Very High
CMP8420,LinkedIn Ads,59729.91,3250,80694,07/19/2025,4.027560909113441,18.378433846153847,740.2026172949662,0.0544116004862555,0.2191460351207407,Very High,Very High
CMP8256,Facebook Ads,3066.23,216,11837,2025-10-11,1.8247866858156627,14.19550925925926,259.03776294669257,0.0704448133375513,0.1285467574631333,Medium,Medium
CMP4576,Google Ads,34477.6,2629,40408,06/14/2025,6.506137398534944,13.114340053252189,853.2369827756879,0.076252407360141,0.496108639254135,Very High,Very High
CMP8550,Facebook Ads,80289.27,7827,78344,07/30/2025,9.990554477688145,10.257987734764278,1024.8298529561932,0.0974850064024744,0.9739292672216984,Very High,Very High
CMP4426,Google Ads,37494.36,3659,66915,05/25/2025,5.468131211238138,10.247160426345996,560.3281775386685,0.097588010570123,0.5336240464411273,Very High,Very High
CMP2290,Email Marketing,48761.4,3422,54850,2025-02-11,6.2388331814038285,14.24938632378726,888.9954421148587,0.0701784608317234,0.4378317100568052,Very High,Very High
CMP8063,Email Marketing,145801.84,7818,83971,01/25/2025,9.310357147110311,18.64950626758762,1736.3356396851293,0.0536207224819659,0.4992280767931902,Very High,Very High
CMP4318,Google Ads,62116.94,4342,54072,05/15/2025,8.03003402870247,14.3060663288807,1148.7819943778666,0.0699004168589115,0.5613027259975479,Very High,Very High
CMP2174,Instagram Ads,8778.54,1452,48907,07/25/2025,2.968900157441675,6.0458264462809925,179.4945508822868,0.1654033586450594,0.4910660575226987,High,Very High
CMP3358,Facebook Ads,6646.32,1715,90871,03/25/2025,1.887290774834656,3.875405247813411,73.14016572944062,0.2580375305432179,0.4869918509553309,High,Very High
CMP8410,Email Marketing,12117.06,1134,43648,2025-07-10,2.598057184750733,10.685238095238097,277.6085960410557,0.0935870582468024,0.2431445290777904,Very High,Very High
CMP1218,Email Marketing,19528.06,2480,73458,10/31/2025,3.3760788477769608,7.874217741935484,265.83979961338457,0.1269967421238976,0.4287510148210761,Very High,Very High
CMP6482,Instagram Ads,7850.61,402,68881,02/18/2025,0.5836152204526647,19.52888059701493,113.97351954820633,0.0512062120013604,0.0298847247057198,High,Medium
CMP4099,Google Ads,46243.45,3903,54213,03/14/2025,7.1993802224558685,11.848180886497564,852.995591463302,0.0844011422158165,0.6076359140212345,Very High,Very High
CMP1232,Google Ads,7629.71,427,23165,10/29/2025,1.8432980789984887,17.868173302107728,329.36369522987263,0.055965429878724,0.1031609693857767,High,Medium
CMP6880,Facebook Ads,38230.24,4523,77041,2025-09-09,5.870899910437299,8.452407694008402,496.2323957373346,0.1183094848475971,0.6945831439956408,Very High,Very High
CMP3796,YouTube Ads,9017.49,520,33854,2025-01-04,1.5360075618833815,17.341326923076924,266.3640928693803,0.0576657140734284,0.088574972878191,High,High
CMP9379,LinkedIn Ads,4727.89,425,98834,12/26/2025,0.4300139628063217,11.124447058823533,47.83667563793836,0.0898921083189329,0.0386548617232394,Medium,Medium
CMP1950,LinkedIn Ads,20646.99,5785,64694,2025-12-09,8.94209663956472,3.569056179775281,319.1484527158624,0.2801861191389156,2.505451354404778,Very High,Very High
CMP0254,Instagram Ads,1746.29,146,2295,02/13/2025,6.36165577342048,11.960890410958903,760.9106753812636,0.0836058157579783,0.5318714205082719,Medium,Medium
CMP2609,Google Ads,8411.15,3048,53558,06/21/2025,5.691026550655364,2.759563648293963,157.04749990664328,0.3623761316823502,2.0622921867280395,High,Very High
CMP2464,Email Marketing,15565.51,1120,11550,03/31/2025,9.696969696969695,13.897776785714283,1347.6632034632034,0.0719539546086186,0.6977353174169083,Very High,Very High
CMP9735,Google Ads,57920.56,4888,75076,12/16/2025,6.510735787735094,11.849541734860884,771.4923544141936,0.0843914492539436,0.5494504288364812,Very High,Very High
CMP8958,Google Ads,10306.35,569,22753,01/20/2025,2.5007691293455805,18.113093145869943,452.966641761526,0.0552086820261295,0.1380641676828009,Very High,High
CMP8885,LinkedIn Ads,47313.14,4158,96265,05/30/2025,4.319326858151976,11.378821548821549,491.48849529943385,0.0878825628567455,0.3795935141103701,Very High,Very High
CMP8392,YouTube Ads,15638.61,1131,84511,05/26/2025,1.3382873235436807,13.827241379310346,185.04821857509677,0.0723210055113593,0.0967862849017849,Very High,Very High
CMP0587,Email Marketing,29882.32,7281,87830,2025-02-04,8.289878173744734,4.10415052877352,340.2290789024252,0.2436557804079469,2.0198767359105787,Very High,Very High
CMP8836,Email Marketing,2958.4,157,26479,08/20/2025,0.5929226934551909,18.84331210191083,111.72627365081765,0.0530692266089778,0.031465948780579,Medium,Medium
CMP7560,LinkedIn Ads,49020.34,4409,82010,2025-05-10,5.376173637361297,11.118244499886597,597.7361297402756,0.0899422566224551,0.4835451889384276,Very High,Very High
CMP2522,Facebook Ads,53877.45,4278,43958,2025-10-09,9.732016925246826,12.59407433380084,1225.6574457436643,0.0794024216068132,0.7727457109830908,Very High,Very High
CMP6531,Email Marketing,42718.11,2610,26410,2025-08-07,9.882620219613782,16.36709195402299,1617.4975388110563,0.0610982086988399,0.6038103926693379,Very High,Very High
CMP5905,LinkedIn Ads,42577.71,5125,51930,08/22/2025,9.869054496437514,8.307845853658536,819.9058347775851,0.1203681456799813,1.187919789350866,Very High,Very High
CMP8877,Facebook Ads,98640.56,5663,99841,05/18/2025,5.672018509429994,17.418428394843723,987.9764826073456,0.0574104607678626,0.3256331961102213,Very High,Very High
CMP3214,Facebook Ads,14138.16,2459,48271,2025-07-05,5.094155911416793,5.7495567303782025,292.89138406082327,0.1739264515325898,0.8860084612264888,Very High,Very High
CMP6413,Facebook Ads,44158.1,2287,27502,10/21/2025,8.315758853901535,19.3083078268474,1605.6323176496255,0.0517911776095438,0.4306829437605515,Very High,Very High
CMP5372,Facebook Ads,52901.19,6288,71866,2025-05-09,8.749617343389085,8.413039122137405,736.1087301366432,0.1188631106408003,1.040006734351922,Very High,Very High
CMP6614,YouTube Ads,18498.28,2895,31052,09/29/2025,9.3230709777148,6.38973402417962,595.7194383614582,0.156501036853156,1.459070274667934,Very High,Very High
CMP8266,Google Ads,54872.35,5871,75391,2025-07-07,7.787401679245533,9.346337932209163,727.8368770808187,0.1069937773760373,0.8332035216069755,Very High,Very High
CMP9154,Instagram Ads,2935.0,362,4048,2025-07-09,8.942687747035572,8.107734806629834,725.0494071146245,0.1233390119250425,1.1029822706735526,Medium,Medium
CMP1966,Email Marketing,85683.98,6802,69149,02/27/2025,9.83672938148057,12.596880329314908,1239.121028503666,0.0793847344626148,0.7808861499294365,Very High,Very High
CMP5466,YouTube Ads,18875.98,1152,32935,02/14/2025,3.497798694398057,16.385399305555556,573.1282829816304,0.0610299438757616,0.2134704580078258,Very High,Very High
CMP7434,Google Ads,16519.95,2735,44830,04/21/2025,6.100825340173991,6.040201096892139,368.502119116663,0.1655574018081168,1.0100367922043263,Very High,Very High
CMP7797,Email Marketing,5647.46,847,70750,2025-07-08,1.1971731448763252,6.667603305785124,79.82275618374558,0.1499789285802821,0.1795507455936381,High,High
CMP2453,Email Marketing,13705.63,1837,86320,02/14/2025,2.1281278962001853,7.460876428960261,158.77699258572753,0.1340325107273434,0.2852383250766101,Very High,Very High
CMP2000,Email Marketing,46765.82,4340,79559,01/31/2025,5.455071079324777,10.775534562211982,587.8130695458716,0.0928028205214834,0.5062459823065122,Very High,Very High
CMP3851,YouTube Ads,80776.77,4619,71046,06/28/2025,6.50142161416547,17.487934617882658,1136.9643611181489,0.0571822814900868,0.3717661208269445,Very High,Very High
CMP7015,LinkedIn Ads,6731.07,382,9650,10/26/2025,3.9585492227979273,17.620602094240837,697.5202072538859,0.0567517497218124,0.224654594753703,High,Medium
CMP2746,Facebook Ads,49081.93,5834,66580,06/22/2025,8.762391108440973,8.413083647583134,737.187293481526,0.1188624815690825,1.041519551628158,Very High,Very High
CMP5960,Instagram Ads,26759.17,4769,95411,2025-07-03,4.9983754493716654,5.611065212832878,280.46210604647257,0.1782192795964897,0.8908068717397988,Very High,Very High
CMP5445,Google Ads,34072.36,1959,19842,01/21/2025,9.872996673722408,17.39273098519653,1717.1837516379398,0.0574952835670907,0.5676507434126136,Very High,Very High
CMP3803,Google Ads,8069.13,587,32988,2025-01-03,1.7794349460409846,13.746388415672913,244.60803928701347,0.0727463803408793,0.1294474513765496,High,High
CMP7873,Google Ads,23379.46,1721,70391,2025-06-08,2.444914832862156,13.584811156304474,332.137062976801,0.0736116231940344,0.1799741494181546,Very High,Very High
CMP8517,YouTube Ads,58527.83,6326,82859,11/14/2025,7.634656464596483,9.251949098956686,706.3545299846727,0.1080853330800065,0.825194386927336,Very High,Very High
CMP3639,LinkedIn Ads,85924.63,5270,60851,05/30/2025,8.660498594928596,16.304483870967744,1412.0495965555208,0.0613328215669942,0.5311728150039599,Very High,Very High
CMP8443,Email Marketing,51987.05,2797,94233,05/28/2025,2.96817463096792,18.586717912048623,551.6862457949976,0.0538018602709713,0.1596933167551779,Very High,Very High
CMP8903,Google Ads,13064.61,2240,98606,2025-02-02,2.271667038516926,5.832415178571429,132.49305316106523,0.1714555581835202,0.3894899400960238,Very High,Very High
CMP0117,Email Marketing,2854.04,808,41959,2025-05-01,1.9256893634262016,3.5322277227722774,68.01973354941728,0.2831074546957996,0.5451770142143666,Medium,High
CMP3342,Email Marketing,32818.63,3844,74449,09/30/2025,5.163266128490645,8.537624869927159,440.8202930865424,0.117128594338033,0.604766103823287,Very High,Very High
CMP7472,Facebook Ads,16166.77,1483,25680,06/14/2025,5.774922118380062,10.901395819285232,629.5471183800623,0.0917313724386503,0.5297415316453213,Very High,Very High
CMP6209,Facebook Ads,2597.85,317,76870,11/13/2025,0.412384545336282,8.195110410094637,33.79536880447509,0.1220239813692091,0.0503208040770642,Medium,Medium
CMP9074,Facebook Ads,16160.96,1725,97624,2025-09-10,1.7669835286404982,9.368672463768116,165.54289928706055,0.1067387085915688,0.1886055399496601,Very High,Very High
CMP7491,Email Marketing,8836.12,862,30189,04/22/2025,2.8553446619629668,10.250719257540604,292.6933651329955,0.0975541300932988,0.2785506646143417,High,High
CMP0480,Instagram Ads,3943.19,756,25827,10/18/2025,2.9271692414914625,5.215859788359788,152.67704340418942,0.191722945128183,0.5612055078673728,Medium,High
CMP5357,Email Marketing,9142.07,667,78700,2025-01-05,0.8475222363405336,13.706251874062968,116.16353240152478,0.0729594063488903,0.0618347192308892,High,High
CMP5959,Email Marketing,41392.36,3283,34049,2025-04-10,9.641986548797322,12.60809016143771,1215.6703574260623,0.079314153626418,0.7647460023951668,Very High,Very High
CMP8014,Email Marketing,117590.67,7636,86489,2025-10-09,8.828868411011804,15.399511524358305,1359.6026084241926,0.0649371246885488,0.5733213288646636,Very High,Very High
CMP9356,Instagram Ads,24953.8,3594,36214,09/13/2025,9.924338653559396,6.94318308291597,689.0650024852267,0.1440261603443163,1.429364390228842,Very High,Very High
CMP9540,LinkedIn Ads,1211.85,97,2352,08/14/2025,4.124149659863945,12.493298969072164,515.2423469387754,0.0800429096010232,0.3301089384055805,Medium,Low
CMP9764,LinkedIn Ads,62228.48,4127,71074,04/20/2025,5.806624081942764,15.078381390840804,875.5449250077385,0.0663201158054961,0.3850959815534267,Very High,Very High
CMP8503,Facebook Ads,1061.94,355,19126,2025-12-12,1.856112098713793,2.991380281690141,55.52337132698944,0.3342938395766239,0.6204868401636593,Medium,Medium
CMP0890,YouTube Ads,2397.68,759,26699,01/23/2025,2.8428031012397468,3.158998682476943,89.80411251357728,0.3165560041373327,0.8999063902776717,Medium,High
CMP7629,YouTube Ads,73870.61,4194,67989,08/13/2025,6.168644927855977,17.61340247973295,1086.5082586889057,0.0567749474385009,0.3502244915457984,Very High,Very High
CMP6099,Email Marketing,17062.63,2977,69414,11/23/2025,4.288760192468378,5.731484716157206,245.80963494395945,0.174474861143915,0.7482808390604708,Very High,Very High
CMP0663,Facebook Ads,3766.05,192,4272,2025-01-05,4.49438202247191,19.61484375,881.5660112359551,0.0509817979049667,0.2291316759773786,Medium,Medium
CMP9402,Instagram Ads,3632.85,992,16349,03/25/2025,6.067649397516668,3.662147177419355,222.20625114685916,0.273063847943075,1.656855692455382,Medium,High
CMP9457,Facebook Ads,150893.56,9665,97651,2025-06-12,9.897492089174714,15.612370408691154,1545.233126132861,0.0640517726535181,0.6339519131358131,Very High,Very High
CMP8379,Facebook Ads,11429.04,676,9430,2025-03-01,7.168610816542947,16.906863905325444,1211.9872746553551,0.059147574949427,0.4240059455547475,Very High,High
CMP8190,Google Ads,36010.93,7975,81783,07/23/2025,9.751415330814472,4.515477115987461,440.3229277478205,0.2214605398971923,2.1595537039239314,Very High,Very High
CMP2579,Google Ads,73467.42,7592,92018,2025-05-12,8.250559673107436,9.67695205479452,798.402703818818,0.1033383233003146,0.8525990029081143,Very High,Very High
CMP1463,Google Ads,7952.81,833,16773,2025-08-03,4.9663149108686575,9.54719087635054,474.143564061289,0.1047428518976311,0.520185987186113,High,High
CMP2229,Email Marketing,69263.52,4384,46949,2025-08-05,9.337792072248613,15.799160583941608,1475.2927644891265,0.0632945019254002,0.591030898295927,Very High,Very High
CMP9370,Facebook Ads,26595.43,3165,58550,2025-02-10,5.405636208368915,8.402979462875198,454.2345004269855,0.1190054080719883,0.6432999428656584,Very High,Very High
CMP4940,YouTube Ads,5651.96,356,15582,05/25/2025,2.284687459889616,15.87629213483146,362.72365549993583,0.0629869992002774,0.1439056072089511,High,Medium
CMP6469,Email Marketing,22379.14,1201,70788,2025-05-01,1.69661524552184,18.633755203996667,316.1431316042267,0.0536660479357115,0.0910506350946341,Very High,Very High
CMP6154,Facebook Ads,2072.91,352,4243,2025-07-07,8.296016969125619,5.888948863636363,488.548197030403,0.1698095913474294,1.4087432513385618,Medium,Medium
CMP0021,Facebook Ads,121187.35,9370,95804,2025-07-03,9.780384952611582,12.93354855923159,1264.9508371257984,0.0773183009612802,0.7562027472831985,Very High,Very High
CMP1944,Facebook Ads,8241.51,831,38105,2025-03-07,2.180816165857499,9.917581227436823,216.2842146699908,0.1008310370308353,0.2198939555770218,High,High
CMP2136,Facebook Ads,3453.72,182,5544,03/21/2025,3.2828282828282838,18.97648351648352,622.9653679653679,0.0526968022885468,0.1729945529674518,Medium,Medium
CMP5929,YouTube Ads,13163.25,2013,23227,2025-11-09,8.666637964437939,6.539120715350224,566.7219184569682,0.1529257592159991,1.3253521905618728,Very High,Very High
CMP1399,LinkedIn Ads,14137.31,4889,57862,04/27/2025,8.449414123258789,2.891656780527715,244.32805641007917,0.345822507959435,2.9219975828932254,Very High,Very High
CMP1754,Instagram Ads,41957.09,2188,43869,03/23/2025,4.987576648658506,19.17600091407678,956.4177437370352,0.0521485164962584,0.2600947231389215,Very High,Very High
CMP4092,Google Ads,1115.72,84,18343,07/27/2025,0.4579403587199476,13.282380952380953,60.82538297988334,0.075287706593052,0.0344772793644244,Medium,Low
CMP5051,YouTube Ads,4396.91,429,10504,12/13/2025,4.084158415841585,10.249207459207458,418.59386900228486,0.097568519710433,0.3984852908965705,Medium,Medium
CMP4033,Instagram Ads,4508.33,921,64858,2025-09-05,1.420025286009436,4.895038002171552,69.51077739060717,0.2042885059434424,0.2900948440807772,Medium,High
CMP1942,YouTube Ads,790.3,129,18074,07/31/2025,0.7137324333296449,6.126356589147287,43.72579395817196,0.1632291534860179,0.1165019409079136,Low,Medium
CMP1475,LinkedIn Ads,20589.79,1785,23217,2025-06-10,7.688331825817289,11.534896358543415,886.8411078089331,0.0866934534057899,0.666528036909743,Very High,Very High
CMP7337,Google Ads,3079.38,174,21415,02/25/2025,0.8125145925752977,17.697586206896553,143.79547046462758,0.0565048808526391,0.0459110402444978,Medium,Medium
CMP0696,LinkedIn Ads,6009.77,882,61370,08/25/2025,1.4371842919993485,6.813798185941043,97.92683721688122,0.1467610241323711,0.210922638560781,High,High
CMP5917,YouTube Ads,16012.3,2065,38116,07/25/2025,5.417672368559135,7.7541404358353505,420.0939238115227,0.1289633594174478,0.6986812288724678,Very High,Very High
CMP7129,Facebook Ads,77261.85,4405,47735,12/13/2025,9.22802974756468,17.539580022701475,1618.557662092804,0.0570139078989177,0.526126038116126,Very High,Very High
CMP8130,Google Ads,6690.85,543,28812,06/20/2025,1.884631403581841,12.322007366482506,232.22442038039705,0.0811556080318644,0.1529484074736303,High,High
CMP7201,Instagram Ads,33211.96,3274,59340,03/18/2025,5.517357600269633,10.144153940134393,559.6892483990563,0.098578945656926,0.5438952950468078,Very High,Very High
CMP2265,Email Marketing,627.6,205,64259,05/17/2025,0.3190214600289454,3.0614634146341464,9.76672528361786,0.3266411727214786,0.104205543827173,Low,Medium
CMP9656,Google Ads,974.91,288,10888,10/29/2025,2.645113886847906,3.3851041666666664,89.53986039676708,0.2954118841739238,0.781398077168351,Low,Medium
CMP0322,Email Marketing,55489.35,4353,87865,2025-06-10,4.954191088601832,12.7473811164714,631.5296193023388,0.0784474858689099,0.388643835414972,Very High,Very High
CMP4417,YouTube Ads,892.14,130,2396,12/29/2025,5.425709515859766,6.862615384615385,372.3455759599332,0.1457170399264689,0.79061833015196,Low,Medium
CMP8223,Google Ads,34372.27,2488,79286,2025-03-11,3.13800670988573,13.815221061093249,433.5225638826527,0.0723839304183285,0.2271412593406166,Very High,Very High
CMP3665,Email Marketing,2683.53,253,10535,08/13/2025,2.401518747033697,10.606837944664033,254.7252017085904,0.0942788044106084,0.2264123162399992,Medium,Medium
CMP1673,LinkedIn Ads,4409.51,865,52070,2025-06-09,1.6612252736700597,5.097699421965318,84.6842711734204,0.1961669210411134,0.3258774470915366,Medium,High
CMP3823,Facebook Ads,20695.35,3629,44247,12/19/2025,8.201685990010622,5.702769357949848,467.7232354735914,0.1753534006431396,1.438193529355558,Very High,Very High
CMP1867,YouTube Ads,624.31,170,60467,05/16/2025,0.2811450874030463,3.672411764705882,10.324805265682103,0.2723006198843523,0.0765559815772899,Low,Medium
CMP0836,YouTube Ads,77354.72,4478,62390,02/24/2025,7.177432280814234,17.274390352836086,1239.857669498317,0.0578891630659383,0.4154955476987848,Very High,Very High
CMP0450,Email Marketing,17908.79,4301,88565,2025-07-10,4.856320216789928,4.163866542664497,202.2106927115678,0.2401613956051748,1.1663006407698946,Very High,Very High
CMP9365,YouTube Ads,75220.14,4182,80049,10/27/2025,5.22430011617884,17.986642754662842,939.6761983285238,0.0555968122367227,0.2904544326274839,Very High,Very High
CMP0368,Email Marketing,56171.75,4175,72451,05/29/2025,5.762515355205587,13.454311377245508,775.3067590509448,0.0743256174144476,0.4283025116358904,Very High,Very High
CMP4261,Instagram Ads,6279.42,1182,72137,2025-03-03,1.6385488722846806,5.3125380710659895,87.04853265314611,0.1882339451732803,0.3084305185893748,High,Very High
CMP9357,LinkedIn Ads,31615.39,3112,68433,2025-06-01,4.547513626466763,10.159187017994858,461.9904139815586,0.0984330732595739,0.4476257419429135,Very High,Very High
CMP0768,LinkedIn Ads,28821.13,2673,64168,02/17/2025,4.165627727216058,10.782315750093527,449.1511345218801,0.0927444551965866,0.3863388741124488,Very High,Very High
CMP6607,Google Ads,26876.68,1426,86928,09/19/2025,1.6404380636848883,18.847601683029453,309.1832321001288,0.0530571484275587,0.0870369658311462,Very High,Very High
CMP6939,YouTube Ads,13600.46,1282,68150,07/20/2025,1.8811445341159208,10.608783151326053,199.5665443873808,0.0942615176251391,0.177319538658002,Very High,Very High
CMP0707,YouTube Ads,28889.51,1928,48483,05/13/2025,3.9766516098426257,14.984185684647302,595.8688612503352,0.0667370266923876,0.2653899046323936,Very High,Very High
CMP8100,YouTube Ads,23035.82,4115,86191,05/26/2025,4.774280377301574,5.598012150668287,267.26479562831383,0.1786348391331413,0.85285280717578,Very High,Very High
CMP1754,LinkedIn Ads,115468.28,6586,78157,2025-04-12,8.426628452985657,17.532383844518677,1477.3888455288711,0.0570373092939463,0.4806322133781116,Very High,Very High
CMP6909,Email Marketing,80213.39,4687,85840,2025-12-07,5.460158434296365,17.114015361638575,934.4523532152842,0.0584316409018494,0.3190460169000096,Very High,Very High
CMP7034,Google Ads,21821.32,1905,36818,03/19/2025,5.174099625183334,11.454761154855644,592.6807539790319,0.0872999433581469,0.4516986042079147,Very High,Very High
CMP6324,Facebook Ads,19050.83,1506,22946,2025-05-05,6.563235422295826,12.649953519256307,830.2462302797874,0.0790516738640783,0.5188347460964962,Very High,Very High
CMP9403,Facebook Ads,21275.62,2239,36854,12/23/2025,6.075324252455635,9.50228673514962,577.2947305584197,0.1052378262067098,0.6393539178293356,Very High,Very High
CMP4236,LinkedIn Ads,25567.85,1289,64852,09/27/2025,1.9876025411706653,19.83541505042669,394.2492135940295,0.050414876495286,0.1002047366348358,Very High,Very High
CMP1039,Google Ads,2201.02,352,41308,02/27/2025,0.8521351796262224,6.252897727272727,53.28314128013944,0.1599258525592679,0.1362784450974686,Medium,Medium
CMP2675,Facebook Ads,29513.71,6724,95681,04/20/2025,7.027518525099027,4.389308447352766,308.4594642614521,0.2278263220720133,1.601053698866251,Very High,Very High
CMP0718,Instagram Ads,17587.54,4236,44102,06/20/2025,9.605006575665502,4.151921624173749,398.7923450183665,0.2408523306841093,2.313388219985232,Very High,Very High
CMP4950,LinkedIn Ads,2742.46,586,20958,02/19/2025,2.796068327130451,4.679965870307167,130.85504342017367,0.2136767719492718,0.5974548542908353,Medium,High
CMP4738,Instagram Ads,4539.2,476,5703,2025-02-02,8.34648430650535,9.536134453781512,795.9319656321235,0.1048642932675361,0.8752481780702649,Medium,Medium
CMP4239,YouTube Ads,74390.42,4745,72548,11/19/2025,6.540497325908364,15.677643835616438,1025.3958758339306,0.0637850949087261,0.4171862426833345,Very High,Very High
CMP6566,LinkedIn Ads,5206.88,1241,74240,2025-10-02,1.6716056034482758,4.195713134568896,70.13577586206897,0.2383385059767077,0.398407982108155,High,Very High
CMP3711,Instagram Ads,57166.05,3076,83598,11/17/2025,3.6795138639680376,18.584541612483747,683.8207851862486,0.0538081606128112,0.197987872969458,Very High,Very High
CMP4080,Email Marketing,48354.17,3292,78253,2025-09-10,4.206867468339872,14.688386998784932,617.9209742757465,0.0680809948759331,0.2864077225557766,Very High,Very High
CMP1480,Instagram Ads,42971.57,2189,46601,2025-04-12,4.697324091757688,19.63068524440384,922.116907362503,0.0509406568110031,0.2392847744882855,Very High,Very High
CMP2959,Google Ads,156807.21,7877,92105,2025-07-05,8.552195863416753,19.90697092801828,1702.483144237555,0.050233659536446,0.4296080952918795,Very High,Very High
CMP1288,LinkedIn Ads,6881.56,1063,91491,2025-02-11,1.1618629154780251,6.473715898400753,75.21570427692342,0.1544707886002592,0.1794738807992868,High,Very High
CMP6731,Email Marketing,8967.81,2110,86884,10/24/2025,2.4285253901754063,4.25014691943128,103.21589705814648,0.2352859839804813,0.5713979860490027,High,Very High
CMP0126,Google Ads,4949.32,354,5247,10/21/2025,6.746712407089765,13.981129943502824,943.2666285496474,0.0715249771685807,0.4825584508800758,Medium,Medium
CMP2932,Google Ads,34708.03,3820,40445,2025-12-07,9.44492520707133,9.08587172774869,858.1537890963036,0.1100609858871275,1.0395177799204531,Very High,Very High
CMP0820,Instagram Ads,11714.43,2197,59121,2025-09-06,3.716107643646082,5.332011834319527,198.1432993352616,0.1875464704642052,0.6969428724308773,Very High,Very High
CMP8807,Google Ads,60581.92,3741,76869,2025-07-06,4.86672130507747,16.194044373162257,788.1190076623866,0.0617510966968362,0.3005253779063921,Very High,Very High
CMP0474,LinkedIn Ads,9553.99,546,19151,2025-09-07,2.8510260560806224,17.498150183150184,498.8768210537309,0.0571488979996839,0.1629329972733925,High,High
CMP3020,LinkedIn Ads,8341.6,2419,46106,07/23/2025,5.246605647854943,3.4483670938404303,180.92222270420336,0.2899923276110098,1.521475383878525,High,Very High
CMP0151,Email Marketing,37243.75,7021,90508,2025-06-04,7.75732531930879,5.304621848739496,411.496773765855,0.1885148514851485,1.4623710304914788,Very High,Very High
CMP7405,LinkedIn Ads,80225.96,5734,64700,2025-09-06,8.86244204018547,13.991273107778166,1239.968469860897,0.0714731241608078,0.6334264203061389,Very High,Very High
CMP1699,Google Ads,17891.96,1200,25183,02/21/2025,4.765119326529802,14.909966666666666,710.4777032124846,0.0670692310959783,0.3195928893109397,Very High,Very High
CMP8472,Email Marketing,1410.43,541,52888,2025-02-10,1.02291635153532,2.6070794824399264,26.6682423234004,0.3835709677190644,0.3923610148540573,Medium,High
CMP7884,Email Marketing,21920.01,4627,66819,2025-10-02,6.924677112797259,4.737413010590015,328.0505544830063,0.2110856701251505,1.4617001087551018,Very High,Very High
CMP0224,Instagram Ads,22983.09,1155,60473,07/29/2025,1.909943280472277,19.898779220779225,380.0553966232864,0.050254339168493,0.0959829374094379,Very High,Very High
CMP1818,Facebook Ads,3032.36,258,9008,04/28/2025,2.864120781527531,11.753333333333334,336.6296625222025,0.0850822461712989,0.2436858293982584,Medium,Medium
CMP6323,YouTube Ads,6366.77,522,8303,11/22/2025,6.286884258701673,12.196877394636015,766.8035649765146,0.0819881980973083,0.5154503120172824,High,High
CMP2022,Email Marketing,89821.53,5741,75071,09/15/2025,7.647427102343116,15.645624455669743,1196.4877249537103,0.0639156335902984,0.4887901485818803,Very High,Very High
CMP4397,Google Ads,3400.08,489,6120,2025-01-12,7.990196078431372,6.953128834355828,555.5686274509803,0.1438201454083433,1.1491511618411747,Medium,Medium
CMP3225,Google Ads,6393.45,336,16601,03/20/2025,2.023974459369917,19.028125,385.1243900969821,0.0525537855148628,0.1063675196252871,High,Medium
CMP8049,Email Marketing,14958.9,1440,83368,07/23/2025,1.7272814509164187,10.388125,179.43215622301122,0.0962637627098249,0.1662746117241002,Very High,Very High
CMP2726,LinkedIn Ads,1024.36,175,24245,2025-12-10,0.7217983089296762,5.853485714285713,42.25036089915446,0.1708383771330391,0.1233108517149179,Medium,Medium
CMP7779,Instagram Ads,3574.65,256,95613,2025-01-02,0.2677460178009266,13.9634765625,37.38665244265947,0.0716154029065782,0.0191747389414452,Medium,Medium
CMP5390,Email Marketing,9963.96,3234,85275,2025-08-11,3.792436235708004,3.0810018552875693,116.84503078276164,0.3245697493767538,1.2309100785510667,High,Very High
CMP4371,YouTube Ads,24357.06,1405,32072,2025-06-06,4.380768271389374,17.335985765124555,759.449363931155,0.0576834806828081,0.2526979619585479,Very High,Very High
CMP8433,Google Ads,66800.61,6543,95736,09/16/2025,6.8344196540486335,10.209477303988995,697.7585234394586,0.0979482073591842,0.6694191534544401,Very High,Very High
CMP4569,Instagram Ads,53704.74,2794,35343,05/14/2025,7.905384375972611,19.22145311381532,1519.5297512944571,0.0520252029895312,0.4112792268702441,Very High,Very High
CMP8767,Instagram Ads,12220.33,1130,92234,11/14/2025,1.2251447405512068,10.814451327433629,132.49268165752326,0.0924688613155291,0.1132877391054794,Very High,Very High
CMP5252,Facebook Ads,10503.1,2070,86364,08/22/2025,2.396832013338891,5.073961352657005,121.61433004492612,0.1970846702402147,0.4723788469700854,Very High,Very High
CMP6325,YouTube Ads,47699.4,4795,76435,10/28/2025,6.273304114607183,9.947737226277372,624.0518087263688,0.1005253734847817,0.6306262391045053,Very High,Very High
CMP9812,Google Ads,28680.42,2626,42117,12/26/2025,6.235011990407674,10.921713632901753,680.9701545694138,0.0915607233087939,0.5708822076807296,Very High,Very High
CMP2254,Instagram Ads,6133.83,1955,51393,02/15/2025,3.8040200027241062,3.137508951406649,119.35146809876832,0.3187241902693749,1.2124331951367464,High,Very High
CMP4388,Facebook Ads,32275.64,2330,28703,10/31/2025,8.117618367418041,13.852206008583693,1124.4692192453751,0.0721906676366448,0.5860162895633994,Very High,Very High
CMP1691,Facebook Ads,19279.38,1373,16775,09/13/2025,8.184798807749626,14.04179169701384,1149.292399403875,0.071215983086593,0.5828884934598642,Very High,Very High
CMP8472,YouTube Ads,9815.48,778,8471,04/19/2025,9.184275764372565,12.61629820051414,1158.715617990792,0.0792625526209619,0.7279691410590063,High,High
CMP3033,Facebook Ads,161.52,58,25033,12/21/2025,0.2316941637039108,2.7848275862068967,6.452282986457876,0.359088657751362,0.0831987462532617,Low,Low
CMP0489,YouTube Ads,119000.5,7928,84756,2025-04-03,9.353910047666242,15.010153884964682,1404.0362924158762,0.0666215688169377,0.6231721619480419,Very High,Very High
CMP6287,Google Ads,5602.77,302,39848,2025-01-05,0.7578799437863883,18.55221854304636,140.60354346516766,0.0539019092341823,0.0408511759403811,High,Medium
CMP1394,YouTube Ads,20755.58,6235,68890,2025-05-09,9.050660473218173,3.328882117080995,301.28581797067795,0.3004011451378376,2.7188287704085026,Very High,Very High
CMP5069,LinkedIn Ads,45058.12,2641,79162,02/20/2025,3.3361966600136426,17.061007194244606,569.1887521790758,0.0586131867019751,0.1955451177078855,Very High,Very High
CMP7489,LinkedIn Ads,574.47,64,25904,05/23/2025,0.2470660901791229,8.97609375,22.17688387893762,0.1114070360506205,0.0275249008154714,Low,Low
CMP0321,Email Marketing,4997.15,496,8039,2025-09-12,6.169921632043787,10.074899193548386,621.6133847493469,0.0992565762484616,0.612405296917987,Medium,Medium
CMP6439,Instagram Ads,14464.17,3603,41202,02/16/2025,8.744721130042231,4.014479600333056,351.0550458715596,0.2490982890826089,2.1782950719980585,Very High,Very High
CMP1648,LinkedIn Ads,71357.76,4455,82493,08/29/2025,5.400458220697513,16.017454545454545,865.0159407464874,0.0624318924809298,0.3371608269823411,Very High,Very High
CMP3190,LinkedIn Ads,27428.94,4541,57009,2025-11-10,7.965408970513428,6.040286280554944,481.1335052360153,0.1655550670204535,1.3187138159586729,Very High,Very High
CMP6640,Facebook Ads,52893.64,5021,52910,2025-08-01,9.48969948969949,10.534483170683131,999.6907956907957,0.0949263465323997,0.9008225022475508,Very High,Very High
CMP9270,Google Ads,87296.9,4384,63928,2025-05-12,6.857714929295457,19.912614051094888,1365.5503065949192,0.0502194235992343,0.3443904909570819,Very High,Very High
CMP9689,LinkedIn Ads,16031.0,1536,25672,2025-09-02,5.983172327827984,10.436848958333334,624.4546587722032,0.0958143596781236,0.5732738254347067,Very High,Very High
CMP2073,Google Ads,3227.09,321,13400,12/26/2025,2.395522388059702,10.053239875389409,240.8276119402985,0.0994704207195956,0.238283619783509,Medium,Medium
CMP3061,LinkedIn Ads,4000.67,204,3925,2025-11-10,5.197452229299363,19.611127450980398,1019.2789808917198,0.0509914589306291,0.2650256718942252,Medium,Medium
CMP7553,Instagram Ads,33853.1,4231,45989,2025-02-03,9.2000260931962,8.001205388796974,736.112983539542,0.1249811686374364,1.1498300126225698,Very High,Very High
CMP2261,LinkedIn Ads,21211.45,1627,40901,2025-08-02,3.977897850908291,13.037154271665642,518.604679592186,0.0767038557005768,0.3051201027477041,Very High,Very High
CMP2371,Instagram Ads,19405.63,1296,14045,07/26/2025,9.22748309006764,14.973479938271606,1381.675329298683,0.066784742366004,0.6162550808568266,Very High,Very High
CMP7824,Instagram Ads,18493.22,4863,69138,01/28/2025,7.033758569816888,3.802841867160189,267.4827157279644,0.2629612366045502,1.849605851496901,Very High,Very High
CMP9070,Instagram Ads,43869.78,4861,91262,01/24/2025,5.326422826587188,9.024846739354045,480.7014967894633,0.1108052057703503,0.5901953773198845,Very High,Very High
CMP2319,Facebook Ads,70179.38,4120,50125,12/30/2025,8.219451371571072,17.033830097087378,1400.0873815461348,0.0587067027380407,0.4825368883406039,Very High,Very High
CMP3598,Email Marketing,24927.5,3408,46849,01/28/2025,7.274434886550408,7.314407276995305,532.0817947021281,0.1367164777855782,0.9945351155697038,Very High,Very High
CMP7701,Facebook Ads,25731.32,1384,67942,2025-09-11,2.0370315857643284,18.59199421965318,378.7247946778135,0.0537865915934355,0.1095649859664343,Very High,Very High
CMP8466,Facebook Ads,16884.8,1122,23091,2025-04-05,4.859035988047291,15.048841354723708,731.2286172101684,0.0664502984933194,0.3228843917955237,Very High,Very High
CMP8885,Instagram Ads,632.05,173,2818,06/29/2025,6.139105748757984,3.653468208092485,224.2902767920511,0.2737125227434538,1.680350121881388,Low,Medium
CMP1904,YouTube Ads,764.57,58,50732,08/26/2025,0.1143262635023259,13.182241379310346,15.070764014822991,0.0758596335194946,0.0086727484509396,Low,Low
CMP0715,Email Marketing,36466.76,1912,49543,08/14/2025,3.8592737621863833,19.072573221757324,736.0628141210666,0.0524313100478353,0.2023467791846702,Very High,Very High
CMP1162,LinkedIn Ads,37764.67,2621,79810,2025-03-01,3.284049617842376,14.408496756962991,473.1821826838742,0.0694034927354058,0.2279245137946357,Very High,Very High
CMP8261,YouTube Ads,40225.78,2730,42928,04/27/2025,6.359485650391353,14.734717948717948,937.0522735743572,0.0678669251410414,0.4315987365706368,Very High,Very High
CMP9390,Facebook Ads,13794.25,2873,56018,2025-12-05,5.128708629369132,4.80134006265228,246.24674211860471,0.2082751871250702,1.0681827494918184,Very High,Very High
CMP8433,Facebook Ads,28291.51,1706,64145,2025-03-10,2.659599345233455,16.583534583821805,441.0555772078884,0.060300775745091,0.1603759036887135,Very High,Very High
CMP5445,Google Ads,23924.86,1490,22149,2025-06-12,6.727166012009572,16.05695302013423,1080.177886134814,0.0622783163621438,0.4189565731165934,Very High,Very High
CMP4863,Facebook Ads,60435.69,5947,97469,09/26/2025,6.101427120417774,10.162382713973432,620.0503749910227,0.0984021196746492,0.6003933616895,Very High,Very High
CMP4473,YouTube Ads,5719.94,368,59071,08/18/2025,0.6229791268134957,15.543315217391305,96.83160941917352,0.0643363391923691,0.040080196412439,High,Medium
CMP4909,YouTube Ads,19912.24,1649,67979,2025-01-04,2.4257491284073023,12.07534263189812,292.91751864546404,0.0828133851339678,0.2008844968091807,Very High,Very High
CMP4882,LinkedIn Ads,3849.57,1156,20074,06/21/2025,5.758692836504932,3.3300778546712806,191.76895486699212,0.30029327950914,1.7292967575598577,Medium,Very High
CMP6447,Instagram Ads,42933.47,5128,60849,2025-10-02,8.427418692172427,8.372361544461778,705.573961774228,0.1194406135818977,1.006576059504629,Very High,Very High
CMP0160,YouTube Ads,11394.32,603,6458,06/16/2025,9.33725611644472,18.896053067993368,1764.3728708578508,0.0529211045503373,0.494137907151648,Very High,High
CMP0452,Email Marketing,15952.24,883,80654,02/21/2025,1.0948000099189128,18.06595696489241,197.78609864358864,0.0553527278927598,0.0606001670460324,Very High,High
CMP1553,YouTube Ads,1806.62,362,92004,2025-01-06,0.3934611538628755,4.990662983425414,19.63632015999304,0.2003741794068481,0.0788394558337453,Medium,Medium
CMP2756,Email Marketing,3867.6,257,5118,2025-09-07,5.021492770613521,15.049027237354084,755.685814771395,0.0664494777122763,0.3336755719432399,Medium,Medium
CMP2903,Google Ads,1854.68,326,12838,2025-10-06,2.539336345225113,5.68920245398773,144.46798566754947,0.175771561671016,0.4463431150081883,Medium,Medium
CMP0832,Google Ads,8057.58,959,43878,2025-04-04,2.185605542640959,8.40206465067779,183.6359907014905,0.1190183653156406,0.2601271989099307,High,High
CMP5568,Google Ads,7723.08,2364,59417,2025-10-09,3.978659306259152,3.266954314720812,129.98098187387447,0.3060954955794838,1.2178496920913204,High,Very High
CMP9748,YouTube Ads,6136.82,412,8490,10/30/2025,4.852767962308598,14.89519417475728,722.829210836278,0.0671357478303095,0.3257942061965549,High,Medium
CMP1078,Google Ads,1891.86,251,3274,12/13/2025,7.666463042150275,7.537290836653386,577.8436163714111,0.132673665070354,1.0171377499284933,Medium,Medium
CMP9486,Google Ads,1039.83,121,2393,01/17/2025,5.056414542415378,8.593636363636364,434.52987881320513,0.1163651750766952,0.5883905634885133,Medium,Medium
CMP4657,Google Ads,8944.12,664,11438,02/18/2025,5.805210701171534,13.470060240963855,781.9653785626859,0.0742387177274007,0.4309713985923599,High,High
CMP2856,YouTube Ads,45581.24,2885,49077,2025-05-05,5.87851743179086,15.799389948006931,928.7698922102004,0.0632935830618035,0.3720724313493145,Very High,Very High
CMP6356,Google Ads,1059.55,110,6359,2025-07-09,1.7298317345494574,9.632272727272726,166.62211039471617,0.1038176584399037,0.1795870801759617,Medium,Medium
CMP7021,YouTube Ads,1508.48,125,9705,08/13/2025,1.287995878413189,12.06784,155.43328181349818,0.082864870598218,0.1067296117957471,Medium,Medium
CMP7848,YouTube Ads,41684.64,2894,37003,04/22/2025,7.820987487501013,14.403814789219073,1126.5205523876443,0.0694260523780462,0.5429802869552893,Very High,Very High
CMP6144,Facebook Ads,477.92,51,4688,08/23/2025,1.0878839590443687,9.370980392156865,101.9453924914676,0.1067124204887847,0.1160907304805465,Low,Low
CMP5701,Google Ads,6592.18,1060,11552,07/14/2025,9.17590027700831,6.2190377358490565,570.652700831025,0.160796580190468,1.475453384711705,High,Very High
CMP1733,LinkedIn Ads,12215.05,2137,72416,2025-01-02,2.951005302695537,5.715980346279832,168.67888311975256,0.1749481172815502,0.5162728217944554,Very High,Very High
CMP3627,Instagram Ads,3088.03,830,45388,01/17/2025,1.8286771833964923,3.7205180722891567,68.03626509209484,0.2687797722172388,0.4915114368121711,Medium,High
CMP0761,Instagram Ads,996.53,73,34018,2025-04-10,0.2145922746781116,13.65109589041096,29.29419718972309,0.073254192046401,0.0157197837009444,Low,Low
CMP1912,Google Ads,33545.92,3266,52335,2025-11-03,6.240565587083214,10.271255358236374,640.9844272475399,0.0973590827140826,0.6075757411754925,Very High,Very High
CMP7480,Instagram Ads,75221.92,4608,75737,2025-06-10,6.084212472107424,16.324201388888888,993.1990968747112,0.0612587394738129,0.3727111867321521,Very High,Very High
CMP9723,Email Marketing,63094.76,6366,79803,03/27/2025,7.977143716401638,9.911209550738295,790.6314298961192,0.1008958588637154,0.8048607665456343,Very High,Very High
CMP2936,Google Ads,24871.32,2367,92992,2025-01-07,2.5453802477632483,10.507528517110266,267.45655540261527,0.095169858294614,0.2422434774855379,Very High,Very High
CMP0405,Email Marketing,2725.78,1082,80097,08/16/2025,1.3508620797283295,2.51920517560074,34.03098742774386,0.3969505976271012,0.5362255098599492,Medium,Very High
CMP9024,Google Ads,8281.5,824,25715,03/28/2025,3.204355434571262,10.050364077669904,322.0493875170134,0.0994988830525871,0.3188297866433279,High,High
CMP5777,YouTube Ads,14015.35,1119,18317,2025-08-09,6.109078997652454,12.524888293118856,765.155320194355,0.0798410314405277,0.4877551683242371,Very High,Very High
CMP1837,YouTube Ads,21155.52,1782,59216,06/20/2025,3.00932180491759,11.871784511784512,357.2601999459605,0.0842333348459409,0.2534852112528146,Very High,Very High
CMP9323,Email Marketing,111366.1,5704,62784,03/27/2025,9.085117227319062,19.5242110799439,1773.7974643221205,0.0512184587589939,0.4653257020280671,Very High,Very High
CMP5566,Facebook Ads,70459.0,4432,64750,12/25/2025,6.844787644787645,15.89778880866426,1088.1698841698842,0.0629018294327197,0.4305496649356199,Very High,Very High
CMP2533,YouTube Ads,72543.83,3978,78268,09/18/2025,5.082536924413553,18.23625691302162,926.864491235243,0.0548358144310825,0.2787050516262667,Very High,Very High
CMP8420,Facebook Ads,10698.66,2002,24036,01/28/2025,8.329172907305708,5.343986013986014,445.10983524712935,0.1871262382391813,1.5586067937878227,Very High,Very High
CMP3747,Facebook Ads,9181.16,2597,88833,02/15/2025,2.9234631274413787,3.535294570658452,103.35303321963684,0.2828618605927791,0.8269362196024533,High,Very High
CMP2158,Email Marketing,27292.63,6175,70799,2025-04-08,8.721874602748626,4.419859109311741,385.4945691323324,0.2262515558229456,1.973337698564512,Very High,Very High
CMP2074,Email Marketing,1244.69,263,84221,11/21/2025,0.3122736609634176,4.732661596958175,14.77885562983104,0.2112975921715447,0.0659826726601634,Medium,Medium
CMP3589,Facebook Ads,15454.56,1518,19115,2025-03-07,7.941407271776092,10.18086956521739,808.5043159822128,0.0982234369661769,0.7800323165820385,Very High,Very High
CMP0679,Facebook Ads,8008.02,816,67973,01/25/2025,1.2004766598502348,9.81375,117.8117782060524,0.1018978474079735,0.1223259875022529,High,High
CMP0942,Instagram Ads,72255.72,3831,95748,08/14/2025,4.001127960897356,18.86079874706343,754.644692317333,0.0530200238818463,0.2121399000411008,Very High,Very High
CMP8803,Facebook Ads,6071.4,1622,19304,2025-12-01,8.402403646912557,3.743156596794081,314.51512639867383,0.2671541983726982,2.24473741069476,High,Very High
CMP1213,LinkedIn Ads,28190.01,1598,41129,01/21/2025,3.8853363806559846,17.640807259073842,685.4047022781979,0.056686748248759,0.2202470852719904,Very High,Very High
CMP0478,Instagram Ads,36967.11,3088,34498,05/22/2025,8.951243550350744,11.971214378238342,1071.5725549307206,0.0835337141583423,0.7477306200967049,Very High,Very High
CMP1330,Facebook Ads,10017.03,909,17534,09/14/2025,5.184213528002737,11.01983498349835,571.2917759780997,0.0907454604808011,0.4704438438294073,Very High,High
CMP6844,LinkedIn Ads,110995.01,6219,62359,01/21/2025,9.97289885982777,17.847726322559897,1779.935694927757,0.056029545832736,0.5587769937519615,Very High,Very High
CMP9345,YouTube Ads,26620.14,3015,53605,2025-05-06,5.624475328793956,8.829233830845771,496.59807853744985,0.1132601105779308,0.6370286976820474,Very High,Very High
CMP7070,LinkedIn Ads,17058.32,1304,27735,2025-07-04,4.701640526410673,13.081533742331288,615.0466919055345,0.0764436357155921,0.3594104956666024,Very High,Very High
CMP9905,LinkedIn Ads,11106.51,1908,23925,03/28/2025,7.974921630094044,5.8210220125786165,464.2219435736677,0.17179113871054,1.3700208679611718,Very High,Very High
CMP4842,Facebook Ads,15211.9,936,35518,2025-07-12,2.635283518216116,16.252029914529913,428.2870657131595,0.0615307752483253,0.1621510378749718,Very High,High
CMP2479,Google Ads,147397.07,8482,91021,11/22/2025,9.31872864503796,17.377631454845556,1619.3743202118194,0.0575452415709484,0.5362484910128266,Very High,Very High
CMP1608,Email Marketing,34183.79,6727,83628,2025-03-05,8.04395656957,5.081580199197265,408.7601042712967,0.1967891799007658,1.5829636164830578,Very High,Very High
CMP6231,Instagram Ads,10733.4,873,30914,2025-03-05,2.8239632528951284,12.29484536082474,347.2019149899722,0.0813348985410028,0.2296867646577456,Very High,High
CMP0944,Instagram Ads,12756.1,1982,71681,05/14/2025,2.765028389670903,6.435973763874874,177.95650172291124,0.1553766433314257,0.4296208299031624,Very High,Very High
CMP5994,Email Marketing,39750.23,4141,71337,2025-11-07,5.804841807196826,9.599186186911377,557.2175729284944,0.1041754978524652,0.6047222852195334,Very High,Very High
CMP9236,Email Marketing,17366.38,2095,37201,08/21/2025,5.631569043842907,8.289441527446302,466.82562296712456,0.1206353886071823,0.6793665200721676,Very High,Very High
CMP5497,Facebook Ads,20432.62,2015,49250,10/16/2025,4.091370558375634,10.140258064516129,414.87553299492384,0.0986168195757568,0.4034779521728933,Very High,Very High
CMP8238,LinkedIn Ads,3020.08,491,10333,05/24/2025,4.751766186006001,6.150875763747454,292.2752346849898,0.1625784747423909,0.7725348988533238,Medium,Medium
CMP8774,Email Marketing,1628.9,196,3038,11/13/2025,6.451612903225806,8.310714285714287,536.1751152073732,0.1203266007735281,0.7763006501517944,Medium,Medium
CMP6539,YouTube Ads,11563.87,711,20690,2025-10-07,3.436442725954567,16.264233473980312,558.9110681488643,0.0614846067968595,0.2112883297852446,Very High,High
CMP1849,Facebook Ads,4999.02,282,3775,05/22/2025,7.47019867549669,17.727021276595746,1324.2437086092716,0.0564110565670871,0.4214018000508232,Medium,Medium
CMP4354,Facebook Ads,19827.66,1053,52437,05/27/2025,2.0081240345557525,18.82968660968661,378.12346244064304,0.0531076284342176,0.1066467050770089,Very High,Very High
CMP4061,Facebook Ads,7790.76,1003,56454,2025-12-06,1.7766677294788678,7.767457627118644,138.00191306196197,0.1287422536440604,0.2287322074697852,High,Very High
CMP6761,Facebook Ads,48748.88,7552,88217,12/15/2025,8.560708253511228,6.4550953389830505,552.6018794563405,0.1549163796173368,1.3261939295942142,Very High,Very High
CMP8122,YouTube Ads,7070.93,1418,48696,2025-03-03,2.911943486117956,4.986551480959098,145.20556103170694,0.200539391565183,0.5839593749782931,High,Very High
CMP9126,Instagram Ads,8198.32,1331,43724,2025-03-12,3.0440947763242154,6.159519158527423,187.50160095142252,0.1623503351906244,0.4942098072882652,High,Very High
CMP7548,Instagram Ads,50517.76,3507,37003,12/14/2025,9.477609923519717,14.404836042201312,1365.234170202416,0.0694211303113993,0.6579463935412742,Very High,Very High
CMP2681,Email Marketing,6774.99,464,90697,07/30/2025,0.5115935477468936,14.601271551724135,74.6991631476234,0.068487185958946,0.0350376024399384,High,Medium
CMP2164,YouTube Ads,48052.28,3329,58357,07/28/2025,5.704542728378772,14.434448783418445,823.419298456055,0.0692787106043667,0.3952033648095976,Very High,Very High
CMP1015,Email Marketing,10239.73,694,8113,03/20/2025,8.554172316035991,14.75465417867435,1262.138543079009,0.0677752245420533,0.579760949490756,Very High,High
CMP5333,Email Marketing,107324.19,5442,70045,01/19/2025,7.769291169962167,19.72146085997795,1532.2177171818116,0.0507061828279346,0.3939510985075602,Very High,Very High
CMP2098,Google Ads,12759.77,1576,42525,2025-06-12,3.7060552616108176,8.09630076142132,300.0533803644915,0.1235131981219097,0.4577467377780829,Very High,Very High
CMP9399,Email Marketing,30181.58,1625,18176,07/23/2025,8.940360915492958,18.57328,1660.5182658450706,0.0538407863339162,0.4813560617991522,Very High,Very High
CMP0575,Facebook Ads,4147.99,455,17941,06/27/2025,2.536090518923137,9.116461538461538,231.20171673819743,0.109691681995376,0.2781880347132051,Medium,Medium
CMP0439,YouTube Ads,39039.9,3105,86525,11/20/2025,3.5885582201675814,12.573236714975843,451.1979196763941,0.079534015199834,0.2854124440282977,Very High,Very High
CMP5772,Email Marketing,65251.54,3543,91507,03/17/2025,3.871834941589168,18.417030764888512,713.0770323581802,0.0542975690688679,0.2102312251641941,Very High,Very High
CMP3717,Email Marketing,57389.82,3164,82733,2025-05-11,3.824350621880024,18.13837547408344,693.6750752420436,0.0551317289372923,0.2108430618466549,Very High,Very High
CMP3639,Instagram Ads,3743.9,579,31556,2025-07-08,1.8348333122068703,6.4661485319516405,118.64304728102422,0.1546515665482518,0.2837598460877101,Medium,High
CMP0803,YouTube Ads,4843.51,423,62177,07/19/2025,0.6803158724287116,11.450378250591015,77.89874069189571,0.0873333594851667,0.0594142706502815,Medium,Medium
CMP3276,LinkedIn Ads,414.92,151,7056,2025-05-03,2.140022675736961,2.747814569536424,58.80385487528345,0.3639255760146534,0.7788089849519935,Low,Medium
CMP9071,Facebook Ads,68926.23,5602,75174,2025-04-04,7.4520445898848,12.303861121028204,916.8892170165216,0.0812752996935999,0.6056671573729574,Very High,Very High
CMP4295,YouTube Ads,30942.95,3242,35852,04/13/2025,9.042731228383351,9.54440160394818,863.0745844025438,0.1047734621294996,0.9474382579042666,Very High,Very High
CMP3551,Email Marketing,12073.93,630,22023,12/31/2025,2.860645688598284,19.16496825396825,548.2418380783727,0.0521785367316192,0.1492643061386739,Very High,High
