Conversion_id,User_id,Revenue,Conversion_date,Revenue_Log,Revenue_Rank,High_Value_Conversion,Revenue_Category
CONV00001,U1680,41243.46,12/31/2025,10.627272079713064,926.0,1,Very High
CONV00002,U9864,53914.46,02-05-2025,10.895172543228213,563.0,1,Very High
CONV00003,U2616,21381.94,12/30/2025,9.97034868681834,1432.0,0,Very High
CONV00004,U9892,34862.3,05/19/2025,10.459189978965396,1083.0,0,Very High
CONV00005,U5926,5914.47,11/13/2025,8.685326232258324,1862.0,0,Very High
CONV00006,U4555,27838.78,09-01-2025,10.234221212118282,1273.0,0,Very High
CONV00007,U1170,40409.88,11/15/2025,10.606854334623332,943.0,1,Very High
CONV00008,U9126,63331.76,05/17/2025,11.05615800980196,281.0,1,Very High
CONV00009,U3457,16537.52,11-02-2025,9.713447484525737,1578.0,0,Very High
CONV00010,U9198,44155.52,10/31/2025,10.695495873497926,826.0,1,Very High
CONV00011,U8349,4248.39,09/13/2025,8.354530722205366,1909.0,0,Very High
CONV00012,U6253,19417.5,11/19/2025,9.873981498903351,1489.0,0,Very High
CONV00013,U4372,22542.39,11/30/2025,10.02319717557508,1400.0,0,Very High
CONV00014,U8318,63243.94,03-12-2025,11.054770403389597,284.0,1,Very High
CONV00015,U8690,37028.97,01-04-2025,10.519482863753401,1030.0,0,Very High
CONV00016,U1291,61339.73,03-09-2025,11.024199338477766,345.0,1,Very High
CONV00017,U2706,45789.6,06/15/2025,10.731834108862957,785.0,1,Very High
CONV00018,U6119,9734.56,08/20/2025,9.183540440548343,1762.0,0,Very High
CONV00019,U3609,47609.4,01-11-2025,10.770806503749574,744.0,1,Very High
CONV00020,U7954,54458.92,05/18/2025,10.905220297258621,552.0,1,Very High
CONV00021,U3120,32755.54,03-03-2025,10.396857915783563,1146.0,0,Very High
CONV00022,U1613,25943.22,02/28/2025,10.163704127753853,1318.0,0,Very High
CONV00023,U6913,19298.13,05-03-2025,9.867815296156738,1493.0,0,Very High
CONV00024,U0242,30926.25,03-04-2025,10.339392951283411,1197.0,0,Very High
CONV00025,U4346,52471.92,09/13/2025,10.86805250598041,606.0,1,Very High
CONV00026,U3567,41007.99,02/22/2025,10.62154658994335,930.0,1,Very High
CONV00027,U2580,63962.19,02-01-2025,11.066063040626004,263.0,1,Very High
CONV00028,U4034,46739.07,11-06-2025,10.752357105738282,760.0,1,Very High
CONV00029,U5148,10467.7,05/23/2025,9.256145131876668,1741.0,0,Very High
CONV00030,U9225,16576.71,03-01-2025,9.71581430093537,1577.0,0,Very High
CONV00031,U7180,46167.08,10/31/2025,10.740043929191241,773.0,1,Very High
CONV00032,U2201,8697.42,06-02-2025,9.070896678954327,1785.0,0,Very High
CONV00033,U3336,20350.8,01-02-2026,9.920924639047538,1467.0,0,Very High
CONV00034,U0723,10463.36,01-10-2025,9.255730476774913,1742.0,0,Very High
CONV00035,U0159,52058.2,03-03-2025,10.86013681154612,617.0,1,Very High
CONV00036,U2089,67499.37,02/16/2025,11.11988835832708,186.0,1,Very High
CONV00037,U5795,56398.71,11-12-2025,10.940219295628959,490.0,1,Very High
CONV00038,U6746,19176.42,12/14/2025,9.861488824269543,1499.0,0,Very High
CONV00039,U5729,2507.08,06-12-2025,7.827272799170718,1954.0,0,Very High
CONV00040,U5754,51204.23,12/21/2025,10.843596954248303,649.0,1,Very High
CONV00041,U2926,8798.9,11-07-2025,9.082495636765367,1782.0,0,Very High
CONV00042,U1895,19663.14,08-08-2025,9.88655195138991,1484.0,0,Very High
CONV00043,U3229,71203.94,08-04-2025,11.173317477015718,90.0,1,Very High
CONV00044,U8309,24969.07,06/30/2025,10.125433186633927,1342.0,0,Very High
CONV00045,U2852,30901.08,12-08-2025,10.338578774536215,1199.0,0,Very High
CONV00046,U9940,33552.62,12/23/2025,10.420900035237905,1124.0,0,Very High
CONV00047,U4650,46730.12,09/23/2025,10.752165602879971,761.0,1,Very High
CONV00048,U0401,46137.09,02/17/2025,10.739394135118857,775.0,1,Very High
CONV00049,U6292,11707.17,10-03-2025,9.368042167692696,1709.0,0,Very High
CONV00050,U8487,19252.96,09/22/2025,9.865472032845362,1495.0,0,Very High
CONV00051,U9158,66938.37,11/20/2025,11.111542563307824,200.0,1,Very High
CONV00052,U7374,48096.36,06-06-2025,10.780982568932695,730.0,1,Very High
CONV00053,U4682,24488.43,05/18/2025,10.105996874869307,1356.0,0,Very High
CONV00054,U3506,25317.94,02/16/2025,10.139308011242765,1334.0,0,Very High
CONV00055,U0321,1187.79,11-02-2025,7.080691262084239,1988.0,0,Very High
CONV00056,U9884,21015.45,05-08-2025,9.953060743393465,1448.0,0,Very High
CONV00057,U2092,68089.47,12-03-2025,11.128592541082062,169.0,1,Very High
CONV00058,U7565,28898.46,04-10-2025,10.271578188804847,1249.0,0,Very High
CONV00059,U4134,56365.05,02-12-2025,10.939622305886688,491.0,1,Very High
CONV00060,U0660,63062.74,02-04-2025,11.051901239935356,295.0,1,Very High
CONV00061,U3572,57692.19,09-01-2025,10.962894421267348,453.0,1,Very High
CONV00062,U5097,69719.87,03/15/2025,11.152254978041471,130.0,1,Very High
CONV00063,U3979,23142.51,03/15/2025,10.04946967463786,1384.0,0,Very High
CONV00064,U7019,38317.59,12/15/2025,10.55369043600073,1004.0,0,Very High
CONV00065,U7533,13828.17,01/14/2026,9.534535408396549,1656.0,0,Very High
CONV00066,U9708,18978.02,06/16/2025,9.851089437532666,1507.0,0,Very High
CONV00067,U6210,63933.26,06/27/2025,11.065610646923183,264.0,1,Very High
CONV00068,U4527,71143.65,10/14/2025,11.172470407437155,93.0,1,Very High
CONV00069,U7801,34026.96,11/27/2025,10.434937818592557,1109.0,0,Very High
CONV00070,U9529,40170.96,07/21/2025,10.600924518794322,947.0,1,Very High
CONV00071,U3778,24179.43,03/26/2025,10.09329890730264,1361.0,0,Very High
CONV00072,U4531,21762.66,11-01-2025,9.987996885355503,1423.0,0,Very High
CONV00073,U8752,73091.4,03/23/2025,11.199479673164646,46.0,1,Very High
CONV00074,U1681,35602.73,01/21/2025,10.480205686632475,1062.0,0,Very High
CONV00075,U1870,6250.6,02/23/2025,8.74059270996804,1851.0,0,Very High
CONV00076,U1941,45012.42,11-01-2025,10.714715946515271,805.0,1,Very High
CONV00077,U9643,46861.27,08/27/2025,10.754968153056662,757.0,1,Very High
CONV00078,U2574,6323.56,05-03-2025,8.752195745958558,1848.0,0,Very High
CONV00079,U4721,64575.8,12/30/2025,11.075610492140013,251.0,1,Very High
CONV00080,U3684,20473.22,12-02-2025,9.926921812757532,1461.0,0,Very High
CONV00081,U4729,51884.34,09-04-2025,10.856791562971555,622.0,1,Very High
CONV00082,U9799,24682.38,01/29/2025,10.113885421640498,1350.0,0,Very High
CONV00083,U9620,20761.2,01-12-2025,9.94088930469013,1452.0,0,Very High
CONV00084,U2974,61207.68,10/29/2025,11.022044288508845,350.0,1,Very High
CONV00085,U2635,37538.58,07-09-2025,10.53315112201185,1020.0,0,Very High
CONV00086,U5297,38958.76,03-01-2025,10.570284597573227,982.0,1,Very High
CONV00087,U8168,4582.17,11/25/2025,8.43014617742798,1899.0,0,Very High
CONV00088,U1990,60099.04,02-06-2025,11.003765786080482,376.0,1,Very High
CONV00089,U3682,48842.44,03-04-2025,10.796375359814713,706.0,1,Very High
CONV00090,U7906,41681.43,09-11-2025,10.637834976071362,913.0,1,Very High
CONV00091,U4527,59238.02,08-09-2025,10.989335725368464,394.0,1,Very High
CONV00092,U8023,36712.35,03/28/2025,10.510895728115937,1036.0,0,Very High
CONV00093,U3913,64308.96,11-02-2025,11.071469797141466,259.0,1,Very High
CONV00094,U6326,37528.16,12-07-2025,10.53287350978426,1022.0,0,Very High
CONV00095,U1634,54391.46,10-10-2025,10.903980820296582,555.0,1,Very High
CONV00096,U6513,25146.0,12/20/2025,10.132493884118713,1338.0,0,Very High
CONV00097,U1122,69128.98,05-08-2025,11.143743779629274,150.0,1,Very High
CONV00098,U7270,67829.24,03/28/2025,11.124763392191275,175.0,1,Very High
CONV00099,U4001,51373.68,10-04-2025,10.846900723068675,644.0,1,Very High
CONV00100,U8154,34990.38,11-03-2025,10.462857024423958,1078.0,0,Very High
CONV00101,U4713,6234.24,01-12-2026,8.73797234975504,1853.0,0,Very High
CONV00102,U4098,74953.48,09/18/2025,11.22463627492652,2.0,1,Very High
CONV00103,U4848,73362.38,01/15/2026,11.203180180023818,39.0,1,Very High
CONV00104,U4690,26909.84,05/18/2025,10.20028445839542,1291.0,0,Very High
CONV00105,U2241,47338.77,11/19/2025,10.765106024585535,750.0,1,Very High
CONV00106,U4836,13791.27,06/21/2025,9.53186356927798,1658.0,0,Very High
CONV00107,U4211,65376.98,09/29/2025,11.087940783502338,239.0,1,Very High
CONV00108,U6512,59458.14,10/13/2025,10.993044632942613,390.0,1,Very High
CONV00109,U4296,48162.28,11-07-2025,10.782352183975865,726.0,1,Very High
CONV00110,U5375,5443.86,12-05-2025,8.602427323374435,1879.0,0,Very High
CONV00111,U0610,7966.5,07-03-2025,8.983126046291492,1808.0,0,Very High
CONV00112,U8851,54699.99,08/31/2025,10.909637086966585,546.0,1,Very High
CONV00113,U0537,33671.19,01/19/2026,10.424427553104955,1119.0,0,Very High
CONV00114,U5877,14843.28,02-04-2025,9.605369884842792,1629.0,0,Very High
CONV00115,U0350,74169.94,02/20/2025,11.214127708238,16.0,1,Very High
CONV00116,U5384,21337.65,03/21/2025,9.968275261373865,1434.0,0,Very High
CONV00117,U0423,59406.36,03/16/2025,10.992173403398962,391.0,1,Very High
CONV00118,U6898,5469.18,10-11-2025,8.60706680163878,1875.0,0,Very High
CONV00119,U0711,34759.65,01-03-2026,10.456241278859268,1086.0,0,Very High
CONV00120,U8033,67520.55,01-10-2026,11.120202085167488,185.0,1,Very High
CONV00121,U9591,29032.16,10/27/2025,10.276193904005408,1238.0,0,Very High
CONV00122,U1875,57845.49,12/25/2025,10.965548056623769,446.0,1,Very High
CONV00123,U6533,23956.71,08-11-2025,10.08404547170178,1368.0,0,Very High
CONV00124,U1528,55605.6,09-04-2025,10.92605717822976,515.0,1,Very High
CONV00125,U5401,27004.65,12/31/2025,10.20380138235406,1290.0,0,Very High
CONV00126,U1698,12238.71,11-07-2025,9.412440862975181,1697.0,0,Very High
CONV00127,U9407,42401.7,05/20/2025,10.654967318437896,889.0,1,Very High
CONV00128,U4382,52925.38,01/24/2025,10.876657170297044,590.0,1,Very High
CONV00129,U6567,47763.02,02-05-2025,10.774027915378587,740.0,1,Very High
CONV00130,U5586,54328.5,04/15/2025,10.90282263648463,557.0,1,Very High
CONV00131,U0816,33651.14,12/25/2025,10.42383192889027,1120.0,0,Very High
CONV00132,U1865,21781.05,07/17/2025,9.988841515106325,1422.0,0,Very High
CONV00133,U6476,15928.41,12-03-2025,9.675922365181169,1595.0,0,Very High
CONV00134,U8150,28980.4,08/31/2025,10.274409523886566,1242.0,0,Very High
CONV00135,U1181,33139.3,08-06-2025,10.408505343444107,1135.0,0,Very High
CONV00136,U6844,2298.6,06-08-2025,7.740490473749136,1959.0,0,Very High
CONV00137,U7156,44473.7,03-12-2025,10.702675767148722,818.0,1,Very High
CONV00138,U1252,40147.41,09/25/2025,10.600338117096351,949.0,1,Very High
CONV00139,U4194,12100.58,05-06-2025,9.401091301572597,1703.0,0,Very High
CONV00140,U9495,66242.07,09-07-2025,11.101086134603527,221.0,1,Very High
CONV00141,U7246,21144.52,11/21/2025,9.95918334170636,1444.0,0,Very High
CONV00142,U0933,48616.48,08-04-2025,10.791738416004447,718.0,1,Very High
CONV00143,U9082,60878.84,02-11-2025,11.01665736441122,360.0,1,Very High
CONV00144,U7382,7011.44,03/14/2025,8.855440993644615,1835.0,0,Very High
CONV00145,U8587,27769.43,10/24/2025,10.231727064516578,1274.0,0,Very High
CONV00146,U5483,42178.77,02/15/2025,10.649696001196656,897.0,1,Very High
CONV00147,U2318,52612.14,07-11-2025,10.870721177414438,602.0,1,Very High
CONV00148,U5382,62300.2,03/30/2025,11.03973596622728,312.0,1,Very High
CONV00149,U5941,26123.62,07-02-2025,10.17063344370678,1313.0,0,Very High
CONV00150,U1658,55594.32,10-03-2025,10.925854304034086,516.0,1,Very High
CONV00151,U2659,47136.98,05-01-2025,10.760834324490105,754.0,1,Very High
CONV00152,U3892,56615.04,09-10-2025,10.944047616269431,482.0,1,Very High
CONV00153,U3179,73844.66,07/22/2025,11.20973251846012,24.0,1,Very High
CONV00154,U3272,19312.74,11/26/2025,9.868572038698654,1491.0,0,Very High
CONV00155,U2043,12653.19,06-09-2025,9.44574366460912,1685.0,0,Very High
CONV00156,U7392,4704.33,07/14/2025,8.456451187710819,1896.0,0,Very High
CONV00157,U5222,25645.3,02/24/2025,10.152154590681283,1329.0,0,Very High
CONV00158,U2274,46439.61,01/25/2026,10.745929570953813,768.0,1,Very High
CONV00159,U9976,58380.82,10-05-2025,10.974759818982125,426.0,1,Very High
CONV00160,U7490,67957.16,02/21/2025,11.126647500669488,173.0,1,Very High
CONV00161,U7033,18611.9,01/14/2025,9.83161016769485,1519.0,0,Very High
CONV00162,U1109,59141.12,10/13/2025,10.987698639906348,399.0,1,Very High
CONV00163,U6117,27264.22,05-12-2025,10.213367176280478,1286.0,0,Very High
CONV00164,U2186,25887.14,02-12-2025,10.161540227754596,1319.0,0,Very High
CONV00165,U2210,70812.67,02-03-2025,11.167807340140486,103.0,1,Very High
CONV00166,U5081,41070.03,09/29/2025,10.623058285769316,929.0,1,Very High
CONV00167,U5439,28075.43,06/17/2025,10.242685713305049,1265.0,0,Very High
CONV00168,U8130,69380.06,01-06-2026,11.14736919858518,143.0,1,Very High
CONV00169,U2957,8367.9,10/17/2025,9.032277733102601,1798.0,0,Very High
CONV00170,U7273,54715.96,07/28/2025,10.909928995197609,544.0,1,Very High
CONV00171,U1230,27725.85,01-04-2026,10.230156536773318,1278.0,0,Very High
CONV00172,U0571,58554.76,03/17/2025,10.977734741642285,419.0,1,Very High
CONV00173,U7372,57409.02,07/27/2025,10.957974131532985,458.0,1,Very High
CONV00174,U4090,14564.07,03/16/2025,9.586381475423867,1636.0,0,Very High
CONV00175,U7312,52278.06,05-05-2025,10.8643511874694,611.0,1,Very High
CONV00176,U7293,74003.17,03-07-2025,11.21187672194998,23.0,1,Very High
CONV00177,U2581,52741.27,01-05-2026,10.873172500315876,599.0,1,Very High
CONV00178,U3879,41886.09,09/21/2025,10.642732943874714,905.0,1,Very High
CONV00179,U5068,36290.88,08-05-2025,10.49934930377022,1044.0,0,Very High
CONV00180,U1216,39163.98,08/23/2025,10.575538259141181,978.0,1,Very High
CONV00181,U7089,9968.97,09/19/2025,9.207332853924276,1759.0,0,Very High
CONV00182,U5670,6605.36,09/29/2025,8.795788100378694,1845.0,0,Very High
CONV00183,U1531,44691.78,10-03-2025,10.7075672463029,812.0,1,Very High
CONV00184,U0675,71179.6,02-08-2025,11.172975588362739,92.0,1,Very High
CONV00185,U0497,22258.12,10-12-2025,10.010507091253844,1408.0,0,Very High
CONV00186,U4874,5198.55,09-04-2025,8.556327362363312,1887.0,0,Very High
CONV00187,U5122,26393.76,06/25/2025,10.180920784585199,1302.0,0,Very High
CONV00188,U7643,19157.97,03-07-2025,9.860526292251038,1500.0,0,Very High
CONV00189,U5365,14845.19,10/28/2025,9.605498545655681,1628.0,0,Very High
CONV00190,U0380,34699.38,02/23/2025,10.454505916883635,1088.0,0,Very High
CONV00191,U9790,21966.81,12-01-2025,9.997333479026432,1417.0,0,Very High
CONV00192,U6607,4548.46,07/24/2025,8.42276382358313,1901.0,0,Very High
CONV00193,U7379,74189.98,10/30/2025,11.214397858423732,15.0,1,Very High
CONV00194,U9140,45482.88,07/19/2025,10.725113256450745,797.0,1,Very High
CONV00195,U7762,45764.85,10-09-2025,10.731293458791818,786.0,1,Very High
CONV00196,U4903,62250.48,11/17/2025,11.038937589144732,314.0,1,Very High
CONV00197,U6036,73507.42,07-07-2025,11.205155236462812,34.0,1,Very High
CONV00198,U9478,4563.12,11-07-2025,8.425981003361997,1900.0,0,Very High
CONV00199,U3969,8909.74,01/17/2025,9.095012569765887,1779.0,0,Very High
CONV00200,U6724,35766.7,10-11-2025,10.48480053049327,1057.0,0,Very High
CONV00201,U7838,71783.9,10-11-2025,11.181429426512137,79.0,1,Very High
CONV00202,U4332,71832.3,11/17/2025,11.182103435820599,75.0,1,Very High
CONV00203,U3397,24290.28,12/31/2025,10.097872717190757,1358.0,0,Very High
CONV00204,U8900,26376.25,08-07-2025,10.180257175196715,1306.0,0,Very High
CONV00205,U5675,56239.89,08/21/2025,10.937399351394895,492.0,1,Very High
CONV00206,U1790,18516.69,11/13/2025,9.826481770399136,1522.0,0,Very High
CONV00207,U5412,57979.38,08/30/2025,10.967859956438302,443.0,1,Very High
CONV00208,U7823,72320.61,12-10-2025,11.188878256986401,62.0,1,Very High
CONV00209,U3805,63887.24,10-02-2025,11.064890585869952,265.0,1,Very High
CONV00210,U8117,69508.46,05-04-2025,11.149218137397977,135.0,1,Very High
CONV00211,U4663,39680.66,09/18/2025,10.588644395201182,964.0,1,Very High
CONV00212,U5418,48885.18,04/16/2025,10.797250017932175,702.0,1,Very High
CONV00213,U3165,48175.4,04-12-2025,10.782624553576452,725.0,1,Very High
CONV00214,U3028,70235.04,03/13/2025,11.159616848587573,116.0,1,Very High
CONV00215,U4948,1599.1,11/15/2025,7.377821406274829,1976.0,0,Very High
CONV00216,U5027,38062.14,04/20/2025,10.54700163876081,1009.0,0,Very High
CONV00217,U6022,71834.02,11/26/2025,11.182127379860594,74.0,1,Very High
CONV00218,U7715,16967.07,10-10-2025,9.73908862164855,1568.0,0,Very High
CONV00219,U1280,62286.48,11/13/2025,11.039515721497896,313.0,1,Very High
CONV00220,U8526,16001.06,09-02-2025,9.680472742934349,1592.0,0,Very High
CONV00221,U2162,42620.4,10-07-2025,10.660111753541079,884.0,1,Very High
CONV00222,U3571,32209.53,11/15/2025,10.380048696707101,1169.0,0,Very High
CONV00223,U0520,57846.18,06/20/2025,10.965559984674801,445.0,1,Very High
CONV00224,U6155,65685.62,02/15/2025,11.092650530764583,231.0,1,Very High
CONV00225,U3649,35128.03,01/25/2025,10.466783133150795,1075.0,0,Very High
CONV00226,U7547,14744.67,07/25/2025,9.59870475934896,1632.0,0,Very High
CONV00227,U3944,44850.36,04/30/2025,10.711109190327088,808.0,1,Very High
CONV00228,U6591,16882.24,09-09-2025,9.734076692859185,1571.0,0,Very High
CONV00229,U5225,50685.5,11-02-2025,10.833414881933193,659.0,1,Very High
CONV00230,U6776,42086.32,06/21/2025,10.647501786655907,901.0,1,Very High
CONV00231,U5643,59096.0,12-06-2025,10.986935440684466,403.0,1,Very High
CONV00232,U7759,64422.44,05-08-2025,11.073232821024837,256.0,1,Very High
CONV00233,U8684,19683.42,03/20/2025,9.887582738884836,1483.0,0,Very High
CONV00234,U0845,45668.98,05/19/2025,10.72919646825471,792.0,1,Very High
CONV00235,U7855,71808.72,04/17/2025,11.181775121918374,77.0,1,Very High
CONV00236,U3975,15935.1,01/21/2026,9.676342254905093,1593.0,0,Very High
CONV00237,U5887,38826.63,06/22/2025,10.566887385580985,984.0,1,Very High
CONV00238,U3329,4144.36,08-05-2025,8.32974491542648,1911.0,0,Very High
CONV00239,U9489,15317.24,08-09-2025,9.636799554188554,1611.0,0,Very High
CONV00240,U5531,48395.82,05/27/2025,10.787189388066881,721.0,1,Very High
CONV00241,U8001,71824.84,04/21/2025,11.181999578871341,76.0,1,Very High
CONV00242,U2253,53257.34,11/19/2025,10.882909691026393,582.0,1,Very High
CONV00243,U7917,1240.96,12/21/2025,7.124446055855633,1987.0,0,Very High
CONV00244,U4698,52566.03,01/22/2025,10.869844396117092,603.0,1,Very High
CONV00245,U8626,59774.02,05-12-2025,10.998343126914508,382.0,1,Very High
CONV00246,U3701,63704.13,06/23/2025,11.062020372069549,269.0,1,Very High
CONV00247,U0920,13475.24,12-08-2025,9.50868341380686,1665.0,0,Very High
CONV00248,U3765,42833.73,04/27/2025,10.665104501121597,873.0,1,Very High
CONV00249,U0540,72139.08,04/20/2025,11.186365063411726,65.0,1,Very High
CONV00250,U3940,67317.04,10/28/2025,11.117183533204729,193.0,1,Very High
CONV00251,U8205,33203.8,07/23/2025,10.410449722767396,1133.0,0,Very High
CONV00252,U6500,21044.54,07-01-2025,9.954443940176974,1446.0,0,Very High
CONV00253,U3044,28970.4,01-08-2026,10.274064415450072,1244.0,0,Very High
CONV00254,U6226,55669.41,01-10-2026,10.927204045978886,512.0,1,Very High
CONV00255,U5897,7231.82,06-01-2025,8.886384280600176,1827.0,0,Very High
CONV00256,U1469,45071.66,07/26/2025,10.71603113324643,803.0,1,Very High
CONV00257,U9168,13341.53,05/17/2025,9.49871195665976,1670.0,0,Very High
CONV00258,U1037,32016.86,04-11-2025,10.374049151088034,1174.0,0,Very High
CONV00259,U9729,8692.7,11/21/2025,9.070353904397127,1786.0,0,Very High
CONV00260,U7213,61897.48,07-11-2025,11.033250902636134,328.0,1,Very High
CONV00261,U3291,72369.66,10-03-2025,11.189556247619612,61.0,1,Very High
CONV00262,U5340,59100.58,07/23/2025,10.987012937385394,402.0,1,Very High
CONV00263,U9013,70765.89,01/20/2025,11.167146514929703,105.0,1,Very High
CONV00264,U8181,18720.07,04-03-2025,9.837404906517778,1516.0,0,Very High
CONV00265,U7852,38366.0,11/24/2025,10.554952994101429,1002.0,0,Very High
CONV00266,U9730,57844.84,12/14/2025,10.965536819923807,447.0,1,Very High
CONV00267,U6548,1533.16,06/27/2025,7.33573827896526,1977.0,0,Very High
CONV00268,U9425,29791.71,05/18/2025,10.302019011694,1220.0,0,Very High
CONV00269,U7910,69100.65,02/25/2025,11.143333887907724,152.0,1,Very High
CONV00270,U3390,36105.07,10-08-2025,10.494216274230668,1049.0,0,Very High
CONV00271,U1886,8870.17,02-06-2025,9.090561971903647,1780.0,0,Very High
CONV00272,U5423,17965.28,10/26/2025,9.796251946661584,1539.0,0,Very High
CONV00273,U3233,29621.06,09-10-2025,10.296274633006439,1226.0,0,Very High
CONV00274,U9460,27910.12,02/28/2025,10.236780454711248,1269.0,0,Very High
CONV00275,U5135,29896.4,11-05-2025,10.305526799076102,1217.0,0,Very High
CONV00276,U4874,50654.18,11/21/2025,10.832796774931271,660.0,1,Very High
CONV00277,U2317,45034.62,10-07-2025,10.715209011193135,804.0,1,Very High
CONV00278,U2839,22195.98,10/17/2025,10.007711522570593,1411.0,0,Very High
CONV00279,U7940,29257.86,03/28/2025,10.283937712776153,1231.0,0,Very High
CONV00280,U7273,42730.78,10-03-2025,10.662698184685961,878.0,1,Very High
CONV00281,U2756,58111.66,09-07-2025,10.970138819275325,434.0,1,Very High
CONV00282,U6011,54134.28,10/22/2025,10.899241377986172,560.0,1,Very High
CONV00283,U0529,64768.32,08/21/2025,11.078587313434188,247.0,1,Very High
CONV00284,U5745,32541.4,01/18/2026,10.390299133431231,1154.0,0,Very High
CONV00285,U4606,24781.28,11/24/2025,10.117884160635732,1345.0,0,Very High
CONV00286,U1561,5151.98,03/19/2025,8.547330467086459,1888.0,0,Very High
CONV00287,U4056,11306.25,01-02-2026,9.33319939188804,1718.0,0,Very High
CONV00288,U1526,21408.26,08/24/2025,9.971578817698221,1430.0,0,Very High
CONV00289,U7512,27348.04,11/24/2025,10.216436706685643,1284.0,0,Very High
CONV00290,U4400,41387.8,06/19/2025,10.630765591812219,921.0,1,Very High
CONV00291,U7530,64430.62,01/23/2025,11.073359785383255,255.0,1,Very High
CONV00292,U4946,49353.15,03/31/2025,10.806777134537745,691.0,1,Very High
CONV00293,U5006,49419.78,01/16/2026,10.80812626250182,687.0,1,Very High
CONV00294,U3706,1439.55,10/15/2025,7.272780264092279,1979.0,0,Very High
CONV00295,U3752,60592.29,07/19/2025,11.011939439854215,368.0,1,Very High
CONV00296,U2341,1379.25,02/25/2025,7.230019921164154,1982.0,0,Very High
CONV00297,U6746,64602.21,11/14/2025,11.076019378938643,249.0,1,Very High
CONV00298,U7036,21314.85,06/13/2025,9.967206206424377,1436.0,0,Very High
CONV00299,U0440,39192.87,12/20/2025,10.57627563599929,977.0,1,Very High
CONV00300,U8109,37844.01,08-05-2025,10.541254413978931,1015.0,0,Very High
CONV00301,U6338,41316.94,10/24/2025,10.629052067198915,923.0,1,Very High
CONV00302,U3535,30299.64,01/30/2025,10.318924113386602,1207.0,0,Very High
CONV00303,U8809,6957.09,11/14/2025,8.847660290379599,1836.0,0,Very High
CONV00304,U1084,54949.41,07-05-2025,10.914186421132412,534.0,1,Very High
CONV00305,U7429,23714.79,12-03-2025,10.073896350006473,1375.0,0,Very High
CONV00306,U8134,58886.79,07/20/2025,10.98338904764062,412.0,1,Very High
CONV00307,U1935,32627.36,02-01-2025,10.39293712782779,1151.0,0,Very High
CONV00308,U7458,37846.05,10-07-2025,10.541308316594357,1014.0,0,Very High
CONV00309,U1890,940.71,05/24/2025,6.847697371552765,1995.0,0,High
CONV00310,U2933,68610.62,02-11-2025,11.136217187124593,160.0,1,Very High
CONV00311,U4445,9615.53,03-02-2025,9.171238771728678,1765.0,0,Very High
CONV00312,U1130,63479.85,09-06-2025,11.058493564594809,277.0,1,Very High
CONV00313,U9238,18761.86,06/16/2025,9.839634662966173,1515.0,0,Very High
CONV00314,U2467,18050.08,01/15/2025,9.800960795766072,1536.0,0,Very High
CONV00315,U1704,31921.32,05/16/2025,10.37106073062682,1175.0,0,Very High
CONV00316,U8516,28407.52,08/23/2025,10.254444379158295,1260.0,0,Very High
CONV00317,U1227,33047.48,11/30/2025,10.405730853299373,1137.0,0,Very High
CONV00318,U5346,18095.64,07-12-2025,9.803481564662425,1535.0,0,Very High
CONV00319,U7366,9714.7,09-07-2025,9.181498412741286,1763.0,0,Very High
CONV00320,U1482,62109.21,04/13/2025,11.036665666645684,318.0,1,Very High
CONV00321,U4067,4384.59,07-11-2025,8.38607944535621,1905.0,0,Very High
CONV00322,U9014,8316.62,06-02-2025,9.026131435200641,1799.0,0,Very High
CONV00323,U2142,51706.68,05-12-2025,10.85336159878718,627.0,1,Very High
CONV00324,U0358,48714.52,02/28/2025,10.793752944132759,713.0,1,Very High
CONV00325,U0830,61760.14,04-09-2025,11.031029643077524,335.0,1,Very High
CONV00326,U3067,66344.22,05/22/2025,11.102626994964737,217.0,1,Very High
CONV00327,U7849,29188.89,02/14/2025,10.28157769542722,1234.0,0,Very High
CONV00328,U0320,36366.57,08-09-2025,10.501432722441255,1040.0,0,Very High
CONV00329,U2947,17012.25,02-11-2025,9.741747731219444,1566.0,0,Very High
CONV00330,U3814,49522.18,03/31/2025,10.81019612177488,683.0,1,Very High
CONV00331,U9433,63062.25,08/14/2025,11.051893469988574,296.0,1,Very High
CONV00332,U5879,52766.64,11/29/2025,10.873653403019498,596.0,1,Very High
CONV00333,U8883,3568.82,06-09-2025,8.180270453334478,1926.0,0,Very High
CONV00334,U5436,10438.84,12-03-2025,9.253384535648692,1744.0,0,Very High
CONV00335,U2321,27843.07,02/28/2025,10.234375296292006,1272.0,0,Very High
CONV00336,U4945,55127.14,06/28/2025,10.917415572578152,529.0,1,Very High
CONV00337,U5847,61223.22,05-07-2025,11.022298141845381,349.0,1,Very High
CONV00338,U9386,14269.58,07/30/2025,9.565955354354088,1643.0,0,Very High
CONV00339,U5426,73691.68,02/14/2025,11.207658751670765,29.0,1,Very High
CONV00340,U3436,26773.23,06-02-2025,10.19519513673249,1293.0,0,Very High
CONV00341,U2726,28869.4,08/17/2025,10.270572127774022,1250.0,0,Very High
CONV00342,U3696,60090.19,03/26/2025,11.003618520759776,377.0,1,Very High
CONV00343,U5601,55099.89,04/15/2025,10.916921147460647,531.0,1,Very High
CONV00344,U0508,45843.33,08/22/2025,10.733006805915435,783.0,1,Very High
CONV00345,U6706,69473.83,01-09-2026,11.148719807684357,137.0,1,Very High
CONV00346,U6438,37202.91,10/21/2025,10.52416914226471,1027.0,0,Very High
CONV00347,U9834,2660.88,09-08-2025,7.886787919050919,1947.0,0,Very High
CONV00348,U7716,7516.92,09/25/2025,8.925044782939546,1819.0,0,Very High
CONV00349,U0732,20307.51,06-10-2025,9.918795289007813,1469.0,0,Very High
CONV00350,U1585,60757.38,02/26/2025,11.01466029407645,363.0,1,Very High
CONV00351,U6859,70274.83,10/20/2025,11.160183206448494,114.0,1,Very High
CONV00352,U8227,43182.8,11-08-2025,10.67322070390212,855.0,1,Very High
CONV00353,U3472,32185.59,04/30/2025,10.379305185161776,1170.0,0,Very High
CONV00354,U5239,42060.04,02/21/2025,10.646877175532069,903.0,1,Very High
CONV00355,U9627,31522.35,09/29/2025,10.358483820050202,1184.0,0,Very High
CONV00356,U1731,21992.4,11-02-2025,9.99849768733145,1416.0,0,Very High
CONV00357,U9978,21199.5,09-04-2025,9.961780045287645,1440.0,0,Very High
CONV00358,U3893,69122.0,02/23/2025,11.143642805313842,151.0,1,Very High
CONV00359,U1610,73085.79,05-11-2025,11.199402918053297,49.0,1,Very High
CONV00360,U3080,61929.74,09-07-2025,11.033771942835367,326.0,1,Very High
CONV00361,U1076,30701.34,07-03-2025,10.332094152168949,1202.0,0,Very High
CONV00362,U0945,4504.02,05/19/2025,8.412947609544238,1903.0,0,Very High
CONV00363,U2030,28405.65,01-03-2026,10.254378551668887,1261.0,0,Very High
CONV00364,U2680,51897.15,05/22/2025,10.857038423046603,620.0,1,Very High
CONV00365,U3627,16099.77,12/18/2025,9.68662237591588,1590.0,0,Very High
CONV00366,U0146,13610.14,09/25/2025,9.518643854077427,1663.0,0,Very High
CONV00367,U4512,26641.66,08/13/2025,10.190268969519511,1297.0,0,Very High
CONV00368,U8381,48815.14,12/25/2025,10.795816274864498,709.0,1,Very High
CONV00369,U4530,21308.7,12/14/2025,9.966917647095867,1437.0,0,Very High
CONV00370,U6621,11139.76,12-05-2025,9.318365733775403,1723.0,0,Very High
CONV00371,U9553,14851.2,01/21/2026,9.60590328140614,1627.0,0,Very High
CONV00372,U5874,13371.51,10-08-2025,9.500956386208454,1669.0,0,Very High
CONV00373,U9160,25670.72,04-06-2025,10.153145275905658,1328.0,0,Very High
CONV00374,U5429,22583.3,08-06-2025,10.025010253585798,1398.0,0,Very High
CONV00375,U1167,9646.34,09/20/2025,9.174437508666836,1764.0,0,Very High
CONV00376,U2251,74048.97,05-11-2025,11.212495414564195,21.0,1,Very High
CONV00377,U5450,47861.55,11/20/2025,10.776088640444184,734.0,1,Very High
CONV00378,U8022,32953.08,02/28/2025,10.402870356240818,1140.0,0,Very High
CONV00379,U3268,24674.32,08-06-2025,10.113558832809282,1351.0,0,Very High
CONV00380,U3708,10323.1,01-03-2026,9.242236246959745,1749.0,0,Very High
CONV00381,U4886,39381.42,06/14/2025,10.581074802818955,974.0,1,Very High
CONV00382,U5886,68926.76,04/19/2025,11.140814278615847,155.0,1,Very High
CONV00383,U0360,9894.78,11/20/2025,9.19986368262068,1760.0,0,Very High
CONV00384,U0797,8777.43,11/27/2025,9.080052855150017,1784.0,0,Very High
CONV00385,U2025,52863.72,10/14/2025,10.875491476642623,592.0,1,Very High
CONV00386,U4424,10934.38,12-11-2025,9.299758683307257,1729.0,0,Very High
CONV00387,U8155,58513.46,05-08-2025,10.97702918216331,420.0,1,Very High
CONV00388,U8981,70034.49,09/22/2025,11.156757392550421,122.0,1,Very High
CONV00389,U8096,38744.12,04-10-2025,10.564760091367082,990.0,1,Very High
CONV00390,U4328,61128.5,09/22/2025,11.020749843699283,352.0,1,Very High
CONV00391,U1557,11025.78,02/13/2025,9.308082138530363,1727.0,0,Very High
CONV00392,U1523,9202.02,07/22/2025,9.127286970040885,1773.0,0,Very High
CONV00393,U2733,54686.02,03/29/2025,10.909381665918593,547.0,1,Very High
CONV00394,U7179,58602.94,04/22/2025,10.97855720879978,416.0,1,Very High
CONV00395,U1851,5452.7,08/19/2025,8.604049556392125,1878.0,0,Very High
CONV00396,U9258,25868.82,05-11-2025,10.160832317289614,1322.0,0,Very High
CONV00397,U6306,74093.54,03/19/2025,11.213097124358837,19.0,1,Very High
CONV00398,U2710,18636.21,02/16/2025,9.832915398925108,1518.0,0,Very High
CONV00399,U3851,60243.64,02/24/2025,11.006168884739887,374.0,1,Very High
CONV00400,U0292,3410.52,03-11-2025,8.13491321876211,1929.0,0,Very High
CONV00401,U8329,50606.97,11/14/2025,10.8318643527536,662.0,1,Very High
CONV00402,U5440,35880.18,11-04-2025,10.487968203034406,1056.0,0,Very High
CONV00403,U3634,62368.88,02-01-2025,11.040837745516393,310.0,1,Very High
CONV00404,U2690,53976.57,10-03-2025,10.896323868885872,562.0,1,Very High
CONV00405,U6438,58770.46,05/13/2025,10.981411641904895,414.0,1,Very High
CONV00406,U9648,49640.42,04-04-2025,10.812580844872334,682.0,1,Very High
CONV00407,U9065,69384.54,09-03-2025,11.147433767436784,142.0,1,Very High
CONV00408,U1697,45757.44,07/28/2025,10.731131534563481,787.0,1,Very High
CONV00409,U4483,34373.79,07/27/2025,10.445078725859302,1102.0,0,Very High
CONV00410,U4898,24057.87,01/18/2026,10.0882590225072,1364.0,0,Very High
CONV00411,U5658,49018.92,01-10-2026,10.799982025093827,700.0,1,Very High
CONV00412,U1891,44023.36,07/30/2025,10.692498396063964,828.0,1,Very High
CONV00413,U0210,29029.62,09/26/2025,10.276106414007286,1240.0,0,Very High
CONV00414,U4106,58988.54,03/22/2025,10.985115419034864,408.0,1,Very High
CONV00415,U9206,42424.34,05-02-2025,10.655501104212918,888.0,1,Very High
CONV00416,U6350,72463.11,08-03-2025,11.190846683789985,60.0,1,Very High
CONV00417,U3696,48836.7,12/15/2025,10.79625783456866,707.0,1,Very High
CONV00418,U4820,6279.33,09/17/2025,8.745177805852359,1849.0,0,Very High
CONV00419,U4573,12698.97,11-08-2025,9.449354910239169,1682.0,0,Very High
CONV00420,U0655,4526.01,04/18/2025,8.41781695640193,1902.0,0,Very High
CONV00421,U5208,39405.02,10/22/2025,10.581673875492708,972.0,1,Very High
CONV00422,U5725,25392.34,05-05-2025,10.14224221390055,1332.0,0,Very High
CONV00423,U0145,33840.8,03/28/2025,10.429452003794903,1115.0,0,Very High
CONV00424,U6323,21750.06,06-10-2025,9.987417770961471,1424.0,0,Very High
CONV00425,U0719,24533.22,06-03-2025,10.107824156700124,1355.0,0,Very High
CONV00426,U3454,16578.26,12/31/2025,9.715907795606393,1576.0,0,Very High
CONV00427,U1182,34847.48,12/28/2025,10.458764799742509,1084.0,0,Very High
CONV00428,U9144,17652.69,02/14/2025,9.778700105666175,1552.0,0,Very High
CONV00429,U0277,40461.45,08-08-2025,10.608129662521657,941.0,1,Very High
CONV00430,U5861,59176.73,09/24/2025,10.988300567665304,396.0,1,Very High
CONV00431,U6474,12357.02,12-12-2025,9.422060524004467,1695.0,0,Very High
CONV00432,U2361,68627.04,06/27/2025,11.136456476555626,159.0,1,Very High
CONV00433,U0685,30010.56,01/20/2025,10.309337919755803,1212.0,0,Very High
CONV00434,U8398,17143.5,04-09-2025,9.749432701450482,1563.0,0,Very High
CONV00435,U0892,41562.6,10/18/2025,10.634980063213401,916.0,1,Very High
CONV00436,U5421,49418.87,07-05-2025,10.808107849025179,688.0,1,Very High
CONV00437,U5380,52239.27,11/16/2025,10.863608932390248,613.0,1,Very High
CONV00438,U0080,17198.28,07-03-2025,9.752622801460255,1561.0,0,Very High
CONV00439,U7864,58276.44,09-09-2025,10.972970333469286,430.0,1,Very High
CONV00440,U8825,66560.43,04/13/2025,11.105880559639305,209.0,1,Very High
CONV00441,U9485,68043.04,08/13/2025,11.127910421584218,170.0,1,Very High
CONV00442,U5994,58081.76,08-12-2025,10.969624169030764,436.0,1,Very High
CONV00443,U5962,18486.9,10/15/2025,9.824871743025698,1525.0,0,Very High
CONV00444,U9271,55101.33,01-03-2026,10.916947280998308,530.0,1,Very High
CONV00445,U6053,16102.98,05/29/2025,9.686821725391384,1589.0,0,Very High
CONV00446,U5310,47792.36,03-02-2025,10.774641996696472,737.0,1,Very High
CONV00447,U6202,67443.33,07-09-2025,11.119057795834124,187.0,1,Very High
CONV00448,U5654,45612.66,09/23/2025,10.727962512046428,794.0,1,Very High
CONV00449,U4601,12433.78,05-08-2025,9.428252664082608,1694.0,0,Very High
CONV00450,U7890,16394.78,12/17/2025,9.704779263627401,1581.0,0,Very High
CONV00451,U2640,3659.92,03/28/2025,8.20546976092846,1925.0,0,Very High
CONV00452,U6643,2132.54,11/26/2025,7.665537850987573,1967.0,0,Very High
CONV00453,U7892,31249.44,04-02-2025,10.349788735065426,1193.0,0,Very High
CONV00454,U5615,5861.58,09-02-2025,8.676345058716866,1864.0,0,Very High
CONV00455,U6878,13923.6,04/15/2025,9.541412339068723,1651.0,0,Very High
CONV00456,U7902,45558.0,12/30/2025,10.726763468242096,795.0,1,Very High
CONV00457,U0712,17789.36,01/18/2026,9.786412016542824,1544.0,0,Very High
CONV00458,U4171,64534.71,09-11-2025,11.074973992990747,252.0,1,Very High
CONV00459,U0117,39342.32,11-04-2025,10.580081480858057,975.0,1,Very High
CONV00460,U6981,20151.74,12/17/2025,9.91109553827925,1475.0,0,Very High
CONV00461,U3338,42149.02,08-05-2025,10.648990437925738,899.0,1,Very High
CONV00462,U9465,55381.84,07/23/2025,10.922025077461356,523.0,1,Very High
CONV00463,U1643,59116.53,05/15/2025,10.987282775317635,401.0,1,Very High
CONV00464,U0087,69495.24,03-01-2025,11.149027929369963,136.0,1,Very High
CONV00465,U0619,49471.0,07/25/2025,10.809162131947094,685.0,1,Very High
CONV00466,U8490,58958.98,06-12-2025,10.984614187650134,409.0,1,Very High
CONV00467,U5894,73191.7,05-05-2025,11.2008509682004,43.0,1,Very High
CONV00468,U8483,5844.83,01-10-2025,8.673483865535744,1866.0,0,Very High
CONV00469,U5694,72257.0,06-05-2025,11.187998326488534,64.0,1,Very High
CONV00470,U1745,22598.2,11/13/2025,10.025669786403757,1396.0,0,Very High
CONV00471,U4099,42565.27,01/15/2026,10.658817434593361,886.0,1,Very High
CONV00472,U0449,5765.91,09/24/2025,8.659891687459304,1868.0,0,Very High
CONV00473,U5786,52785.78,09/30/2025,10.874016059556473,594.0,1,Very High
CONV00474,U1246,24055.05,10/17/2025,10.088141803149743,1365.0,0,Very High
CONV00475,U3848,17768.66,05/30/2025,9.785247787594802,1545.0,0,Very High
CONV00476,U1286,46326.66,01-06-2026,10.743494469904425,770.0,1,Very High
CONV00477,U9413,73841.31,06/19/2025,11.209687152544392,25.0,1,Very High
CONV00478,U0888,70519.33,09/28/2025,11.163656316024397,112.0,1,Very High
CONV00479,U8491,1375.08,09/14/2025,7.226994156338136,1983.0,0,Very High
CONV00480,U4255,18357.58,04/21/2025,9.8178523191355,1527.0,0,Very High
CONV00481,U6100,34216.64,07/24/2025,10.440496579550713,1105.0,0,Very High
CONV00482,U3864,29030.6,10/16/2025,10.276140170897742,1239.0,0,Very High
CONV00483,U8471,59060.97,10-10-2025,10.986342510650863,406.0,1,Very High
CONV00484,U2677,19631.01,02/26/2025,9.884916676323016,1485.0,0,Very High
CONV00485,U9181,2222.77,10/16/2025,7.706959232756351,1965.0,0,Very High
CONV00486,U8822,24887.96,04/16/2025,10.122179610639733,1343.0,0,Very High
CONV00487,U7599,13192.48,12/15/2025,9.487478047152276,1672.0,0,Very High
CONV00488,U1297,24026.04,04/13/2025,10.08693514178418,1367.0,0,Very High
CONV00489,U7290,39429.48,07/19/2025,10.582294400269552,971.0,1,Very High
CONV00490,U4123,16384.94,01-06-2026,9.704178929032661,1582.0,0,Very High
CONV00491,U0882,57550.98,01/16/2025,10.96044381842353,456.0,1,Very High
CONV00492,U5069,21850.02,05/18/2025,9.992002881356367,1419.0,0,Very High
CONV00493,U5847,73142.38,07-03-2025,11.200176903378281,44.0,1,Very High
CONV00494,U8836,34648.35,04/24/2025,10.453034245423337,1091.0,0,Very High
CONV00495,U5689,60499.54,09/18/2025,11.010407569598934,371.0,1,Very High
CONV00496,U0002,22042.1,10-12-2025,10.000754906733626,1414.0,0,Very High
CONV00497,U7053,59909.98,06/16/2025,11.000615072814321,381.0,1,Very High
CONV00498,U2676,28843.08,12-05-2025,10.269660051573227,1251.0,0,Very High
CONV00499,U4455,40246.86,06-03-2025,10.602812113731394,944.0,1,Very High
CONV00500,U7461,52760.08,11/28/2025,10.873529076674814,597.0,1,Very High
CONV00501,U0363,20737.74,04/28/2025,9.93975872776831,1453.0,0,Very High
CONV00502,U8087,23884.57,05/17/2025,10.081029789889323,1371.0,0,Very High
CONV00503,U1315,58342.23,03/18/2025,10.974098606990253,428.0,1,Very High
CONV00504,U6252,53815.17,01/19/2025,10.893329258612301,567.0,1,Very High
CONV00505,U8539,29642.38,01-06-2026,10.296994107996236,1225.0,0,Very High
CONV00506,U8535,48160.11,03-10-2025,10.782307127889855,727.0,1,Very High
CONV00507,U7114,59733.48,07-04-2025,10.99766468709918,383.0,1,Very High
CONV00508,U7787,28326.34,12/21/2025,10.251582695017078,1262.0,0,Very High
CONV00509,U0984,12178.44,02/17/2025,9.407504563195419,1699.0,0,Very High
CONV00510,U5691,2335.46,08/25/2025,7.75639224237057,1956.0,0,Very High
CONV00511,U7169,52505.06,10/20/2025,10.868683870489779,604.0,1,Very High
CONV00512,U4511,5864.08,11-07-2025,8.676771401233253,1863.0,0,Very High
CONV00513,U8290,66307.73,08-02-2025,11.102076841713812,218.0,1,Very High
CONV00514,U8831,51479.4,08-11-2025,10.848956431687647,636.0,1,Very High
CONV00515,U5277,49672.66,02/27/2025,10.813230091716468,681.0,1,Very High
CONV00516,U1618,62845.24,02-07-2025,11.048446387248697,300.0,1,Very High
CONV00517,U9928,69136.86,02/26/2025,11.143857761304384,149.0,1,Very High
CONV00518,U6815,61905.5,07/16/2025,11.03338046123727,327.0,1,Very High
CONV00519,U3538,54594.02,10-10-2025,10.907697948782014,550.0,1,Very High
CONV00520,U2932,31577.46,10/16/2025,10.360230521579414,1181.0,0,Very High
CONV00521,U1706,30565.62,04-06-2025,10.327663842857724,1205.0,0,Very High
CONV00522,U9013,57490.69,06/29/2025,10.959395694602039,457.0,1,Very High
CONV00523,U9016,33976.86,05/23/2025,10.433464415020227,1111.0,0,Very High
CONV00524,U2214,73841.28,06-10-2025,11.209686746273162,26.0,1,Very High
CONV00525,U9115,7750.82,11-03-2025,8.955682933486777,1813.0,0,Very High
CONV00526,U4094,23047.46,05/18/2025,10.045354234912995,1385.0,0,Very High
CONV00527,U2833,43535.26,10-06-2025,10.681349433074287,843.0,1,Very High
CONV00528,U6252,57989.43,02/21/2025,10.968033275914559,440.0,1,Very High
CONV00529,U9869,47690.37,01-07-2025,10.772505738076129,742.0,1,Very High
CONV00530,U5355,12124.92,10-06-2025,9.403100589215883,1702.0,0,Very High
CONV00531,U7077,10565.04,05/31/2025,9.265400363444902,1736.0,0,Very High
CONV00532,U1394,58206.51,07/28/2025,10.971769663195555,432.0,1,Very High
CONV00533,U9361,74783.1,04/27/2025,11.222360574522115,3.0,1,Very High
CONV00534,U9438,31458.47,02/26/2025,10.356455329680786,1186.0,0,Very High
CONV00535,U4995,61752.62,04/22/2025,11.030907876253716,336.0,1,Very High
CONV00536,U3272,57011.73,01/13/2026,10.951029855214845,467.0,1,Very High
CONV00537,U2420,52264.29,05/31/2025,10.864087758597735,612.0,1,Very High
CONV00538,U3472,56463.87,05-02-2025,10.941373953843954,487.0,1,Very High
CONV00539,U0302,50016.98,07/13/2025,10.8201378197697,672.0,1,Very High
CONV00540,U4445,70929.36,01/30/2025,11.16945382960973,101.0,1,Very High
CONV00541,U5902,65155.23,03/17/2025,11.084543203460829,241.0,1,Very High
CONV00542,U5169,7285.53,09-12-2025,8.893782717168323,1826.0,0,Very High
CONV00543,U8674,29959.94,06-11-2025,10.307649812305854,1213.0,0,Very High
CONV00544,U3870,5354.22,09/22/2025,8.585827065137869,1882.0,0,Very High
CONV00545,U6437,54944.31,12/19/2025,10.91409360587075,535.0,1,Very High
CONV00546,U9919,10534.08,07-08-2025,9.262465919944626,1739.0,0,Very High
CONV00547,U5063,39642.56,12/23/2025,10.587683792685873,966.0,1,Very High
CONV00548,U8733,63084.54,03-06-2025,11.052246862204735,294.0,1,Very High
CONV00549,U4486,10517.28,03/19/2025,9.260869974825571,1740.0,0,Very High
CONV00550,U3784,6651.04,01-11-2026,8.802678853523842,1842.0,0,Very High
CONV00551,U6127,35933.13,04-10-2025,10.489442819229614,1055.0,0,Very High
CONV00552,U4422,50596.92,08-06-2025,10.831665747711284,663.0,1,Very High
CONV00553,U5324,30811.36,08/24/2025,10.335671187164175,1200.0,0,Very High
CONV00554,U9729,65776.89,10/27/2025,11.094039042609548,229.0,1,Very High
CONV00555,U4026,73799.43,09/24/2025,11.209119837129855,28.0,1,Very High
CONV00556,U3111,66416.52,06/23/2025,11.103716156082493,213.0,1,Very High
CONV00557,U8471,48723.03,03/16/2025,10.793927616532656,712.0,1,Very High
CONV00558,U8953,24766.98,03-11-2025,10.117306968895587,1346.0,0,Very High
CONV00559,U7450,52110.02,03/17/2025,10.861131721689816,616.0,1,Very High
CONV00560,U7363,39643.44,12-03-2025,10.587705990244142,965.0,1,Very High
CONV00561,U2800,49720.12,06/25/2025,10.814185071517358,679.0,1,Very High
CONV00562,U7312,9478.38,06-01-2025,9.156874192266457,1769.0,0,Very High
CONV00563,U8170,66290.68,10/13/2025,11.101819678103322,219.0,1,Very High
CONV00564,U1301,18919.95,11/21/2025,9.848025052761809,1509.0,0,Very High
CONV00565,U0903,11544.04,12-02-2025,9.354011186485929,1713.0,0,Very High
CONV00566,U1785,50652.72,08/21/2025,10.832767952192103,661.0,1,Very High
CONV00567,U5902,22972.62,01/30/2025,10.04210188013154,1388.0,0,Very High
CONV00568,U2205,21125.58,03/20/2025,9.958287242327934,1445.0,0,Very High
CONV00569,U1791,40024.29,10/22/2025,10.597266783310248,955.0,1,Very High
CONV00570,U4255,27023.61,10-01-2025,10.204503211320949,1289.0,0,Very High
CONV00571,U2948,22318.74,11/15/2025,10.01322676768188,1407.0,0,Very High
CONV00572,U3397,4127.79,11/23/2025,8.325739664820347,1913.0,0,Very High
CONV00573,U4615,23046.09,05/28/2025,10.045294793166432,1386.0,0,Very High
CONV00574,U9322,13790.46,11/22/2025,9.53180483900472,1659.0,0,Very High
CONV00575,U2225,34950.88,10-01-2025,10.461727537345451,1081.0,0,Very High
CONV00576,U8538,51106.17,06/20/2025,10.841680079460378,651.0,1,Very High
CONV00577,U1085,3064.6,03/30/2025,8.02799858777654,1933.0,0,Very High
CONV00578,U1915,24101.58,06-08-2025,10.09007416769079,1363.0,0,Very High
CONV00579,U7405,23197.14,06-07-2025,10.051827382026628,1382.0,0,Very High
CONV00580,U7908,26003.61,09/29/2025,10.166029108978776,1316.0,0,Very High
CONV00581,U8457,54549.38,12/27/2025,10.906879957323113,551.0,1,Very High
CONV00582,U9737,66772.05,02/17/2025,11.109054835005896,203.0,1,Very High
CONV00583,U3439,22027.64,07-01-2025,10.000098703891675,1415.0,0,Very High
CONV00584,U4484,42302.22,03-03-2025,10.652618485068608,892.0,1,Very High
CONV00585,U4642,6039.78,11-09-2025,8.706288421663976,1857.0,0,Very High
CONV00586,U0827,7144.38,03-08-2025,8.874221272994534,1828.0,0,Very High
CONV00587,U7305,25425.66,11/18/2025,10.143553508854287,1331.0,0,Very High
CONV00588,U7673,51572.49,03/13/2025,10.850763059760002,632.0,1,Very High
CONV00589,U4228,52696.38,07/27/2025,10.872321017923584,601.0,1,Very High
CONV00590,U1850,63548.14,07-08-2025,11.059568743874577,275.0,1,Very High
CONV00591,U1753,6016.11,06/25/2025,8.702362356588896,1858.0,0,Very High
CONV00592,U3993,29248.36,10/18/2025,10.283612972078744,1232.0,0,Very High
CONV00593,U9294,18284.46,07/16/2025,9.813861487499748,1531.0,0,Very High
CONV00594,U9703,41965.26,11/28/2025,10.644621241087037,904.0,1,Very High
CONV00595,U9772,48640.44,07/15/2025,10.79223112146498,716.0,1,Very High
CONV00596,U0004,34383.34,03/26/2025,10.445356507153551,1101.0,0,Very High
CONV00597,U5188,68555.42,06-12-2025,11.135412334872132,162.0,1,Very High
CONV00598,U8363,22593.21,08-06-2025,10.025448957746645,1397.0,0,Very High
CONV00599,U1798,32804.88,06-12-2025,10.398363046598277,1142.0,0,Very High
CONV00600,U8932,36009.2,04/25/2025,10.491557510640272,1050.0,0,Very High
CONV00601,U2057,48892.9,03/14/2025,10.797407923305459,701.0,1,Very High
CONV00602,U6814,69825.6,09-10-2025,11.153770304979776,127.0,1,Very High
CONV00603,U6304,32289.32,07-01-2025,10.382522773892129,1164.0,0,Very High
CONV00604,U6732,3234.54,10-08-2025,8.081951117270538,1930.0,0,Very High
CONV00605,U1312,39835.8,04-10-2025,10.592546387187467,959.0,1,Very High
CONV00606,U1450,55820.19,06-05-2025,10.929908825386903,505.0,1,Very High
CONV00607,U8766,38815.23,01/21/2025,10.566593737117813,985.0,1,Very High
CONV00608,U4739,69272.68,04/19/2025,11.145820315056676,145.0,1,Very High
CONV00609,U9473,49481.74,04-06-2025,10.809379200882693,684.0,1,Very High
CONV00610,U4553,21612.16,06-06-2025,9.981057667408443,1428.0,0,Very High
CONV00611,U2477,60732.16,12-12-2025,11.014245121129226,364.0,1,Very High
CONV00612,U1383,61763.0,04-11-2025,11.031075949440755,333.0,1,Very High
CONV00613,U2741,63256.11,04/19/2025,11.05496281133931,282.0,1,Very High
CONV00614,U4938,69242.6,09-08-2025,11.145386001006145,148.0,1,Very High
CONV00615,U8691,69596.28,08/25/2025,11.15048076509908,134.0,1,Very High
CONV00616,U5798,49165.89,08/18/2025,10.802975708456467,694.0,1,Very High
CONV00617,U9572,50890.37,07/27/2025,10.837448640030109,655.0,1,Very High
CONV00618,U5133,1379.36,10-10-2025,7.230099613695919,1981.0,0,Very High
CONV00619,U5760,19453.29,04/24/2025,9.875822890278286,1487.0,0,Very High
CONV00620,U3553,53324.58,11-06-2025,10.884171419979884,579.0,1,Very High
CONV00621,U9275,14431.53,04/14/2025,9.577239965574883,1640.0,0,Very High
CONV00622,U6996,57931.38,12/29/2025,10.96703174731372,444.0,1,Very High
CONV00623,U5451,20401.36,02/14/2025,9.923405859415677,1466.0,0,Very High
CONV00624,U8062,57826.52,03-03-2025,10.965220065916606,448.0,1,Very High
CONV00625,U1154,58459.86,10/20/2025,10.976112749470477,422.0,1,Very High
CONV00626,U6398,25239.94,05/29/2025,10.136222558433932,1335.0,0,Very High
CONV00627,U7834,54786.74,09-06-2025,10.911221725278729,542.0,1,Very High
CONV00628,U7899,70176.88,03/15/2025,11.158788440644457,119.0,1,Very High
CONV00629,U1486,72098.72,07-09-2025,11.185805439770354,66.0,1,Very High
CONV00630,U6295,52419.26,01-02-2026,10.867048436804051,607.0,1,Very High
CONV00631,U7176,15087.14,05-01-2025,9.621664283727327,1620.0,0,Very High
CONV00632,U5042,61024.53,10/13/2025,11.019047580188625,358.0,1,Very High
CONV00633,U6644,49298.36,03/18/2025,10.805666378202096,692.0,1,Very High
CONV00634,U1181,37050.44,01/19/2025,10.520062496365716,1029.0,0,Very High
CONV00635,U0236,67921.18,04/25/2025,11.126117917054362,174.0,1,Very High
CONV00636,U1743,60088.76,03-07-2025,11.00359472331101,378.0,1,Very High
CONV00637,U6587,43515.56,06/20/2025,10.680896834288026,846.0,1,Very High
CONV00638,U1979,31575.21,06-12-2025,10.360159267941292,1182.0,0,Very High
CONV00639,U0667,63666.98,03/29/2025,11.06143704642015,271.0,1,Very High
CONV00640,U2940,44834.49,02/24/2025,10.710755292288177,809.0,1,Very High
CONV00641,U4440,18514.59,09/30/2025,9.826368358894552,1524.0,0,Very High
CONV00642,U4935,42159.99,07-04-2025,10.649250664912982,898.0,1,Very High
CONV00643,U8316,47264.97,04/29/2025,10.763545865234322,752.0,1,Very High
CONV00644,U7773,50508.09,09/13/2025,10.829908599065394,664.0,1,Very High
CONV00645,U5478,8503.26,11/13/2025,9.048322493402015,1791.0,0,Very High
CONV00646,U1161,44758.47,05-11-2025,10.709058321426356,811.0,1,Very High
CONV00647,U5344,55527.78,05/24/2025,10.924656723888058,517.0,1,Very High
CONV00648,U0891,69645.62,08/26/2025,11.151189449674346,132.0,1,Very High
CONV00649,U5876,10195.47,06-10-2025,9.22979686094203,1753.0,0,Very High
CONV00650,U7514,26260.52,08/31/2025,10.175860028892997,1310.0,0,Very High
CONV00651,U3764,39491.32,03/13/2025,10.58386150160543,969.0,1,Very High
CONV00652,U4042,43775.43,06-04-2025,10.686850823667898,834.0,1,Very High
CONV00653,U0657,38188.06,09-11-2025,10.550304366143399,1007.0,0,Very High
CONV00654,U8115,56666.1,05/26/2025,10.944949074393874,479.0,1,Very High
CONV00655,U1487,23384.12,01/31/2025,10.059855201641367,1380.0,0,Very High
CONV00656,U7599,14482.22,04-08-2025,9.580746016908506,1638.0,0,Very High
CONV00657,U1159,40170.84,07/26/2025,10.600921531631654,948.0,1,Very High
CONV00658,U1327,69969.06,11/30/2025,11.155822715249936,124.0,1,Very High
CONV00659,U0670,48876.82,07/29/2025,10.797078993832908,703.0,1,Very High
CONV00660,U3910,36278.15,11-03-2025,10.498998475068174,1045.0,0,Very High
CONV00661,U8251,4793.66,12/26/2025,8.47525807760851,1892.0,0,Very High
CONV00662,U7704,62034.39,01/27/2026,11.035460307630805,320.0,1,Very High
CONV00663,U1076,6702.64,05-05-2025,8.810405941436052,1840.0,0,Very High
CONV00664,U2425,15916.02,10-12-2025,9.675144255947252,1596.0,0,Very High
CONV00665,U7765,55524.92,06/27/2025,10.924605217738375,518.0,1,Very High
CONV00666,U8514,43718.82,12/17/2025,10.685556825173125,836.0,1,Very High
CONV00667,U7296,10547.61,09/17/2025,9.263749376669448,1737.0,0,Very High
CONV00668,U0776,34602.54,03/22/2025,10.451711267951014,1093.0,0,Very High
CONV00669,U2515,3805.5,04-03-2025,8.244465410746267,1921.0,0,Very High
CONV00670,U9216,24283.08,01-09-2026,10.097576270595088,1359.0,0,Very High
CONV00671,U4941,69881.87,03/28/2025,11.154575833811037,126.0,1,Very High
CONV00672,U8314,22695.1,07/17/2025,10.029948382541724,1392.0,0,Very High
CONV00673,U5550,36314.35,12/20/2025,10.499995795884503,1042.0,0,Very High
CONV00674,U3611,24982.71,09-05-2025,10.125979291466793,1341.0,0,Very High
CONV00675,U3207,63821.76,02-02-2025,11.063865145528275,268.0,1,Very High
CONV00676,U9914,50257.41,10-01-2025,10.824933175101746,668.0,1,Very High
CONV00677,U4664,73331.13,07/23/2025,11.20275412744085,40.0,1,Very High
CONV00678,U7250,54804.04,06/25/2025,10.911537439509972,541.0,1,Very High
CONV00679,U1411,35990.02,04-11-2025,10.491024741877363,1052.0,0,Very High
CONV00680,U1450,68644.98,01/17/2025,11.136717851579133,158.0,1,Very High
CONV00681,U3265,41874.62,04-07-2025,10.64245907498791,906.0,1,Very High
CONV00682,U3679,20253.76,02/13/2025,9.9161451066404,1473.0,0,Very High
CONV00683,U4010,21333.36,01/17/2025,9.968074197515728,1435.0,0,Very High
CONV00684,U4226,73088.72,12/14/2025,11.19944300657368,47.0,1,Very High
CONV00685,U2669,24486.33,11/22/2025,10.10591111991119,1357.0,0,Very High
CONV00686,U5833,40073.72,02/23/2025,10.598500990553783,954.0,1,Very High
CONV00687,U9811,65528.91,04/22/2025,11.090261958615844,237.0,1,Very High
CONV00688,U5762,39224.18,03/26/2025,10.577074166500838,976.0,1,Very High
CONV00689,U8248,67356.46,05/13/2025,11.117768940366771,191.0,1,Very High
CONV00690,U6838,61549.22,09/22/2025,11.027608705936025,341.0,1,Very High
CONV00691,U7241,72780.78,11-07-2025,11.195220928135557,53.0,1,Very High
CONV00692,U2333,10056.81,12/23/2025,9.21610472611801,1756.0,0,Very High
CONV00693,U7066,3184.86,02-12-2025,8.066477547257174,1932.0,0,Very High
CONV00694,U0710,1512.72,02-06-2025,7.32232547633896,1978.0,0,Very High
CONV00695,U5760,63555.23,02/14/2025,11.059680304857523,274.0,1,Very High
CONV00696,U3963,8108.59,10-04-2025,9.000802590960987,1804.0,0,Very High
CONV00697,U2815,8077.41,10-09-2025,8.99695034997277,1805.0,0,Very High
CONV00698,U7204,62729.61,12/23/2025,11.046604805258399,303.0,1,Very High
CONV00699,U2026,10841.49,09/20/2025,9.291227953412578,1732.0,0,Very High
CONV00700,U5376,21808.16,09/29/2025,9.990085344011058,1421.0,0,Very High
CONV00701,U7012,63198.57,04/22/2025,11.054052776314334,288.0,1,Very High
CONV00702,U7178,7061.68,09/29/2025,8.862579861855579,1832.0,0,Very High
CONV00703,U1061,15619.56,08-02-2025,9.656343274223499,1603.0,0,Very High
CONV00704,U9535,59369.84,11/20/2025,10.99155847572451,392.0,1,Very High
CONV00705,U7939,57773.97,09/22/2025,10.964310915886713,450.0,1,Very High
CONV00706,U0487,62400.7,03-07-2025,11.041347797576163,309.0,1,Very High
CONV00707,U4961,57192.74,12-06-2025,10.954199730819393,462.0,1,Very High
CONV00708,U8033,26263.46,10/13/2025,10.175971973496527,1309.0,0,Very High
CONV00709,U6286,28692.99,09-02-2025,10.264442972153361,1255.0,0,Very High
CONV00710,U2690,23950.12,09/21/2025,10.083770365837513,1369.0,0,Very High
CONV00711,U8838,42497.46,10/25/2025,10.657223118961877,887.0,1,Very High
CONV00712,U5780,2839.92,05/27/2025,7.951883222358804,1940.0,0,Very High
CONV00713,U5592,26376.87,07/25/2025,10.180280680024303,1305.0,0,Very High
CONV00714,U5114,51833.36,11/27/2025,10.855808528811114,623.0,1,Very High
CONV00715,U0613,32118.63,09-09-2025,10.377222648691735,1172.0,0,Very High
CONV00716,U5186,24689.79,07/16/2025,10.114185578587161,1349.0,0,Very High
CONV00717,U5564,27727.57,04-09-2025,10.230218568581952,1277.0,0,Very High
CONV00718,U3508,22826.02,06/15/2025,10.03570020099968,1391.0,0,Very High
CONV00719,U1553,5744.78,11/25/2025,8.656220951301899,1870.0,0,Very High
CONV00720,U4946,50011.66,09/26/2025,10.820031452360572,673.0,1,Very High
CONV00721,U8972,52972.38,04/30/2025,10.877544802206426,589.0,1,Very High
CONV00722,U4390,46370.85,12/17/2025,10.74444787307446,769.0,1,Very High
CONV00723,U7578,56172.69,04-10-2025,10.936203776799417,495.0,1,Very High
CONV00724,U3336,22063.06,08-05-2025,10.001705319391242,1412.0,0,Very High
CONV00725,U2457,59930.58,04/18/2025,11.000958857196144,380.0,1,Very High
CONV00726,U3310,2913.78,04/17/2025,7.977549624238348,1939.0,0,Very High
CONV00727,U7961,67315.53,01/21/2025,11.117161102115892,194.0,1,Very High
CONV00728,U1480,11186.6,07/26/2025,9.322561301090648,1721.0,0,Very High
CONV00729,U8606,7450.96,05/28/2025,8.916232364020546,1821.0,0,Very High
CONV00730,U6929,13755.21,04/30/2025,9.529245637501349,1660.0,0,Very High
CONV00731,U6140,41271.57,01-09-2026,10.627953393645168,925.0,1,Very High
CONV00732,U5050,45731.74,02-06-2025,10.730569731760719,789.0,1,Very High
CONV00733,U5068,67809.42,12/15/2025,11.124471149435436,176.0,1,Very High
CONV00734,U4187,61836.04,06-11-2025,11.032257816656466,329.0,1,Very High
CONV00735,U6657,6697.02,02-11-2025,8.809567239315651,1841.0,0,Very High
CONV00736,U6921,20127.03,02/23/2025,9.909868649960105,1476.0,0,Very High
CONV00737,U7427,4618.34,01-11-2026,8.438007116727874,1898.0,0,Very High
CONV00738,U3279,43503.84,11/21/2025,10.680627475255172,848.0,1,Very High
CONV00739,U2132,59603.68,11-11-2025,10.995489373460567,387.0,1,Very High
CONV00740,U9717,7016.62,06/28/2025,8.856179408196708,1834.0,0,Very High
CONV00741,U9151,17731.52,11/30/2025,9.783155520948156,1549.0,0,Very High
CONV00742,U6571,20066.72,11/15/2025,9.906867832945514,1479.0,0,Very High
CONV00743,U7130,9549.54,09-12-2025,9.164352976378813,1766.0,0,Very High
CONV00744,U2134,16755.82,09-04-2025,9.726560618563475,1573.0,0,Very High
CONV00745,U2392,18234.81,01/29/2025,9.81114252232753,1533.0,0,Very High
CONV00746,U0170,24751.02,09/20/2025,10.116662380828036,1347.0,0,Very High
CONV00747,U9785,42107.25,05/13/2025,10.647998962467678,900.0,1,Very High
CONV00748,U9802,4129.26,01-07-2026,8.326095637968717,1912.0,0,Very High
CONV00749,U6077,43851.15,03/17/2025,10.688579027385133,831.0,1,Very High
CONV00750,U1469,32895.03,06/20/2025,10.401107260779401,1141.0,0,Very High
CONV00751,U5908,65862.52,08/28/2025,11.095340001207264,227.0,1,Very High
CONV00752,U8050,69271.82,04-08-2025,11.145807900452194,146.0,1,Very High
CONV00753,U0588,53167.74,09-11-2025,10.881225908643772,587.0,1,Very High
CONV00754,U9190,9102.45,09/29/2025,9.116408741535901,1775.0,0,Very High
CONV00755,U2960,61825.95,04/15/2025,11.032094632531122,331.0,1,Very High
CONV00756,U2959,57792.81,08/23/2025,10.964636955499953,449.0,1,Very High
CONV00757,U1999,69739.27,07/24/2025,11.152533191744947,129.0,1,Very High
CONV00758,U7862,44869.66,08/21/2025,10.711539408021645,806.0,1,Very High
CONV00759,U2119,48540.57,04/29/2025,10.7901758232157,720.0,1,Very High
CONV00760,U2917,2273.02,05-09-2025,7.729304469346563,1962.0,0,Very High
CONV00761,U2526,60231.7,03/26/2025,11.00597067319174,375.0,1,Very High
CONV00762,U6021,33824.1,10-02-2025,10.42895840942782,1116.0,0,Very High
CONV00763,U6034,47578.46,11/13/2025,10.770156434486113,745.0,1,Very High
CONV00764,U2541,48806.49,09/13/2025,10.795639063670393,710.0,1,Very High
CONV00765,U4922,67790.6,04/13/2025,11.124193572447705,178.0,1,Very High
CONV00766,U1254,38665.88,02-06-2025,10.562738698646552,993.0,1,Very High
CONV00767,U1340,55733.32,09/29/2025,10.92835139415721,507.0,1,Very High
CONV00768,U4877,34533.62,07-01-2025,10.449717578132582,1094.0,0,Very High
CONV00769,U3459,73677.33,04/13/2025,11.20746400509143,30.0,1,Very High
CONV00770,U0218,34917.1,04-10-2025,10.460760598393072,1082.0,0,Very High
CONV00771,U5911,50876.34,01/14/2026,10.837172916773149,656.0,1,Very High
CONV00772,U0261,2741.04,01-07-2026,7.916457447907907,1944.0,0,Very High
CONV00773,U3128,35159.34,03-01-2025,10.467674021831995,1074.0,0,Very High
CONV00774,U7296,64589.88,09/24/2025,11.075828503333769,250.0,1,Very High
CONV00775,U0835,47557.94,07-12-2025,10.769725062919676,746.0,1,Very High
CONV00776,U4765,36843.0,02-06-2025,10.514448062108126,1034.0,0,Very High
CONV00777,U9444,20637.78,07-01-2025,9.93492710932139,1457.0,0,Very High
CONV00778,U5682,2294.91,08/27/2025,7.7388845580649,1960.0,0,Very High
CONV00779,U9629,45455.94,01-12-2026,10.724520783218416,798.0,1,Very High
CONV00780,U5903,16135.24,09/21/2025,9.688822953098052,1588.0,0,Very High
CONV00781,U9925,31636.84,09/24/2025,10.362109151536053,1179.0,0,Very High
CONV00782,U5879,12526.45,06-09-2025,9.435677515606598,1689.0,0,Very High
CONV00783,U3715,36862.62,03/13/2025,10.51498043584271,1032.0,0,Very High
CONV00784,U8445,53200.56,12-05-2025,10.881842998208086,584.0,1,Very High
CONV00785,U1670,8576.78,11-04-2025,9.056930417743972,1790.0,0,Very High
CONV00786,U7234,65384.08,09/21/2025,11.088049376862068,238.0,1,Very High
CONV00787,U6812,60829.04,01/14/2025,11.015839024884812,361.0,1,Very High
CONV00788,U5909,12007.14,12/13/2025,9.393340032139404,1706.0,0,Very High
CONV00789,U6707,51403.24,09/22/2025,10.847475938313494,643.0,1,Very High
CONV00790,U1141,30572.58,03-09-2025,10.327891516304328,1204.0,0,Very High
CONV00791,U2474,73518.5,11/16/2025,11.20530595613593,33.0,1,Very High
CONV00792,U9071,24041.86,06/16/2025,10.08759334995899,1366.0,0,Very High
CONV00793,U6619,66652.8,09-05-2025,11.107267338235168,207.0,1,Very High
CONV00794,U1381,29707.02,02-11-2025,10.299172322008296,1223.0,0,Very High
CONV00795,U9041,56960.68,06/14/2025,10.950134040032928,471.0,1,Very High
CONV00796,U6927,5200.96,09/27/2025,8.556790756628784,1886.0,0,Very High
CONV00797,U2044,55461.76,09-01-2025,10.92346708352833,521.0,1,Very High
CONV00798,U8738,22965.72,11/22/2025,10.04180149053704,1389.0,0,Very High
CONV00799,U1725,15047.24,07-11-2025,9.619016319817,1623.0,0,Very High
CONV00800,U1343,66721.82,03-04-2025,11.10830230232649,206.0,1,Very High
CONV00801,U9638,30062.6,10/22/2025,10.311070416615294,1209.0,0,Very High
CONV00802,U8021,38304.6,08/17/2025,10.553351378579714,1005.0,0,Very High
CONV00803,U3484,56177.36,09/21/2025,10.936286908348912,494.0,1,Very High
CONV00804,U1981,3740.96,07/13/2025,8.22736481730603,1923.0,0,Very High
CONV00805,U0459,44529.6,03/16/2025,10.703931872287404,817.0,1,Very High
CONV00806,U0035,5766.66,03-05-2025,8.660021731318945,1867.0,0,Very High
CONV00807,U6182,45723.94,09/25/2025,10.730399161065751,790.0,1,Very High
CONV00808,U7358,7381.64,04-06-2025,8.90688657720393,1822.0,0,Very High
CONV00809,U7260,65047.05,06/14/2025,11.08288150655052,243.0,1,Very High
CONV00810,U9165,40981.2,03-09-2025,10.620893105076172,931.0,1,Very High
CONV00811,U0306,40240.56,04-02-2025,10.602655571417811,945.0,1,Very High
CONV00812,U7279,24542.01,03-03-2025,10.108182367629878,1353.0,0,Very High
CONV00813,U0395,19845.45,10-01-2025,9.895780428811499,1480.0,0,Very High
CONV00814,U1469,51136.68,03/21/2025,10.84227688215324,650.0,1,Very High
CONV00815,U1618,67056.08,06/21/2025,11.113299475976456,195.0,1,Very High
CONV00816,U9602,56614.95,05/14/2025,10.944046026612655,483.0,1,Very High
CONV00817,U1073,47790.44,10-04-2025,10.774601822944991,738.0,1,Very High
CONV00818,U9089,42942.24,12/14/2025,10.667634522708283,861.0,1,Very High
CONV00819,U6117,18953.24,11-03-2025,9.849782932184858,1508.0,0,Very High
CONV00820,U4740,5217.99,12/30/2025,8.560059175565701,1885.0,0,Very High
CONV00821,U5758,63170.81,11/29/2025,11.0536134363238,290.0,1,Very High
CONV00822,U1470,62414.49,08/14/2025,11.041568760731256,308.0,1,Very High
CONV00823,U5614,53300.74,11/30/2025,10.883724255024463,580.0,1,Very High
CONV00824,U5382,48748.41,01-09-2025,10.794448373788654,711.0,1,Very High
CONV00825,U9107,57363.04,01-09-2026,10.957172905150303,459.0,1,Very High
CONV00826,U7294,72923.9,12/23/2025,11.197185423463127,50.0,1,Very High
CONV00827,U0139,70266.4,03/19/2025,11.160063243359414,115.0,1,Very High
CONV00828,U5863,46298.12,04/18/2025,10.742878233414219,771.0,1,Very High
CONV00829,U9930,73831.58,05-08-2025,11.209555376586895,27.0,1,Very High
CONV00830,U9041,42753.75,05-01-2025,10.663235579303635,877.0,1,Very High
CONV00831,U2088,17676.42,05/29/2025,9.780043397941355,1550.0,0,Very High
CONV00832,U8732,42338.61,11/25/2025,10.653478333498583,891.0,1,Very High
CONV00833,U7087,51252.88,08-11-2025,10.844546601452073,648.0,1,Very High
CONV00834,U0770,34077.96,05/23/2025,10.436435464045692,1108.0,0,Very High
CONV00835,U3697,68836.89,12/26/2025,11.139509599071303,156.0,1,Very High
CONV00836,U0457,2533.74,09/28/2025,7.837846346662662,1953.0,0,Very High
CONV00837,U0892,18328.22,06/22/2025,9.81625178673685,1528.0,0,Very High
CONV00838,U2046,3225.77,02/23/2025,8.079236915883119,1931.0,0,Very High
CONV00839,U4940,5634.93,11/30/2025,8.636917452785301,1872.0,0,Very High
CONV00840,U1571,64945.27,12-08-2025,11.08131559165827,245.0,1,Very High
CONV00841,U1660,58882.48,07-07-2025,10.983315854917098,413.0,1,Very High
CONV00842,U9752,63177.87,03-04-2025,11.053725188789356,289.0,1,Very High
CONV00843,U7888,18804.07,12-09-2025,9.84188179331176,1513.0,0,Very High
CONV00844,U5862,40929.92,06/13/2025,10.619641046634275,934.0,1,Very High
CONV00845,U8482,11486.58,11-04-2025,9.349021730731097,1716.0,0,Very High
CONV00846,U3298,50338.62,02/27/2025,10.826547719991765,665.0,1,Very High
CONV00847,U5500,25149.96,11/15/2025,10.132651345773548,1337.0,0,Very High
CONV00848,U3655,47076.06,12/28/2025,10.75954111252543,755.0,1,Very High
CONV00849,U0111,27323.08,07/22/2025,10.215523643676468,1285.0,0,Very High
CONV00850,U5897,15438.51,01/28/2025,9.644685087323882,1609.0,0,Very High
CONV00851,U4030,13823.74,04-10-2025,9.534215019703746,1657.0,0,Very High
CONV00852,U5545,18581.13,05/13/2025,9.829955645194437,1521.0,0,Very High
CONV00853,U7107,11474.1,01/29/2026,9.347934749487724,1717.0,0,Very High
CONV00854,U5210,18907.81,11-04-2025,9.847383230005505,1510.0,0,Very High
CONV00855,U4050,21545.44,02-01-2025,9.977965884669553,1429.0,0,Very High
CONV00856,U1063,56534.62,04/16/2025,10.942626160967034,486.0,1,Very High
CONV00857,U6126,53887.0,10-12-2025,10.894663097601999,564.0,1,Very High
CONV00858,U0600,15822.78,05/14/2025,9.669269150833593,1599.0,0,Very High
CONV00859,U9362,41628.48,03/26/2025,10.636563849118936,915.0,1,Very High
CONV00860,U0675,25725.76,09-10-2025,10.155286974299791,1327.0,0,Very High
CONV00861,U4474,33545.37,07/23/2025,10.420683939824828,1125.0,0,Very High
CONV00862,U8957,21274.56,12-03-2025,9.965314275069305,1439.0,0,Very High
CONV00863,U5469,19314.26,05-04-2025,9.868650736050425,1490.0,0,Very High
CONV00864,U4279,61806.44,01/30/2025,11.0317790245492,332.0,1,Very High
CONV00865,U8400,17599.28,04-10-2025,9.775670089990603,1553.0,0,Very High
CONV00866,U7680,7126.28,09/21/2025,8.87168495394777,1829.0,0,Very High
CONV00867,U9150,43630.0,01/20/2025,10.683523185864164,839.0,1,Very High
CONV00868,U5568,51667.89,05-08-2025,10.852611138565477,630.0,1,Very High
CONV00869,U2280,47515.58,04-08-2025,10.768833981749614,747.0,1,Very High
CONV00870,U1044,36002.24,10-11-2025,10.49136421338849,1051.0,0,Very High
CONV00871,U9059,51910.08,04/16/2025,10.857287533844687,619.0,1,Very High
CONV00872,U4651,49723.06,04/18/2025,10.814244199571645,678.0,1,Very High
CONV00873,U6732,10338.46,08-02-2025,9.243722922327306,1748.0,0,Very High
CONV00874,U2129,61478.79,05-07-2025,11.026463781901741,343.0,1,Very High
CONV00875,U3326,34827.51,09/21/2025,10.458191583231669,1085.0,0,Very High
CONV00876,U4045,43015.26,10-12-2025,10.669333462733848,859.0,1,Very High
CONV00877,U7477,53589.86,07-06-2025,10.889133810130238,571.0,1,Very High
CONV00878,U7080,49686.69,09/14/2025,10.813512495288748,680.0,1,Very High
CONV00879,U4486,50249.28,11/20/2025,10.824771398045101,669.0,1,Very High
CONV00880,U1254,58628.67,03-08-2025,10.978996161424597,415.0,1,Very High
CONV00881,U0438,50914.94,02/21/2025,10.83793131657813,654.0,1,Very High
CONV00882,U0619,53400.64,01-10-2025,10.885596736087182,577.0,1,Very High
CONV00883,U8986,71288.87,12-07-2025,11.174509520572348,87.0,1,Very High
CONV00884,U1647,40448.04,04/13/2025,10.607798189201297,942.0,1,Very High
CONV00885,U7220,53795.12,07/31/2025,10.89295662459007,568.0,1,Very High
CONV00886,U8567,49758.0,11/28/2025,10.814946630748102,677.0,1,Very High
CONV00887,U0798,19290.21,08-11-2025,9.867404830733983,1494.0,0,Very High
CONV00888,U5524,5440.48,05-09-2025,8.601806361672226,1880.0,0,Very High
CONV00889,U1765,47288.9,07-06-2025,10.764052021023717,751.0,1,Very High
CONV00890,U1735,1863.34,07/22/2025,7.530662382045529,1970.0,0,Very High
CONV00891,U4563,4012.47,12/27/2025,8.297411482771054,1918.0,0,Very High
CONV00892,U8785,71958.33,11-07-2025,11.183856377292942,70.0,1,Very High
CONV00893,U2178,57307.44,07-12-2025,10.956203186794914,460.0,1,Very High
CONV00894,U9586,48313.95,08/25/2025,10.785496315557577,722.0,1,Very High
CONV00895,U2033,32565.96,06/15/2025,10.391053556486991,1153.0,0,Very High
CONV00896,U2485,3564.57,08-10-2025,8.17907920786574,1927.0,0,Very High
CONV00897,U0649,61093.76,10/18/2025,11.020181380434535,355.0,1,Very High
CONV00898,U8837,60257.79,02/19/2025,11.006403732827865,373.0,1,Very High
CONV00899,U0100,71559.34,02-04-2025,11.178296288869054,83.0,1,Very High
CONV00900,U3349,32398.3,05/15/2025,10.385892096608758,1157.0,0,Very High
CONV00901,U9927,43549.32,06-07-2025,10.681672330129658,842.0,1,Very High
CONV00902,U6525,33522.18,07/29/2025,10.419992418831349,1126.0,0,Very High
CONV00903,U0325,6930.04,08/13/2025,8.843765153074322,1838.0,0,Very High
CONV00904,U4216,34430.02,07/26/2025,10.446713181220497,1099.0,0,Very High
CONV00905,U3207,1702.95,04-06-2025,7.44070436423575,1974.0,0,Very High
CONV00906,U6293,74073.51,09-10-2025,11.212826757502574,20.0,1,Very High
CONV00907,U3183,68546.64,09-04-2025,11.135284256972586,163.0,1,Very High
CONV00908,U0946,32235.0,12-07-2025,10.380839119444403,1166.0,0,Very High
CONV00909,U0463,11730.4,01-12-2026,9.370024286614289,1708.0,0,Very High
CONV00910,U2645,7603.71,01/29/2025,8.936523071158955,1817.0,0,Very High
CONV00911,U6930,52118.88,04-11-2025,10.861301728857006,615.0,1,Very High
CONV00912,U1457,58419.32,03-08-2025,10.975419053502902,424.0,1,Very High
CONV00913,U2760,5935.72,10-01-2025,8.688912071292258,1861.0,0,Very High
CONV00914,U2796,53025.51,04-07-2025,10.878547256160845,588.0,1,Very High
CONV00915,U3042,14317.66,05-07-2025,9.569318860717189,1642.0,0,Very High
CONV00916,U1790,22514.58,12-04-2025,10.021962793007916,1402.0,0,Very High
CONV00917,U7830,8235.08,09-07-2025,9.016279781553637,1801.0,0,Very High
CONV00918,U0119,74027.08,08-05-2025,11.212199759669232,22.0,1,Very High
CONV00919,U5515,26223.5,07/19/2025,10.174449367305813,1311.0,0,Very High
CONV00920,U5834,34676.25,07-11-2025,10.453839131325898,1090.0,0,Very High
CONV00921,U4579,34304.91,01/15/2026,10.443072921518535,1103.0,0,Very High
CONV00922,U5279,65602.52,02-03-2025,11.091384632029198,233.0,1,Very High
CONV00923,U1334,70654.71,07/13/2025,11.165574205795174,109.0,1,Very High
CONV00924,U2346,64367.6,10-10-2025,11.072381215548065,258.0,1,Very High
CONV00925,U8991,33886.78,08/31/2025,10.4308097564065,1114.0,0,Very High
CONV00926,U1466,2919.72,03/25/2025,7.97958544021009,1937.0,0,Very High
CONV00927,U7804,10829.91,12/27/2025,9.290159362319171,1733.0,0,Very High
CONV00928,U9842,28743.02,02/25/2025,10.266185024590497,1254.0,0,Very High
CONV00929,U4245,9020.14,03-11-2025,9.107325990879968,1778.0,0,Very High
CONV00930,U5135,874.64,07/15/2025,6.774955047565529,1996.0,0,High
CONV00931,U5981,50032.9,01-01-2026,10.82045605467212,671.0,1,Very High
CONV00932,U5177,17003.64,04-06-2025,9.741241526973157,1567.0,0,Very High
CONV00933,U0563,38051.56,11/25/2025,10.546723640921517,1010.0,0,Very High
CONV00934,U8111,5116.83,06/24/2025,8.540485800068028,1889.0,0,Very High
CONV00935,U0862,29841.74,04/28/2025,10.303696873158518,1218.0,0,Very High
CONV00936,U7757,6082.88,07/21/2025,8.713397929318788,1856.0,0,Very High
CONV00937,U6452,56605.78,03-09-2025,10.943884045003132,484.0,1,Very High
CONV00938,U2254,22362.81,08/19/2025,10.01519930631363,1406.0,0,Very High
CONV00939,U1671,71317.06,12/27/2025,11.174904870261066,86.0,1,Very High
CONV00940,U0860,25882.57,03/15/2025,10.161363683459967,1321.0,0,Very High
CONV00941,U3947,51832.82,08/22/2025,10.855798110956764,624.0,1,Very High
CONV00942,U1469,21184.78,09/15/2025,9.961085480886533,1442.0,0,Very High
CONV00943,U8016,38598.82,11/25/2025,10.561002892229615,995.0,1,Very High
CONV00944,U9714,74996.6,04/25/2025,11.225211392006436,1.0,1,Very High
CONV00945,U8807,52780.08,04/17/2025,10.873908072144289,595.0,1,Very High
CONV00946,U8831,56659.38,12/30/2025,10.94483048003339,480.0,1,Very High
CONV00947,U7328,10314.59,06/16/2025,9.241411622124563,1751.0,0,Very High
CONV00948,U1387,27744.3,03/22/2025,10.2308217354606,1276.0,0,Very High
CONV00949,U8511,33785.32,06/18/2025,10.427811265816498,1117.0,0,Very High
CONV00950,U3439,61617.42,12/26/2025,11.028716130796282,337.0,1,Very High
CONV00951,U2199,44689.9,11/13/2025,10.707525180458212,813.0,1,Very High
CONV00952,U4271,12876.46,07/29/2025,9.463233775241944,1677.0,0,Very High
CONV00953,U8781,55151.12,05-05-2025,10.917850464559328,528.0,1,Very High
CONV00954,U9912,12146.73,04/19/2025,9.404897600037838,1701.0,0,Very High
CONV00955,U2042,41466.38,10-02-2025,10.632662373043491,919.0,1,Very High
CONV00956,U2398,8022.56,05-03-2025,8.990137492644731,1807.0,0,Very High
CONV00957,U9648,26655.84,09/26/2025,10.190801057075099,1296.0,0,Very High
CONV00958,U2798,26379.09,07-05-2025,10.180364837940997,1304.0,0,Very High
CONV00959,U9705,51734.38,03/29/2025,10.853897159136267,626.0,1,Very High
CONV00960,U0867,58481.46,12/15/2025,10.9764821592024,421.0,1,Very High
CONV00961,U7679,71481.76,10-01-2025,11.17721158072715,85.0,1,Very High
CONV00962,U5124,6444.46,02/23/2025,8.77113128598383,1847.0,0,Very High
CONV00963,U9080,51019.71,10-09-2025,10.839986907710303,653.0,1,Very High
CONV00964,U8723,1782.09,12/30/2025,7.486103093313854,1972.0,0,Very High
CONV00965,U8653,45847.48,01/16/2026,10.733097325553842,782.0,1,Very High
CONV00966,U2185,32137.12,10-03-2025,10.377798143492294,1171.0,0,Very High
CONV00967,U8833,36622.0,03-10-2025,10.50843173731979,1037.0,0,Very High
CONV00968,U8447,46617.84,02-03-2025,10.749760030255302,763.0,1,Very High
CONV00969,U5799,66847.08,03-01-2025,11.11017786110043,201.0,1,Very High
CONV00970,U1389,12163.02,10-01-2025,9.406237692991892,1700.0,0,Very High
CONV00971,U6133,66995.36,06/20/2025,11.112393568539055,197.0,1,Very High
CONV00972,U2292,1181.42,07/29/2025,7.075318464800547,1989.0,0,Very High
CONV00973,U6899,50215.71,07/19/2025,10.82410311881728,670.0,1,Very High
CONV00974,U8120,24872.91,01-09-2026,10.121574741971232,1344.0,0,Very High
CONV00975,U0347,37875.07,03/30/2025,10.542074793237706,1013.0,0,Very High
CONV00976,U0132,21705.09,08/13/2025,9.985348145316355,1426.0,0,Very High
CONV00977,U4088,20317.16,06/15/2025,9.91927034641131,1468.0,0,Very High
CONV00978,U8231,74446.96,11/27/2025,11.217855636796514,7.0,1,Very High
CONV00979,U3149,46522.7,03/18/2025,10.747717139153384,765.0,1,Very High
CONV00980,U3792,36330.24,05-10-2025,10.500433256204483,1041.0,0,Very High
CONV00981,U4597,19087.43,07/27/2025,9.85683767132621,1502.0,0,Very High
CONV00982,U3474,68204.79,05/30/2025,11.13028473758868,167.0,1,Very High
CONV00983,U1828,51459.88,03/15/2025,10.848577186350228,638.0,1,Very High
CONV00984,U8665,49030.94,11-12-2025,10.800227201474168,698.0,1,Very High
CONV00985,U1972,66390.08,02/17/2025,11.103317989091058,215.0,1,Very High
CONV00986,U8956,54607.29,12-07-2025,10.907940981709592,549.0,1,Very High
CONV00987,U6852,66950.31,11-02-2025,11.111720917768816,199.0,1,Very High
CONV00988,U7146,39639.39,03-06-2025,10.587603826942448,967.0,1,Very High
CONV00989,U4746,59733.48,02/15/2025,10.99766468709918,383.0,1,Very High
CONV00990,U1229,38563.92,04-12-2025,10.560098333946137,996.0,1,Very High
CONV00991,U2622,52481.6,11/17/2025,10.868236965073699,605.0,1,Very High
CONV00992,U4972,20687.22,04/26/2025,9.937319735139164,1456.0,0,Very High
CONV00993,U2428,65598.67,05/24/2025,11.091325944431723,234.0,1,Very High
CONV00994,U9915,71022.27,08-05-2025,11.17076284880518,99.0,1,Very High
CONV00995,U4832,61332.23,07-12-2025,11.024077063138986,346.0,1,Very High
CONV00996,U8805,54403.22,12/25/2025,10.904197003364775,554.0,1,Very High
CONV00997,U3378,20707.92,09-02-2025,9.938319804309414,1455.0,0,Very High
CONV00998,U6040,37575.12,03/31/2025,10.534124021229516,1019.0,0,Very High
CONV00999,U4622,66480.04,02-06-2025,11.104672073209613,210.0,1,Very High
CONV01000,U6987,48650.07,05/18/2025,10.792429081205794,714.0,1,Very High
CONV01001,U9885,2288.16,03/19/2025,7.73594021702915,1961.0,0,Very High
CONV01002,U4386,1752.15,04/14/2025,7.469169448858939,1973.0,0,Very High
CONV01003,U1393,57155.62,05-12-2025,10.953550498035101,464.0,1,Very High
CONV01004,U0916,47340.82,10-09-2025,10.765149327618369,749.0,1,Very High
CONV01005,U6805,17405.22,03/21/2025,9.764582892589358,1558.0,0,Very High
CONV01006,U6304,67694.9,01-02-2026,11.122780895766605,180.0,1,Very High
CONV01007,U5855,9537.56,03-10-2025,9.163097809653005,1767.0,0,Very High
CONV01008,U5487,32324.42,12-02-2025,10.383609196595092,1159.0,0,Very High
CONV01009,U8180,20456.03,01-03-2026,9.926081867678375,1463.0,0,Very High
CONV01010,U7319,43654.83,10-02-2025,10.684092114777489,837.0,1,Very High
CONV01011,U6309,32219.53,07/22/2025,10.38035910600598,1168.0,0,Very High
CONV01012,U4029,37659.84,08-02-2025,10.536376106795108,1017.0,0,Very High
CONV01013,U9519,58412.0,08/29/2025,10.97529374678373,425.0,1,Very High
CONV01014,U0282,71852.97,08-03-2025,11.182391143982116,73.0,1,Very High
CONV01015,U4829,64108.42,09/22/2025,11.068346589989826,260.0,1,Very High
CONV01016,U1921,28776.47,12/23/2025,10.26734806830757,1253.0,0,Very High
CONV01017,U1209,12494.36,09-06-2025,9.433112654378618,1691.0,0,Very High
CONV01018,U6824,55959.18,04-10-2025,10.932395645357518,500.0,1,Very High
CONV01019,U7275,22042.6,12-01-2025,10.000777589311367,1413.0,0,Very High
CONV01020,U6495,34481.52,08/27/2025,10.448207807953857,1097.0,0,Very High
CONV01021,U2570,28783.84,06/19/2025,10.267604138643879,1252.0,0,Very High
CONV01022,U6428,45677.44,04-07-2025,10.729381693133787,791.0,1,Very High
CONV01023,U0896,15208.74,07/13/2025,9.62969129109014,1615.0,0,Very High
CONV01024,U2667,16484.31,10-05-2025,9.71022496030324,1580.0,0,Very High
CONV01025,U3938,42686.16,06-05-2025,10.661653451420518,881.0,1,Very High
CONV01026,U0139,37891.05,07-12-2025,10.5424966065343,1011.0,0,Very High
CONV01027,U5429,8249.46,08/22/2025,9.018024235350088,1800.0,0,Very High
CONV01028,U0613,51416.26,05/31/2025,10.847729192741209,642.0,1,Very High
CONV01029,U2308,74426.7,04-12-2025,11.21758346335829,8.0,1,Very High
CONV01030,U7060,51453.36,01/28/2025,10.84845048014017,639.0,1,Very High
CONV01031,U8152,57649.06,02/28/2025,10.96214656645989,454.0,1,Very High
CONV01032,U4844,43556.0,04-04-2025,10.681825704151798,841.0,1,Very High
CONV01033,U4195,11178.21,08/18/2025,9.321811082316177,1722.0,0,Very High
CONV01034,U6702,33481.46,11/30/2025,10.41877699860664,1127.0,0,Very High
CONV01035,U0700,55772.42,11/21/2025,10.929052690795496,506.0,1,Very High
CONV01036,U9342,29575.56,08-07-2025,10.294737434708248,1227.0,0,Very High
CONV01037,U1788,8794.86,03/15/2025,9.082036435222383,1783.0,0,Very High
CONV01038,U5611,52895.1,11/21/2025,10.876084891121081,591.0,1,Very High
CONV01039,U2385,42939.34,12/13/2025,10.667566989426575,863.0,1,Very High
CONV01040,U0887,51512.61,04/27/2025,10.849601323582835,634.0,1,Very High
CONV01041,U6637,53631.34,03-10-2025,10.889907523320467,570.0,1,Very High
CONV01042,U0881,72279.92,02/26/2025,11.188315472904076,63.0,1,Very High
CONV01043,U2633,68510.38,01-10-2026,11.134755141838887,164.0,1,Very High
CONV01044,U1275,11487.82,12/29/2025,9.349129667570741,1715.0,0,Very High
CONV01045,U5185,20263.1,03/23/2025,9.916606126529185,1472.0,0,Very High
CONV01046,U1597,73443.12,02-01-2025,11.204280123938679,37.0,1,Very High
CONV01047,U3132,28241.53,12/25/2025,10.24858427682943,1263.0,0,Very High
CONV01048,U8178,31221.22,12-10-2025,10.348885299805284,1194.0,0,Very High
CONV01049,U7518,41791.95,08/13/2025,10.64048294400102,909.0,1,Very High
CONV01050,U7168,46812.96,12/20/2025,10.753936728024232,758.0,1,Very High
CONV01051,U6739,56565.7,03/24/2025,10.943175751829227,485.0,1,Very High
CONV01052,U4750,58433.36,08/21/2025,10.975659351967073,423.0,1,Very High
CONV01053,U7602,59009.16,08-12-2025,10.985464911452386,407.0,1,Very High
CONV01054,U4334,18685.41,07-05-2025,9.835551800672715,1517.0,0,Very High
CONV01055,U8503,13403.0,11/22/2025,9.5033084488572,1666.0,0,Very High
CONV01056,U6445,10318.64,02/16/2025,9.241804154706172,1750.0,0,Very High
CONV01057,U2596,53469.34,08/16/2025,10.886882386628377,574.0,1,Very High
CONV01058,U4264,15879.38,10/13/2025,9.672839663985854,1597.0,0,Very High
CONV01059,U8908,2627.77,03-05-2025,7.8742713351667595,1949.0,0,Very High
CONV01060,U3634,63153.92,06/25/2025,11.053346034482548,291.0,1,Very High
CONV01061,U0380,8428.88,12-07-2025,9.03953781601914,1796.0,0,Very High
CONV01062,U1521,27583.75,03-07-2025,10.225018362768962,1282.0,0,Very High
CONV01063,U1206,16364.47,09/20/2025,9.702928906351778,1584.0,0,Very High
CONV01064,U4895,42871.58,01/25/2025,10.665987739726578,871.0,1,Very High
CONV01065,U9831,39489.82,10/15/2025,10.58382351881568,970.0,1,Very High
CONV01066,U8385,27843.14,04/17/2025,10.234377810289134,1271.0,0,Very High
CONV01067,U2074,15543.39,05/20/2025,9.651455080809432,1606.0,0,Very High
CONV01068,U7145,15084.27,09/25/2025,9.621474050007727,1621.0,0,Very High
CONV01069,U9563,59711.9,11/27/2025,10.997303356440696,384.0,1,Very High
CONV01070,U5223,29191.16,11/21/2025,10.28165545905495,1233.0,0,Very High
CONV01071,U8379,22540.41,06-05-2025,10.023109341094221,1401.0,0,Very High
CONV01072,U7036,6143.55,04/27/2025,8.723320789050158,1855.0,0,Very High
CONV01073,U0179,42884.6,06/28/2025,10.666291384232562,868.0,1,Very High
CONV01074,U8639,21395.1,05-11-2025,9.970963941411016,1431.0,0,Very High
CONV01075,U5207,4437.24,06/28/2025,8.398013180444055,1904.0,0,Very High
CONV01076,U2804,29177.18,11/22/2025,10.281176448644274,1236.0,0,Very High
CONV01077,U0077,63241.98,09-06-2025,11.054739412287834,285.0,1,Very High
CONV01078,U1138,60336.62,09/21/2025,11.007711068779699,372.0,1,Very High
CONV01079,U5132,29954.56,10-02-2025,10.307470229052011,1215.0,0,Very High
CONV01080,U1684,62040.15,01/19/2025,11.035553153546788,319.0,1,Very High
CONV01081,U3132,70107.69,08-04-2025,11.157802031102756,120.0,1,Very High
CONV01082,U1230,46246.74,06-10-2025,10.74176787688178,772.0,1,Very High
CONV01083,U7549,64745.7,03/27/2025,11.078238013012045,248.0,1,Very High
CONV01084,U8645,49849.22,05-12-2025,10.816778188619965,675.0,1,Very High
CONV01085,U1357,65560.77,07/21/2025,11.090748030662938,236.0,1,Very High
CONV01086,U3482,35510.16,01/19/2025,10.477602292257991,1068.0,0,Very High
CONV01087,U8645,70870.32,10/13/2025,11.16862111728345,102.0,1,Very High
CONV01088,U3585,65188.52,07/22/2025,11.085053998798978,240.0,1,Very High
CONV01089,U5033,11686.26,11/20/2025,9.366254638626742,1711.0,0,Very High
CONV01090,U3065,49895.0,05/31/2025,10.817696118205959,674.0,1,Very High
CONV01091,U3475,32740.5,03/29/2025,10.396398665391816,1147.0,0,Very High
CONV01092,U6268,14816.64,08-10-2025,9.603573641904855,1630.0,0,Very High
CONV01093,U1789,19234.11,12/18/2025,9.864492533911921,1497.0,0,Very High
CONV01094,U1079,17565.03,10/19/2025,9.773722202320304,1556.0,0,Very High
CONV01095,U4396,59090.28,09/22/2025,10.986838645976826,404.0,1,Very High
CONV01096,U3033,36149.31,09/24/2025,10.495440802930501,1048.0,0,Very High
CONV01097,U7459,35989.1,03/24/2025,10.490999179618813,1053.0,0,Very High
CONV01098,U9733,824.73,07/27/2025,6.716267843571888,1998.0,0,High
CONV01099,U4763,13172.37,05-01-2025,9.485952646590631,1674.0,0,Very High
CONV01100,U8941,19575.1,05/26/2025,9.882064713405333,1486.0,0,Very High
CONV01101,U9761,51669.48,09/28/2025,10.852641910961324,629.0,1,Very High
CONV01102,U5853,43635.63,10-04-2025,10.683652214233739,838.0,1,Very High
CONV01103,U1769,41210.04,06/19/2025,10.626461460607485,927.0,1,Very High
CONV01104,U5427,70936.04,07/28/2025,11.169548002055336,100.0,1,Very High
CONV01105,U2015,72635.37,09-04-2025,11.19322103955955,57.0,1,Very High
CONV01106,U2411,39596.58,09-05-2025,10.5865232842641,968.0,1,Very High
CONV01107,U4829,16886.4,02-03-2025,9.734323060711322,1570.0,0,Very High
CONV01108,U5772,19418.94,12/16/2025,9.874055652242191,1488.0,0,Very High
CONV01109,U2338,68930.79,04/20/2025,11.140872743916237,154.0,1,Very High
CONV01110,U6329,8036.8,08/13/2025,8.991910692888194,1806.0,0,Very High
CONV01111,U5284,57748.78,11-01-2025,10.963874818852974,452.0,1,Very High
CONV01112,U4872,41277.93,10/30/2025,10.628107479276865,924.0,1,Very High
CONV01113,U8255,35527.12,12/30/2025,10.478079774583888,1066.0,0,Very High
CONV01114,U0433,11188.48,09-02-2025,9.322729330163648,1719.0,0,Very High
CONV01115,U8901,56833.63,10/29/2025,10.947901102026602,475.0,1,Very High
CONV01116,U7541,20810.47,02/17/2025,9.943259556008664,1450.0,0,Very High
CONV01117,U7889,5269.22,01-12-2026,8.56982738639463,1884.0,0,Very High
CONV01118,U3360,55726.48,10-07-2025,10.928228661525786,509.0,1,Very High
CONV01119,U0106,15651.96,09-08-2025,9.658415315464271,1602.0,0,Very High
CONV01120,U4051,2580.74,05-01-2025,7.856218869202286,1951.0,0,Very High
CONV01121,U3016,61760.22,05/22/2025,11.031030938389563,334.0,1,Very High
CONV01122,U0355,56036.44,04-12-2025,10.933775317751545,498.0,1,Very High
CONV01123,U4752,71962.54,06/13/2025,11.18391488085115,69.0,1,Very High
CONV01124,U7602,2826.82,08/16/2025,7.947261375768701,1941.0,0,Very High
CONV01125,U7283,35492.1,02/14/2025,10.477093590374766,1069.0,0,Very High
CONV01126,U3454,29753.85,06/30/2025,10.300747422896695,1221.0,0,Very High
CONV01127,U5559,59162.24,09-01-2025,10.988055682059374,397.0,1,Very High
CONV01128,U9927,53356.14,12/20/2025,10.88476308095217,578.0,1,Very High
CONV01129,U5704,30730.22,10/28/2025,10.33303435495477,1201.0,0,Very High
CONV01130,U8183,57173.26,01-07-2026,10.953859076087504,463.0,1,Very High
CONV01131,U1055,9249.67,02/28/2025,9.1324512603158,1772.0,0,Very High
CONV01132,U2852,34126.1,06/18/2025,10.437847069055385,1106.0,0,Very High
CONV01133,U4688,12785.14,05/22/2025,9.456117050742716,1681.0,0,Very High
CONV01134,U1577,11186.78,04/15/2025,9.322577390202879,1720.0,0,Very High
CONV01135,U3037,54825.04,01-01-2026,10.911920542554416,540.0,1,Very High
CONV01136,U5769,42233.28,07-06-2025,10.650987492543813,894.0,1,Very High
CONV01137,U9325,39155.58,02/13/2025,10.575323758816308,979.0,1,Very High
CONV01138,U0370,62240.02,05-07-2025,11.038769546892796,316.0,1,Very High
CONV01139,U3956,23933.78,10-12-2025,10.08308791022389,1370.0,0,Very High
CONV01140,U0492,20120.42,01/27/2025,9.909540198264024,1477.0,0,Very High
CONV01141,U1022,60570.4,05/19/2025,11.011578113460557,369.0,1,Very High
CONV01142,U9801,41693.32,12-10-2025,10.638120187478153,912.0,1,Very High
CONV01143,U8317,32790.03,05-05-2025,10.397910281361206,1144.0,0,Very High
CONV01144,U8753,51506.94,11-08-2025,10.849491249525403,635.0,1,Very High
CONV01145,U2052,41553.7,08-12-2025,10.634765910613215,917.0,1,Very High
CONV01146,U7153,7580.33,01/30/2025,8.93344392498623,1818.0,0,Very High
CONV01147,U4095,10158.66,02-04-2025,9.226180256005593,1754.0,0,Very High
CONV01148,U4791,36293.58,03-11-2025,10.499423697810135,1043.0,0,Very High
CONV01149,U5849,23226.88,05-04-2025,10.053108560299846,1381.0,0,Very High
CONV01150,U5225,8500.08,01-04-2026,9.047948493230649,1792.0,0,Very High
CONV01151,U2247,55836.72,09/30/2025,10.93020490565709,504.0,1,Very High
CONV01152,U7214,2330.76,12/25/2025,7.7543786262222,1957.0,0,Very High
CONV01153,U0979,37530.3,06/19/2025,10.532930530484654,1021.0,0,Very High
CONV01154,U3022,4630.27,12/13/2025,8.440586407523602,1897.0,0,Very High
CONV01155,U4302,2780.37,11/22/2025,7.930698891051201,1942.0,0,Very High
CONV01156,U6359,74323.67,12/31/2025,11.216198207896806,10.0,1,Very High
CONV01157,U4262,56113.32,04/23/2025,10.93514631740491,497.0,1,Very High
CONV01158,U1402,25811.78,05/20/2025,10.158624997102182,1325.0,0,Very High
CONV01159,U9962,42956.74,01/17/2025,10.667972120722595,860.0,1,Very High
CONV01160,U7643,48102.42,02-05-2025,10.781108555437337,729.0,1,Very High
CONV01161,U9035,14100.44,07-04-2025,9.554032198811159,1645.0,0,Very High
CONV01162,U2407,18025.94,12-03-2025,9.799622584655676,1537.0,0,Very High
CONV01163,U5200,17675.46,02/21/2025,9.77998908989934,1551.0,0,Very High
CONV01164,U8855,26717.43,01/25/2025,10.193108868439264,1294.0,0,Very High
CONV01165,U5338,61834.95,11-02-2025,11.032240189525433,330.0,1,Very High
CONV01166,U9945,67381.38,07/15/2025,11.118138838390756,190.0,1,Very High
CONV01167,U4766,8637.74,03/24/2025,9.064012017830054,1788.0,0,Very High
CONV01168,U5637,44014.46,05-12-2025,10.692296214823015,829.0,1,Very High
CONV01169,U9264,41456.3,09/28/2025,10.632419260859045,920.0,1,Very High
CONV01170,U9947,39384.94,09-09-2025,10.581164178807038,973.0,1,Very High
CONV01171,U3983,24125.12,07-08-2025,10.091050350000051,1362.0,0,Very High
CONV01172,U9183,27650.55,10-01-2025,10.227437063245482,1280.0,0,Very High
CONV01173,U8809,44168.08,05-10-2025,10.695780275756945,825.0,1,Very High
CONV01174,U6693,43518.87,08/24/2025,10.68097289439301,845.0,1,Very High
CONV01175,U4316,35637.12,10/14/2025,10.481171130474014,1058.0,0,Very High
CONV01176,U2169,29567.48,10-04-2025,10.294464208075878,1228.0,0,Very High
CONV01177,U1951,45950.24,06/25/2025,10.735336113273911,779.0,1,Very High
CONV01178,U7369,36175.12,08/16/2025,10.49615451162857,1047.0,0,Very High
CONV01179,U1373,44783.84,04-09-2025,10.70962496827815,810.0,1,Very High
CONV01180,U4577,37377.04,02/20/2025,10.52883864517789,1026.0,0,Very High
CONV01181,U4674,56979.54,07/15/2025,10.95046508501647,469.0,1,Very High
CONV01182,U9424,26540.42,11/17/2025,10.18646181059959,1300.0,0,Very High
CONV01183,U4727,8629.36,05/20/2025,9.063041498155286,1789.0,0,Very High
CONV01184,U2767,3701.07,02-12-2025,8.216647401652677,1924.0,0,Very High
CONV01185,U6055,32417.82,04/29/2025,10.386494397341643,1156.0,0,Very High
CONV01186,U1966,20281.95,09-12-2025,9.917535910637177,1470.0,0,Very High
CONV01187,U3645,38399.22,02/16/2025,10.555818467726073,1001.0,0,Very High
CONV01188,U5158,69978.33,02/14/2025,11.155955191711799,123.0,1,Very High
CONV01189,U0584,19009.1,12-09-2025,9.852725695857908,1505.0,0,Very High
CONV01190,U7939,21733.02,04-12-2025,9.986634053839545,1425.0,0,Very High
CONV01191,U8040,53466.8,10/14/2025,10.88683488252927,575.0,1,Very High
CONV01192,U3846,40136.75,12/23/2025,10.600072566967595,950.0,1,Very High
CONV01193,U6426,36461.2,11-06-2025,10.504031386511002,1038.0,0,Very High
CONV01194,U4054,13832.43,01-05-2026,9.534843405478071,1655.0,0,Very High
CONV01195,U2099,31341.21,09-12-2025,10.352721030335108,1191.0,0,Very High
CONV01196,U0997,50867.94,10/28/2025,10.83700780017097,657.0,1,Very High
CONV01197,U4397,25983.24,10-02-2025,10.16524547937195,1317.0,0,Very High
CONV01198,U8783,71129.92,05-05-2025,11.172277401708305,95.0,1,Very High
CONV01199,U6213,68482.96,03-12-2025,11.134354836246505,165.0,1,Very High
CONV01200,U8774,40525.64,05-09-2025,10.609714814631426,939.0,1,Very High
CONV01201,U9060,63527.04,06-01-2025,11.05923666221847,276.0,1,Very High
CONV01202,U2572,17827.89,06/18/2025,9.788575454292253,1543.0,0,Very High
CONV01203,U6566,20797.4,03-11-2025,9.942631339653754,1451.0,0,Very High
CONV01204,U0331,40971.07,02-06-2025,10.620645894038809,932.0,1,Very High
CONV01205,U9924,38792.4,06-09-2025,10.56600540804941,987.0,1,Very High
CONV01206,U9441,32642.94,09-06-2025,10.393414512577397,1149.0,0,Very High
CONV01207,U8737,2028.03,10-02-2025,7.615313125325183,1969.0,0,Very High
CONV01208,U9468,17984.58,01/24/2025,9.797325604706202,1538.0,0,Very High
CONV01209,U1371,16170.38,03/20/2025,9.690998292157827,1587.0,0,Very High
CONV01210,U7759,42822.96,10-02-2025,10.664853038017112,874.0,1,Very High
CONV01211,U2468,42724.44,02-01-2025,10.662549806350892,879.0,1,Very High
CONV01212,U8939,18253.65,09/27/2025,9.812175121076574,1532.0,0,Very High
CONV01213,U1722,28644.69,08/30/2025,10.262758274526036,1256.0,0,Very High
CONV01214,U7170,32245.53,03-05-2025,10.381165719535732,1165.0,0,Very High
CONV01215,U6544,33084.34,01/14/2025,10.40684556295373,1136.0,0,Very High
CONV01216,U2319,15931.29,06/17/2025,9.676103146495905,1594.0,0,Very High
CONV01217,U5410,53844.8,03/26/2025,10.893879685113841,565.0,1,Very High
CONV01218,U0092,15545.62,06-12-2025,9.651598530636493,1605.0,0,Very High
CONV01219,U9740,47998.5,04/19/2025,10.778945873169107,731.0,1,Very High
CONV01220,U4657,23451.96,08/26/2025,10.062751991921386,1379.0,0,Very High
CONV01221,U1270,55001.36,11-08-2025,10.915131372384948,532.0,1,Very High
CONV01222,U9623,43492.44,12/24/2025,10.680365401106918,849.0,1,Very High
CONV01223,U7757,58914.84,04/24/2025,10.983865263874875,410.0,1,Very High
CONV01224,U5298,38744.12,02/23/2025,10.564760091367082,990.0,1,Very High
CONV01225,U3945,58213.53,11-05-2025,10.971890258917956,431.0,1,Very High
CONV01226,U3505,21371.96,03/31/2025,9.969881850653916,1433.0,0,Very High
CONV01227,U1971,26602.4,10/13/2025,10.18879430615044,1299.0,0,Very High
CONV01228,U9172,14041.17,05-01-2025,9.54982022404144,1647.0,0,Very High
CONV01229,U9605,68394.78,07-07-2025,11.133066405800939,166.0,1,Very High
CONV01230,U4505,4010.86,12/17/2025,8.297010253158913,1919.0,0,Very High
CONV01231,U7714,37154.8,11/23/2025,10.522875161782192,1028.0,0,Very High
CONV01232,U2899,62679.28,03-12-2025,11.045802163594631,305.0,1,Very High
CONV01233,U4547,55505.92,04/20/2025,10.924262976646721,519.0,1,Very High
CONV01234,U6606,5315.14,08-08-2025,8.57850275507703,1883.0,0,Very High
CONV01235,U0730,51887.22,06-04-2025,10.856847068439437,621.0,1,Very High
CONV01236,U5746,42936.87,03/24/2025,10.667509466103706,864.0,1,Very High
CONV01237,U2991,44642.77,03/16/2025,10.706470046894223,814.0,1,Very High
CONV01238,U1332,51306.12,06-06-2025,10.845584812951225,647.0,1,Very High
CONV01239,U4704,42704.22,04/15/2025,10.662076439988567,880.0,1,Very High
CONV01240,U4250,7611.6,01-04-2026,8.93756004822087,1816.0,0,Very High
CONV01241,U2794,12311.04,02-06-2025,9.418332924376335,1696.0,0,Very High
CONV01242,U4730,72660.42,05-04-2025,11.193565848661576,56.0,1,Very High
CONV01243,U7663,9310.89,06-04-2025,9.139047357186671,1771.0,0,Very High
CONV01244,U9237,67669.67,07/23/2025,11.122408130167356,181.0,1,Very High
CONV01245,U5484,8190.42,07/21/2025,9.010842543991545,1802.0,0,Very High
CONV01246,U7193,43515.42,11/25/2025,10.680893617116789,847.0,1,Very High
CONV01247,U5536,23037.87,10-04-2025,10.044938068468186,1387.0,0,Very High
CONV01248,U9462,12928.94,07/30/2025,9.467300831383907,1675.0,0,Very High
CONV01249,U2287,59301.28,03-09-2025,10.9904030328133,393.0,1,Very High
CONV01250,U2709,11701.2,09/21/2025,9.367532137297669,1710.0,0,Very High
CONV01251,U7153,12194.74,03-05-2025,9.408841989415833,1698.0,0,Very High
CONV01252,U9009,16527.53,01-02-2026,9.712843257641032,1579.0,0,Very High
CONV01253,U6351,70193.24,03/19/2025,11.159021535365461,118.0,1,Very High
CONV01254,U1175,55726.86,07/15/2025,10.928235480400502,508.0,1,Very High
CONV01255,U5936,868.17,07/13/2025,6.7675387332905474,1997.0,0,High
CONV01256,U0725,7644.14,05-01-2025,8.941825430818119,1815.0,0,Very High
CONV01257,U7876,14079.21,01/30/2025,9.552525544373536,1646.0,0,Very High
CONV01258,U6627,10308.91,01/23/2025,9.240860847583962,1752.0,0,Very High
CONV01259,U6582,32304.86,08/28/2025,10.383003916903984,1162.0,0,Very High
CONV01260,U5490,59072.98,10/14/2025,10.986545835718996,405.0,1,Very High
CONV01261,U9670,61103.01,06-05-2025,11.02033277312069,354.0,1,Very High
CONV01262,U8022,66770.56,09/14/2025,11.109032520365117,204.0,1,Very High
CONV01263,U8893,27248.75,05/17/2025,10.212799625737379,1287.0,0,Very High
CONV01264,U5854,30168.93,01/24/2025,10.3146010119648,1208.0,0,Very High
CONV01265,U8085,72910.06,08/31/2025,11.196995621166883,51.0,1,Very High
CONV01266,U5351,45994.5,08-02-2025,10.736298844598991,777.0,1,Very High
CONV01267,U4948,14406.82,08/28/2025,9.575526393718341,1641.0,0,Very High
CONV01268,U1908,74622.69,04/28/2025,11.220213296101962,5.0,1,Very High
CONV01269,U9394,70209.26,09-08-2025,11.159249733180623,117.0,1,Very High
CONV01270,U2970,1125.04,12/20/2025,7.02646233204736,1991.0,0,Very High
CONV01271,U9816,17183.28,11/22/2025,9.75175029140303,1562.0,0,Very High
CONV01272,U9984,47881.88,09-03-2025,10.776513308238888,733.0,1,Very High
CONV01273,U5238,35049.6,07/20/2025,10.4645480107185,1076.0,0,Very High
CONV01274,U4190,64032.66,08/25/2025,11.067164161585156,262.0,1,Very High
CONV01275,U3401,22417.86,10-09-2025,10.017657847875748,1404.0,0,Very High
CONV01276,U2732,32791.16,12-10-2025,10.39794474141111,1143.0,0,Very High
CONV01277,U6149,45828.8,10/30/2025,10.732689813539906,784.0,1,Very High
CONV01278,U9352,12564.48,06/22/2025,9.438708650601004,1687.0,0,Very High
CONV01279,U9819,27715.72,05/26/2025,10.229791120184426,1279.0,0,Very High
CONV01280,U8108,69397.86,08/31/2025,11.14762571984701,140.0,1,Very High
CONV01281,U7603,68115.6,12/14/2025,11.128976221610843,168.0,1,Very High
CONV01282,U0476,46020.68,11/29/2025,10.736867868790048,776.0,1,Very High
CONV01283,U5326,43020.98,11/24/2025,10.669466426867201,858.0,1,Very High
CONV01284,U6379,15082.59,11-08-2025,9.621362676889769,1622.0,0,Very High
CONV01285,U3274,5562.34,06/15/2025,8.623953926309401,1874.0,0,Very High
CONV01286,U7269,37890.96,05-07-2025,10.542494231363072,1012.0,0,Very High
CONV01287,U0113,30921.24,02-02-2025,10.33923094509675,1198.0,0,Very High
CONV01288,U1983,53821.24,11/21/2025,10.893442043630333,566.0,1,Very High
CONV01289,U5954,38733.32,08/13/2025,10.564481307729258,991.0,1,Very High
CONV01290,U9500,27959.98,03/20/2025,10.238565245805038,1267.0,0,Very High
CONV01291,U1592,6249.66,07/16/2025,8.74044233715516,1852.0,0,Very High
CONV01292,U5418,42941.16,09-07-2025,10.667609372915651,862.0,1,Very High
CONV01293,U9234,23519.72,07/27/2025,10.065637013788916,1376.0,0,Very High
CONV01294,U4832,52359.87,03/25/2025,10.865914835623,610.0,1,Very High
CONV01295,U3468,44129.43,11-03-2025,10.694904846154484,827.0,1,Very High
CONV01296,U6650,13402.95,09/13/2025,9.503304718620461,1667.0,0,Very High
CONV01297,U7951,39748.84,12-03-2025,10.590361094917144,960.0,1,Very High
CONV01298,U3383,45941.61,05/18/2025,10.735148287863932,780.0,1,Very High
CONV01299,U0200,15787.84,10/17/2025,9.6670586403332,1600.0,0,Very High
CONV01300,U1101,63610.47,06-05-2025,11.060549078979793,272.0,1,Very High
CONV01301,U4196,49072.44,04-11-2025,10.80107323055994,696.0,1,Very High
CONV01302,U4355,55925.96,11-02-2025,10.931801832682064,501.0,1,Very High
CONV01303,U3997,35222.15,11/13/2025,10.469458815870295,1073.0,0,Very High
CONV01304,U7241,8165.79,03-02-2025,9.00783120979149,1803.0,0,Very High
CONV01305,U7042,33616.16,03/19/2025,10.422791929866856,1121.0,0,Very High
CONV01306,U6672,47611.27,11/14/2025,10.770845780110976,743.0,1,Very High
CONV01307,U4329,21190.16,10/17/2025,9.961339392567222,1441.0,0,Very High
CONV01308,U7989,73095.81,01/19/2025,11.199540005934779,45.0,1,Very High
CONV01309,U4992,48112.82,03-07-2025,10.781324732913234,728.0,1,Very High
CONV01310,U8222,40132.17,06-09-2025,10.599958453413025,951.0,1,Very High
CONV01311,U2563,13504.47,04/14/2025,9.510850067546356,1664.0,0,Very High
CONV01312,U9753,17732.73,08-10-2025,9.783223754832509,1548.0,0,Very High
CONV01313,U5167,42574.02,09-12-2025,10.659022975290027,885.0,1,Very High
CONV01314,U2293,61526.08,08/28/2025,11.027232682083167,342.0,1,Very High
CONV01315,U0388,29143.66,07-01-2025,10.280026984602717,1237.0,0,Very High
CONV01316,U4489,12661.04,03/19/2025,9.446363820157682,1683.0,0,Very High
CONV01317,U6391,19301.07,01-07-2026,9.8679676230277,1492.0,0,Very High
CONV01318,U4523,69327.75,10-06-2025,11.146614962061031,144.0,1,Very High
CONV01319,U2487,43376.04,04-05-2025,10.677685547843494,852.0,1,Very High
CONV01320,U4272,22387.89,10/13/2025,10.016320132660447,1405.0,0,Very High
CONV01321,U7305,35523.24,05-04-2025,10.477970559351519,1067.0,0,Very High
CONV01322,U2299,32479.32,03/28/2025,10.38838964644383,1155.0,0,Very High
CONV01323,U6120,74677.35,02-08-2025,11.220945503142696,4.0,1,Very High
CONV01324,U1100,73086.39,03-04-2025,11.199411127437472,48.0,1,Very High
CONV01325,U9404,74476.52,09/21/2025,11.218252613867035,6.0,1,Very High
CONV01326,U5414,43460.37,02/21/2025,10.679627776553335,850.0,1,Very High
CONV01327,U9417,62245.53,05/31/2025,11.03885806980137,315.0,1,Very High
CONV01328,U9575,34738.18,01-02-2026,10.455623435601723,1087.0,0,Very High
CONV01329,U3378,2697.16,06/26/2025,7.9003253381968825,1946.0,0,Very High
CONV01330,U5167,15726.33,05-03-2025,9.663155242293412,1601.0,0,Very High
CONV01331,U2250,71140.02,08/14/2025,11.172419383324877,94.0,1,Very High
CONV01332,U7186,57995.54,08-11-2025,10.968138632576702,439.0,1,Very High
CONV01333,U1994,70596.66,04/17/2025,11.164752278456122,110.0,1,Very High
CONV01334,U8306,38523.6,08-03-2025,10.559052277266147,997.0,1,Very High
CONV01335,U1640,62862.69,07/14/2025,11.048724010505858,298.0,1,Very High
CONV01336,U7723,48816.45,01/19/2025,10.795843109891257,708.0,1,Very High
CONV01337,U8498,35633.6,03/22/2025,10.48107235495365,1059.0,0,Very High
CONV01338,U6798,13716.84,04-07-2025,9.526452454483447,1662.0,0,Very High
CONV01339,U2661,23475.32,02-05-2025,10.063747532527563,1378.0,0,Very High
CONV01340,U5433,55320.1,01/19/2025,10.920909669890476,525.0,1,Very High
CONV01341,U2782,26638.48,03/29/2025,10.190149604944297,1298.0,0,Very High
CONV01342,U6801,64376.0,10/27/2025,11.072511705444603,257.0,1,Very High
CONV01343,U2101,27894.51,07-04-2025,10.236221022958889,1270.0,0,Very High
CONV01344,U3216,10388.22,04-05-2025,9.248524009090422,1746.0,0,Very High
CONV01345,U4626,17547.09,11/16/2025,9.772700391062559,1557.0,0,Very High
CONV01346,U8469,67540.26,11-02-2025,11.120493949377034,184.0,1,Very High
CONV01347,U6309,15443.79,11/25/2025,9.645027008627032,1608.0,0,Very High
CONV01348,U2653,43227.44,08-07-2025,10.674253890959207,854.0,1,Very High
CONV01349,U7426,33409.83,12-08-2025,10.416635377903642,1128.0,0,Very High
CONV01350,U4183,41505.88,07/15/2025,10.633614475610814,918.0,1,Very High
CONV01351,U6989,10122.44,12-02-2025,9.222608806030037,1755.0,0,Very High
CONV01352,U5696,41832.42,07-07-2025,10.641450820596868,907.0,1,Very High
CONV01353,U3193,58361.42,03/20/2025,10.974427468535053,427.0,1,Very High
CONV01354,U8603,40804.7,02/16/2025,10.616577056516649,936.0,1,Very High
CONV01355,U3708,32233.17,03/25/2025,10.38078234900311,1167.0,0,Very High
CONV01356,U6902,10856.9,10-01-2025,9.29264820462376,1730.0,0,Very High
CONV01357,U5106,44853.38,04/19/2025,10.711176521581502,807.0,1,Very High
CONV01358,U3973,31861.44,08-07-2025,10.36918316559119,1176.0,0,Very High
CONV01359,U2301,55669.38,08/24/2025,10.927203507092823,513.0,1,Very High
CONV01360,U0177,23853.68,11/26/2025,10.079735703481697,1372.0,0,Very High
CONV01361,U8868,5977.41,12-03-2025,8.695909925303026,1860.0,0,Very High
CONV01362,U1849,44184.66,12/15/2025,10.696155581036427,824.0,1,Very High
CONV01363,U9815,63859.94,07/20/2025,11.06446318585978,267.0,1,Very High
CONV01364,U4520,25165.6,05/30/2025,10.133272997558874,1336.0,0,Very High
CONV01365,U3978,44638.02,11/17/2025,10.706363643409196,815.0,1,Very High
CONV01366,U6158,69449.3,11/19/2025,11.148366667827588,138.0,1,Very High
CONV01367,U1616,72529.68,10/29/2025,11.191764923744365,59.0,1,Very High
CONV01368,U5691,34960.17,12/25/2025,10.461993296028693,1079.0,0,Very High
CONV01369,U0421,2542.73,05/21/2025,7.841386786752134,1952.0,0,Very High
CONV01370,U7482,51463.62,05/21/2025,10.848649860274604,637.0,1,Very High
CONV01371,U4312,57982.56,04-10-2025,10.96791480107364,442.0,1,Very High
CONV01372,U8190,46517.9,03-10-2025,10.74761396060927,766.0,1,Very High
CONV01373,U6653,48231.02,07-04-2025,10.78377839483162,723.0,1,Very High
CONV01374,U5522,12571.89,08/18/2025,9.439298187648523,1686.0,0,Very High
CONV01375,U9183,13959.68,06/20/2025,9.54400008573176,1650.0,0,Very High
CONV01376,U6630,26007.18,05/26/2025,10.166166382907193,1315.0,0,Very High
CONV01377,U9341,33608.3,02/13/2025,10.422558093367483,1122.0,0,Very High
CONV01378,U3588,48856.22,05-12-2025,10.796657445935551,705.0,1,Very High
CONV01379,U7918,41678.53,08/31/2025,10.637765399972114,914.0,1,Very High
CONV01380,U9429,53225.88,07/29/2025,10.882318810885181,583.0,1,Very High
CONV01381,U5246,71888.26,10-08-2025,11.182882158420973,71.0,1,Very High
CONV01382,U1584,40500.48,09/20/2025,10.60909379563682,940.0,1,Very High
CONV01383,U9078,43388.74,04/26/2025,10.677978286610351,851.0,1,Very High
CONV01384,U2808,42255.45,01/13/2025,10.651512283855446,893.0,1,Very High
CONV01385,U1072,71090.82,06/14/2025,11.171727559946222,96.0,1,Very High
CONV01386,U6493,23754.52,05/13/2025,10.07557020350983,1374.0,0,Very High
CONV01387,U6671,44325.28,04-11-2025,10.699333008134031,823.0,1,Very High
CONV01388,U1961,40085.56,03-01-2025,10.59879639502053,953.0,1,Very High
CONV01389,U2970,37501.9,01/19/2025,10.532173542301768,1024.0,0,Very High
CONV01390,U6348,35974.75,08/24/2025,10.490600379349235,1054.0,0,Very High
CONV01391,U7052,14454.06,05/22/2025,9.578799805254699,1639.0,0,Very High
CONV01392,U8584,45757.34,05/29/2025,10.731129349171905,788.0,1,Very High
CONV01393,U0207,23490.09,01/28/2025,10.064376479300948,1377.0,0,Very High
CONV01394,U8163,73201.24,04-07-2025,11.200981300574096,42.0,1,Very High
CONV01395,U2909,61560.4,09/17/2025,11.027790329734506,340.0,1,Very High
CONV01396,U1766,44565.39,07-03-2025,10.704735266474458,816.0,1,Very High
CONV01397,U5528,62508.93,09/15/2025,11.043080703104403,307.0,1,Very High
CONV01398,U2317,59708.5,05-04-2025,10.997246415699244,385.0,1,Very High
CONV01399,U1619,49369.2,10/23/2025,10.807102282287847,690.0,1,Very High
CONV01400,U8952,24533.49,12-10-2025,10.107835161676617,1354.0,0,Very High
CONV01401,U1350,8495.66,09/26/2025,9.047428424080323,1793.0,0,Very High
CONV01402,U0904,71048.4,10-07-2025,11.171130688732376,98.0,1,Very High
CONV01403,U0786,72532.54,10/13/2025,11.191804354556462,58.0,1,Very High
CONV01404,U7108,13988.04,09/29/2025,9.546029444861864,1649.0,0,Very High
CONV01405,U5248,37524.18,02/25/2025,10.53276745329229,1023.0,0,Very High
CONV01406,U4759,61162.6,01/29/2025,11.021307520312007,351.0,1,Very High
CONV01407,U0734,19028.36,04-11-2025,9.853738328615881,1504.0,0,Very High
CONV01408,U4467,31629.63,08-11-2025,10.361881233900895,1180.0,0,Very High
CONV01409,U6480,34097.77,02-12-2025,10.437016592239825,1107.0,0,Very High
CONV01410,U1090,13176.97,04/27/2025,9.486301774949698,1673.0,0,Very High
CONV01411,U4665,57253.46,10/31/2025,10.955260822312264,461.0,1,Very High
CONV01412,U8491,8868.78,01/26/2025,9.090405272290283,1781.0,0,Very High
CONV01413,U3961,33279.56,08/16/2025,10.41272872171665,1131.0,0,Very High
CONV01414,U3448,1805.18,06/16/2025,7.498969396784514,1971.0,0,Very High
CONV01415,U0925,71051.48,08-05-2025,11.171174037912563,97.0,1,Very High
CONV01416,U0415,18998.88,08/30/2025,9.852187942339159,1506.0,0,Very High
CONV01417,U0930,31186.88,03/16/2025,10.347784836788383,1195.0,0,Very High
CONV01418,U6069,8456.59,01/27/2025,9.04281954204075,1795.0,0,Very High
CONV01419,U9289,47400.28,03/21/2025,10.766404511537969,748.0,1,Very High
CONV01420,U9364,51656.54,12-09-2025,10.85239144646839,631.0,1,Very High
CONV01421,U5655,69017.42,11/26/2025,11.142128704474583,153.0,1,Very High
CONV01422,U2857,12653.5,08-10-2025,9.445768162123612,1684.0,0,Very High
CONV01423,U8872,63130.05,05-08-2025,11.052968003569308,292.0,1,Very High
CONV01424,U7273,25831.75,08-08-2025,10.159398345773221,1323.0,0,Very High
CONV01425,U3129,54901.04,11/13/2025,10.913305785277208,538.0,1,Very High
CONV01426,U6141,29917.59,12-11-2025,10.306235305309515,1216.0,0,Very High
CONV01427,U6753,25822.98,02/24/2025,10.159058796596018,1324.0,0,Very High
CONV01428,U0391,42878.92,12/27/2025,10.666158930071301,870.0,1,Very High
CONV01429,U3241,35542.05,04/15/2025,10.478499916822143,1065.0,0,Very High
CONV01430,U1405,64772.01,01-12-2025,11.078644283229327,246.0,1,Very High
CONV01431,U3490,47024.96,06/17/2025,10.7584550686339,756.0,1,Very High
CONV01432,U4969,67635.66,02/25/2025,11.12190542272769,183.0,1,Very High
CONV01433,U2594,35615.4,10/23/2025,10.480561484919663,1060.0,0,Very High
CONV01434,U0646,28918.2,03/16/2025,10.272261013372798,1248.0,0,Very High
CONV01435,U9371,2224.37,04/19/2025,7.7076784729101675,1964.0,0,Very High
CONV01436,U2904,51044.96,04-09-2025,10.840481682361325,652.0,1,Very High
CONV01437,U4790,45508.83,01/25/2026,10.72568362556095,796.0,1,Very High
CONV01438,U4141,73666.2,05-07-2025,11.207312931624577,31.0,1,Very High
CONV01439,U5024,25810.7,05/23/2025,10.158583156487026,1326.0,0,Very High
CONV01440,U0175,29014.83,11/18/2025,10.27559682210907,1241.0,0,Very High
CONV01441,U6147,38809.38,07/16/2025,10.566443015605921,986.0,1,Very High
CONV01442,U4286,21661.86,10-12-2025,9.98335455246627,1427.0,0,Very High
CONV01443,U0377,6275.28,03/18/2025,8.74453272726181,1850.0,0,Very High
CONV01444,U1236,55435.38,01/15/2025,10.922991335916624,522.0,1,Very High
CONV01445,U5422,9806.9,12/29/2025,9.190943462365452,1761.0,0,Very High
CONV01446,U0063,16358.76,09-01-2025,9.702579940122483,1585.0,0,Very High
CONV01447,U8116,35588.88,11/29/2025,10.47981660676492,1063.0,0,Very High
CONV01448,U2882,65954.61,04/30/2025,11.096737218970446,225.0,1,Very High
CONV01449,U3065,30054.09,07-10-2025,10.310787309978844,1210.0,0,Very High
CONV01450,U3576,26348.36,08/14/2025,10.179199265249492,1307.0,0,Very High
CONV01451,U1060,26308.57,02/24/2025,10.17768803030519,1308.0,0,Very High
CONV01452,U0197,44419.29,01-10-2026,10.701451626017832,821.0,1,Very High
CONV01453,U7386,36423.33,07/18/2025,10.502992236934043,1039.0,0,Very High
CONV01454,U0700,35272.16,01-03-2026,10.470877613773025,1071.0,0,Very High
CONV01455,U6318,11102.84,08/13/2025,9.31504627342087,1724.0,0,Very High
CONV01456,U2831,16861.78,03/19/2025,9.732864105270664,1572.0,0,Very High
CONV01457,U8149,62361.03,08/16/2025,11.040711875560415,311.0,1,Very High
CONV01458,U7092,72705.67,08-12-2025,11.19418840621821,54.0,1,Very High
CONV01459,U4741,70792.84,04-08-2025,11.167527270246882,104.0,1,Very High
CONV01460,U2599,51541.27,07-06-2025,10.85015752669786,633.0,1,Very High
CONV01461,U2100,5437.04,07/23/2025,8.601173980810822,1881.0,0,Very High
CONV01462,U3825,67711.62,06/25/2025,11.123027852163219,179.0,1,Very High
CONV01463,U5273,17747.8,12-08-2025,9.784073186984395,1546.0,0,Very High
CONV01464,U5136,56451.78,10-08-2025,10.941159815486555,489.0,1,Very High
CONV01465,U1097,15093.75,09-12-2025,9.622102280228368,1619.0,0,Very High
CONV01466,U7762,976.7,05/18/2025,6.885202874511625,1992.0,0,High
CONV01467,U5148,61942.12,11/26/2025,11.033971823585691,325.0,1,Very High
CONV01468,U3194,19180.81,10-08-2025,9.861717713119457,1498.0,0,Very High
CONV01469,U4852,48566.13,01/26/2025,10.790702243620675,719.0,1,Very High
CONV01470,U9098,57065.77,03/25/2025,10.951977264767693,466.0,1,Very High
CONV01471,U4666,24718.17,03/25/2025,10.11533433495616,1348.0,0,Very High
CONV01472,U6145,32993.77,10/19/2025,10.404104343040082,1138.0,0,Very High
CONV01473,U9268,38744.34,11-11-2025,10.564765769485396,989.0,1,Very High
CONV01474,U1676,18199.76,10/19/2025,9.809218630434794,1534.0,0,Very High
CONV01475,U8069,39707.44,08/14/2025,10.58931903853872,961.0,1,Very High
CONV01476,U2607,18515.46,03/21/2025,9.82641534522127,1523.0,0,Very High
CONV01477,U7843,57070.68,02/21/2025,10.952063300630332,465.0,1,Very High
CONV01478,U6485,22255.72,01-10-2025,10.010399264466692,1409.0,0,Very High
CONV01479,U3422,1281.06,05/20/2025,7.156223438257517,1986.0,0,Very High
CONV01480,U6508,1295.73,05-09-2025,7.167600989939253,1985.0,0,Very High
CONV01481,U3303,15286.11,12-06-2025,9.634765268631586,1613.0,0,Very High
CONV01482,U7300,38751.52,11/17/2025,10.564951064925053,988.0,1,Very High
CONV01483,U3369,56235.03,05-09-2025,10.937312933665762,493.0,1,Very High
CONV01484,U3766,38699.13,10/27/2025,10.563598238185358,992.0,1,Very High
CONV01485,U5364,56724.0,09/21/2025,10.945970309648043,477.0,1,Very High
CONV01486,U4072,66417.62,03-08-2025,11.10373271784046,212.0,1,Very High
CONV01487,U4972,42932.24,08/21/2025,10.667401630068873,865.0,1,Very High
CONV01488,U6109,49281.74,02/17/2025,10.805329197311092,693.0,1,Very High
CONV01489,U1972,59612.62,12/20/2025,10.995639350435859,386.0,1,Very High
CONV01490,U7459,21030.24,10/24/2025,9.953764230344113,1447.0,0,Very High
CONV01491,U1068,2969.94,08-07-2025,7.996633680038217,1935.0,0,Very High
CONV01492,U0722,65820.9,12/25/2025,11.094707888686592,228.0,1,Very High
CONV01493,U4456,34013.19,04-07-2025,10.43453306947196,1110.0,0,Very High
CONV01494,U3794,7314.88,02-05-2025,8.897802606970549,1824.0,0,Very High
CONV01495,U9028,55338.23,10/15/2025,10.92123733925785,524.0,1,Very High
CONV01496,U4792,66790.11,04-07-2025,11.109325266835963,202.0,1,Very High
CONV01497,U2256,35391.72,07/14/2025,10.474261428255549,1070.0,0,Very High
CONV01498,U2377,47727.78,11/26/2025,10.773289849229103,741.0,1,Very High
CONV01499,U6494,9057.09,02/27/2025,9.111413560035002,1776.0,0,Very High
CONV01500,U9019,17588.6,12/29/2025,9.77506309727975,1554.0,0,Very High
CONV01501,U8986,61587.54,07/29/2025,11.028231093253178,339.0,1,Very High
CONV01502,U7433,56683.94,04-12-2025,10.945263845970059,478.0,1,Very High
CONV01503,U5023,62023.47,05/21/2025,11.035284263581937,321.0,1,Very High
CONV01504,U3393,5726.37,04/20/2025,8.653011716558055,1871.0,0,Very High
CONV01505,U4919,16227.3,07-08-2025,9.694511910721891,1586.0,0,Very High
CONV01506,U8192,19741.83,06/28/2025,9.890545666440346,1481.0,0,Very High
CONV01507,U5752,28962.57,01/16/2026,10.273794112382765,1245.0,0,Very High
CONV01508,U4021,28953.94,11/30/2025,10.273496107476772,1246.0,0,Very High
CONV01509,U7393,7800.32,05-12-2025,8.962048229129003,1810.0,0,Very High
CONV01510,U1133,21149.54,10-03-2025,9.959420716063384,1443.0,0,Very High
CONV01511,U8467,34290.65,10-06-2025,10.442657163284412,1104.0,0,Very High
CONV01512,U2537,36853.88,02-09-2025,10.514743317614831,1033.0,0,Very High
CONV01513,U4953,65018.25,04/22/2025,11.082438658879035,244.0,1,Very High
CONV01514,U1664,55721.46,04/25/2025,10.928138576237208,510.0,1,Very High
CONV01515,U7045,67403.44,01/22/2025,11.118466170101632,188.0,1,Very High
CONV01516,U9131,5589.27,01-03-2026,8.628782865519383,1873.0,0,Very High
CONV01517,U1983,43103.73,02-03-2025,10.671388014849903,857.0,1,Very High
CONV01518,U1095,31434.24,12/20/2025,10.355684835589988,1188.0,0,Very High
CONV01519,U6402,38632.05,01-06-2025,10.561863406724298,994.0,1,Very High
CONV01520,U4970,18842.95,03/27/2025,9.843947186451945,1512.0,0,Very High
CONV01521,U1623,47779.7,04/16/2025,10.774377071253856,739.0,1,Very High
CONV01522,U1115,42787.18,09-09-2025,10.664017175204123,876.0,1,Very High
CONV01523,U0978,24546.21,08/22/2025,10.108353481143332,1352.0,0,Very High
CONV01524,U3682,71242.05,03/23/2025,11.173852549513537,88.0,1,Very High
CONV01525,U4713,45286.77,09/25/2025,10.72079229709558,801.0,1,Very High
CONV01526,U6055,35239.65,06/17/2025,10.469955524828931,1072.0,0,Very High
CONV01527,U7700,56988.27,10/15/2025,10.950618283482223,468.0,1,Very High
CONV01528,U9405,7505.84,03/27/2025,8.92356988390508,1820.0,0,Very High
CONV01529,U4395,38878.71,05/29/2025,10.568227799698821,983.0,1,Very High
CONV01530,U3144,31306.78,06/29/2025,10.351621907942073,1192.0,0,Very High
CONV01531,U4834,27590.4,04/25/2025,10.225259408946783,1281.0,0,Very High
CONV01532,U1921,16025.73,06/24/2025,9.68201323228026,1591.0,0,Very High
CONV01533,U7936,40652.6,05/23/2025,10.612842671940282,938.0,1,Very High
CONV01534,U9023,14777.91,08/19/2025,9.600956443474127,1631.0,0,Very High
CONV01535,U8375,20478.31,10/31/2025,9.927170387179626,1460.0,0,Very High
CONV01536,U1957,27579.12,04-07-2025,10.224850502316798,1283.0,0,Very High
CONV01537,U4398,55919.46,03/20/2025,10.931685602911054,502.0,1,Very High
CONV01538,U4542,17863.76,06/14/2025,9.790585336278271,1542.0,0,Very High
CONV01539,U2486,24266.3,01/19/2025,10.096885044077196,1360.0,0,Very High
CONV01540,U1494,73416.44,10/28/2025,11.203916788559516,38.0,1,Very High
CONV01541,U3966,66972.48,09/22/2025,11.112051999119812,198.0,1,Very High
CONV01542,U7131,29462.72,10/30/2025,10.290914954957291,1230.0,0,Very High
CONV01543,U2464,28977.07,08-02-2025,10.274294616003397,1243.0,0,Very High
CONV01544,U5609,38436.28,06/26/2025,10.556783100955258,998.0,1,Very High
CONV01545,U9847,13252.34,01-05-2026,9.492004875120383,1671.0,0,Very High
CONV01546,U4763,65921.49,05/29/2025,11.096234936928221,226.0,1,Very High
CONV01547,U7410,26379.93,01/24/2025,10.180396679630187,1303.0,0,Very High
CONV01548,U7166,20732.28,06-09-2025,9.939495417708585,1454.0,0,Very High
CONV01549,U8474,15281.64,11-04-2025,9.634472822665762,1614.0,0,Very High
CONV01550,U2602,41797.18,02/25/2025,10.640608076895068,908.0,1,Very High
CONV01551,U7142,31152.74,05/28/2025,10.346689581213926,1196.0,0,Very High
CONV01552,U2883,70694.7,06/25/2025,11.166140029667279,107.0,1,Very High
CONV01553,U1104,58898.42,03-10-2025,10.983586522392553,411.0,1,Very High
CONV01554,U2503,59177.94,10-11-2025,10.988321014337215,395.0,1,Very High
CONV01555,U0932,4339.58,07/25/2025,8.375763258718342,1906.0,0,Very High
CONV01556,U7577,53483.02,05/28/2025,10.887138196678096,573.0,1,Very High
CONV01557,U2227,40020.32,01/16/2025,10.597167591102027,956.0,1,Very High
CONV01558,U7646,59139.06,12/16/2025,10.987663807947719,400.0,1,Very High
CONV01559,U2069,45285.02,01/30/2025,10.720753654569961,802.0,1,Very High
CONV01560,U4908,36926.2,08-04-2025,10.516703685854946,1031.0,0,Very High
CONV01561,U9674,23171.43,03/20/2025,10.05071848892333,1383.0,0,Very High
CONV01562,U7641,66266.97,01/14/2026,11.101461952351137,220.0,1,Very High
CONV01563,U1660,26778.72,06/30/2025,10.19540016362665,1292.0,0,Very High
CONV01564,U8398,70097.81,11-06-2025,11.157661097129662,121.0,1,Very High
CONV01565,U2719,56017.08,01/23/2025,10.933429774752991,499.0,1,Very High
CONV01566,U6083,25552.54,02-01-2025,10.148531137893528,1330.0,0,Very High
CONV01567,U8471,33301.03,11-11-2025,10.413373635071451,1129.0,0,Very High
CONV01568,U8290,61984.94,02/14/2025,11.034662864116525,323.0,1,Very High
CONV01569,U1527,30034.16,11/13/2025,10.310123974388434,1211.0,0,Very High
CONV01570,U3173,41368.9,08-10-2025,10.630308842241996,922.0,1,Very High
CONV01571,U7908,68698.69,02-08-2025,11.137499965827626,157.0,1,Very High
CONV01572,U6097,42223.73,09/26/2025,10.650761347339394,895.0,1,Very High
CONV01573,U9663,60609.52,10/18/2025,11.012223754350863,367.0,1,Very High
CONV01574,U8337,74354.98,06-04-2025,11.216619379050723,9.0,1,Very High
CONV01575,U3664,67959.23,05/22/2025,11.126677960123873,172.0,1,Very High
CONV01576,U6870,6773.85,10/23/2025,8.820972505281402,1839.0,0,Very High
CONV01577,U7138,31506.04,07/27/2025,10.357966291906585,1185.0,0,Very High
CONV01578,U6494,32685.34,11-05-2025,10.394712532605878,1148.0,0,Very High
CONV01579,U9798,64100.0,06/20/2025,11.068215243411098,261.0,1,Very High
CONV01580,U8072,12027.66,02/18/2025,9.395047414568422,1704.0,0,Very High
CONV01581,U5854,3751.92,01-05-2026,8.230289482627517,1922.0,0,Very High
CONV01582,U0648,69249.42,12-06-2025,11.145484489013143,147.0,1,Very High
CONV01583,U8620,11042.24,02/20/2025,9.309573755035634,1726.0,0,Very High
CONV01584,U3667,29959.47,12/29/2025,10.307634125091552,1214.0,0,Very High
CONV01585,U5021,61236.87,06/13/2025,11.022521067977975,348.0,1,Very High
CONV01586,U2437,6649.4,01/14/2026,8.802432282216879,1843.0,0,Very High
CONV01587,U4629,43760.82,07-12-2025,10.686517026724603,835.0,1,Very High
CONV01588,U9046,53401.47,11/25/2025,10.885612278560219,576.0,1,Very High
CONV01589,U5654,63203.26,02/28/2025,11.05412698292662,287.0,1,Very High
CONV01590,U5302,25022.94,09/18/2025,10.127588245643953,1340.0,0,Very High
CONV01591,U4106,65757.44,08-11-2025,11.093743306820938,230.0,1,Very High
CONV01592,U4553,31776.86,05-08-2025,10.36652509987501,1178.0,0,Very High
CONV01593,U5525,58038.93,01/18/2025,10.968886500932614,437.0,1,Very High
CONV01594,U4481,40008.58,10/17/2025,10.596874204420526,957.0,1,Very High
CONV01595,U8965,34640.4,06-07-2025,10.452804777564067,1092.0,0,Very High
CONV01596,U7775,66414.32,08/20/2025,11.103683031743659,214.0,1,Very High
CONV01597,U0635,43782.6,05-10-2025,10.68701459702467,833.0,1,Very High
CONV01598,U3916,4296.46,07/25/2025,8.36577942947663,1908.0,0,Very High
CONV01599,U5017,37625.19,11/22/2025,10.535455629458001,1018.0,0,Very High
CONV01600,U6374,13909.83,11-04-2025,9.540422952440007,1652.0,0,Very High
CONV01601,U4024,10393.41,09/26/2025,9.249023440624557,1745.0,0,Very High
CONV01602,U2652,12920.12,08-10-2025,9.466618460885966,1676.0,0,Very High
CONV01603,U1249,70329.88,04/20/2025,11.160966241665133,113.0,1,Very High
CONV01604,U5531,62762.96,03/21/2025,11.047136302370745,301.0,1,Very High
CONV01605,U1365,13847.6,07/27/2025,9.53593942347376,1654.0,0,Very High
CONV01606,U1416,26151.02,02/18/2025,10.17168171316362,1312.0,0,Very High
CONV01607,U5574,60690.16,08-12-2025,11.013553332175004,366.0,1,Very High
CONV01608,U9607,17586.27,01/14/2026,9.77493062386734,1555.0,0,Very High
CONV01609,U3263,14714.98,02-09-2025,9.596689257158777,1633.0,0,Very High
CONV01610,U0122,10705.41,06/14/2025,9.278597906502501,1735.0,0,Very High
CONV01611,U7757,54648.34,09/21/2025,10.90869241667906,548.0,1,Very High
CONV01612,U6974,8663.14,06/30/2025,9.066947947368371,1787.0,0,Very High
CONV01613,U2508,31343.22,05/26/2025,10.352785159046878,1190.0,0,Very High
CONV01614,U6667,25085.73,02-03-2025,10.130094300057582,1339.0,0,Very High
CONV01615,U5940,57773.91,03-10-2025,10.964309877374168,451.0,1,Very High
CONV01616,U3794,63228.94,02-12-2025,11.054533202135556,286.0,1,Very High
CONV01617,U8947,22842.8,06/30/2025,10.036435024712283,1390.0,0,Very High
CONV01618,U4409,7752.88,02/26/2025,8.955948642227707,1812.0,0,Very High
CONV01619,U6652,12541.41,11-04-2025,9.436870980729713,1688.0,0,Very High
CONV01620,U9323,61059.44,01-09-2026,11.019619472289765,357.0,1,Very High
CONV01621,U8351,51344.77,05/31/2025,10.846337836111632,646.0,1,Very High
CONV01622,U0973,50266.0,08/15/2025,10.825104077165632,667.0,1,Very High
CONV01623,U6743,19240.53,11/20/2025,9.864826242887526,1496.0,0,Very High
CONV01624,U0024,14943.99,03-08-2025,9.612131405597708,1624.0,0,Very High
CONV01625,U4077,17891.03,03/16/2025,9.792110641278361,1540.0,0,Very High
CONV01626,U4531,49150.08,03/21/2025,10.802654098884254,695.0,1,Very High
CONV01627,U7325,48861.28,03/18/2025,10.796761007660786,704.0,1,Very High
CONV01628,U4507,64438.4,08/20/2025,11.073480526260598,254.0,1,Very High
CONV01629,U3978,33230.73,09/16/2025,10.411260421383803,1132.0,0,Very High
CONV01630,U7517,31445.28,10/24/2025,10.356035972143731,1187.0,0,Very High
CONV01631,U7754,34491.36,10-08-2025,10.448493129220578,1096.0,0,Very High
CONV01632,U4418,33281.1,03/28/2025,10.412774993905902,1130.0,0,Very High
CONV01633,U8351,20624.93,12-06-2025,9.934304301095407,1458.0,0,Very High
CONV01634,U8463,2257.24,06/26/2025,7.722341027812465,1963.0,0,Very High
CONV01635,U9109,69388.98,12-10-2025,11.147497755667583,141.0,1,Very High
CONV01636,U5364,42920.37,12/20/2025,10.667125116086092,866.0,1,Very High
CONV01637,U4116,15560.4,01-04-2026,9.652548767977997,1604.0,0,Very High
CONV01638,U3216,64441.38,05/17/2025,11.07352677019051,253.0,1,Very High
CONV01639,U9215,8412.03,02-06-2025,9.037536973454356,1797.0,0,Very High
CONV01640,U8766,74240.76,02/24/2025,11.21508207407563,12.0,1,Very High
CONV01641,U6077,1618.56,03-09-2025,7.389909786396857,1975.0,0,Very High
CONV01642,U3426,18325.68,02/20/2025,9.816113200588148,1529.0,0,Very High
CONV01643,U0724,40924.83,09/22/2025,10.619516683035512,935.0,1,Very High
CONV01644,U1454,69417.23,09/23/2025,11.147904792115789,139.0,1,Very High
CONV01645,U9115,55613.37,01-12-2026,10.9261969000828,514.0,1,Very High
CONV01646,U3838,15292.3,01/30/2025,9.635170102973868,1612.0,0,Very High
CONV01647,U3697,9502.3,12-12-2025,9.159394385691243,1768.0,0,Very High
CONV01648,U2522,67660.88,01-03-2026,11.122278227937443,182.0,1,Very High
CONV01649,U6888,12446.92,02/27/2025,9.429308819662303,1693.0,0,Very High
CONV01650,U4361,66374.28,10-10-2025,11.103079976991086,216.0,1,Very High
CONV01651,U8731,71556.15,12/18/2025,11.178251710110713,84.0,1,Very High
CONV01652,U3509,22693.41,02-04-2025,10.02987391763702,1393.0,0,Very High
CONV01653,U2078,52745.01,02/27/2025,10.87324340866705,598.0,1,Very High
CONV01654,U2216,40772.64,02-04-2025,10.615791073162272,937.0,1,Very High
CONV01655,U1216,6954.91,05/20/2025,8.847346936920086,1837.0,0,Very High
CONV01656,U2922,63880.69,01/29/2025,11.064788057833727,266.0,1,Very High
CONV01657,U7248,47813.7,02-08-2025,10.775088402582218,736.0,1,Very High
CONV01658,U0491,2778.64,02-07-2025,7.9300767018964216,1943.0,0,Very High
CONV01659,U9599,14888.84,03/13/2025,9.608434380153566,1625.0,0,Very High
CONV01660,U9911,74138.91,01/24/2025,11.213709262784375,17.0,1,Very High
CONV01661,U4750,7064.25,06/25/2025,8.862943680196745,1831.0,0,Very High
CONV01662,U8557,61958.5,02/18/2025,11.034236224775842,324.0,1,Very High
CONV01663,U8310,4027.88,08-12-2025,8.301243700682269,1916.0,0,Very High
CONV01664,U5595,39054.88,03-03-2025,10.572748720116754,981.0,1,Very High
CONV01665,U2446,74307.06,05/29/2025,11.215974703961042,11.0,1,Very High
CONV01666,U0687,47157.51,10-11-2025,10.761269759580518,753.0,1,Very High
CONV01667,U9147,59149.35,08/24/2025,10.98783778654879,398.0,1,Very High
CONV01668,U2006,39996.75,08/17/2025,10.596578481513983,958.0,1,Very High
CONV01669,U2908,66123.7,10/15/2025,11.099297632288305,222.0,1,Very High
CONV01670,U6549,50720.24,05/22/2025,10.834100036761788,658.0,1,Very High
CONV01671,U9363,54993.46,12-10-2025,10.914987731868548,533.0,1,Very High
CONV01672,U6034,8478.9,10/28/2025,9.045453936263588,1794.0,0,Very High
CONV01673,U6388,28494.63,03/31/2025,10.257506021166652,1258.0,0,Very High
CONV01674,U5570,22567.11,11-05-2025,10.024293126828054,1399.0,0,Very High
CONV01675,U4585,72027.9,06/14/2025,11.184822706352112,67.0,1,Very High
CONV01676,U9111,14000.25,01-01-2026,9.54690189032595,1648.0,0,Very High
CONV01677,U1009,3537.42,01-01-2026,8.171435578810357,1928.0,0,Very High
CONV01678,U5818,44343.78,05-08-2025,10.699750280697785,822.0,1,Very High
CONV01679,U1476,34514.73,03-04-2025,10.449170441138453,1095.0,0,Very High
CONV01680,U9721,15450.76,02/22/2025,9.645478191695577,1607.0,0,Very High
CONV01681,U6663,71748.63,02/16/2025,11.180937976814146,81.0,1,Very High
CONV01682,U6672,39692.2,10-10-2025,10.588935167369632,963.0,1,Very High
CONV01683,U9603,31565.43,03/13/2025,10.35984949311787,1183.0,0,Very High
CONV01684,U5470,37678.36,09/22/2025,10.536867743408045,1016.0,0,Very High
CONV01685,U3502,59562.13,07/24/2025,10.994792037465489,388.0,1,Very High
CONV01686,U9422,22449.07,06-03-2025,10.01904901120563,1403.0,0,Very High
CONV01687,U2283,61259.77,08-02-2025,11.0228949496842,347.0,1,Very High
CONV01688,U7394,31806.47,05/23/2025,10.367456446842631,1177.0,0,Very High
CONV01689,U6673,2328.12,02/16/2025,7.753245792816351,1958.0,0,Very High
CONV01690,U8509,56165.96,01-04-2026,10.936083962644735,496.0,1,Very High
CONV01691,U5920,45851.49,08/14/2025,10.733184783734547,781.0,1,Very High
CONV01692,U1638,67388.9,04-11-2025,11.118250434039473,189.0,1,Very High
CONV01693,U1783,36781.3,09/30/2025,10.512772030189005,1035.0,0,Very High
CONV01694,U4322,9350.26,06-07-2025,9.143266372561795,1770.0,0,Very High
CONV01695,U4890,50282.68,05/19/2025,10.82543585016116,666.0,1,Very High
CONV01696,U6133,4714.98,12-02-2025,8.458712020766166,1895.0,0,Very High
CONV01697,U8314,53285.38,08-02-2025,10.883436042790185,581.0,1,Very High
CONV01698,U4182,56899.24,11/17/2025,10.949054838031714,473.0,1,Very High
CONV01699,U6159,41787.87,12/22/2025,10.640385315114662,910.0,1,Very High
CONV01700,U4843,27938.9,03/28/2025,10.23781105370648,1268.0,0,Very High
CONV01701,U0349,46694.68,10-11-2025,10.751406934024786,762.0,1,Very High
CONV01702,U4824,42620.7,04/13/2025,10.660118792233947,883.0,1,Very High
CONV01703,U2540,34695.72,08-05-2025,10.454400436971552,1089.0,0,Very High
CONV01704,U9203,17114.5,05/18/2025,9.747739764677204,1565.0,0,Very High
CONV01705,U2270,2049.32,12/29/2025,7.625751157511473,1968.0,0,Very High
CONV01706,U2335,32985.51,12/22/2025,10.403853968993287,1139.0,0,Very High
CONV01707,U2403,7692.18,08/28/2025,8.948089501079398,1814.0,0,Very High
CONV01708,U3550,60799.11,01-11-2025,11.015346877163148,362.0,1,Very High
CONV01709,U4128,40954.0,04/16/2025,10.620229181949702,933.0,1,Very High
CONV01710,U0483,17362.3,03/26/2025,9.762114062315014,1559.0,0,Very High
CONV01711,U1026,73489.05,02-10-2025,11.204905301887361,35.0,1,Very High
CONV01712,U5487,28607.97,01/15/2025,10.261475583997978,1257.0,0,Very High
CONV01713,U0891,13906.3,09-10-2025,9.540169161116223,1653.0,0,Very High
CONV01714,U2354,17122.92,02-03-2025,9.74823159544827,1564.0,0,Very High
CONV01715,U6402,70762.62,04/22/2025,11.167100305811958,106.0,1,Very High
CONV01716,U2248,60051.03,07/19/2025,11.002966632099113,379.0,1,Very High
CONV01717,U2638,45433.52,11-10-2025,10.724027447530888,799.0,1,Very High
CONV01718,U1101,34449.58,04-12-2025,10.447281112294275,1098.0,0,Very High
CONV01719,U1782,6626.96,08/28/2025,8.799052343525226,1844.0,0,Very High
CONV01720,U0008,56462.58,07/21/2025,10.941351107519576,488.0,1,Very High
CONV01721,U9396,14886.26,07-10-2025,9.608261092626812,1626.0,0,Very High
CONV01722,U0806,4298.08,04/24/2025,8.366156325301969,1907.0,0,Very High
CONV01723,U7065,18310.68,05/28/2025,9.815294386599854,1530.0,0,Very High
CONV01724,U7590,13396.12,09/18/2025,9.5027950374661,1668.0,0,Very High
CONV01725,U8786,15108.87,04/20/2025,9.623103451655982,1618.0,0,Very High
CONV01726,U9937,32382.02,09-08-2025,10.38538949033153,1158.0,0,Very High
CONV01727,U8905,2914.9,12/22/2025,7.977933798987699,1938.0,0,Very High
CONV01728,U9644,32580.18,10/27/2025,10.391490100039142,1152.0,0,Very High
CONV01729,U3866,60714.72,08/23/2025,11.013957922101621,365.0,1,Very High
CONV01730,U2801,26685.81,04/24/2025,10.191924714835803,1295.0,0,Very High
CONV01731,U8833,20419.47,09-05-2025,9.92429310810412,1464.0,0,Very High
CONV01732,U1192,42914.13,11-03-2025,10.666979723391586,867.0,1,Very High
CONV01733,U4400,45965.37,05-10-2025,10.735665321140317,778.0,1,Very High
CONV01734,U5422,54925.53,02-08-2025,10.913751753032336,536.0,1,Very High
CONV01735,U2130,63575.56,06/21/2025,11.060000127936576,273.0,1,Very High
CONV01736,U5682,38434.47,09/19/2025,10.556736010146087,999.0,0,Very High
CONV01737,U3855,29744.34,10-12-2025,10.300427760049198,1222.0,0,Very High
CONV01738,U4504,5463.46,08-03-2025,8.606020585115557,1876.0,0,Very High
CONV01739,U2457,33157.5,12-01-2025,10.409054373002927,1134.0,0,Very High
CONV01740,U0626,51356.04,11/26/2025,10.846557304304278,645.0,1,Very High
CONV01741,U0850,2969.91,01/20/2026,7.996623582173074,1936.0,0,Very High
CONV01742,U9326,10018.29,01/28/2025,9.212267513844855,1758.0,0,Very High
CONV01743,U4116,34955.93,04/16/2025,10.46187201126823,1080.0,0,Very High
CONV01744,U2181,43521.94,12/24/2025,10.681043434395137,844.0,1,Very High
CONV01745,U1690,20109.09,07/15/2025,9.908976958142064,1478.0,0,Very High
CONV01746,U2915,72670.63,06/30/2025,11.193706353522883,55.0,1,Very High
CONV01747,U9961,17348.86,01/17/2026,9.761339716178185,1560.0,0,Very High
CONV01748,U0421,20266.56,12-09-2025,9.916776857262068,1471.0,0,Very High
CONV01749,U4708,15166.35,06-03-2025,9.626900370201044,1616.0,0,Very High
CONV01750,U7885,4231.58,11/19/2025,8.350567015187197,1910.0,0,Very High
CONV01751,U5968,7299.39,04/27/2025,8.895683050366971,1825.0,0,Very High
CONV01752,U2843,16674.22,07/20/2025,9.72167906410009,1574.0,0,Very High
CONV01753,U7330,72015.17,06/20/2025,11.184645956116464,68.0,1,Very High
CONV01754,U0577,29182.72,07/17/2025,10.281366298529786,1235.0,0,Very High
CONV01755,U9914,20922.39,03/13/2025,9.948622950939944,1449.0,0,Very High
CONV01756,U6590,25318.82,04/19/2025,10.139342767228104,1333.0,0,Very High
CONV01757,U8298,33583.46,08-10-2025,10.421818738965182,1123.0,0,Very High
CONV01758,U4582,55166.92,10/18/2025,10.918136903906305,526.0,1,Very High
CONV01759,U4990,61072.04,11/24/2025,11.019825803920448,356.0,1,Very High
CONV01760,U0703,48208.0,04-08-2025,10.78330100460001,724.0,1,Very High
CONV01761,U5341,1163.55,06/22/2025,7.060090025285416,1990.0,0,Very High
CONV01762,U9103,21830.28,04/13/2025,9.991099082731123,1420.0,0,Very High
CONV01763,U8039,52009.27,04/13/2025,10.859196478063007,618.0,1,Very High
CONV01764,U6772,10382.94,04/14/2025,9.248015660806994,1747.0,0,Very High
CONV01765,U3427,60549.82,02-10-2025,11.011238291416376,370.0,1,Very High
CONV01766,U2070,65990.81,05-03-2025,11.097285922399557,224.0,1,Very High
CONV01767,U1473,20232.48,09/29/2025,9.915093937117623,1474.0,0,Very High
CONV01768,U2705,53182.88,09/20/2025,10.881510621894884,585.0,1,Very High
CONV01769,U4266,20473.05,07-09-2025,9.92691350959845,1462.0,0,Very High
CONV01770,U1479,34427.82,10/17/2025,10.446649283308428,1100.0,0,Very High
CONV01771,U2977,35556.36,08/16/2025,10.478902446151952,1064.0,0,Very High
CONV01772,U9249,71784.3,12/31/2025,11.181434998699123,78.0,1,Very High
CONV01773,U3508,55160.77,08/24/2025,10.91802541986232,527.0,1,Very High
CONV01774,U9063,67330.46,10/19/2025,11.117382865546022,192.0,1,Very High
CONV01775,U3330,20558.28,06/16/2025,9.931067699500653,1459.0,0,Very High
CONV01776,U3586,19099.8,03/24/2025,9.85748549797433,1501.0,0,Very High
CONV01777,U1909,61996.53,04/30/2025,11.034849824523969,322.0,1,Very High
CONV01778,U1145,19051.83,04/21/2025,9.85497092595188,1503.0,0,Very High
CONV01779,U8034,43783.71,01/15/2026,10.68703994866158,832.0,1,Very High
CONV01780,U1615,54893.32,04-02-2025,10.913165161307294,539.0,1,Very High
CONV01781,U4347,60954.34,11-01-2025,11.017896743869015,359.0,1,Very High
CONV01782,U5724,55693.6,01-08-2026,10.927638473280252,511.0,1,Very High
CONV01783,U8766,62960.7,08/14/2025,11.050281883997405,297.0,1,Very High
CONV01784,U6355,43270.44,12/22/2025,10.675248112073549,853.0,1,Very High
CONV01785,U3442,58586.66,11-09-2025,10.9782793731852,418.0,1,Very High
CONV01786,U0394,36239.18,03-09-2025,10.497923727031997,1046.0,0,Very High
CONV01787,U9447,16373.47,08/19/2025,9.703478693567435,1583.0,0,Very High
CONV01788,U0794,12020.22,11/27/2025,9.394428700442836,1705.0,0,Very High
CONV01789,U2288,58024.74,02/18/2025,10.968641984184972,438.0,1,Very High
CONV01790,U2961,54334.05,02-05-2025,10.902924785713699,556.0,1,Very High
CONV01791,U3244,16646.13,11/24/2025,9.719993108178393,1575.0,0,Very High
CONV01792,U0220,49059.02,12/26/2025,10.800799725476482,697.0,1,Very High
CONV01793,U2886,2436.18,03-10-2025,7.798596912202477,1955.0,0,Very High
CONV01794,U9445,11897.01,12/16/2025,9.38412643822489,1707.0,0,Very High
CONV01795,U5734,55851.82,08-03-2025,10.93047529561298,503.0,1,Very High
CONV01796,U9560,7964.73,09/26/2025,8.982903869117463,1809.0,0,Very High
CONV01797,U9007,29512.12,07-11-2025,10.29259018922054,1229.0,0,Very High
CONV01798,U0421,4745.79,03/17/2025,8.465223879106368,1893.0,0,Very High
CONV01799,U4554,46742.3,02/14/2025,10.752426208938163,759.0,1,Very High
CONV01800,U2130,49019.5,04-03-2025,10.799993856948486,699.0,1,Very High
CONV01801,U0125,65084.24,04/25/2025,11.083453074379358,242.0,1,Very High
CONV01802,U8133,28116.03,11/13/2025,10.244130721569874,1264.0,0,Very High
CONV01803,U5703,63380.26,08-09-2025,11.056923513135661,280.0,1,Very High
CONV01804,U7566,4026.18,08-12-2025,8.300821658139082,1917.0,0,Very High
CONV01805,U9075,30348.9,05/22/2025,10.3205485015893,1206.0,0,Very High
CONV01806,U0216,54712.16,10-03-2025,10.90985954448328,545.0,1,Very High
CONV01807,U5616,7019.3,01-12-2026,8.856561231149476,1833.0,0,Very High
CONV01808,U3756,61115.04,06/29/2025,11.020529631165486,353.0,1,Very High
CONV01809,U2867,2590.66,03/18/2025,7.86005387602875,1950.0,0,Very High
CONV01810,U5822,32639.25,08/25/2025,10.393301468362436,1150.0,0,Very High
CONV01811,U3260,30641.55,01-05-2026,10.330144844934638,1203.0,0,Very High
CONV01812,U1294,39702.74,07/26/2025,10.589200668787242,962.0,1,Very High
CONV01813,U6603,23812.14,08-11-2025,10.077992808148306,1373.0,0,Very High
CONV01814,U7957,68609.26,12-09-2025,11.136197365212809,161.0,1,Very High
CONV01815,U9045,56978.58,03-03-2025,10.950448237017362,470.0,1,Very High
CONV01816,U1078,19722.48,07-01-2025,9.889565083175759,1482.0,0,Very High
CONV01817,U8142,74235.08,08-11-2025,11.215005564341885,14.0,1,Very High
CONV01818,U1971,42073.24,08-10-2025,10.6471909559131,902.0,1,Very High
CONV01819,U4697,43148.08,02-02-2025,10.672416375310931,856.0,1,Very High
CONV01820,U8445,22216.11,12/27/2025,10.008617991728395,1410.0,0,Very High
CONV01821,U2706,2703.28,08/23/2025,7.902590982097751,1945.0,0,Very High
CONV01822,U1459,12508.11,08/20/2025,9.434212457844636,1690.0,0,Very High
CONV01823,U1372,52859.91,05/20/2025,10.875419403295759,593.0,1,Very High
CONV01824,U7350,73218.84,04/16/2025,11.201221701476538,41.0,1,Very High
CONV01825,U8327,69659.62,02/13/2025,11.151390444253625,131.0,1,Very High
CONV01826,U7394,55505.34,07-09-2025,10.924252527444526,520.0,1,Very High
CONV01827,U8833,2657.7,04/16/2025,7.885592560507808,1948.0,0,Very High
CONV01828,U2947,7070.76,04/26/2025,8.863864667090034,1830.0,0,Very High
CONV01829,U8187,59516.14,12/31/2025,10.994019617277214,389.0,1,Very High
CONV01830,U9480,47927.6,12/18/2025,10.777467682463568,732.0,1,Very High
CONV01831,U1449,27079.8,10/26/2025,10.206580268687341,1288.0,0,Very High
CONV01832,U9064,54422.74,10/24/2025,10.904555734709355,553.0,1,Very High
CONV01833,U6524,4103.7,04/23/2025,8.319887937608142,1914.0,0,Very High
CONV01834,U6288,20413.72,10/26/2025,9.92401148825428,1465.0,0,Very High
CONV01835,U1062,42391.86,08/19/2025,10.654735230813397,890.0,1,Very High
CONV01836,U6663,10035.54,06-06-2025,9.213987712336136,1757.0,0,Very High
CONV01837,U8222,66114.83,05-01-2025,11.09916348279551,223.0,1,Very High
CONV01838,U7294,32299.89,11/24/2025,10.382850063010705,1163.0,0,Very High
CONV01839,U9610,56845.22,05/27/2025,10.948105006202901,474.0,1,Very High
CONV01840,U7785,14603.6,08-04-2025,9.589091826565923,1634.0,0,Very High
CONV01841,U0360,71744.01,04/19/2025,11.180873584165033,82.0,1,Very High
CONV01842,U7028,65573.36,07-04-2025,11.090940044870443,235.0,1,Very High
CONV01843,U7702,58100.68,09-09-2025,10.969949858084604,435.0,1,Very High
CONV01844,U0686,54914.32,11-03-2025,10.91354764139294,537.0,1,Very High
CONV01845,U7256,63698.48,05/22/2025,11.06193167826163,270.0,1,Very High
CONV01846,U6170,46522.76,06-02-2025,10.74771842881782,764.0,1,Very High
CONV01847,U7215,42866.19,07-01-2025,10.665862010441158,872.0,1,Very High
CONV01848,U0808,10756.5,03/17/2025,9.283358464712755,1734.0,0,Very High
CONV01849,U6251,9169.09,01-06-2026,9.123702379815215,1774.0,0,Very High
CONV01850,U8812,32027.73,10/19/2025,10.374388591489291,1173.0,0,Very High
CONV01851,U4259,4893.99,07-02-2025,8.495967512061604,1891.0,0,Very High
CONV01852,U4934,72867.15,03/19/2025,11.196406922665371,52.0,1,Very High
CONV01853,U4489,32777.0,10/26/2025,10.397512837623772,1145.0,0,Very High
CONV01854,U5157,56902.77,08/15/2025,10.94911687451006,472.0,1,Very High
CONV01855,U5226,38351.82,05/13/2025,10.55458333733838,1003.0,0,Very High
CONV01856,U4229,10462.35,08/16/2025,9.255633954030591,1743.0,0,Very High
CONV01857,U5473,17745.97,11-07-2025,9.783970076106586,1547.0,0,Very High
CONV01858,U1941,14192.52,04/24/2025,9.560540801407297,1644.0,0,Very High
CONV01859,U6574,5749.42,03-10-2025,8.657028174602113,1869.0,0,Very High
CONV01860,U1513,71773.48,07/27/2025,11.181284260100604,80.0,1,Very High
CONV01861,U0246,39083.07,03-09-2025,10.573470246076855,980.0,1,Very High
CONV01862,U2833,70676.31,11-06-2025,11.165879866852556,108.0,1,Very High
CONV01863,U4311,32305.36,03/30/2025,10.383019393852463,1160.0,0,Very High
CONV01864,U7844,26419.65,07/13/2025,10.181901180347486,1301.0,0,Very High
CONV01865,U2766,13731.02,07-12-2025,9.527485611028604,1661.0,0,Very High
CONV01866,U5314,56617.29,06-09-2025,10.94408735686754,481.0,1,Very High
CONV01867,U6020,25886.53,05/31/2025,10.161516664563623,1320.0,0,Very High
CONV01868,U7332,57577.23,06/19/2025,10.960899823853467,455.0,1,Very High
CONV01869,U3380,48646.06,05/26/2025,10.792346654133409,715.0,1,Very High
CONV01870,U8830,61608.84,08-11-2025,11.028576877024234,338.0,1,Very High
CONV01871,U1103,62132.6,11/15/2025,11.037042184401802,317.0,1,Very High
CONV01872,U3761,38100.82,06/20/2025,10.54801732900276,1008.0,0,Very High
CONV01873,U0194,47851.92,01/22/2025,10.775887419052648,735.0,1,Very High
CONV01874,U4696,32305.11,09/26/2025,10.383011655408165,1161.0,0,Very High
CONV01875,U4291,40231.47,09-02-2025,10.602429660026555,946.0,1,Very High
CONV01876,U3563,41770.98,08/19/2025,10.639981058809704,911.0,1,Very High
CONV01877,U8231,65654.42,10/13/2025,11.092175435348267,232.0,1,Very High
CONV01878,U8646,66589.32,10/13/2025,11.106314500619478,208.0,1,Very High
CONV01879,U2177,63101.12,09/24/2025,11.052509645429264,293.0,1,Very High
CONV01880,U9802,53502.58,10-09-2025,10.88750384653318,572.0,1,Very High
CONV01881,U7366,18441.33,04/19/2025,9.822403844876742,1526.0,0,Very High
CONV01882,U0493,42818.66,07/25/2025,10.664752621897298,875.0,1,Very High
CONV01883,U2749,61353.92,03/16/2025,11.024430642522585,344.0,1,Very High
CONV01884,U8553,28920.63,07/18/2025,10.272345037063378,1247.0,0,Very High
CONV01885,U0184,22688.78,10/19/2025,10.029669881825603,1394.0,0,Very High
CONV01886,U9061,18864.68,06/28/2025,9.84509967733585,1511.0,0,Very High
CONV01887,U4528,11015.26,08/14/2025,9.307127642163373,1728.0,0,Very High
CONV01888,U0572,58152.28,01-02-2025,10.970837562203007,433.0,1,Very High
CONV01889,U5398,62681.26,11-08-2025,11.045833751978213,304.0,1,Very High
CONV01890,U6389,6231.56,09-02-2025,8.73754244230685,1854.0,0,Very High
CONV01891,U3684,33941.31,06-04-2025,10.432417597756773,1112.0,0,Very High
CONV01892,U0688,28020.86,10-12-2025,10.240740198844183,1266.0,0,Very High
CONV01893,U2308,42884.5,08-01-2025,10.666289052444814,869.0,1,Very High
CONV01894,U8651,42183.74,05/16/2025,10.649813823252536,896.0,1,Very High
CONV01895,U7952,3024.64,12-06-2025,8.014877918335047,1934.0,0,Very High
CONV01896,U9329,52221.1,08/28/2025,10.86326105592175,614.0,1,Very High
CONV01897,U5874,43615.44,09/16/2025,10.68318942248646,840.0,1,Very High
CONV01898,U0096,11085.62,10/22/2025,9.313494254809576,1725.0,0,Very High
CONV01899,U7546,53175.42,09/28/2025,10.881370343990211,586.0,1,Very High
CONV01900,U1583,62732.84,10/22/2025,11.046656293947038,302.0,1,Very High
CONV01901,U2258,12831.87,08/31/2025,9.459765127059901,1678.0,0,Very High
CONV01902,U4331,10542.86,08-02-2025,9.263298978960664,1738.0,0,Very High
CONV01903,U5226,964.29,08/29/2025,6.872428574327171,1993.0,0,High
CONV01904,U9413,5455.17,01/22/2025,8.604502357395658,1877.0,0,Very High
CONV01905,U7527,10848.93,04/25/2025,9.29191390733489,1731.0,0,Very High
CONV01906,U5376,7355.24,06-09-2025,8.903304211619387,1823.0,0,Very High
CONV01907,U1477,29669.34,04-09-2025,10.297903172605794,1224.0,0,Very High
CONV01908,U9216,71197.76,11/27/2025,11.173230681518074,91.0,1,Very High
CONV01909,U1790,14555.28,12-05-2025,9.5857777946009,1637.0,0,Very High
CONV01910,U0873,4005.87,11-02-2025,8.295765666885494,1920.0,0,Very High
CONV01911,U7928,74107.1,05/14/2025,11.213280117050976,18.0,1,Very High
CONV01912,U2308,31430.43,11-04-2025,10.355563626688525,1189.0,0,Very High
CONV01913,U4572,62847.68,09-01-2025,11.048485211411206,299.0,1,Very High
CONV01914,U1355,6001.2,04/28/2025,8.699881347671065,1859.0,0,Very High
CONV01915,U6608,5852.52,05/22/2025,8.674798468673094,1865.0,0,Very High
CONV01916,U3965,40098.02,07-04-2025,10.599107174093282,952.0,1,Very High
CONV01917,U3175,74237.19,11-06-2025,11.215033986774944,13.0,1,Very High
CONV01918,U5209,73618.74,05/26/2025,11.206668475277768,32.0,1,Very High
CONV01919,U0870,21294.99,08/18/2025,9.966274071063031,1438.0,0,Very High
CONV01920,U5968,42669.4,08/15/2025,10.661260750405743,882.0,1,Very High
CONV01921,U1756,52712.91,02/14/2025,10.872634646570678,600.0,1,Very High
CONV01922,U1366,38432.64,03-05-2025,10.556688396741942,1000.0,0,Very High
CONV01923,U7294,51740.26,12/21/2025,10.854010807975392,625.0,1,Very High
CONV01924,U3831,70581.88,07-02-2025,11.164542901157326,111.0,1,Very High
CONV01925,U9272,12474.72,07/15/2025,9.43153963438511,1692.0,0,Very High
CONV01926,U5686,44423.9,12/16/2025,10.701555402035513,820.0,1,Very High
CONV01927,U1637,63455.97,08/29/2025,11.058117317385241,278.0,1,Very High
CONV01928,U6000,17872.02,12/20/2025,9.791047592196074,1541.0,0,Very High
CONV01929,U3543,15842.31,07-03-2025,9.67050260818481,1598.0,0,Very High
CONV01930,U3515,46159.42,09-01-2025,10.739877999927415,774.0,1,Very High
CONV01931,U3628,46441.48,12/29/2025,10.745969836625427,767.0,1,Very High
CONV01932,U6125,11628.21,12/29/2025,9.361275315432513,1712.0,0,Very High
CONV01933,U9329,2177.2,11-10-2025,7.686254126641586,1966.0,0,Very High
CONV01934,U7824,52387.31,05/22/2025,10.866438753817446,608.0,1,Very High
CONV01935,U3176,43893.2,11/18/2025,10.689537471883826,830.0,1,Very High
CONV01936,U6177,1347.7,03/27/2025,7.206896444522812,1984.0,0,Very High
CONV01937,U5130,29793.86,05/20/2025,10.302091174395077,1219.0,0,Very High
CONV01938,U3061,58598.06,12-12-2025,10.978473934480816,417.0,1,Very High
CONV01939,U9361,67006.77,02/16/2025,11.112563861798339,196.0,1,Very High
CONV01940,U9106,18790.95,08-04-2025,9.841183865628526,1514.0,0,Very High
CONV01941,U0107,71858.31,06/23/2025,11.182465458617514,72.0,1,Very High
CONV01942,U7392,14565.56,06/20/2025,9.586483769734299,1635.0,0,Very High
CONV01943,U6476,18590.0,02/14/2025,9.830432871630217,1520.0,0,Very High
CONV01944,U8531,35049.33,04/20/2025,10.46454030753967,1077.0,0,Very High
CONV01945,U1877,12786.12,03-10-2025,9.456193693298298,1680.0,0,Very High
CONV01946,U1622,49773.81,11/30/2025,10.815264311747814,676.0,1,Very High
CONV01947,U0071,7763.91,12/21/2025,8.957370145045559,1811.0,0,Very High
CONV01948,U9016,44449.18,10/19/2025,10.702124290427665,819.0,1,Very High
CONV01949,U1544,4050.93,07/16/2025,8.306948589799806,1915.0,0,Very High
CONV01950,U9894,73447.4,05-10-2025,11.204338397838551,36.0,1,Very High
CONV01951,U4524,4716.46,06/22/2025,8.459025798139455,1894.0,0,Very High
CONV01952,U2911,22620.0,10/14/2025,10.026633957357836,1395.0,0,Very High
CONV01953,U4546,49371.4,06/15/2025,10.807146842589082,689.0,1,Very High
CONV01954,U5897,15324.02,10/23/2025,9.637242065860656,1610.0,0,Very High
CONV01955,U3406,53793.76,01/30/2025,10.892931343636889,569.0,1,Very High
CONV01956,U2084,28440.1,12/29/2025,10.255590561087631,1259.0,0,Very High
CONV01957,U6671,964.28,06-05-2025,6.872418214692452,1994.0,0,High
CONV01958,U7487,67804.68,08/27/2025,11.124401246230699,177.0,1,Very High
CONV01959,U2653,51435.74,11/29/2025,10.848107982097634,640.0,1,Very High
CONV01960,U2608,16949.1,11/25/2025,9.738029012496208,1569.0,0,Very High
CONV01961,U1096,12793.53,12-02-2025,9.456773014820346,1679.0,0,Very High
CONV01962,U0916,66446.26,08-02-2025,11.104163829280711,211.0,1,Very High
CONV01963,U6278,69792.23,05-02-2025,11.153292292642481,128.0,1,Very High
CONV01964,U9523,49460.01,06-10-2025,10.808939961408763,686.0,1,Very High
CONV01965,U3682,1383.81,11-07-2025,7.233318225095314,1980.0,0,Very High
CONV01966,U6314,62676.23,03-12-2025,11.045753502768477,306.0,1,Very High
CONV01967,U2252,52385.4,07-03-2025,10.86640229463755,609.0,1,Very High
CONV01968,U0644,71223.92,10/20/2025,11.173598036164355,89.0,1,Very High
CONV01969,U5098,45358.29,01/21/2026,10.722370285721812,800.0,1,Very High
CONV01970,U2196,66755.54,06/15/2025,11.108807548991102,205.0,1,Very High
CONV01971,U3315,6507.96,02-09-2025,8.780934968216279,1846.0,0,Very High
CONV01972,U4376,54786.5,08-07-2025,10.911217344727065,543.0,1,Very High
CONV01973,U6577,54250.98,11-05-2025,10.901394768432533,558.0,1,Very High
CONV01974,U7737,69891.1,06-07-2025,11.154707903236822,125.0,1,Very High
CONV01975,U2073,21952.14,02-10-2025,9.996665460664099,1418.0,0,Very High
CONV01976,U5020,26120.52,10-12-2025,10.170514774652812,1314.0,0,Very High
CONV01977,U9433,63434.79,07/20/2025,11.057783492189909,279.0,1,Very High
CONV01978,U2240,54017.28,05-06-2025,10.897077786780464,561.0,1,Very High
CONV01979,U0863,41176.29,12/14/2025,10.625642169771323,928.0,1,Very High
CONV01980,U5062,4895.86,05-08-2025,8.496349462361646,1890.0,0,Very High
CONV01981,U0297,51704.68,01/19/2025,10.853322919065329,628.0,1,Very High
CONV01982,U1301,33912.58,08-06-2025,10.431570803124302,1113.0,0,Very High
CONV01983,U4578,68008.89,04/26/2025,11.127408414759172,171.0,1,Very High
CONV01984,U8161,15154.17,02/24/2025,9.626097006848982,1617.0,0,Very High
CONV01985,U5595,33769.68,03/31/2025,10.427348249392459,1118.0,0,Very High
CONV01986,U3086,9027.03,05-09-2025,9.108089460927031,1777.0,0,Very High
CONV01987,U7198,69622.18,10/13/2025,11.150852836852021,133.0,1,Very High
CONV01988,U0415,51419.56,04-11-2025,10.847793371464583,641.0,1,Very High
CONV01989,U3193,45612.99,03-10-2025,10.727969746695134,793.0,1,Very High
CONV01990,U8669,37457.5,11/23/2025,10.530988932484123,1025.0,0,Very High
CONV01991,U5752,58335.74,01-04-2026,10.973987362532327,429.0,1,Very High
CONV01992,U7941,54145.89,06-06-2025,10.89945581772347,559.0,1,Very High
CONV01993,U2769,57986.19,04-02-2025,10.967977403065973,441.0,1,Very High
CONV01994,U9961,27746.6,04/15/2025,10.230904628947922,1275.0,0,Very High
CONV01995,U1428,35613.52,09/19/2025,10.480508698854273,1061.0,0,Very High
CONV01996,U9948,38295.74,09/17/2025,10.553120054052565,1006.0,0,Very High
CONV01997,U2556,48626.85,08/21/2025,10.791951691028334,717.0,1,Very High
CONV01998,U1469,63254.73,09/23/2025,11.054940995371854,283.0,1,Very High
CONV01999,U5314,11527.29,09/14/2025,9.352559293504516,1714.0,0,Very High
CONV02000,U8329,56762.82,01/18/2025,10.946654429925513,476.0,1,Very High
