User_id,Campaign_id,Revenue,Channel,Spend,ROAS
U1680,CMP1825,41243.46,Google Ads,30915.23,1.334082263014055
U9864,CMP6913,53914.46,Google Ads,917.29,58.775806996696794
U9864,CMP6913,53914.46,Google Ads,7133.98,7.557416757546279
U2616,CMP8929,21381.94,LinkedIn Ads,24202.15,0.8834727493218577
U9892,CMP5515,34862.3,Google Ads,3471.42,10.042662656780223
U5926,CMP6202,5914.47,Google Ads,41702.74,0.14182449402605202
U4555,CMP3734,27838.78,Instagram Ads,9290.98,2.996323315732033
U1170,CMP5821,40409.88,Facebook Ads,65394.93,0.6179359776056034
U1170,CMP5821,40409.88,Google Ads,40753.84,0.9915600591257168
U9126,CMP2678,63331.76,LinkedIn Ads,44805.47,1.4134827734202988
U3457,CMP0917,16537.52,Facebook Ads,3551.1,4.657013319816395
U9198,CMP6483,44155.52,Email Marketing,8705.19,5.072321224464945
U8349,CMP9561,4248.39,LinkedIn Ads,36833.61,0.11534003862233434
U6253,CMP2505,19417.5,Email Marketing,23015.2,0.8436815669644409
U4372,CMP0189,22542.39,Email Marketing,27792.05,0.8111092920457469
U8318,CMP7434,63243.94,Google Ads,85152.6,0.7427129647245063
U8318,CMP7434,63243.94,Google Ads,16519.95,3.8283372528367217
U8690,CMP9978,37028.97,Facebook Ads,25049.27,1.478245473820195
U1291,CMP5948,61339.73,Instagram Ads,1927.28,31.827098293968703
U2706,CMP8728,45789.6,Facebook Ads,15155.24,3.021370826196088
U2706,CMP8728,2703.28,Facebook Ads,15155.24,0.1783726288729179
U6119,CMP3471,9734.56,YouTube Ads,50096.75,0.19431520008783004
U6119,CMP3471,9734.56,Facebook Ads,30704.8,0.31703707563638256
U3609,CMP1050,47609.4,Instagram Ads,4279.96,11.123795549491117
U7954,CMP1105,54458.92,Google Ads,7243.57,7.518243076273164
U3120,CMP9356,32755.54,YouTube Ads,33110.91,0.9892672838046431
U3120,CMP9356,32755.54,Instagram Ads,24953.8,1.312647372344092
U1613,CMP6736,25943.22,LinkedIn Ads,13384.0,1.93837567244471
U6913,CMP1791,19298.13,Facebook Ads,9852.67,1.958670086382676
U0242,CMP1236,30926.25,LinkedIn Ads,2884.27,10.722383826756857
U0242,CMP1236,30926.25,Google Ads,15911.78,1.9436071891391158
U4346,CMP3503,52471.92,LinkedIn Ads,1990.78,26.357467927144135
U3567,CMP9106,41007.99,Email Marketing,41791.36,0.9812552163892249
U2580,CMP5139,63962.19,Google Ads,7026.78,9.102631646358645
U2580,CMP5139,63962.19,Instagram Ads,10173.18,6.287334933619576
U4034,CMP9750,46739.07,Google Ads,37336.38,1.2518372161414686
U5148,CMP9563,10467.7,YouTube Ads,49802.29,0.2101851139776906
U5148,CMP9563,61942.12,YouTube Ads,49802.29,1.2437604776808455
U9225,CMP4916,16576.71,LinkedIn Ads,1714.99,9.665776476830768
U9225,CMP4916,16576.71,Google Ads,8401.33,1.9731054487801336
U7180,CMP2171,46167.08,Instagram Ads,4931.7,9.361291238315388
U2201,CMP8667,8697.42,Google Ads,93182.4,0.09333758306289601
U3336,CMP2547,20350.8,Instagram Ads,15632.07,1.3018621334218692
U3336,CMP2547,22063.06,Instagram Ads,15632.07,1.4113972109899713
U0723,CMP4115,10463.36,Google Ads,13372.07,0.7824787037459422
U0159,CMP2648,52058.2,Email Marketing,67845.9,0.7673006032789011
U2089,CMP8939,67499.37,Google Ads,58667.66,1.150537962482226
U2089,CMP8939,67499.37,Google Ads,1285.99,52.48825418549133
U2089,CMP8939,67499.37,Google Ads,6463.43,10.44327392731104
U5795,CMP0654,56398.71,Instagram Ads,19522.23,2.8889481375846917
U6746,CMP3879,19176.42,Facebook Ads,5098.88,3.760908277896322
U6746,CMP3879,64602.21,Facebook Ads,5098.88,12.669882405547884
U5729,CMP1772,2507.08,LinkedIn Ads,3394.47,0.7385777455685276
U5754,CMP6529,51204.23,Instagram Ads,13336.36,3.8394456958270475
U2926,CMP8786,8798.9,Instagram Ads,2998.49,2.934443669980557
U1895,CMP5664,19663.14,Email Marketing,47505.77,0.4139105628642584
U3229,CMP7145,71203.94,Google Ads,79358.89,0.8972396161287034
U8309,CMP5410,24969.07,YouTube Ads,16152.4,1.5458427230628267
U2852,CMP4845,30901.08,YouTube Ads,4357.15,7.092039521246687
U2852,CMP4845,34126.1,YouTube Ads,4357.15,7.832206832447816
U9940,CMP0007,33552.62,Instagram Ads,9120.97,3.678624093709332
U4650,CMP3502,46730.12,YouTube Ads,33244.23,1.4056610726132024
U0401,CMP3849,46137.09,Email Marketing,31402.07,1.4692372190750482
U6292,CMP1194,11707.17,LinkedIn Ads,65499.22,0.17873754832500297
U8487,CMP0091,19252.96,Google Ads,10274.71,1.8738202830055546
U9158,CMP1989,66938.37,LinkedIn Ads,17977.46,3.723460933858287
U7374,CMP8271,48096.36,LinkedIn Ads,67380.63,0.7138009840513512
U4682,CMP8541,24488.43,LinkedIn Ads,28995.35,0.8445640421653817
U4682,CMP8541,24488.43,Instagram Ads,32867.01,0.7450762938277622
U3506,CMP1321,25317.94,Facebook Ads,9175.51,2.7592951236498022
U3506,CMP1321,25317.94,YouTube Ads,76910.06,0.3291889253499477
U0321,CMP6813,1187.79,Google Ads,16489.04,0.07203512151101579
U9884,CMP4893,21015.45,LinkedIn Ads,69478.02,0.3024762363694302
U2092,CMP0476,68089.47,LinkedIn Ads,51012.21,1.3347680878754322
U7565,CMP9247,28898.46,Email Marketing,1264.83,22.847702853347883
U4134,CMP7450,56365.05,Instagram Ads,23250.74,2.4242260676434384
U4134,CMP7450,56365.05,Google Ads,11573.21,4.870303917409259
U0660,CMP5734,63062.74,Facebook Ads,18985.43,3.3216387514004158
U3572,CMP2497,57692.19,Facebook Ads,14485.62,3.98272148516943
U5097,CMP9927,69719.87,YouTube Ads,31030.48,2.2468189341576412
U3979,CMP6150,23142.51,LinkedIn Ads,12634.97,1.8316236603648446
U3979,CMP6150,23142.51,Google Ads,66473.06,0.34814870866483355
U7019,CMP9838,38317.59,Google Ads,20796.08,1.8425390746717647
U7533,CMP0208,13828.17,LinkedIn Ads,9219.21,1.499930037389321
U9708,CMP4426,18978.02,YouTube Ads,70096.91,0.2707397515810611
U9708,CMP4426,18978.02,Google Ads,37494.36,0.5061566592948913
U6210,CMP1420,63933.26,Instagram Ads,32001.44,1.9978244728987198
U4527,CMP7989,71143.65,Facebook Ads,18315.54,3.8843326486688348
U4527,CMP7989,59238.02,Facebook Ads,18315.54,3.2343037660915264
U7801,CMP3955,34026.96,Email Marketing,49497.55,0.687447358505623
U7801,CMP3955,34026.96,YouTube Ads,2697.74,12.613135439293632
U9529,CMP1525,40170.96,Instagram Ads,24918.31,1.6121061179510165
U9529,CMP1525,40170.96,Facebook Ads,64817.36,0.6197561887741185
U3778,CMP9018,24179.43,Instagram Ads,27276.99,0.8864405493421378
U4531,CMP8780,21762.66,Email Marketing,5243.13,4.150700058934262
U4531,CMP8780,21762.66,Google Ads,35008.16,0.6216453535404316
U4531,CMP8780,49150.08,Email Marketing,5243.13,9.374186793003416
U4531,CMP8780,49150.08,Google Ads,35008.16,1.403960676596542
U8752,CMP3181,73091.4,Instagram Ads,8618.27,8.480982842264165
U1681,CMP4787,35602.73,Email Marketing,23998.58,1.4835348591458328
U1870,CMP5583,6250.6,Facebook Ads,5842.33,1.0698813658249364
U1941,CMP0879,45012.42,Facebook Ads,5163.92,8.716715208601217
U1941,CMP0879,14192.52,Facebook Ads,5163.92,2.7484004399758324
U9643,CMP3698,46861.27,YouTube Ads,68811.61,0.6810081903329975
U2574,CMP1626,6323.56,Facebook Ads,25009.49,0.2528464194991581
U2574,CMP1626,6323.56,Google Ads,3231.34,1.9569466537102256
U4721,CMP6694,64575.8,LinkedIn Ads,58869.44,1.0969324661488202
U3684,CMP3825,20473.22,Instagram Ads,32712.32,0.625856558018508
U3684,CMP3825,33941.31,Instagram Ads,32712.32,1.037569637372097
U4729,CMP1170,51884.34,Google Ads,16903.47,3.0694490539516437
U4729,CMP1170,51884.34,Email Marketing,11854.22,4.376866634835527
U9799,CMP6595,24682.38,Instagram Ads,49835.56,0.49527646523887764
U9620,CMP0424,20761.2,Google Ads,48150.39,0.43117407771775057
U2974,CMP2871,61207.68,LinkedIn Ads,55157.57,1.1096877545548145
U2635,CMP7701,37538.58,Instagram Ads,22569.48,1.6632452320567421
U2635,CMP7701,37538.58,Facebook Ads,25731.32,1.4588672481629392
U5297,CMP6562,38958.76,YouTube Ads,2081.14,18.719913124537516
U8168,CMP8890,4582.17,LinkedIn Ads,2856.65,1.604036196243852
U1990,CMP8999,60099.04,Facebook Ads,33034.92,1.8192579246445884
U1990,CMP8999,60099.04,Facebook Ads,77480.17,0.7756699552930769
U3682,CMP2595,48842.44,Instagram Ads,1970.63,24.785190522827726
U3682,CMP2595,71242.05,Instagram Ads,1970.63,36.15191588476782
U3682,CMP2595,1383.81,Instagram Ads,1970.63,0.7022170574892292
U7906,CMP8166,41681.43,Email Marketing,31678.6,1.3157598504984438
U7906,CMP8166,41681.43,Instagram Ads,94159.26,0.44266947297589215
U4527,CMP3123,71143.65,YouTube Ads,110245.03,0.6453229683007025
U4527,CMP3123,59238.02,YouTube Ads,110245.03,0.5373305263738419
U8023,CMP0043,36712.35,Instagram Ads,84766.95,0.4330974513061989
U3913,CMP9043,64308.96,YouTube Ads,71158.18,0.9037465545071558
U6326,CMP0716,37528.16,Instagram Ads,115748.76,0.3242208383053089
U1634,CMP2069,54391.46,YouTube Ads,49066.0,1.1085366649003383
U6513,CMP2530,25146.0,Google Ads,18711.53,1.3438772778067856
U1122,CMP8743,69128.98,LinkedIn Ads,71901.85,0.9614353455439602
U7270,CMP1481,67829.24,LinkedIn Ads,19959.97,3.3982636246447266
U4001,CMP5315,51373.68,Google Ads,13752.65,3.7355476944443438
U4001,CMP5315,51373.68,Email Marketing,92154.67,0.5574723451345439
U4001,CMP5315,51373.68,LinkedIn Ads,40132.04,1.2801163359749468
U8154,CMP2786,34990.38,Facebook Ads,11116.33,3.1476557460960586
U4713,CMP7530,6234.24,Instagram Ads,3700.87,1.684533636685428
U4713,CMP7530,45286.77,Instagram Ads,3700.87,12.236790268234225
U4098,CMP5662,74953.48,YouTube Ads,51567.8,1.4534938469354906
U4848,CMP7917,73362.38,Google Ads,20163.94,3.638295888601137
U4690,CMP6485,26909.84,Instagram Ads,1382.68,19.46208811872595
U2241,CMP3116,47338.77,YouTube Ads,44432.08,1.0654187244891529
U4836,CMP5062,13791.27,LinkedIn Ads,6478.79,2.128679892387313
U4211,CMP8838,65376.98,Instagram Ads,76901.85,0.8501353348456506
U6512,CMP1887,59458.14,LinkedIn Ads,5305.81,11.206232413147097
U4296,CMP4333,48162.28,YouTube Ads,8780.19,5.485334599820733
U5375,CMP1776,5443.86,Email Marketing,5820.04,0.9353647053972137
U0610,CMP7607,7966.5,Email Marketing,15414.97,0.5168028221916747
U8851,CMP8808,54699.99,Facebook Ads,33866.51,1.6151646567656364
U8851,CMP8808,54699.99,Google Ads,9300.38,5.881479036340451
U0537,CMP6798,33671.19,Email Marketing,13964.16,2.4112578200192494
U5877,CMP3869,14843.28,Instagram Ads,12981.84,1.143387994305892
U0350,CMP7451,74169.94,Google Ads,48397.64,1.5325115026269878
U5384,CMP9251,21337.65,Facebook Ads,6049.05,3.527438192774072
U0423,CMP2130,59406.36,YouTube Ads,18438.28,3.221903561503568
U6898,CMP9648,5469.18,Instagram Ads,993.01,5.507678673930776
U0711,CMP5932,34759.65,YouTube Ads,9816.72,3.5408619172187863
U8033,CMP0511,67520.55,Google Ads,33265.69,2.02973544213272
U8033,CMP0511,26263.46,Google Ads,33265.69,0.7895059444129973
U9591,CMP9967,29032.16,Facebook Ads,1308.99,22.1790540798631
U1875,CMP8693,57845.49,Instagram Ads,54881.01,1.0540164986030687
U1875,CMP8693,57845.49,Google Ads,30986.03,1.8668248239609915
U6533,CMP3523,23956.71,LinkedIn Ads,18713.88,1.280157295013113
U6533,CMP3523,23956.71,YouTube Ads,31245.4,0.7667275823001145
U1528,CMP4177,55605.6,Instagram Ads,7320.27,7.596113258117528
U5401,CMP2132,27004.65,YouTube Ads,12506.61,2.1592301990707314
U1698,CMP6930,12238.71,Email Marketing,4474.47,2.7352312117412785
U9407,CMP3675,42401.7,Google Ads,41142.26,1.0306118331856342
U4382,CMP9122,52925.38,Google Ads,107346.29,0.49303408622692035
U6567,CMP5568,47763.02,Instagram Ads,1701.37,28.073270364470986
U6567,CMP5568,47763.02,Facebook Ads,36207.19,1.319158432344515
U6567,CMP5568,47763.02,Google Ads,7723.08,6.184452316951268
U5586,CMP1504,54328.5,Email Marketing,16459.12,3.300814381327799
U0816,CMP9300,33651.14,YouTube Ads,819.96,41.03997755988097
U1865,CMP7958,21781.05,YouTube Ads,25059.2,0.869183772825948
U6476,CMP9718,15928.41,LinkedIn Ads,43553.83,0.365717779584482
U6476,CMP9718,18590.0,LinkedIn Ads,43553.83,0.4268281342880752
U8150,CMP3461,28980.4,Facebook Ads,10179.04,2.847066128043509
U1181,CMP3771,33139.3,YouTube Ads,97576.24,0.3396246873214217
U1181,CMP3771,37050.44,YouTube Ads,97576.24,0.37970760094875555
U6844,CMP1276,2298.6,Instagram Ads,44698.01,0.051425108187143
U7156,CMP2816,44473.7,YouTube Ads,105978.44,0.419648562481199
U7156,CMP2816,44473.7,LinkedIn Ads,30130.81,1.4760207243018026
U1252,CMP1289,40147.41,LinkedIn Ads,18054.73,2.2236505336828634
U4194,CMP5725,12100.58,Instagram Ads,16381.09,0.7386919918027433
U9495,CMP1235,66242.07,Facebook Ads,86493.21,0.765864395598221
U7246,CMP5296,21144.52,Email Marketing,13111.86,1.6126255161357732
U0933,CMP5767,48616.48,YouTube Ads,7247.64,6.707904918014692
U0933,CMP5767,48616.48,Instagram Ads,4674.07,10.401316197660712
U9082,CMP1480,60878.84,YouTube Ads,38787.15,1.5695620843501004
U9082,CMP1480,60878.84,Instagram Ads,42971.57,1.4167236617140122
U7382,CMP3085,7011.44,Instagram Ads,44486.92,0.15760677520493663
U7382,CMP3085,7011.44,Instagram Ads,8102.55,0.8653374554924066
U8587,CMP2828,27769.43,Google Ads,29953.95,0.9270707202222077
U5483,CMP4635,42178.77,LinkedIn Ads,40567.98,1.0397059454278965
U2318,CMP4656,52612.14,Instagram Ads,20942.93,2.512167113197628
U5382,CMP2113,62300.2,YouTube Ads,11385.63,5.471827206750966
U5382,CMP2113,48748.41,YouTube Ads,11385.63,4.2815733516722405
U5941,CMP8625,26123.62,Google Ads,79641.66,0.3280145089893907
U1658,CMP7968,55594.32,Facebook Ads,3194.67,17.402210556958934
U2659,CMP0619,47136.98,Email Marketing,14544.89,3.2407931582844562
U3892,CMP2713,56615.04,Email Marketing,3943.84,14.35530853178628
U3179,CMP7356,73844.66,Facebook Ads,15902.62,4.643553074902123
U3272,CMP4617,19312.74,LinkedIn Ads,42942.09,0.44973917198720426
U3272,CMP4617,57011.73,LinkedIn Ads,42942.09,1.3276421804341616
U2043,CMP7874,12653.19,Instagram Ads,13305.07,0.951005143152197
U7392,CMP8411,4704.33,Facebook Ads,15268.85,0.30809982415178616
U7392,CMP8411,14565.56,Facebook Ads,15268.85,0.9539395566791211
U5222,CMP6127,25645.3,Facebook Ads,6505.78,3.9419254877970054
U2274,CMP2255,46439.61,Google Ads,64798.29,0.7166795605254398
U9976,CMP1299,58380.82,Google Ads,15965.36,3.656718044566486
U9976,CMP1299,58380.82,YouTube Ads,9730.77,5.999609486196878
U7490,CMP4935,67957.16,Google Ads,2895.0,23.473975820379966
U7490,CMP4935,67957.16,LinkedIn Ads,39940.16,1.7014744057109434
U7033,CMP8783,18611.9,Google Ads,60494.07,0.30766486698613604
U1109,CMP3069,59141.12,Email Marketing,16931.74,3.4929144907729506
U6117,CMP9080,27264.22,Google Ads,12724.49,2.142657190975827
U6117,CMP9080,18953.24,Google Ads,12724.49,1.4895088133198267
U2186,CMP5650,25887.14,Facebook Ads,27970.23,0.9255247454168235
U2210,CMP2869,70812.67,Email Marketing,62483.7,1.1332982841925174
U2210,CMP2869,70812.67,LinkedIn Ads,3950.2,17.926350564528377
U5081,CMP4808,41070.03,Facebook Ads,4572.34,8.982278220779731
U5439,CMP0600,28075.43,Email Marketing,10680.15,2.628748659897099
U8130,CMP6554,69380.06,Email Marketing,27129.41,2.5573744508266123
U2957,CMP4370,8367.9,Google Ads,27187.96,0.30777962009654275
U7273,CMP4844,54715.96,Instagram Ads,75084.68,0.7287233560827588
U7273,CMP4844,42730.78,Instagram Ads,75084.68,0.5691011801608531
U7273,CMP4844,25831.75,Instagram Ads,75084.68,0.3440348950012173
U1230,CMP5777,27725.85,YouTube Ads,31474.95,0.8808862285722455
U1230,CMP5777,27725.85,YouTube Ads,14015.35,1.978248848583874
U1230,CMP5777,46246.74,YouTube Ads,31474.95,1.4693189345813098
U1230,CMP5777,46246.74,YouTube Ads,14015.35,3.2997206634154694
U0571,CMP2622,58554.76,Google Ads,23480.96,2.4937123524762193
U7372,CMP5934,57409.02,LinkedIn Ads,4123.09,13.92378531635254
U4090,CMP2256,14564.07,YouTube Ads,26485.78,0.5498826162567234
U7312,CMP6341,52278.06,YouTube Ads,9412.26,5.55425158251047
U7312,CMP6341,9478.38,YouTube Ads,9412.26,1.0070248803156734
U7293,CMP3280,74003.17,Google Ads,6817.46,10.85494744376938
U2581,CMP5693,52741.27,Email Marketing,7348.64,7.177010984345402
U3879,CMP5923,41886.09,YouTube Ads,10797.68,3.8791749709196788
U3879,CMP5923,41886.09,Email Marketing,14068.49,2.977298203289763
U5068,CMP7658,36290.88,YouTube Ads,23420.53,1.549532824406621
U5068,CMP7658,36290.88,YouTube Ads,95320.58,0.38072449831925065
U5068,CMP7658,67809.42,YouTube Ads,23420.53,2.895298270363651
U5068,CMP7658,67809.42,YouTube Ads,95320.58,0.7113827884807247
U1216,CMP6709,39163.98,YouTube Ads,5972.09,6.557834861832291
U1216,CMP6709,6954.91,YouTube Ads,5972.09,1.1645688527801825
U7089,CMP9033,9968.97,Email Marketing,24541.72,0.4062050255646303
U5670,CMP4983,6605.36,Facebook Ads,25854.2,0.25548498889928906
U1531,CMP9025,44691.78,Instagram Ads,10373.24,4.30837231183314
U0675,CMP2527,71179.6,Facebook Ads,96240.3,0.7396028482870481
U0675,CMP2527,25725.76,Facebook Ads,96240.3,0.2673075624244729
U0497,CMP9450,22258.12,Instagram Ads,55774.0,0.39907698927815827
U4874,CMP4950,5198.55,LinkedIn Ads,55639.34,0.09343299183635177
U4874,CMP4950,5198.55,LinkedIn Ads,2742.46,1.8955791515646536
U4874,CMP4950,50654.18,LinkedIn Ads,55639.34,0.9104022441675261
U4874,CMP4950,50654.18,LinkedIn Ads,2742.46,18.470344143579123
U5122,CMP6810,26393.76,LinkedIn Ads,14548.25,1.814222329146117
U7643,CMP2143,19157.97,Instagram Ads,20270.08,0.9451353916708765
U7643,CMP2143,19157.97,Facebook Ads,20343.2,0.941738271265091
U7643,CMP2143,48102.42,Instagram Ads,20270.08,2.373074995263955
U7643,CMP2143,48102.42,Facebook Ads,20343.2,2.364545400920209
U5365,CMP0830,14845.19,Instagram Ads,49980.17,0.29702159876607065
U0380,CMP8164,34699.38,YouTube Ads,73949.61,0.469230060848191
U0380,CMP8164,8428.88,YouTube Ads,73949.61,0.11398139895531564
U9790,CMP3525,21966.81,YouTube Ads,1516.24,14.487686645913577
U6607,CMP1762,4548.46,LinkedIn Ads,13237.21,0.34361168252222335
U7379,CMP3190,74189.98,Instagram Ads,9141.35,8.115866912436346
U7379,CMP3190,74189.98,LinkedIn Ads,27428.94,2.704806674993638
U9140,CMP1947,45482.88,Facebook Ads,7730.51,5.883554901293705
U7762,CMP8194,45764.85,Google Ads,435.93,104.98210721904893
U7762,CMP8194,976.7,Google Ads,435.93,2.2404973275525886
U4903,CMP2291,62250.48,Instagram Ads,14209.13,4.381019809094576
U4903,CMP2291,62250.48,Google Ads,1379.55,45.123757747091446
U6036,CMP8026,73507.42,Email Marketing,27080.6,2.7143940680782555
U6036,CMP8026,73507.42,YouTube Ads,1954.5,37.60932207725761
U9478,CMP5041,4563.12,Email Marketing,6291.72,0.7252579580782361
U3969,CMP2794,8909.74,YouTube Ads,31935.46,0.2789920671253835
U3969,CMP2794,8909.74,Instagram Ads,69843.11,0.12756791614806384
U3969,CMP2794,8909.74,Instagram Ads,13723.88,0.6492143621191675
U6724,CMP7226,35766.7,Instagram Ads,12547.57,2.850488182173919
U7838,CMP1021,71783.9,Email Marketing,6814.87,10.533421767399817
U4332,CMP8735,71832.3,Instagram Ads,42295.37,1.6983490155068983
U3397,CMP9144,24290.28,Instagram Ads,20298.35,1.1966627829355587
U3397,CMP9144,4127.79,Instagram Ads,20298.35,0.20335593779789984
U8900,CMP9184,26376.25,Email Marketing,5689.07,4.636302594272878
U5675,CMP2400,56239.89,Instagram Ads,6610.99,8.507029960716928
U1790,CMP3311,18516.69,YouTube Ads,34534.41,0.5361808700365808
U1790,CMP3311,22514.58,YouTube Ads,34534.41,0.6519462761923542
U1790,CMP3311,14555.28,YouTube Ads,34534.41,0.4214718016030967
U5412,CMP8701,57979.38,Facebook Ads,13209.45,4.38923497950331
U5412,CMP8701,57979.38,Facebook Ads,1018.58,56.92177344931178
U5412,CMP8701,57979.38,LinkedIn Ads,15165.97,3.822991869296853
U7823,CMP9017,72320.61,Facebook Ads,101822.81,0.7102594202615308
U3805,CMP4677,63887.24,Email Marketing,3402.88,18.774461632499527
U8117,CMP2869,69508.46,Email Marketing,62483.7,1.1124254805653315
U8117,CMP2869,69508.46,LinkedIn Ads,3950.2,17.596187534808365
U4663,CMP0614,39680.66,Google Ads,31003.72,1.279867706197837
U5418,CMP2199,48885.18,YouTube Ads,13422.55,3.6420188414272996
U5418,CMP2199,42941.16,YouTube Ads,13422.55,3.1991804835891844
U3165,CMP3051,48175.4,Google Ads,91054.09,0.5290855138961907
U3028,CMP7008,70235.04,YouTube Ads,7231.08,9.71293914601968
U4948,CMP4273,1599.1,LinkedIn Ads,29482.9,0.05423821944245647
U4948,CMP4273,14406.82,LinkedIn Ads,29482.9,0.48865003103493887
U5027,CMP5891,38062.14,Email Marketing,4312.62,8.82575789195431
U6022,CMP5096,71834.02,Email Marketing,25166.84,2.8543122616903833
U7715,CMP2510,16967.07,LinkedIn Ads,30407.4,0.5579914757591902
U1280,CMP9762,62286.48,Google Ads,43554.9,1.430068258680424
U8526,CMP8282,16001.06,Facebook Ads,22774.26,0.7025940689181559
U8526,CMP8282,16001.06,Email Marketing,49253.93,0.3248686957568665
U2162,CMP8009,42620.4,Google Ads,61596.16,0.6919327438593574
U3571,CMP7576,32209.53,Email Marketing,2149.84,14.98229170542924
U0520,CMP1045,57846.18,YouTube Ads,3578.06,16.166911678395554
U6155,CMP6888,65685.62,Instagram Ads,65983.15,0.9954908184892658
U3649,CMP5698,35128.03,Google Ads,21101.68,1.6647029999507148
U7547,CMP8921,14744.67,LinkedIn Ads,53381.11,0.2762151255378541
U3944,CMP1849,44850.36,Google Ads,91740.68,0.4888819223925526
U3944,CMP1849,44850.36,Facebook Ads,4999.02,8.971830478773839
U6591,CMP9795,16882.24,Email Marketing,5745.07,2.9385612359814592
U5225,CMP0925,50685.5,Facebook Ads,15960.14,3.1757553505169756
U5225,CMP0925,8500.08,Facebook Ads,15960.14,0.5325817943952873
U6776,CMP3882,42086.32,Instagram Ads,29063.09,1.4481020428316467
U5643,CMP2870,59096.0,Email Marketing,86190.85,0.6856412252576695
U7759,CMP6822,64422.44,LinkedIn Ads,11614.53,5.546710887138782
U7759,CMP6822,42822.96,LinkedIn Ads,11614.53,3.687016177150517
U8684,CMP7587,19683.42,Google Ads,66666.37,0.2952526138741317
U0845,CMP1296,45668.98,LinkedIn Ads,9582.01,4.76611692118877
U7855,CMP1193,71808.72,Facebook Ads,85260.05,0.8422317369037433
U3975,CMP3471,15935.1,YouTube Ads,50096.75,0.31808650261743526
U3975,CMP3471,15935.1,Facebook Ads,30704.8,0.5189774888616764
U5887,CMP3922,38826.63,YouTube Ads,21694.62,1.789689333115768
U3329,CMP7636,4144.36,Google Ads,122544.3,0.03381928004811321
U9489,CMP3626,15317.24,Email Marketing,819.37,18.693923380157926
U5531,CMP6224,48395.82,YouTube Ads,25425.43,1.9034415543807912
U5531,CMP6224,62762.96,YouTube Ads,25425.43,2.468511250350535
U8001,CMP7551,71824.84,Facebook Ads,31789.71,2.2593738665750647
U2253,CMP0555,53257.34,Google Ads,13399.28,3.9746419210584443
U7917,CMP3584,1240.96,YouTube Ads,11054.32,0.11226018425375782
U4698,CMP6740,52566.03,Google Ads,4859.42,10.817346514604623
U8626,CMP2938,59774.02,Google Ads,5733.71,10.42501626346641
U3701,CMP6113,63704.13,LinkedIn Ads,31605.21,2.0156211586633974
U0920,CMP0520,13475.24,Google Ads,28721.08,0.4691759502080005
U3765,CMP7110,42833.73,Email Marketing,15090.0,2.8385506958250497
U0540,CMP0763,72139.08,Google Ads,84678.82,0.8519140913867245
U0540,CMP0763,72139.08,Email Marketing,4141.43,17.418881883793762
U3940,CMP2363,67317.04,Email Marketing,5261.39,12.794535284402029
U8205,CMP6289,33203.8,Email Marketing,33023.67,1.0054545724324402
U6500,CMP1246,21044.54,Instagram Ads,84077.53,0.25029921787664317
U3044,CMP8039,28970.4,Facebook Ads,86882.6,0.33344305994525947
U6226,CMP4840,55669.41,Facebook Ads,4935.32,11.27979745994181
U5897,CMP5910,7231.82,Google Ads,1140.11,6.3430897018708725
U5897,CMP5910,7231.82,YouTube Ads,116718.3,0.06195960701963616
U5897,CMP5910,15438.51,Google Ads,1140.11,13.541246020120868
U5897,CMP5910,15438.51,YouTube Ads,116718.3,0.1322715461071657
U5897,CMP5910,15324.02,Google Ads,1140.11,13.440825885221603
U5897,CMP5910,15324.02,YouTube Ads,116718.3,0.13129063737220298
U1469,CMP7354,45071.66,YouTube Ads,40944.36,1.1008026502307033
U1469,CMP7354,32895.03,YouTube Ads,40944.36,0.8034080884400195
U1469,CMP7354,51136.68,YouTube Ads,40944.36,1.2489309882972892
U1469,CMP7354,21184.78,YouTube Ads,40944.36,0.5174041064508029
U1469,CMP7354,63254.73,YouTube Ads,40944.36,1.5448948280056154
U9168,CMP5316,13341.53,LinkedIn Ads,1938.59,6.882079243161267
U1037,CMP2778,32016.86,Facebook Ads,9233.9,3.467317168260432
U9729,CMP1261,8692.7,Instagram Ads,16022.68,0.5425247212076881
U9729,CMP1261,65776.89,Instagram Ads,16022.68,4.105236452328824
U7213,CMP0111,61897.48,LinkedIn Ads,52398.57,1.181281855592624
U3291,CMP9739,72369.66,Facebook Ads,17795.6,4.066716491717054
U5340,CMP5229,59100.58,Instagram Ads,157313.8,0.37568592202336987
U5340,CMP5229,59100.58,LinkedIn Ads,14375.65,4.11115879977601
U9013,CMP1866,70765.89,YouTube Ads,49381.54,1.4330434004285812
U9013,CMP1866,57490.69,YouTube Ads,49381.54,1.1642141982611316
U8181,CMP7184,18720.07,Instagram Ads,19912.13,0.9401339786351334
U8181,CMP7184,18720.07,Email Marketing,689.26,27.159663987464818
U7852,CMP2526,38366.0,Email Marketing,11906.8,3.222192360667854
U9730,CMP6854,57844.84,YouTube Ads,6177.45,9.363870205343629
U6548,CMP5817,1533.16,Facebook Ads,9576.18,0.16010141831085048
U9425,CMP3638,29791.71,YouTube Ads,104852.5,0.28412970601559334
U7910,CMP9644,69100.65,Email Marketing,10961.42,6.303987074667333
U3390,CMP1902,36105.07,Email Marketing,6072.02,5.946138187950632
U1886,CMP7413,8870.17,Instagram Ads,2179.22,4.0703416818861795
U5423,CMP2693,17965.28,Email Marketing,12010.99,1.495736821028075
U5423,CMP2693,17965.28,LinkedIn Ads,7135.21,2.5178347939303816
U3233,CMP3023,29621.06,Facebook Ads,67183.79,0.44089593635607643
U9460,CMP3520,27910.12,Facebook Ads,46388.26,0.6016634381199035
U9460,CMP3520,27910.12,LinkedIn Ads,11561.58,2.414040295530542
U5135,CMP7497,29896.4,Google Ads,49216.4,0.6074479238627775
U5135,CMP7497,29896.4,Facebook Ads,24632.76,1.2136845404250276
U5135,CMP7497,874.64,Google Ads,49216.4,0.017771312001690492
U5135,CMP7497,874.64,Facebook Ads,24632.76,0.03550718636482473
U4874,CMP5701,5198.55,Instagram Ads,28186.72,0.1844325980461721
U4874,CMP5701,5198.55,Google Ads,6592.18,0.7885934546690169
U4874,CMP5701,50654.18,Instagram Ads,28186.72,1.7970938087155937
U4874,CMP5701,50654.18,Google Ads,6592.18,7.68398010976642
U2317,CMP1932,45034.62,Facebook Ads,5748.91,7.8335928028095765
U2317,CMP1932,59708.5,Facebook Ads,5748.91,10.386055791445683
U2839,CMP6287,22195.98,LinkedIn Ads,27828.27,0.797605456609412
U2839,CMP6287,22195.98,Google Ads,5602.77,3.9616082759063818
U7940,CMP5155,29257.86,LinkedIn Ads,16376.08,1.786621706782087
U7273,CMP8282,54715.96,Facebook Ads,22774.26,2.4025351427444845
U7273,CMP8282,54715.96,Email Marketing,49253.93,1.1108953133282968
U7273,CMP8282,42730.78,Facebook Ads,22774.26,1.8762752335311883
U7273,CMP8282,42730.78,Email Marketing,49253.93,0.867560822050139
U7273,CMP8282,25831.75,Facebook Ads,22774.26,1.1342520020409006
U7273,CMP8282,25831.75,Email Marketing,49253.93,0.5244606877055292
U2756,CMP3614,58111.66,Instagram Ads,2129.91,27.28362231267988
U6011,CMP9007,54134.28,YouTube Ads,5497.31,9.847412643638433
U0529,CMP3581,64768.32,LinkedIn Ads,21720.18,2.9819421386010614
U0529,CMP3581,64768.32,LinkedIn Ads,81615.18,0.7935817822125738
U5745,CMP7194,32541.4,Google Ads,15168.75,2.1452921302018955
U4606,CMP2282,24781.28,Facebook Ads,3655.56,6.779065314206305
U1561,CMP4795,5151.98,Instagram Ads,42933.98,0.11999772674231457
U4056,CMP2079,11306.25,Email Marketing,2838.25,3.9835285827534572
U1526,CMP4403,21408.26,Email Marketing,32509.98,0.6585134780150588
U7512,CMP6047,27348.04,LinkedIn Ads,34640.61,0.7894791691023917
U4400,CMP8757,41387.8,LinkedIn Ads,30635.11,1.3509923744357373
U4400,CMP8757,45965.37,LinkedIn Ads,30635.11,1.5004147202343978
U7530,CMP9276,64430.62,LinkedIn Ads,1473.58,43.723869759361556
U4946,CMP7480,49353.15,Google Ads,34011.37,1.4510779777468534
U4946,CMP7480,49353.15,Instagram Ads,65448.5,0.7540761056403127
U4946,CMP7480,49353.15,Instagram Ads,75221.92,0.6561006419405407
U4946,CMP7480,50011.66,Google Ads,34011.37,1.470439444221153
U4946,CMP7480,50011.66,Instagram Ads,65448.5,0.7641376043759598
U4946,CMP7480,50011.66,Instagram Ads,75221.92,0.6648548720904758
U5006,CMP1351,49419.78,Instagram Ads,9404.73,5.2547792440612335
U3706,CMP1560,1439.55,Google Ads,7739.45,0.18600158926021876
U3752,CMP5630,60592.29,Google Ads,27602.93,2.1951397913192547
U2341,CMP5134,1379.25,Instagram Ads,5619.74,0.24542950385605028
U6746,CMP2689,19176.42,LinkedIn Ads,24217.06,0.7918558239522054
U6746,CMP2689,64602.21,LinkedIn Ads,24217.06,2.6676322394213003
U7036,CMP1647,21314.85,Facebook Ads,19200.88,1.1100975580285901
U7036,CMP1647,6143.55,Facebook Ads,19200.88,0.31996189757969423
U0440,CMP4066,39192.87,YouTube Ads,75074.0,0.5220565042491409
U8109,CMP3091,37844.01,Email Marketing,34119.5,1.1091607438561526
U6338,CMP1164,41316.94,YouTube Ads,4409.42,9.37015299064276
U3535,CMP7718,30299.64,Google Ads,1288.64,23.512881797864413
U8809,CMP8210,6957.09,LinkedIn Ads,13187.62,0.5275470479131185
U8809,CMP8210,44168.08,LinkedIn Ads,13187.62,3.3492078176350244
U1084,CMP8378,54949.41,Facebook Ads,12960.87,4.239639005714894
U7429,CMP3910,23714.79,Google Ads,7528.44,3.150027097247239
U7429,CMP3910,23714.79,Facebook Ads,3347.27,7.084815386867508
U8134,CMP2878,58886.79,Google Ads,1773.15,33.210269858725994
U1935,CMP4248,32627.36,Facebook Ads,17011.36,1.9179748121255442
U7458,CMP1047,37846.05,Instagram Ads,128036.89,0.29558707650584143
U1890,CMP2735,940.71,Instagram Ads,17540.38,0.05363110719380082
U2933,CMP0202,68610.62,Facebook Ads,4727.49,14.513117954770925
U4445,CMP6871,9615.53,Facebook Ads,20381.09,0.4717868377010258
U4445,CMP6871,70929.36,Facebook Ads,20381.09,3.4801553793246582
U1130,CMP0863,63479.85,Facebook Ads,42536.79,1.4923516795696148
U9238,CMP1416,18761.86,YouTube Ads,1029.95,18.216282343803098
U9238,CMP1416,18761.86,YouTube Ads,11455.28,1.6378351293028193
U2467,CMP9695,18050.08,LinkedIn Ads,36169.71,0.4990385601653981
U2467,CMP9695,18050.08,Instagram Ads,8223.71,2.194882844847399
U2467,CMP9695,18050.08,YouTube Ads,19761.99,0.9133736025572323
U1704,CMP0158,31921.32,Instagram Ads,1980.49,16.117890017116977
U8516,CMP0982,28407.52,Facebook Ads,19129.0,1.4850499241988604
U1227,CMP1392,33047.48,YouTube Ads,5247.59,6.297649016024499
U5346,CMP2142,18095.64,Facebook Ads,19460.52,0.9298641557368457
U7366,CMP3322,9714.7,Facebook Ads,4916.94,1.9757613475047493
U7366,CMP3322,18441.33,Facebook Ads,4916.94,3.7505704767599366
U1482,CMP3402,62109.21,LinkedIn Ads,27444.22,2.2631071314834235
U4067,CMP9885,4384.59,Google Ads,7093.17,0.6181425230186222
U9014,CMP4263,8316.62,Facebook Ads,8099.36,1.0268243416763796
U2142,CMP2291,51706.68,Instagram Ads,14209.13,3.638975785287347
U2142,CMP2291,51706.68,Google Ads,1379.55,37.48083070566489
U0358,CMP1377,48714.52,YouTube Ads,40264.35,1.2098672895501852
U0358,CMP1377,48714.52,Instagram Ads,37206.02,1.309318223233767
U0830,CMP2111,61760.14,Google Ads,3419.29,18.062270237388464
U3067,CMP8129,66344.22,Google Ads,19583.03,3.3878424329636427
U7849,CMP4027,29188.89,Email Marketing,20322.74,1.4362674521250578
U0320,CMP3268,36366.57,Email Marketing,28308.38,1.2846574053336857
U2947,CMP7941,17012.25,Instagram Ads,33853.44,0.5025264788452812
U2947,CMP7941,7070.76,Instagram Ads,33853.44,0.20886385549001815
U3814,CMP4603,49522.18,Google Ads,38408.52,1.2893540287415397
U9433,CMP8744,63062.25,Email Marketing,16587.47,3.801800395117519
U9433,CMP8744,63434.79,Email Marketing,16587.47,3.824259516369886
U5879,CMP2847,52766.64,Facebook Ads,19969.13,2.642410560700441
U5879,CMP2847,12526.45,Facebook Ads,19969.13,0.6272907232313075
U8883,CMP9301,3568.82,YouTube Ads,22973.03,0.1553482496649332
U5436,CMP3812,10438.84,YouTube Ads,1534.38,6.8032951420117564
U5436,CMP3812,10438.84,YouTube Ads,3313.68,3.150225730909442
U2321,CMP2908,27843.07,Instagram Ads,366.12,76.04902764121053
U4945,CMP6121,55127.14,Email Marketing,83304.81,0.6617521845377236
U5847,CMP7983,61223.22,Email Marketing,21971.41,2.786494813032027
U5847,CMP7983,73142.38,Email Marketing,21971.41,3.3289797969270065
U9386,CMP5027,14269.58,Email Marketing,23051.91,0.6190194218179752
U5426,CMP3620,73691.68,Email Marketing,17040.62,4.324471762177667
U3436,CMP1454,26773.23,Email Marketing,57253.93,0.4676225719352366
U3436,CMP1454,26773.23,YouTube Ads,9096.66,2.9431934358324923
U2726,CMP1771,28869.4,Email Marketing,573.74,50.317914037717436
U3696,CMP6150,60090.19,LinkedIn Ads,12634.97,4.755863290534129
U3696,CMP6150,60090.19,Google Ads,66473.06,0.9039780927792402
U3696,CMP6150,48836.7,LinkedIn Ads,12634.97,3.8652011045534733
U3696,CMP6150,48836.7,Google Ads,66473.06,0.7346840960834359
U5601,CMP4832,55099.89,Google Ads,41928.3,1.3141455770923218
U0508,CMP1526,45843.33,Instagram Ads,92035.28,0.49810605237469807
U6706,CMP2574,69473.83,Google Ads,4438.71,15.651806493328017
U6438,CMP4347,37202.91,Email Marketing,8441.2,4.407301094631095
U6438,CMP4347,58770.46,Email Marketing,8441.2,6.962334739136615
U9834,CMP5912,2660.88,Google Ads,5871.09,0.4532173753085032
U7716,CMP4782,7516.92,Google Ads,7864.6,0.9557917758055082
U0732,CMP6350,20307.51,Facebook Ads,28453.42,0.7137106892598499
U1585,CMP4401,60757.38,YouTube Ads,3195.48,19.013537872244545
U6859,CMP9663,70274.83,Facebook Ads,9450.46,7.436127976839224
U8227,CMP3861,43182.8,LinkedIn Ads,3509.59,12.304229268945946
U3472,CMP2416,32185.59,Google Ads,28013.17,1.148944942682317
U3472,CMP2416,32185.59,LinkedIn Ads,21710.16,1.4825127958522646
U3472,CMP2416,56463.87,Google Ads,28013.17,2.0156187250496824
U3472,CMP2416,56463.87,LinkedIn Ads,21710.16,2.600803955383102
U5239,CMP7134,42060.04,Facebook Ads,42263.52,0.9951854459827294
U9627,CMP5344,31522.35,Instagram Ads,70546.92,0.4468281535182542
U1731,CMP9284,21992.4,YouTube Ads,121386.08,0.18117728161252097
U9978,CMP5634,21199.5,LinkedIn Ads,22585.31,0.9386410901599314
U3893,CMP9973,69122.0,Email Marketing,21077.92,3.2793558377676737
U3893,CMP9973,69122.0,LinkedIn Ads,43067.69,1.604961863522283
U1610,CMP6103,73085.79,Google Ads,20108.16,3.634633402558961
U3080,CMP5258,61929.74,Instagram Ads,90013.31,0.688006473709277
U1076,CMP7938,30701.34,YouTube Ads,5873.78,5.226845404492508
U1076,CMP7938,6702.64,YouTube Ads,5873.78,1.141111856419546
U0945,CMP8590,4504.02,YouTube Ads,1333.25,3.3782261391336963
U2030,CMP3263,28405.65,Instagram Ads,43680.57,0.6503040138899286
U2680,CMP7309,51897.15,Facebook Ads,59004.49,0.8795457769400261
U3627,CMP0450,16099.77,LinkedIn Ads,3767.44,4.273397851060667
U3627,CMP0450,16099.77,Email Marketing,17908.79,0.8989870337415313
U0146,CMP6710,13610.14,YouTube Ads,8721.79,1.560475544584311
U4512,CMP0139,26641.66,Facebook Ads,42152.64,0.6320282667942032
U8381,CMP3576,48815.14,LinkedIn Ads,42042.32,1.1610952963585264
U4530,CMP4632,21308.7,Instagram Ads,19904.3,1.070557618203102
U6621,CMP4896,11139.76,Facebook Ads,18864.84,0.5905038155637684
U9553,CMP8149,14851.2,Instagram Ads,16899.97,0.87877079071738
U5874,CMP3644,13371.51,Email Marketing,85708.25,0.1560119358404821
U5874,CMP3644,43615.44,Email Marketing,85708.25,0.5088826338187981
U9160,CMP9147,25670.72,Facebook Ads,4821.66,5.324041927468963
U5429,CMP3642,22583.3,Instagram Ads,54989.7,0.41068236415183207
U5429,CMP3642,8249.46,Instagram Ads,54989.7,0.15001827614989716
U1167,CMP1930,9646.34,LinkedIn Ads,8886.08,1.0855562857863086
U1167,CMP1930,9646.34,Instagram Ads,24334.58,0.3964046225576936
U2251,CMP6254,74048.97,YouTube Ads,6003.08,12.335162949685829
U5450,CMP7497,47861.55,Google Ads,49216.4,0.9724715745158118
U5450,CMP7497,47861.55,Facebook Ads,24632.76,1.9430039508362038
U8022,CMP7407,32953.08,Instagram Ads,9312.81,3.5384679812000894
U8022,CMP7407,66770.56,Instagram Ads,9312.81,7.169754349116969
U3268,CMP6610,24674.32,LinkedIn Ads,8235.65,2.996037956931147
U3708,CMP8701,10323.1,Facebook Ads,13209.45,0.781493551964692
U3708,CMP8701,10323.1,Facebook Ads,1018.58,10.134795499617114
U3708,CMP8701,10323.1,LinkedIn Ads,15165.97,0.6806752222244934
U3708,CMP8701,32233.17,Facebook Ads,13209.45,2.4401598855364908
U3708,CMP8701,32233.17,Facebook Ads,1018.58,31.645202144161477
U3708,CMP8701,32233.17,LinkedIn Ads,15165.97,2.125361582543022
U4886,CMP8247,39381.42,YouTube Ads,5165.1,7.624522274496137
U5886,CMP5536,68926.76,LinkedIn Ads,19052.12,3.6178000138567254
U0360,CMP0314,9894.78,Facebook Ads,59758.77,0.16557870920033999
U0360,CMP0314,71744.01,Facebook Ads,59758.77,1.2005603528988298
U0797,CMP0613,8777.43,LinkedIn Ads,67826.73,0.1294096000205229
U2025,CMP0324,52863.72,Google Ads,19068.09,2.772365769198698
U4424,CMP0153,10934.38,Instagram Ads,23341.3,0.46845634133488706
U8155,CMP1719,58513.46,YouTube Ads,14730.89,3.9721605415558736
U8981,CMP8572,70034.49,Facebook Ads,26119.41,2.6813197541598375
U8096,CMP3843,38744.12,Google Ads,1745.19,22.200516849168284
U4328,CMP1660,61128.5,Instagram Ads,40262.2,1.5182603037091864
U1557,CMP0647,11025.78,Instagram Ads,25992.29,0.42419425144917977
U1557,CMP0647,11025.78,Facebook Ads,55795.06,0.19761211834882875
U1523,CMP2794,9202.02,YouTube Ads,31935.46,0.28814427598663056
U1523,CMP2794,9202.02,Instagram Ads,69843.11,0.13175272406970423
U1523,CMP2794,9202.02,Instagram Ads,13723.88,0.6705115462974028
U2733,CMP7480,54686.02,Google Ads,34011.37,1.6078746607384529
U2733,CMP7480,54686.02,Instagram Ads,65448.5,0.8355580341795457
U2733,CMP7480,54686.02,Instagram Ads,75221.92,0.7269958012238985
U7179,CMP2612,58602.94,Google Ads,53518.95,1.0949942029879138
U1851,CMP0473,5452.7,Email Marketing,23989.03,0.22729972825078798
U9258,CMP5149,25868.82,Google Ads,137777.8,0.1877575342326558
U6306,CMP1561,74093.54,LinkedIn Ads,45069.0,1.6440023075728327
U2710,CMP0191,18636.21,Email Marketing,36792.17,0.5065265245295398
U3851,CMP0825,60243.64,YouTube Ads,31698.55,1.9005172160871713
U0292,CMP1443,3410.52,LinkedIn Ads,12079.68,0.2823352936501629
U8329,CMP0003,50606.97,Google Ads,105869.24,0.4780139160345347
U8329,CMP0003,56762.82,Google Ads,105869.24,0.5361597004002295
U5440,CMP5585,35880.18,Instagram Ads,5671.35,6.326567748419688
U3634,CMP5953,62368.88,Email Marketing,4137.87,15.072701655682755
U3634,CMP5953,63153.92,Email Marketing,4137.87,15.26242245406453
U2690,CMP4784,53976.57,YouTube Ads,46016.15,1.1729918735052802
U2690,CMP4784,23950.12,YouTube Ads,46016.15,0.5204720516601237
U6438,CMP6705,37202.91,Google Ads,15129.85,2.458908052624448
U6438,CMP6705,58770.46,Google Ads,15129.85,3.884404670237973
U9648,CMP5537,49640.42,Google Ads,8047.86,6.1681515334511285
U9648,CMP5537,49640.42,Email Marketing,64771.33,0.7663949466530948
U9648,CMP5537,26655.84,Google Ads,8047.86,3.312164973048736
U9648,CMP5537,26655.84,Email Marketing,64771.33,0.4115376355557312
U9065,CMP8261,69384.54,Facebook Ads,1001.42,69.28615366180024
U9065,CMP8261,69384.54,Email Marketing,44917.28,1.5447182019926406
U9065,CMP8261,69384.54,YouTube Ads,40225.78,1.7248774293500335
U1697,CMP2904,45757.44,Email Marketing,22497.54,2.0338863715766258
U4483,CMP8260,34373.79,LinkedIn Ads,93346.23,0.36823972430380963
U4898,CMP2264,24057.87,LinkedIn Ads,104185.14,0.23091460068105682
U5658,CMP9070,49018.92,Email Marketing,5380.22,9.11095085331083
U5658,CMP9070,49018.92,Instagram Ads,43869.78,1.1173732806501422
U1891,CMP2914,44023.36,YouTube Ads,78283.4,0.5623588142569179
U0210,CMP6840,29029.62,Email Marketing,42711.2,0.679672310775628
U4106,CMP0928,58988.54,Facebook Ads,50722.55,1.1629647957368074
U4106,CMP0928,65757.44,Facebook Ads,50722.55,1.2964143167092348
U9206,CMP8867,42424.34,Google Ads,16130.3,2.630102353954979
U6350,CMP8371,72463.11,Email Marketing,40803.5,1.7759042729177643
U3696,CMP0213,60090.19,Email Marketing,11770.01,5.105364396461855
U3696,CMP0213,48836.7,Email Marketing,11770.01,4.149248811173482
U4820,CMP9641,6279.33,YouTube Ads,52557.83,0.1194746815079694
U4573,CMP2848,12698.97,Email Marketing,9346.7,1.3586581360266188
U0655,CMP4179,4526.01,Google Ads,57738.71,0.07838779217616743
U5208,CMP4935,39405.02,Google Ads,2895.0,13.611405872193435
U5208,CMP4935,39405.02,LinkedIn Ads,39940.16,0.9866014557778435
U5725,CMP8277,25392.34,Facebook Ads,53517.79,0.47446540673671317
U0145,CMP4810,33840.8,Facebook Ads,156138.37,0.2167359631075949
U6323,CMP3995,21750.06,Google Ads,48695.7,0.44665257918050266
U0719,CMP8469,24533.22,Instagram Ads,75555.44,0.3247048789604031
U3454,CMP1573,16578.26,Facebook Ads,11611.76,1.427712939296024
U3454,CMP1573,29753.85,Facebook Ads,11611.76,2.5623893363279984
U1182,CMP6951,34847.48,Google Ads,38290.99,0.9100699668512098
U9144,CMP0621,17652.69,Google Ads,903.99,19.52752795938008
U0277,CMP6679,40461.45,LinkedIn Ads,49919.7,0.8105307123239923
U5861,CMP1037,59176.73,Email Marketing,6231.01,9.497132888568627
U6474,CMP9938,12357.02,Google Ads,59595.22,0.20734918001812896
U2361,CMP2235,68627.04,Email Marketing,34632.8,1.9815619874800763
U2361,CMP2235,68627.04,Facebook Ads,20074.11,3.4186840661927222
U0685,CMP6114,30010.56,Google Ads,88134.21,0.34050977480821576
U8398,CMP1395,17143.5,Instagram Ads,9047.47,1.8948391097179655
U8398,CMP1395,70097.81,Instagram Ads,9047.47,7.7477803186968295
U0892,CMP4141,41562.6,Facebook Ads,5995.93,6.931802072405781
U0892,CMP4141,18328.22,Facebook Ads,5995.93,3.056776846961189
U5421,CMP1104,49418.87,Instagram Ads,6899.81,7.162352296657444
U5380,CMP4672,52239.27,YouTube Ads,3595.32,14.529797069523713
U0080,CMP9267,17198.28,YouTube Ads,50909.32,0.3378218369445909
U7864,CMP7146,58276.44,Instagram Ads,16551.55,3.520905292857769
U8825,CMP9039,66560.43,Google Ads,6634.08,10.033106323710294
U9485,CMP1236,68043.04,LinkedIn Ads,2884.27,23.591078505133012
U9485,CMP1236,68043.04,Google Ads,15911.78,4.276268274196853
U5994,CMP4270,58081.76,YouTube Ads,54616.27,1.0634516051718657
U5962,CMP4768,18486.9,Facebook Ads,47500.83,0.38919109413456565
U9271,CMP2718,55101.33,YouTube Ads,5090.8,10.823707472302978
U6053,CMP5879,16102.98,Google Ads,13419.36,1.1999812211610688
U5310,CMP5919,47792.36,LinkedIn Ads,67657.1,0.7063909035415351
U5310,CMP5919,47792.36,Email Marketing,35300.39,1.3538762602906087
U6202,CMP4315,67443.33,YouTube Ads,26159.99,2.578109930470157
U5654,CMP8466,45612.66,Instagram Ads,21630.95,2.1086757632004143
U5654,CMP8466,45612.66,Facebook Ads,16884.8,2.7014036292997257
U5654,CMP8466,63203.26,Instagram Ads,21630.95,2.9218901620132263
U5654,CMP8466,63203.26,Facebook Ads,16884.8,3.7432045389936515
U4601,CMP2277,12433.78,LinkedIn Ads,3818.25,3.256408040332613
U7890,CMP1939,16394.78,Email Marketing,29183.77,0.5617773166386659
U2640,CMP6733,3659.92,Google Ads,1070.79,3.417962438946946
U6643,CMP2407,2132.54,Google Ads,20637.6,0.10333275187037252
U7892,CMP4645,31249.44,Google Ads,24772.73,1.2614451455289748
U5615,CMP9547,5861.58,Facebook Ads,23822.17,0.24605566999144077
U6878,CMP6316,13923.6,Facebook Ads,501.41,27.768891725334555
U7902,CMP9828,45558.0,Google Ads,65377.16,0.6968488689322081
U0712,CMP0020,17789.36,Email Marketing,82835.08,0.21475635684784755
U4171,CMP7900,64534.71,LinkedIn Ads,20077.71,3.2142465450492113
U4171,CMP7900,64534.71,Email Marketing,13672.91,4.719895764690911
U0117,CMP9803,39342.32,YouTube Ads,12550.8,3.13464639704242
U6981,CMP3366,20151.74,Email Marketing,30046.21,0.6706915780725756
U3338,CMP6940,42149.02,YouTube Ads,45808.89,0.9201056825432792
U9465,CMP6066,55381.84,YouTube Ads,27847.73,1.988738040766698
U1643,CMP1952,59116.53,Email Marketing,30448.09,1.9415513419725177
U0087,CMP9021,69495.24,YouTube Ads,4792.25,14.501589023944913
U0619,CMP1445,49471.0,Google Ads,8612.05,5.744393030695363
U0619,CMP1445,53400.64,Google Ads,8612.05,6.20068857008494
U8490,CMP9789,58958.98,Google Ads,21117.49,2.7919501796851804
U5894,CMP8452,73191.7,Email Marketing,14042.03,5.21233041091637
U8483,CMP4521,5844.83,LinkedIn Ads,31540.05,0.18531454452355023
U5694,CMP9005,72257.0,Instagram Ads,170501.57,0.423790819052282
U1745,CMP6619,22598.2,YouTube Ads,645.32,35.01859542552532
U4099,CMP1918,42565.27,YouTube Ads,37692.87,1.129265826666953
U0449,CMP3986,5765.91,Instagram Ads,59499.17,0.09690740223771188
U5786,CMP3611,52785.78,Email Marketing,62991.28,0.8379855116454213
U5786,CMP3611,52785.78,Instagram Ads,374.0,141.13844919786095
U1246,CMP4068,24055.05,Instagram Ads,12389.18,1.9416176050392357
U3848,CMP9400,17768.66,Instagram Ads,9300.5,1.9105058867802807
U1286,CMP4092,46326.66,YouTube Ads,21406.4,2.1641499738395993
U1286,CMP4092,46326.66,Google Ads,1115.72,41.52176173233428
U9413,CMP8872,73841.31,Google Ads,41287.59,1.7884625864575774
U9413,CMP8872,73841.31,LinkedIn Ads,12560.62,5.878794995788424
U9413,CMP8872,5455.17,Google Ads,41287.59,0.13212614250432153
U9413,CMP8872,5455.17,LinkedIn Ads,12560.62,0.43430738291581145
U0888,CMP8375,70519.33,Instagram Ads,29208.67,2.414328690762024
U8491,CMP8233,1375.08,Instagram Ads,15551.88,0.08841889212108119
U8491,CMP8233,8868.78,Instagram Ads,15551.88,0.5702706039398453
U4255,CMP3453,18357.58,LinkedIn Ads,7170.74,2.560067719649576
U4255,CMP3453,27023.61,LinkedIn Ads,7170.74,3.768594315231064
U6100,CMP5622,34216.64,Instagram Ads,20750.55,1.648950991660462
U3864,CMP2149,29030.6,YouTube Ads,63543.19,0.45686406363923493
U8471,CMP2451,59060.97,LinkedIn Ads,1382.73,42.713306285391944
U8471,CMP2451,48723.03,LinkedIn Ads,1382.73,35.23683582478141
U8471,CMP2451,33301.03,LinkedIn Ads,1382.73,24.083537639307746
U2677,CMP4112,19631.01,YouTube Ads,4167.69,4.71028555386797
U9181,CMP1578,2222.77,LinkedIn Ads,38985.29,0.0570156076817692
U8822,CMP5753,24887.96,Email Marketing,21146.91,1.1769076427714498
U7599,CMP7988,13192.48,Email Marketing,6344.77,2.0792684368385297
U7599,CMP7988,14482.22,Email Marketing,6344.77,2.28254452092038
U1297,CMP5528,24026.04,LinkedIn Ads,115953.86,0.20720345144180627
U1297,CMP5528,24026.04,Facebook Ads,74239.8,0.32362748822060405
U7290,CMP4774,39429.48,Email Marketing,34852.84,1.1313132588334267
U4123,CMP6783,16384.94,Facebook Ads,675.1,24.27038957191527
U4123,CMP6783,16384.94,YouTube Ads,27117.74,0.6042148055110786
U0882,CMP1688,57550.98,Google Ads,18037.99,3.1905428487320373
U5069,CMP1703,21850.02,Instagram Ads,10312.31,2.118828855998317
U5847,CMP2072,61223.22,Facebook Ads,37955.14,1.6130416064859727
U5847,CMP2072,61223.22,Facebook Ads,9986.57,6.130555335816001
U5847,CMP2072,73142.38,Facebook Ads,37955.14,1.92707443576812
U5847,CMP2072,73142.38,Facebook Ads,9986.57,7.324074231693165
U8836,CMP4464,34648.35,YouTube Ads,22503.84,1.5396638973615169
U5689,CMP9241,60499.54,LinkedIn Ads,72443.02,0.8351327705553965
U0002,CMP5045,22042.1,Instagram Ads,11380.17,1.936886707316323
U7053,CMP0137,59909.98,Email Marketing,67674.03,0.8852728291783422
U2676,CMP6122,28843.08,Facebook Ads,47113.34,0.612206224394195
U4455,CMP1298,40246.86,LinkedIn Ads,45862.65,0.8775519949239741
U7461,CMP6766,52760.08,Facebook Ads,2068.86,25.50200593563605
U0363,CMP3077,20737.74,Instagram Ads,427.81,48.47418246417803
U8087,CMP7184,23884.57,Instagram Ads,19912.13,1.1994984966450097
U8087,CMP7184,23884.57,Email Marketing,689.26,34.65248237239938
U1315,CMP8166,58342.23,Email Marketing,31678.6,1.8416921833666893
U1315,CMP8166,58342.23,Instagram Ads,94159.26,0.6196122399432622
U6252,CMP8900,53815.17,LinkedIn Ads,15212.25,3.5376206675541093
U6252,CMP8900,57989.43,LinkedIn Ads,15212.25,3.8120218902529213
U8539,CMP7258,29642.38,Facebook Ads,3585.4,8.267523846711663
U8535,CMP5114,48160.11,Instagram Ads,3448.25,13.966536649024867
U7114,CMP5906,59733.48,Google Ads,70667.85,0.845270940038504
U7787,CMP1961,28326.34,LinkedIn Ads,1673.1,16.930452453529377
U0984,CMP4076,12178.44,Facebook Ads,11574.22,1.0522039498126008
U5691,CMP1760,2335.46,Facebook Ads,15732.0,0.14845283498601577
U5691,CMP1760,34960.17,Facebook Ads,15732.0,2.2222330282227305
U7169,CMP5869,52505.06,Email Marketing,10261.58,5.116664295361923
U4511,CMP9285,5864.08,Facebook Ads,23660.48,0.24784281637566102
U8290,CMP7363,66307.73,Instagram Ads,20240.7,3.2759603175779493
U8290,CMP7363,61984.94,Instagram Ads,20240.7,3.0623911228366607
U8831,CMP5966,51479.4,YouTube Ads,20605.24,2.498364493691896
U8831,CMP5966,56659.38,YouTube Ads,20605.24,2.7497558873373955
U5277,CMP9036,49672.66,Facebook Ads,19296.69,2.5741544275209898
U1618,CMP2127,62845.24,Facebook Ads,1119.61,56.13136717249757
U1618,CMP2127,67056.08,Facebook Ads,1119.61,59.89235537374622
U9928,CMP8027,69136.86,YouTube Ads,14252.23,4.850950342507804
U6815,CMP8052,61905.5,Google Ads,18822.95,3.288830921826812
U3538,CMP8668,54594.02,Google Ads,20574.9,2.6534282062124235
U2932,CMP6314,31577.46,Facebook Ads,30859.72,1.0232581501063522
U1706,CMP9447,30565.62,Instagram Ads,111921.39,0.27309900279115545
U9013,CMP2592,70765.89,YouTube Ads,69299.85,1.0211550241450738
U9013,CMP2592,57490.69,YouTube Ads,69299.85,0.8295932819479407
U9016,CMP5300,33976.86,YouTube Ads,28386.17,1.1969511913724185
U9016,CMP5300,44449.18,YouTube Ads,28386.17,1.5658745086075367
U2214,CMP0004,73841.28,Email Marketing,4407.71,16.752753697498246
U9115,CMP5160,7750.82,Google Ads,84949.57,0.09124024995064718
U9115,CMP5160,55613.37,Google Ads,84949.57,0.6546633490905251
U4094,CMP5828,23047.46,Facebook Ads,5282.98,4.362587024747397
U2833,CMP6551,43535.26,YouTube Ads,5549.53,7.8448553300910175
U2833,CMP6551,70676.31,YouTube Ads,5549.53,12.73554877620267
U6252,CMP1563,53815.17,YouTube Ads,15678.55,3.4324073335863328
U6252,CMP1563,57989.43,YouTube Ads,15678.55,3.698647515235784
U9869,CMP7116,47690.37,LinkedIn Ads,10522.72,4.532133326744416
U5355,CMP4994,12124.92,YouTube Ads,4492.74,2.698780699528573
U7077,CMP6437,10565.04,LinkedIn Ads,53966.62,0.19576990369231945
U1394,CMP7797,58206.51,YouTube Ads,10363.42,5.616534889061719
U1394,CMP7797,58206.51,Email Marketing,5647.46,10.30667060944212
U9361,CMP2210,74783.1,LinkedIn Ads,18454.82,4.052225922550315
U9361,CMP2210,67006.77,LinkedIn Ads,18454.82,3.630854703540864
U9438,CMP4035,31458.47,Facebook Ads,9575.64,3.285260306360724
U4995,CMP5707,61752.62,Facebook Ads,37028.27,1.667715504937174
U3272,CMP7246,19312.74,YouTube Ads,6091.05,3.1706750067722314
U3272,CMP7246,57011.73,YouTube Ads,6091.05,9.359918240697416
U2420,CMP1406,52264.29,Google Ads,6368.4,8.206816468814774
U3472,CMP5000,32185.59,LinkedIn Ads,1960.65,16.41577538061357
U3472,CMP5000,32185.59,Instagram Ads,13450.92,2.392816996904301
U3472,CMP5000,56463.87,LinkedIn Ads,1960.65,28.798546400428428
U3472,CMP5000,56463.87,Instagram Ads,13450.92,4.1977701153527045
U0302,CMP7914,50016.98,YouTube Ads,34679.76,1.4422527722221838
U0302,CMP7914,50016.98,YouTube Ads,109408.75,0.457157037257075
U4445,CMP4186,9615.53,Facebook Ads,2044.14,4.703948848904674
U4445,CMP4186,70929.36,Facebook Ads,2044.14,34.69887581085444
U5902,CMP6368,65155.23,Email Marketing,48142.66,1.3533782719941108
U5902,CMP6368,22972.62,Email Marketing,48142.66,0.47717803710887596
U5169,CMP6333,7285.53,Facebook Ads,82574.84,0.08822941709605492
U8674,CMP8203,29959.94,LinkedIn Ads,16928.42,1.7698013163662056
U8674,CMP8203,29959.94,Google Ads,46278.26,0.6473869155841209
U3870,CMP0302,5354.22,Instagram Ads,50701.67,0.10560243873623887
U6437,CMP6344,54944.31,Google Ads,15119.85,3.6339189872915405
U9919,CMP3727,10534.08,LinkedIn Ads,12394.77,0.8498810385348013
U5063,CMP2271,39642.56,YouTube Ads,93284.89,0.424962284888796
U8733,CMP7047,63084.54,Facebook Ads,21260.27,2.9672501807361806
U4486,CMP0484,10517.28,Instagram Ads,26689.77,0.3940565992138561
U4486,CMP0484,10517.28,Email Marketing,4185.27,2.5129274813811295
U4486,CMP0484,50249.28,Instagram Ads,26689.77,1.8827168611793956
U4486,CMP0484,50249.28,Email Marketing,4185.27,12.006221820814426
U3784,CMP4373,6651.04,YouTube Ads,33136.45,0.20071673338574292
U6127,CMP7809,35933.13,Facebook Ads,53548.92,0.6710337015200306
U4422,CMP3167,50596.92,Facebook Ads,7431.57,6.808375619149117
U5324,CMP3352,30811.36,Google Ads,32680.63,0.9428018982498195
U9729,CMP9961,8692.7,Email Marketing,24556.03,0.3539945178434788
U9729,CMP9961,65776.89,Email Marketing,24556.03,2.6786451230105195
U4026,CMP0631,73799.43,YouTube Ads,10222.87,7.219051988335956
U4026,CMP0631,73799.43,Facebook Ads,146660.95,0.5031975450861322
U3111,CMP9138,66416.52,LinkedIn Ads,85522.66,0.7765955829718112
U3111,CMP9138,66416.52,Google Ads,12213.45,5.437981897006988
U8471,CMP4685,59060.97,LinkedIn Ads,13621.17,4.335968936589148
U8471,CMP4685,48723.03,LinkedIn Ads,13621.17,3.5770077019815476
U8471,CMP4685,33301.03,LinkedIn Ads,13621.17,2.44479952896851
U8953,CMP8203,24766.98,LinkedIn Ads,16928.42,1.4630414415521356
U8953,CMP8203,24766.98,Google Ads,46278.26,0.5351752637199411
U7450,CMP2931,52110.02,LinkedIn Ads,110711.3,0.470683841667472
U7363,CMP2687,39643.44,Email Marketing,8494.79,4.666794588212304
U2800,CMP8384,49720.12,YouTube Ads,19421.82,2.56001342819571
U7312,CMP2657,52278.06,Facebook Ads,2559.1,20.428299011371184
U7312,CMP2657,9478.38,Facebook Ads,2559.1,3.7037943026845372
U8170,CMP3324,66290.68,Google Ads,11386.42,5.821907149042455
U1301,CMP3554,18919.95,YouTube Ads,81894.68,0.23102782744862063
U1301,CMP3554,33912.58,YouTube Ads,81894.68,0.41409991467089197
U0903,CMP4557,11544.04,YouTube Ads,11581.83,0.9967371304880145
U1785,CMP9472,50652.72,YouTube Ads,26161.07,1.93618686085852
U5902,CMP9748,65155.23,YouTube Ads,29173.43,2.2333757120777364
U5902,CMP9748,65155.23,YouTube Ads,6136.82,10.617099735693731
U5902,CMP9748,22972.62,YouTube Ads,29173.43,0.7874500872883304
U5902,CMP9748,22972.62,YouTube Ads,6136.82,3.743407823595934
U2205,CMP6209,21125.58,Google Ads,16577.45,1.2743564299696275
U2205,CMP6209,21125.58,Facebook Ads,2597.85,8.131947572030718
U1791,CMP6780,40024.29,YouTube Ads,17859.34,2.2410844969634938
U4255,CMP7925,18357.58,Email Marketing,47423.7,0.3870971687152205
U4255,CMP7925,27023.61,Email Marketing,47423.7,0.5698334377115241
U2948,CMP9219,22318.74,LinkedIn Ads,81656.87,0.27332348153927527
U3397,CMP0026,24290.28,Google Ads,3872.32,6.2727977026692
U3397,CMP0026,4127.79,Google Ads,3872.32,1.065973369969424
U4615,CMP9182,23046.09,Email Marketing,1316.24,17.509033306995686
U9322,CMP5308,13790.46,Google Ads,12115.38,1.1382606240992854
U2225,CMP5537,34950.88,Google Ads,8047.86,4.342878728009682
U2225,CMP5537,34950.88,Email Marketing,64771.33,0.5396041736367
U8538,CMP8798,51106.17,Instagram Ads,64471.69,0.7926916449685125
U1085,CMP8780,3064.6,Email Marketing,5243.13,0.5844981909660832
U1085,CMP8780,3064.6,Google Ads,35008.16,0.08753959076969482
U1915,CMP8754,24101.58,Facebook Ads,46689.54,0.5162094122152414
U7405,CMP4449,23197.14,LinkedIn Ads,19044.19,1.2180691328956497
U7908,CMP6132,26003.61,Google Ads,4404.13,5.90436930789963
U7908,CMP6132,26003.61,LinkedIn Ads,65508.44,0.3969505303438763
U7908,CMP6132,26003.61,Google Ads,11561.48,2.249159277185966
U7908,CMP6132,68698.69,Google Ads,4404.13,15.598697132010182
U7908,CMP6132,68698.69,LinkedIn Ads,65508.44,1.0486998316552798
U7908,CMP6132,68698.69,Google Ads,11561.48,5.942032507948809
U8457,CMP8580,54549.38,Instagram Ads,19526.33,2.793631983071063
U9737,CMP6351,66772.05,Email Marketing,2566.78,26.013935748291633
U3439,CMP8530,22027.64,Email Marketing,14956.01,1.4728286488174318
U3439,CMP8530,61617.42,Email Marketing,14956.01,4.1199103236759
U4484,CMP5229,42302.22,Instagram Ads,157313.8,0.268903427417048
U4484,CMP5229,42302.22,LinkedIn Ads,14375.65,2.942630072379336
U4642,CMP3385,6039.78,YouTube Ads,36734.36,0.1644177277077918
U0827,CMP5550,7144.38,YouTube Ads,2220.98,3.2167691739682485
U7305,CMP2933,25425.66,Email Marketing,94631.14,0.26868174683301926
U7305,CMP2933,35523.24,Email Marketing,94631.14,0.37538636858860625
U7673,CMP8741,51572.49,Google Ads,22594.97,2.2824765866031242
U4228,CMP7626,52696.38,LinkedIn Ads,4844.62,10.877298941919078
U1850,CMP5413,63548.14,Instagram Ads,12248.76,5.188128430959542
U1753,CMP5712,6016.11,YouTube Ads,12448.31,0.4832872895999537
U1753,CMP5712,6016.11,YouTube Ads,109645.83,0.05486857092513231
U3993,CMP8729,29248.36,LinkedIn Ads,47576.09,0.6147701503002875
U9294,CMP3412,18284.46,Email Marketing,58103.5,0.3146877554708408
U9703,CMP1277,41965.26,Email Marketing,162122.23,0.2588495112607321
U9772,CMP7295,48640.44,Facebook Ads,12544.98,3.877283184190011
U0004,CMP1484,34383.34,Facebook Ads,23642.64,1.454293598346039
U5188,CMP6390,68555.42,YouTube Ads,21996.43,3.1166612036589574
U8363,CMP7123,22593.21,Email Marketing,9916.92,2.278248690117496
U1798,CMP8993,32804.88,Google Ads,3254.59,10.079573771196985
U8932,CMP6460,36009.2,Email Marketing,30593.75,1.1770116445352399
U2057,CMP9101,48892.9,LinkedIn Ads,18027.28,2.712161790353287
U6814,CMP7975,69825.6,Email Marketing,4626.63,15.09210807866633
U6304,CMP2946,32289.32,LinkedIn Ads,42854.93,0.7534563701305778
U6304,CMP2946,67694.9,LinkedIn Ads,42854.93,1.5796292281891486
U6732,CMP9469,3234.54,LinkedIn Ads,58771.82,0.055035559558985925
U6732,CMP9469,10338.46,LinkedIn Ads,58771.82,0.1759084540856485
U1312,CMP9309,39835.8,LinkedIn Ads,27276.53,1.460442365652816
U1450,CMP4579,55820.19,LinkedIn Ads,8044.53,6.938900097333219
U1450,CMP4579,68644.98,LinkedIn Ads,8044.53,8.533124993007672
U8766,CMP1280,38815.23,Email Marketing,68376.49,0.567669238359559
U8766,CMP1280,74240.76,Email Marketing,68376.49,1.0857644199051455
U8766,CMP1280,62960.7,Email Marketing,68376.49,0.9207945596505465
U4739,CMP9404,69272.68,Email Marketing,30348.66,2.2825614046880487
U9473,CMP4982,49481.74,Email Marketing,7803.81,6.3407156248037815
U4553,CMP0448,21612.16,Instagram Ads,3421.55,6.3164822960354226
U4553,CMP0448,31776.86,Instagram Ads,3421.55,9.287270389151116
U2477,CMP4210,60732.16,Google Ads,24526.53,2.4761823217552585
U1383,CMP3870,61763.0,LinkedIn Ads,38863.41,1.5892326483960104
U2741,CMP8126,63256.11,LinkedIn Ads,28109.29,2.2503631361731298
U4938,CMP4332,69242.6,Google Ads,2347.08,29.50159346933211
U8691,CMP6223,69596.28,Email Marketing,69586.25,1.000144137670876
U5798,CMP6259,49165.89,Email Marketing,1622.7,30.298816786836753
U5798,CMP6259,49165.89,Email Marketing,35564.91,1.3824269483600546
U9572,CMP5489,50890.37,Instagram Ads,14077.4,3.615040419395627
U5133,CMP9646,1379.36,Facebook Ads,40409.23,0.03413477564407933
U5760,CMP0196,19453.29,LinkedIn Ads,4858.17,4.004242338164371
U5760,CMP0196,63555.23,LinkedIn Ads,4858.17,13.082133807585985
U3553,CMP0389,53324.58,YouTube Ads,3141.36,16.974998089999236
U3553,CMP0389,53324.58,Facebook Ads,46542.16,1.1457263693820827
U9275,CMP1416,14431.53,YouTube Ads,1029.95,14.011874362833147
U9275,CMP1416,14431.53,YouTube Ads,11455.28,1.2598146880739711
U6996,CMP7651,57931.38,Email Marketing,18236.93,3.176597157525965
U5451,CMP2654,20401.36,Google Ads,11612.22,1.7568871413045914
U8062,CMP1138,57826.52,LinkedIn Ads,23886.94,2.420842518966431
U1154,CMP1741,58459.86,LinkedIn Ads,18492.2,3.161325315538443
U6398,CMP8155,25239.94,Facebook Ads,1204.84,20.94878988081405
U7834,CMP9415,54786.74,Google Ads,110772.6,0.49458747018667065
U7899,CMP1149,70176.88,YouTube Ads,581.33,120.71780228097639
U1486,CMP5464,72098.72,Email Marketing,11544.94,6.245049346293701
U6295,CMP7531,52419.26,Instagram Ads,18880.2,2.7764144447622376
U7176,CMP1750,15087.14,Email Marketing,65377.99,0.23076787769094767
U5042,CMP9715,61024.53,Facebook Ads,11650.07,5.238125607828966
U6644,CMP0269,49298.36,Google Ads,4280.73,11.516344174942125
U1181,CMP7510,33139.3,Email Marketing,19644.87,1.6869187731962596
U1181,CMP7510,33139.3,Instagram Ads,1147.64,28.876041267296365
U1181,CMP7510,37050.44,Email Marketing,19644.87,1.8860109534957474
U1181,CMP7510,37050.44,Instagram Ads,1147.64,32.284026349726396
U0236,CMP7721,67921.18,YouTube Ads,4402.26,15.428707073185134
U1743,CMP1595,60088.76,LinkedIn Ads,24787.82,2.4241244288525574
U6587,CMP1034,43515.56,Facebook Ads,46981.65,0.9262246004557098
U1979,CMP5269,31575.21,Facebook Ads,3636.71,8.682355755614278
U0667,CMP6061,63666.98,YouTube Ads,12485.94,5.099093860774599
U2940,CMP6163,44834.49,Facebook Ads,1169.88,38.3240075905221
U4440,CMP6820,18514.59,Email Marketing,27006.65,0.6855567054780952
U4935,CMP0617,42159.99,YouTube Ads,27703.2,1.521845490773629
U8316,CMP1926,47264.97,YouTube Ads,11633.42,4.062861136278068
U7773,CMP4529,50508.09,Google Ads,8401.21,6.012001842591722
U5478,CMP0886,8503.26,Email Marketing,14710.25,0.5780499991502523
U1161,CMP8805,44758.47,Facebook Ads,1857.07,24.101660142051728
U5344,CMP6866,55527.78,Facebook Ads,35149.61,1.5797552234576713
U0891,CMP3277,69645.62,LinkedIn Ads,3770.56,18.47089556988882
U0891,CMP3277,13906.3,LinkedIn Ads,3770.56,3.6881259017228207
U5876,CMP2918,10195.47,LinkedIn Ads,12265.7,0.831217949240565
U7514,CMP9318,26260.52,Google Ads,2706.65,9.702222304324534
U3764,CMP4836,39491.32,YouTube Ads,9412.38,4.19567845752084
U4042,CMP3547,43775.43,YouTube Ads,28360.28,1.5435471723128262
U0657,CMP9696,38188.06,Facebook Ads,19178.26,1.9912160957250553
U8115,CMP8702,56666.1,LinkedIn Ads,97118.67,0.5834727761407771
U1487,CMP6663,23384.12,Facebook Ads,6018.24,3.8855412878183655
U7599,CMP7525,13192.48,YouTube Ads,28136.59,0.46887273830979515
U7599,CMP7525,14482.22,YouTube Ads,28136.59,0.5147112709820202
U1159,CMP6069,40170.84,Email Marketing,79007.69,0.5084421529094193
U1327,CMP6978,69969.06,Instagram Ads,112306.94,0.6230163514382994
U0670,CMP5964,48876.82,Google Ads,7420.8,6.586462376024148
U3910,CMP1098,36278.15,YouTube Ads,16754.83,2.1652353381084737
U8251,CMP9505,4793.66,Email Marketing,7889.2,0.6076230796531967
U7704,CMP5657,62034.39,LinkedIn Ads,48707.34,1.2736148186289789
U1076,CMP4789,30701.34,LinkedIn Ads,100326.27,0.30601496497378006
U1076,CMP4789,6702.64,LinkedIn Ads,100326.27,0.06680842415451108
U2425,CMP2930,15916.02,Instagram Ads,1469.67,10.82965563697973
U7765,CMP0372,55524.92,Instagram Ads,67539.63,0.8221087382326494
U8514,CMP4777,43718.82,Facebook Ads,1278.46,34.19647075387576
U7296,CMP5347,10547.61,LinkedIn Ads,80881.9,0.13040754482770558
U7296,CMP5347,64589.88,LinkedIn Ads,80881.9,0.7985702610843712
U0776,CMP5022,34602.54,Facebook Ads,10732.82,3.2239933214197203
U2515,CMP2635,3805.5,Email Marketing,13576.12,0.280308364982042
U9216,CMP9414,24283.08,Facebook Ads,19579.9,1.2402044954264322
U9216,CMP9414,71197.76,Facebook Ads,19579.9,3.6362678052492603
U4941,CMP2424,69881.87,Instagram Ads,87519.94,0.798467983410409
U4941,CMP2424,69881.87,Email Marketing,28492.96,2.452601274139296
U4941,CMP2424,69881.87,YouTube Ads,96475.7,0.7243468562549947
U8314,CMP2382,22695.1,LinkedIn Ads,3419.8,6.636382244575706
U8314,CMP2382,22695.1,Google Ads,20310.59,1.1174023009671308
U8314,CMP2382,53285.38,LinkedIn Ads,3419.8,15.58143166267033
U8314,CMP2382,53285.38,Google Ads,20310.59,2.623526938409962
U5550,CMP4749,36314.35,YouTube Ads,40555.26,0.8954288543582262
U3611,CMP2285,24982.71,Email Marketing,7946.68,3.143792124509858
U3207,CMP3198,63821.76,YouTube Ads,30226.33,2.1114624236551376
U3207,CMP3198,1702.95,YouTube Ads,30226.33,0.0563399526174696
U9914,CMP1432,50257.41,YouTube Ads,18198.52,2.76162072520183
U9914,CMP1432,20922.39,YouTube Ads,18198.52,1.1496753582159427
U4664,CMP2424,73331.13,Instagram Ads,87519.94,0.8378791164619172
U4664,CMP2424,73331.13,Email Marketing,28492.96,2.573657843902494
U4664,CMP2424,73331.13,YouTube Ads,96475.7,0.7600994861918597
U7250,CMP9192,54804.04,Google Ads,28926.02,1.894627743464189
U1411,CMP6945,35990.02,Email Marketing,20425.89,1.7619805061125855
U1450,CMP8607,55820.19,Instagram Ads,19398.18,2.8775993417939207
U1450,CMP8607,68644.98,Instagram Ads,19398.18,3.538733015159154
U3265,CMP2866,41874.62,YouTube Ads,72989.33,0.5737087872980886
U3679,CMP4948,20253.76,YouTube Ads,50341.55,0.40232690491254236
U4010,CMP7743,21333.36,Google Ads,46678.56,0.4570269519882362
U4226,CMP9813,73088.72,Email Marketing,52469.9,1.3929647283490154
U2669,CMP1960,24486.33,Instagram Ads,76081.31,0.3218442216623242
U2669,CMP1960,24486.33,Email Marketing,16955.53,1.4441500796495306
U5833,CMP2220,40073.72,Instagram Ads,1934.28,20.71764170647476
U9811,CMP1259,65528.91,YouTube Ads,14963.31,4.379305781942632
U9811,CMP1259,65528.91,Google Ads,13889.44,4.7178943139536225
U5762,CMP4933,39224.18,Instagram Ads,25016.56,1.567928604092649
U8248,CMP7945,67356.46,LinkedIn Ads,5944.85,11.33022027469154
U6838,CMP8613,61549.22,YouTube Ads,134275.1,0.45838148696221415
U7241,CMP0285,72780.78,LinkedIn Ads,37971.99,1.9166964912821267
U7241,CMP0285,8165.79,LinkedIn Ads,37971.99,0.21504772333501615
U2333,CMP4992,10056.81,Google Ads,12737.79,0.7895254985362452
U2333,CMP4992,10056.81,Instagram Ads,39269.93,0.25609442135496546
U7066,CMP1288,3184.86,LinkedIn Ads,7257.49,0.43883766977288297
U7066,CMP1288,3184.86,Email Marketing,91735.61,0.03471781568793188
U7066,CMP1288,3184.86,LinkedIn Ads,6881.56,0.46281075802579646
U0710,CMP8413,1512.72,YouTube Ads,2428.0,0.6230313014827018
U5760,CMP2029,19453.29,YouTube Ads,44872.5,0.4335236503426375
U5760,CMP2029,63555.23,YouTube Ads,44872.5,1.4163514401916542
U3963,CMP4545,8108.59,YouTube Ads,15584.13,0.5203107263607273
U2815,CMP0230,8077.41,YouTube Ads,17445.06,0.4630199036288783
U7204,CMP8261,62729.61,Facebook Ads,1001.42,62.64066026242735
U7204,CMP8261,62729.61,Email Marketing,44917.28,1.3965585182361888
U7204,CMP8261,62729.61,YouTube Ads,40225.78,1.5594380021966014
U2026,CMP6949,10841.49,Facebook Ads,18436.82,0.5880347044663885
U5376,CMP5919,21808.16,LinkedIn Ads,67657.1,0.3223336501268898
U5376,CMP5919,21808.16,Email Marketing,35300.39,0.617788075429195
U5376,CMP5919,7355.24,LinkedIn Ads,67657.1,0.10871349791817857
U5376,CMP5919,7355.24,Email Marketing,35300.39,0.208361437366556
U7012,CMP5112,63198.57,Email Marketing,23167.7,2.727874152375937
U7178,CMP6021,7061.68,Facebook Ads,4292.76,1.6450209189425917
U1061,CMP6469,15619.56,LinkedIn Ads,26555.21,0.5881919216605705
U1061,CMP6469,15619.56,Email Marketing,22379.14,0.697951753284532
U9535,CMP6624,59369.84,Google Ads,27176.71,2.1845852570086666
U7939,CMP6558,57773.97,Instagram Ads,71948.28,0.8029930666862363
U7939,CMP6558,21733.02,Instagram Ads,71948.28,0.30206448298694566
U0487,CMP2002,62400.7,Instagram Ads,26961.87,2.314405491903937
U0487,CMP2002,62400.7,LinkedIn Ads,61234.89,1.0190383292923364
U4961,CMP0439,57192.74,Facebook Ads,71959.15,0.7947945466281912
U4961,CMP0439,57192.74,YouTube Ads,39039.9,1.4649817238261367
U8033,CMP8519,67520.55,LinkedIn Ads,13014.05,5.188281126935889
U8033,CMP8519,26263.46,LinkedIn Ads,13014.05,2.018085069597858
U6286,CMP8857,28692.99,YouTube Ads,1309.27,21.915258120937622
U2690,CMP0590,53976.57,Google Ads,32712.48,1.650029896846708
U2690,CMP0590,23950.12,Google Ads,32712.48,0.7321401495698278
U8838,CMP7987,42497.46,Google Ads,61841.49,0.6871998071197832
U8838,CMP7987,42497.46,Google Ads,25412.49,1.6723060195990238
U5780,CMP8302,2839.92,Google Ads,24623.71,0.11533274230406386
U5592,CMP2101,26376.87,Instagram Ads,4290.54,6.14768071151883
U5592,CMP2101,26376.87,YouTube Ads,11158.63,2.3638089980580053
U5114,CMP6750,51833.36,Instagram Ads,4924.7,10.52518122931346
U0613,CMP4996,32118.63,Google Ads,4096.74,7.840045987785411
U0613,CMP4996,51416.26,Google Ads,4096.74,12.550530421749977
U5186,CMP6901,24689.79,Instagram Ads,4352.22,5.672918648413913
U5564,CMP8002,27727.57,Google Ads,28682.79,0.9666971030363504
U3508,CMP3306,22826.02,LinkedIn Ads,22093.35,1.0331624674392974
U3508,CMP3306,55160.77,LinkedIn Ads,22093.35,2.4967137170234484
U1553,CMP6587,5744.78,Facebook Ads,23433.16,0.2451560096888341
U4946,CMP8701,49353.15,Facebook Ads,13209.45,3.736200220296833
U4946,CMP8701,49353.15,Facebook Ads,1018.58,48.452895207052954
U4946,CMP8701,49353.15,LinkedIn Ads,15165.97,3.254203324943937
U4946,CMP8701,50011.66,Facebook Ads,13209.45,3.7860516524155057
U4946,CMP8701,50011.66,Facebook Ads,1018.58,49.09939327298789
U4946,CMP8701,50011.66,LinkedIn Ads,15165.97,3.2976235611701727
U8972,CMP3279,52972.38,LinkedIn Ads,28324.92,1.8701687418711157
U4390,CMP3057,46370.85,YouTube Ads,25231.01,1.837851516843757
U7578,CMP7107,56172.69,YouTube Ads,12000.55,4.680842961364271
U3336,CMP4920,20350.8,LinkedIn Ads,46691.66,0.4358551398686617
U3336,CMP4920,20350.8,LinkedIn Ads,10439.06,1.949485873249124
U3336,CMP4920,22063.06,LinkedIn Ads,46691.66,0.47252678529741715
U3336,CMP4920,22063.06,LinkedIn Ads,10439.06,2.113510220268875
U2457,CMP4202,59930.58,Email Marketing,19051.67,3.1456864411361316
U2457,CMP4202,33157.5,Email Marketing,19051.67,1.740398610725464
U3310,CMP7605,2913.78,LinkedIn Ads,35804.68,0.08137986430824128
U7961,CMP4552,67315.53,Email Marketing,20538.74,3.2774907321481255
U1480,CMP9857,11186.6,Instagram Ads,18676.05,0.5989810479196619
U1480,CMP9857,11186.6,YouTube Ads,12431.82,0.8998360658375041
U8606,CMP9355,7450.96,Email Marketing,12076.36,0.6169872378763137
U6929,CMP2004,13755.21,Instagram Ads,53857.63,0.2553994670764384
U6140,CMP7201,41271.57,LinkedIn Ads,8571.5,4.814976375196873
U6140,CMP7201,41271.57,Instagram Ads,33211.96,1.2426719169841227
U5050,CMP4037,45731.74,Instagram Ads,16613.96,2.752609251496934
U5068,CMP0896,36290.88,Email Marketing,27542.55,1.3176296312432945
U5068,CMP0896,67809.42,Email Marketing,27542.55,2.461987724448172
U4187,CMP2000,61836.04,YouTube Ads,17313.33,3.5715855932971876
U4187,CMP2000,61836.04,Email Marketing,46765.82,1.3222485995113527
U6657,CMP4873,6697.02,Facebook Ads,25024.4,0.2676196032672112
U6921,CMP8056,20127.03,LinkedIn Ads,127533.87,0.15781713516574067
U6921,CMP8056,20127.03,LinkedIn Ads,37002.87,0.5439315923332433
U7427,CMP5765,4618.34,LinkedIn Ads,100794.85,0.04581920604078482
U3279,CMP3011,43503.84,Email Marketing,25877.44,1.6811492945206326
U2132,CMP2586,59603.68,Facebook Ads,114770.52,0.519329179653451
U9717,CMP7398,7016.62,LinkedIn Ads,15797.47,0.44416099539989634
U9717,CMP7398,7016.62,Email Marketing,1526.65,4.596089476959355
U9151,CMP2981,17731.52,LinkedIn Ads,30355.49,0.5841289335141683
U6571,CMP7577,20066.72,Facebook Ads,50863.37,0.39452203029409966
U7130,CMP6029,9549.54,Facebook Ads,2777.23,3.438512474660003
U2134,CMP3329,16755.82,Facebook Ads,19126.62,0.8760471008468825
U2392,CMP4637,18234.81,Email Marketing,30955.14,0.5890721217865595
U0170,CMP4069,24751.02,Instagram Ads,78189.55,0.3165515084816321
U9785,CMP6514,42107.25,Email Marketing,27366.39,1.5386483200743686
U9802,CMP5454,4129.26,Facebook Ads,58871.56,0.07014014916540347
U9802,CMP5454,53502.58,Facebook Ads,58871.56,0.9088018051500589
U6077,CMP8267,43851.15,YouTube Ads,49565.66,0.8847082839207628
U6077,CMP8267,1618.56,YouTube Ads,49565.66,0.03265486629250977
U1469,CMP2784,45071.66,YouTube Ads,50517.11,0.8922058288765926
U1469,CMP2784,32895.03,YouTube Ads,50517.11,0.6511661098586201
U1469,CMP2784,51136.68,YouTube Ads,50517.11,1.0122645574934908
U1469,CMP2784,21184.78,YouTube Ads,50517.11,0.41935851041360045
U1469,CMP2784,63254.73,YouTube Ads,50517.11,1.25214466940013
U5908,CMP1915,65862.52,Instagram Ads,2022.51,32.564743808436056
U8050,CMP4322,69271.82,YouTube Ads,65582.64,1.0562523863022288
U0588,CMP7209,53167.74,Google Ads,2273.34,23.387500329911052
U9190,CMP1901,9102.45,LinkedIn Ads,4387.03,2.074854742274386
U2960,CMP2426,61825.95,Google Ads,4949.32,12.49180695529891
U2959,CMP9596,57792.81,Facebook Ads,971.54,59.48577516108446
U1999,CMP1546,69739.27,Instagram Ads,2812.48,24.796361218568666
U7862,CMP5301,44869.66,Facebook Ads,1403.69,31.965505204140516
U2119,CMP5398,48540.57,Google Ads,61174.13,0.7934819833154964
U2917,CMP0910,2273.02,Email Marketing,3423.42,0.6639617692249271
U2526,CMP2670,60231.7,LinkedIn Ads,32959.85,1.8274263990885882
U6021,CMP5081,33824.1,Email Marketing,9881.18,3.423083073074268
U6034,CMP7806,47578.46,Instagram Ads,49191.85,0.9672020873376382
U6034,CMP7806,8478.9,Instagram Ads,49191.85,0.17236391800674297
U2541,CMP0663,48806.49,YouTube Ads,55157.13,0.884862754824263
U2541,CMP0663,48806.49,Facebook Ads,3766.05,12.959596925160312
U4922,CMP4763,67790.6,LinkedIn Ads,12826.54,5.2851821301769615
U1254,CMP4074,38665.88,YouTube Ads,30749.96,1.2574286275494342
U1254,CMP4074,58628.67,YouTube Ads,30749.96,1.906625894797912
U1340,CMP1549,55733.32,LinkedIn Ads,36634.86,1.5213193117156718
U4877,CMP2942,34533.62,Facebook Ads,1662.19,20.77597627226731
U3459,CMP7372,73677.33,YouTube Ads,28116.68,2.6204135765673615
U0218,CMP1743,34917.1,LinkedIn Ads,510.06,68.45684821393561
U5911,CMP9862,50876.34,Email Marketing,33709.06,1.5092779211286225
U0261,CMP4959,2741.04,Google Ads,894.16,3.065491634606782
U3128,CMP2379,35159.34,Email Marketing,31611.87,1.1122195555024108
U7296,CMP6913,10547.61,Google Ads,917.29,11.498664544473396
U7296,CMP6913,10547.61,Google Ads,7133.98,1.4785028833834692
U7296,CMP6913,64589.88,Google Ads,917.29,70.41380588472566
U7296,CMP6913,64589.88,Google Ads,7133.98,9.053835306518941
U0835,CMP3976,47557.94,Facebook Ads,40530.66,1.1733818299529295
U4765,CMP7075,36843.0,LinkedIn Ads,76870.57,0.4792861559371811
U9444,CMP7994,20637.78,Facebook Ads,12262.2,1.683040563683515
U5682,CMP6835,2294.91,LinkedIn Ads,14241.22,0.16114560409852527
U5682,CMP6835,2294.91,Google Ads,9784.31,0.23455000914729807
U5682,CMP6835,38434.47,LinkedIn Ads,14241.22,2.6988186405378194
U5682,CMP6835,38434.47,Google Ads,9784.31,3.92817378026657
U9629,CMP3150,45455.94,LinkedIn Ads,23878.41,1.9036418253979224
U9629,CMP3150,45455.94,LinkedIn Ads,27535.17,1.650832008663829
U5903,CMP7676,16135.24,Facebook Ads,45012.16,0.35846402394375204
U9925,CMP1413,31636.84,Email Marketing,6124.58,5.165552576666482
U5879,CMP4976,52766.64,Facebook Ads,7743.44,6.814366741396589
U5879,CMP4976,12526.45,Facebook Ads,7743.44,1.6176854214664285
U3715,CMP8249,36862.62,Google Ads,3964.16,9.298973805295448
U3715,CMP8249,36862.62,YouTube Ads,1754.35,21.01212414854505
U8445,CMP5821,53200.56,Facebook Ads,65394.93,0.8135272872071275
U8445,CMP5821,53200.56,Google Ads,40753.84,1.3054122016477465
U8445,CMP5821,22216.11,Facebook Ads,65394.93,0.33972220782253304
U8445,CMP5821,22216.11,Google Ads,40753.84,0.5451292442626267
U1670,CMP7174,8576.78,LinkedIn Ads,4303.59,1.9929361300681525
U7234,CMP1935,65384.08,Facebook Ads,20368.81,3.2100098140244815
U6812,CMP5960,60829.04,Instagram Ads,5222.47,11.64756140293769
U6812,CMP5960,60829.04,Instagram Ads,26759.17,2.2732035410664833
U5909,CMP4699,12007.14,YouTube Ads,2854.95,4.205726895392214
U6707,CMP8678,51403.24,LinkedIn Ads,10166.54,5.0561193877169615
U1141,CMP0488,30572.58,LinkedIn Ads,1355.26,22.558461107093844
U2474,CMP2693,73518.5,Email Marketing,12010.99,6.120935909529523
U2474,CMP2693,73518.5,LinkedIn Ads,7135.21,10.303621056703307
U9071,CMP8517,24041.86,Instagram Ads,60178.01,0.3995123800205424
U9071,CMP8517,24041.86,YouTube Ads,58527.83,0.41077654852400985
U6619,CMP0130,66652.8,Instagram Ads,93969.82,0.7093000710228028
U1381,CMP7245,29707.02,Email Marketing,54041.75,0.5497049965998511
U1381,CMP7245,29707.02,YouTube Ads,7930.77,3.7457926531723906
U9041,CMP2065,56960.68,YouTube Ads,14820.84,3.843282836870245
U9041,CMP2065,42753.75,YouTube Ads,14820.84,2.8847049155108615
U6927,CMP0384,5200.96,Google Ads,34453.76,0.15095478693762304
U6927,CMP0384,5200.96,Instagram Ads,68137.27,0.07633061905767577
U2044,CMP4256,55461.76,Email Marketing,13780.85,4.02455291219337
U8738,CMP5554,22965.72,Facebook Ads,118747.58,0.19339947811989094
U1725,CMP9385,15047.24,Email Marketing,13773.04,1.0925140709676295
U1725,CMP9385,15047.24,YouTube Ads,110504.78,0.1361682272929732
U1343,CMP5920,66721.82,LinkedIn Ads,5233.8,12.748255569567046
U9638,CMP3520,30062.6,Facebook Ads,46388.26,0.6480648336454093
U9638,CMP3520,30062.6,LinkedIn Ads,11561.58,2.600215541474435
U8021,CMP9574,38304.6,LinkedIn Ads,139313.49,0.274952554845909
U8021,CMP9574,38304.6,LinkedIn Ads,1277.19,29.99130904563925
U3484,CMP7500,56177.36,Facebook Ads,148922.15,0.37722635618677275
U1981,CMP9160,3740.96,Instagram Ads,22326.75,0.16755506287301108
U0459,CMP1930,44529.6,LinkedIn Ads,8886.08,5.0111635276747455
U0459,CMP1930,44529.6,Instagram Ads,24334.58,1.829889811124745
U0035,CMP5000,5766.66,LinkedIn Ads,1960.65,2.9411980720679365
U0035,CMP5000,5766.66,Instagram Ads,13450.92,0.4287186303985155
U6182,CMP6842,45723.94,LinkedIn Ads,32081.05,1.4252632005498573
U7358,CMP2270,7381.64,YouTube Ads,120319.11,0.06135052029557067
U7260,CMP6712,65047.05,LinkedIn Ads,14073.78,4.621860651509403
U9165,CMP0407,40981.2,YouTube Ads,62946.39,0.6510492500046468
U0306,CMP0867,40240.56,YouTube Ads,25031.27,1.607611599411456
U7279,CMP0311,24542.01,Instagram Ads,17938.64,1.368108730650707
U0395,CMP0738,19845.45,LinkedIn Ads,2273.11,8.730527779121996
U1469,CMP1628,45071.66,YouTube Ads,6115.09,7.370563638474659
U1469,CMP1628,32895.03,YouTube Ads,6115.09,5.379320664127592
U1469,CMP1628,51136.68,YouTube Ads,6115.09,8.362375696841747
U1469,CMP1628,21184.78,YouTube Ads,6115.09,3.464344760257003
U1469,CMP1628,63254.73,YouTube Ads,6115.09,10.344039090185099
U1618,CMP5330,62845.24,Facebook Ads,1462.37,42.97492426677243
U1618,CMP5330,67056.08,Facebook Ads,1462.37,45.85438705662726
U9602,CMP6153,56614.95,Google Ads,1720.2,32.91184164632019
U1073,CMP1886,47790.44,Instagram Ads,3987.9,11.983861180069711
U9089,CMP0306,42942.24,Instagram Ads,69438.21,0.6184237756128793
U6117,CMP1375,27264.22,Email Marketing,27799.93,0.9807298075930407
U6117,CMP1375,18953.24,Email Marketing,27799.93,0.6817729397160353
U4740,CMP6943,5217.99,YouTube Ads,986.87,5.287413742438214
U5758,CMP7901,63170.81,Instagram Ads,36187.13,1.7456706293093704
U1470,CMP0746,62414.49,Facebook Ads,108714.56,0.5741134398189166
U5614,CMP9118,53300.74,Instagram Ads,23425.82,2.275298794236445
U5382,CMP4030,62300.2,Email Marketing,17617.49,3.5362699226734335
U5382,CMP4030,48748.41,Email Marketing,17617.49,2.7670462704959675
U9107,CMP9975,57363.04,LinkedIn Ads,742.16,77.29201250404226
U7294,CMP1330,72923.9,Email Marketing,15742.8,4.632206468988998
U7294,CMP1330,72923.9,Facebook Ads,10017.03,7.27999217332882
U7294,CMP1330,32299.89,Email Marketing,15742.8,2.0517245979114263
U7294,CMP1330,32299.89,Facebook Ads,10017.03,3.224497680450193
U7294,CMP1330,51740.26,Email Marketing,15742.8,3.286598317961227
U7294,CMP1330,51740.26,Facebook Ads,10017.03,5.165229613967413
U0139,CMP9852,70266.4,Instagram Ads,25794.76,2.724057134084597
U0139,CMP9852,37891.05,Instagram Ads,25794.76,1.46894369243986
U5863,CMP0154,46298.12,Facebook Ads,5898.87,7.848642197573434
U5863,CMP0154,46298.12,Google Ads,102262.37,0.45273857822774893
U9930,CMP3624,73831.58,Facebook Ads,9504.1,7.768392588461822
U9041,CMP6490,56960.68,Google Ads,26799.82,2.125412782623167
U9041,CMP6490,42753.75,Google Ads,26799.82,1.595299893805257
U2088,CMP9880,17676.42,YouTube Ads,4055.34,4.358800988326502
U8732,CMP4495,42338.61,Facebook Ads,8499.72,4.9811770270079485
U7087,CMP0033,51252.88,LinkedIn Ads,15680.85,3.268501388636458
U0770,CMP8120,34077.96,Instagram Ads,20434.38,1.667677707862925
U3697,CMP6421,68836.89,Facebook Ads,12889.24,5.340647703045331
U3697,CMP6421,9502.3,Facebook Ads,12889.24,0.7372273307037498
U0457,CMP2695,2533.74,Instagram Ads,7588.57,0.33388899357850027
U0892,CMP5478,41562.6,Instagram Ads,5296.71,7.846870982175727
U0892,CMP5478,18328.22,Instagram Ads,5296.71,3.460302716214405
U2046,CMP9830,3225.77,YouTube Ads,11198.52,0.2880532427499348
U4940,CMP1066,5634.93,Facebook Ads,16392.9,0.3437421078637703
U1571,CMP0915,64945.27,YouTube Ads,6098.19,10.64992563367163
U1660,CMP0174,58882.48,LinkedIn Ads,63232.05,0.9312125733706246
U1660,CMP0174,26778.72,LinkedIn Ads,63232.05,0.42349915904988056
U9752,CMP8475,63177.87,Instagram Ads,7138.33,8.850511254032806
U7888,CMP9392,18804.07,Facebook Ads,58583.25,0.3209803143389962
U5862,CMP0723,40929.92,Google Ads,8757.65,4.673619064475059
U5862,CMP0723,40929.92,YouTube Ads,88684.34,0.46152364667764345
U8482,CMP2416,11486.58,Google Ads,28013.17,0.41004213375351667
U8482,CMP2416,11486.58,LinkedIn Ads,21710.16,0.5290877635171736
U3298,CMP8309,50338.62,YouTube Ads,4105.09,12.262488763949147
U5500,CMP7658,25149.96,YouTube Ads,23420.53,1.0738424792265588
U5500,CMP7658,25149.96,YouTube Ads,95320.58,0.2638460655610782
U3655,CMP7444,47076.06,Google Ads,34352.7,1.3703743810530178
U0111,CMP7877,27323.08,Email Marketing,19065.11,1.4331456781523946
U5897,CMP1888,7231.82,Facebook Ads,10936.52,0.6612542198066661
U5897,CMP1888,15438.51,Facebook Ads,10936.52,1.4116473978925654
U5897,CMP1888,15324.02,Facebook Ads,10936.52,1.4011788027635848
U4030,CMP3588,13823.74,Instagram Ads,24537.97,0.563361190840155
U5545,CMP1658,18581.13,Google Ads,20983.38,0.8855165373738645
U7107,CMP6101,11474.1,Email Marketing,43275.22,0.2651424995644158
U5210,CMP2143,18907.81,Instagram Ads,20270.08,0.9327940491601414
U5210,CMP2143,18907.81,Facebook Ads,20343.2,0.9294412875063903
U4050,CMP9623,21545.44,Facebook Ads,40125.44,0.5369521181574581
U1063,CMP8328,56534.62,YouTube Ads,26861.71,2.1046545435863915
U6126,CMP8343,53887.0,Instagram Ads,45686.11,1.1795051055999295
U0600,CMP7763,15822.78,Instagram Ads,45565.27,0.3472552670048921
U9362,CMP3841,41628.48,LinkedIn Ads,12949.08,3.2147828262702838
U0675,CMP1377,71179.6,YouTube Ads,40264.35,1.7678070054527146
U0675,CMP1377,71179.6,Instagram Ads,37206.02,1.9131205111430896
U0675,CMP1377,25725.76,YouTube Ads,40264.35,0.6389215273560854
U0675,CMP1377,25725.76,Instagram Ads,37206.02,0.6914407937210161
U4474,CMP7661,33545.37,LinkedIn Ads,50731.21,0.6612373329948172
U8957,CMP1244,21274.56,Instagram Ads,11261.35,1.889166041371594
U5469,CMP1613,19314.26,Google Ads,2494.73,7.742024186986166
U4279,CMP4497,61806.44,Facebook Ads,46095.58,1.340832244653392
U8400,CMP6617,17599.28,LinkedIn Ads,87397.14,0.20137134922264047
U7680,CMP3439,7126.28,LinkedIn Ads,27614.28,0.25806503012209625
U9150,CMP3078,43630.0,LinkedIn Ads,42514.18,1.0262458313908442
U5568,CMP5007,51667.89,Email Marketing,5088.02,10.154812677623122
U2280,CMP8809,47515.58,Instagram Ads,2983.83,15.924358961468986
U1044,CMP9959,36002.24,YouTube Ads,19271.47,1.8681626258920567
U9059,CMP9331,51910.08,LinkedIn Ads,20828.03,2.4923182845425136
U4651,CMP0440,49723.06,Facebook Ads,6161.81,8.06955423812159
U6732,CMP7450,3234.54,Instagram Ads,23250.74,0.13911557223555035
U6732,CMP7450,3234.54,Google Ads,11573.21,0.2794851212412114
U6732,CMP7450,10338.46,Instagram Ads,23250.74,0.4446507939102153
U6732,CMP7450,10338.46,Google Ads,11573.21,0.8933096349241049
U2129,CMP7836,61478.79,Email Marketing,16255.21,3.782097555183846
U3326,CMP7779,34827.51,Facebook Ads,90150.48,0.38632639559989035
U3326,CMP7779,34827.51,Instagram Ads,3574.65,9.742914690948764
U4045,CMP0122,43015.26,Facebook Ads,9717.93,4.426380926802313
U7477,CMP7540,53589.86,LinkedIn Ads,5698.96,9.403445540940803
U7080,CMP6408,49686.69,YouTube Ads,12004.75,4.138919177825445
U4486,CMP9317,10517.28,Google Ads,2724.73,3.8599347458280273
U4486,CMP9317,50249.28,Google Ads,2724.73,18.44193002609433
U1254,CMP3560,38665.88,LinkedIn Ads,21157.39,1.827535437972264
U1254,CMP3560,58628.67,LinkedIn Ads,21157.39,2.7710728969877665
U0438,CMP7389,50914.94,Facebook Ads,10209.16,4.987182099212864
U0619,CMP6245,49471.0,Instagram Ads,115201.99,0.4294283458124291
U0619,CMP6245,53400.64,Instagram Ads,115201.99,0.463539214904187
U8986,CMP5360,71288.87,Email Marketing,42517.04,1.676712913222557
U8986,CMP5360,71288.87,Instagram Ads,90702.69,0.7859620260435495
U8986,CMP5360,61587.54,Email Marketing,42517.04,1.4485378097816781
U8986,CMP5360,61587.54,Instagram Ads,90702.69,0.6790045587402094
U1647,CMP7714,40448.04,Instagram Ads,12845.91,3.1487095892778325
U7220,CMP2760,53795.12,Google Ads,3344.53,16.084508137167255
U8567,CMP8722,49758.0,Facebook Ads,19203.8,2.5910496880825673
U0798,CMP6400,19290.21,Email Marketing,12599.46,1.5310346633903358
U5524,CMP3909,5440.48,Facebook Ads,810.11,6.715729962597671
U1765,CMP1583,47288.9,Email Marketing,2400.34,19.700917370039242
U1765,CMP1583,47288.9,Facebook Ads,176.56,267.83473040326237
U1735,CMP3394,1863.34,YouTube Ads,16403.02,0.11359737414207871
U1735,CMP3394,1863.34,Facebook Ads,28221.28,0.066026062602405
U4563,CMP5182,4012.47,Google Ads,18867.21,0.2126689637736581
U8785,CMP3581,71958.33,LinkedIn Ads,21720.18,3.312971163222404
U8785,CMP3581,71958.33,LinkedIn Ads,81615.18,0.8816782613234451
U2178,CMP5315,57307.44,Google Ads,13752.65,4.167010721570025
U2178,CMP5315,57307.44,Email Marketing,92154.67,0.6218614856957331
U2178,CMP5315,57307.44,LinkedIn Ads,40132.04,1.427972263557995
U9586,CMP5210,48313.95,Email Marketing,5043.7,9.579068937486369
U2033,CMP8249,32565.96,Google Ads,3964.16,8.215097271553116
U2033,CMP8249,32565.96,YouTube Ads,1754.35,18.562977741043692
U2485,CMP1301,3564.57,Google Ads,9173.04,0.38859200439548935
U0649,CMP9799,61093.76,LinkedIn Ads,26357.97,2.3178476946441626
U8837,CMP0389,60257.79,YouTube Ads,3141.36,19.18207082282833
U8837,CMP0389,60257.79,Facebook Ads,46542.16,1.2946925969916308
U0100,CMP3645,71559.34,YouTube Ads,35123.89,2.0373409665045643
U3349,CMP2319,32398.3,Facebook Ads,1312.82,24.678402218125868
U3349,CMP2319,32398.3,Facebook Ads,70179.38,0.46164984643637486
U9927,CMP5104,43549.32,Facebook Ads,22299.41,1.9529359745392367
U9927,CMP5104,53356.14,Facebook Ads,22299.41,2.3927153229614597
U6525,CMP3300,33522.18,Instagram Ads,13495.63,2.4839285013000505
U0325,CMP9985,6930.04,Email Marketing,22333.91,0.31029228648275203
U0325,CMP9985,6930.04,Facebook Ads,25345.67,0.27342106166457625
U4216,CMP4919,34430.02,YouTube Ads,15839.56,2.173672753536083
U4216,CMP4919,34430.02,Email Marketing,10354.39,3.3251615981240805
U3207,CMP9211,63821.76,YouTube Ads,5323.89,11.987805908837334
U3207,CMP9211,1702.95,YouTube Ads,5323.89,0.31986949392267683
U6293,CMP6132,74073.51,Google Ads,4404.13,16.81910161598318
U6293,CMP6132,74073.51,LinkedIn Ads,65508.44,1.1307475800064846
U6293,CMP6132,74073.51,Google Ads,11561.48,6.406922816110048
U3183,CMP6698,68546.64,Google Ads,15764.68,4.348114899890134
U0946,CMP5712,32235.0,YouTube Ads,12448.31,2.589508134035865
U0946,CMP5712,32235.0,YouTube Ads,109645.83,0.2939920286982186
U0463,CMP3971,11730.4,LinkedIn Ads,5687.5,2.062487912087912
U2645,CMP7463,7603.71,Email Marketing,7451.27,1.0204582574514143
U6930,CMP6298,52118.88,LinkedIn Ads,15810.63,3.2964454926843523
U1457,CMP8736,58419.32,Email Marketing,38272.6,1.5264006103583243
U2760,CMP2339,5935.72,Instagram Ads,24750.86,0.23981873761154157
U2796,CMP6846,53025.51,YouTube Ads,40831.16,1.2986530385127437
U3042,CMP7971,14317.66,Facebook Ads,9898.4,1.4464620544734503
U1790,CMP3144,18516.69,Instagram Ads,49298.93,0.375600241222274
U1790,CMP3144,22514.58,Instagram Ads,49298.93,0.4566951047416242
U1790,CMP3144,14555.28,Instagram Ads,49298.93,0.2952453531952925
U7830,CMP2043,8235.08,Instagram Ads,1207.67,6.818982006674008
U7830,CMP2043,8235.08,Google Ads,39275.22,0.20967622842087197
U7830,CMP2043,8235.08,Email Marketing,29602.55,0.2781881966249529
U0119,CMP4360,74027.08,Google Ads,3083.13,24.01036608900695
U5515,CMP4356,26223.5,LinkedIn Ads,52487.65,0.4996127660506805
U5834,CMP3926,34676.25,Instagram Ads,60008.63,0.5778543852775843
U4579,CMP6584,34304.91,Email Marketing,1329.41,25.804612572494566
U5279,CMP7786,65602.52,YouTube Ads,31595.61,2.0763175643704934
U1334,CMP5334,70654.71,Email Marketing,25751.33,2.7437305179965463
U2346,CMP1646,64367.6,Email Marketing,32249.46,1.995927993833075
U8991,CMP0521,33886.78,Facebook Ads,26466.33,1.28037321381544
U1466,CMP7900,2919.72,LinkedIn Ads,20077.71,0.14542096683336894
U1466,CMP7900,2919.72,Email Marketing,13672.91,0.2135404972313867
U7804,CMP5350,10829.91,LinkedIn Ads,14361.46,0.7540953357109932
U9842,CMP8061,28743.02,Google Ads,97709.8,0.2941672176178848
U4245,CMP6253,9020.14,Email Marketing,120014.21,0.0751589332629861
U5135,CMP9703,29896.4,Facebook Ads,24448.18,1.222847672096655
U5135,CMP9703,29896.4,YouTube Ads,51689.6,0.5783832724571287
U5135,CMP9703,874.64,Facebook Ads,24448.18,0.035775260162515164
U5135,CMP9703,874.64,YouTube Ads,51689.6,0.016921005385996408
U5981,CMP9668,50032.9,YouTube Ads,32202.03,1.5537188183477875
U5177,CMP3640,17003.64,Google Ads,1490.02,11.411685749184574
U0563,CMP7468,38051.56,Facebook Ads,11980.04,3.1762464899950245
U8111,CMP2023,5116.83,Instagram Ads,102753.62,0.04979707770879508
U0862,CMP5459,29841.74,Facebook Ads,60694.28,0.4916730209172924
U7757,CMP2609,6082.88,Google Ads,27424.46,0.221804914299133
U7757,CMP2609,6082.88,Google Ads,8411.15,0.7231924290970914
U7757,CMP2609,58914.84,Google Ads,27424.46,2.1482588900565407
U7757,CMP2609,58914.84,Google Ads,8411.15,7.004373955998882
U7757,CMP2609,54648.34,Google Ads,27424.46,1.9926860911755417
U7757,CMP2609,54648.34,Google Ads,8411.15,6.49713059450848
U6452,CMP4638,56605.78,Instagram Ads,47941.48,1.1807265858292233
U2254,CMP0887,22362.81,Email Marketing,53005.25,0.42189801953580075
U1671,CMP3437,71317.06,Facebook Ads,7226.73,9.868510377445954
U0860,CMP2757,25882.57,Google Ads,15208.17,1.70188589422659
U3947,CMP2435,51832.82,Email Marketing,45265.95,1.1450730626442172
U1469,CMP2827,45071.66,Email Marketing,99679.7,0.45216488412384875
U1469,CMP2827,32895.03,Email Marketing,99679.7,0.3300073134249
U1469,CMP2827,51136.68,Email Marketing,99679.7,0.5130099709369109
U1469,CMP2827,21184.78,Email Marketing,99679.7,0.21252852887799623
U1469,CMP2827,63254.73,Email Marketing,99679.7,0.6345798592893037
U8016,CMP7293,38598.82,Instagram Ads,504.05,76.57736335680984
U9714,CMP9615,74996.6,YouTube Ads,29000.35,2.5860584441222265
U8807,CMP7106,52780.08,Instagram Ads,4558.24,11.579048053634738
U8831,CMP9111,51479.4,YouTube Ads,14663.39,3.5107434229056174
U8831,CMP9111,56659.38,YouTube Ads,14663.39,3.864002798807097
U7328,CMP1923,10314.59,Facebook Ads,32452.97,0.31783192724733667
U1387,CMP2642,27744.3,Google Ads,37463.01,0.7405785066389486
U1387,CMP2642,27744.3,Email Marketing,21001.77,1.3210457975684906
U8511,CMP2812,33785.32,LinkedIn Ads,349.14,96.7672566878616
U3439,CMP8036,22027.64,Email Marketing,38458.91,0.57275778226684
U3439,CMP8036,61617.42,Email Marketing,38458.91,1.6021624117792208
U2199,CMP0602,44689.9,Facebook Ads,11590.23,3.8558251216757564
U4271,CMP2106,12876.46,Email Marketing,26472.21,0.4864142434651281
U8781,CMP1365,55151.12,Instagram Ads,133015.58,0.4146215052402133
U9912,CMP3157,12146.73,Email Marketing,65352.31,0.18586535043673283
U2042,CMP7105,41466.38,LinkedIn Ads,2452.4,16.90848964279889
U2398,CMP5397,8022.56,Email Marketing,14600.55,0.5494697117574339
U9648,CMP6204,49640.42,Google Ads,4790.75,10.36172206856964
U9648,CMP6204,26655.84,Google Ads,4790.75,5.564022334707509
U2798,CMP4621,26379.09,YouTube Ads,10745.02,2.45500613307374
U9705,CMP8712,51734.38,YouTube Ads,126356.02,0.40943344052780384
U9705,CMP8712,51734.38,LinkedIn Ads,6979.22,7.412630637807663
U0867,CMP2548,58481.46,Email Marketing,3122.12,18.731329993722216
U7679,CMP9973,71481.76,Email Marketing,21077.92,3.3913099584778763
U7679,CMP9973,71481.76,LinkedIn Ads,43067.69,1.6597537504333293
U5124,CMP3749,6444.46,Instagram Ads,28124.59,0.2291396959031225
U9080,CMP1535,51019.71,Facebook Ads,2069.72,24.65053727074194
U8723,CMP2236,1782.09,LinkedIn Ads,61841.75,0.02881694001220858
U8653,CMP0120,45847.48,Email Marketing,69146.15,0.6630518112722112
U2185,CMP2762,32137.12,Email Marketing,10523.66,3.0537968729510454
U8833,CMP2794,36622.0,YouTube Ads,31935.46,1.1467503521164248
U8833,CMP2794,36622.0,Instagram Ads,69843.11,0.5243466392032085
U8833,CMP2794,36622.0,Instagram Ads,13723.88,2.6684873374002107
U8833,CMP2794,20419.47,YouTube Ads,31935.46,0.6393980233884216
U8833,CMP2794,20419.47,Instagram Ads,69843.11,0.29236198101716837
U8833,CMP2794,20419.47,Instagram Ads,13723.88,1.4878787922948906
U8833,CMP2794,2657.7,YouTube Ads,31935.46,0.08322097129648359
U8833,CMP2794,2657.7,Instagram Ads,69843.11,0.03805242922315458
U8833,CMP2794,2657.7,Instagram Ads,13723.88,0.19365514708668394
U8447,CMP3491,46617.84,Google Ads,87959.69,0.529990953810774
U5799,CMP0943,66847.08,Instagram Ads,2185.13,30.59180918297767
U5799,CMP0943,66847.08,Instagram Ads,16462.19,4.0606432072524985
U1389,CMP6588,12163.02,Instagram Ads,1013.95,11.995680260367868
U6133,CMP7986,66995.36,Google Ads,6934.46,9.66122235905896
U6133,CMP7986,4714.98,Google Ads,6934.46,0.679934702918468
U2292,CMP4416,1181.42,Google Ads,93266.19,0.012667184110340521
U6899,CMP3252,50215.71,Google Ads,3896.65,12.886892587222357
U8120,CMP7853,24872.91,Email Marketing,5289.87,4.701988895757363
U0347,CMP6552,37875.07,YouTube Ads,30814.78,1.2291202468425866
U0132,CMP3875,21705.09,Google Ads,56658.23,0.38308803504804156
U4088,CMP7028,20317.16,Facebook Ads,38887.19,0.5224640813594399
U8231,CMP4053,74446.96,Email Marketing,18078.48,4.1179877954341295
U8231,CMP4053,65654.42,Email Marketing,18078.48,3.631633854173581
U3149,CMP2437,46522.7,Facebook Ads,3047.19,15.267410302606663
U3792,CMP0835,36330.24,LinkedIn Ads,34203.2,1.0621883332553679
U4597,CMP6998,19087.43,Email Marketing,1597.77,11.94629389711911
U3474,CMP0780,68204.79,Facebook Ads,170.61,399.7701775980305
U1828,CMP7060,51459.88,Facebook Ads,18274.83,2.8158883010129228
U8665,CMP2135,49030.94,Instagram Ads,46658.94,1.050836988581395
U1972,CMP9574,66390.08,LinkedIn Ads,139313.49,0.4765516964652885
U1972,CMP9574,66390.08,LinkedIn Ads,1277.19,51.981365341100386
U1972,CMP9574,59612.62,LinkedIn Ads,139313.49,0.42790271064202046
U1972,CMP9574,59612.62,LinkedIn Ads,1277.19,46.67482520220171
U8956,CMP3121,54607.29,Facebook Ads,137473.61,0.39722016465560195
U6852,CMP3310,66950.31,YouTube Ads,8385.6,7.983961791642816
U7146,CMP9181,39639.39,Instagram Ads,50344.76,0.7873588035775719
U4746,CMP8256,59733.48,Google Ads,17219.44,3.4689560171527067
U4746,CMP8256,59733.48,Facebook Ads,3066.23,19.481082632418314
U1229,CMP3117,38563.92,Email Marketing,59449.23,0.6486866188174346
U2622,CMP6394,52481.6,LinkedIn Ads,13919.56,3.770349062757731
U4972,CMP8402,20687.22,LinkedIn Ads,88348.96,0.23415352031308573
U4972,CMP8402,42932.24,LinkedIn Ads,88348.96,0.4859393930613331
U2428,CMP2804,65598.67,Facebook Ads,3974.6,16.50447089015247
U9915,CMP4080,71022.27,Facebook Ads,2527.02,28.105147565116226
U9915,CMP4080,71022.27,Email Marketing,48354.17,1.4687930741030195
U4832,CMP9000,61332.23,Instagram Ads,21597.39,2.8397982348793076
U4832,CMP9000,52359.87,Instagram Ads,21597.39,2.4243609991762893
U8805,CMP5825,54403.22,Facebook Ads,25906.16,2.100010962643634
U3378,CMP6259,20707.92,Email Marketing,1622.7,12.761397670549083
U3378,CMP6259,20707.92,Email Marketing,35564.91,0.5822570618061453
U3378,CMP6259,2697.16,Email Marketing,1622.7,1.6621433413446722
U3378,CMP6259,2697.16,Email Marketing,35564.91,0.07583767258232903
U6040,CMP6480,37575.12,Facebook Ads,29749.29,1.2630593872996634
U4622,CMP3032,66480.04,Facebook Ads,26413.34,2.516911530310063
U6987,CMP6459,48650.07,Email Marketing,5900.13,8.245592893715902
U9885,CMP1643,2288.16,Email Marketing,17866.38,0.12807071158231267
U4386,CMP0223,1752.15,Email Marketing,1266.51,1.3834474263922119
U4386,CMP0223,1752.15,Instagram Ads,50369.57,0.03478588361981252
U1393,CMP0154,57155.62,Facebook Ads,5898.87,9.68924895785125
U1393,CMP0154,57155.62,Google Ads,102262.37,0.5589115527050664
U0916,CMP7280,47340.82,Facebook Ads,30107.44,1.5723960589143415
U0916,CMP7280,66446.26,Facebook Ads,30107.44,2.2069714329747065
U6805,CMP0348,17405.22,Google Ads,8962.26,1.942057025794833
U6304,CMP6999,32289.32,LinkedIn Ads,20911.41,1.5441005651938344
U6304,CMP6999,67694.9,LinkedIn Ads,20911.41,3.2372231236439815
U5855,CMP2779,9537.56,Google Ads,8964.98,1.0638685195058997
U5487,CMP1390,32324.42,Google Ads,7228.03,4.4720926725539325
U5487,CMP1390,28607.97,Google Ads,7228.03,3.9579207612586007
U8180,CMP4941,20456.03,YouTube Ads,26301.64,0.7777473191785759
U7319,CMP1252,43654.83,Google Ads,5267.91,8.286935426003861
U6309,CMP4563,32219.53,Facebook Ads,14154.95,2.2762023179170536
U6309,CMP4563,15443.79,Facebook Ads,14154.95,1.0910522467405395
U4029,CMP6783,37659.84,Facebook Ads,675.1,55.784091245741365
U4029,CMP6783,37659.84,YouTube Ads,27117.74,1.3887528975497219
U9519,CMP8071,58412.0,YouTube Ads,44240.03,1.3203426851202407
U0282,CMP3594,71852.97,Email Marketing,4688.68,15.32477584309443
U4829,CMP1805,64108.42,Google Ads,52163.57,1.2289883533661519
U4829,CMP1805,16886.4,Google Ads,52163.57,0.32372017482699134
U1921,CMP6899,28776.47,Facebook Ads,3369.84,8.539417301711653
U1921,CMP6899,16025.73,Facebook Ads,3369.84,4.755635282387294
U1209,CMP6959,12494.36,Instagram Ads,3344.77,3.735491528565492
U6824,CMP5985,55959.18,Facebook Ads,2120.6,26.388371215693674
U7275,CMP8642,22042.6,Email Marketing,19160.75,1.1504038203097477
U6495,CMP0984,34481.52,Email Marketing,2566.84,13.433451247448222
U2570,CMP4228,28783.84,YouTube Ads,38134.27,0.7548024388561785
U6428,CMP2051,45677.44,Email Marketing,22533.22,2.027115520995224
U0896,CMP7675,15208.74,LinkedIn Ads,57178.33,0.2659878314039602
U2667,CMP1711,16484.31,Google Ads,8368.41,1.9698258092038992
U3938,CMP5065,42686.16,Facebook Ads,23269.42,1.834431627432055
U0139,CMP7927,70266.4,Google Ads,1536.8,45.722540343571055
U0139,CMP7927,37891.05,Google Ads,1536.8,24.65581077563769
U5429,CMP6401,22583.3,Email Marketing,16438.91,1.37377113202761
U5429,CMP6401,8249.46,Email Marketing,16438.91,0.501825242671199
U0613,CMP2461,32118.63,Google Ads,60367.48,0.5320518597098968
U0613,CMP2461,51416.26,Google Ads,60367.48,0.8517211584780415
U2308,CMP1529,74426.7,Email Marketing,15516.56,4.79659795727919
U2308,CMP1529,42884.5,Email Marketing,15516.56,2.7637891388297406
U2308,CMP1529,31430.43,Email Marketing,15516.56,2.025605546590224
U7060,CMP8574,51453.36,Instagram Ads,9478.54,5.428405640531136
U8152,CMP3422,57649.06,YouTube Ads,12792.14,4.506600146652554
U4844,CMP8965,43556.0,Google Ads,8576.49,5.07853445873545
U4195,CMP1462,11178.21,Google Ads,13586.16,0.8227644897454468
U6702,CMP9319,33481.46,LinkedIn Ads,7398.74,4.52529214433809
U6702,CMP9319,33481.46,Facebook Ads,17388.01,1.925548697061941
U0700,CMP5139,55772.42,Google Ads,7026.78,7.937123405030469
U0700,CMP5139,55772.42,Instagram Ads,10173.18,5.4822995366247325
U0700,CMP5139,35272.16,Google Ads,7026.78,5.019676153230926
U0700,CMP5139,35272.16,Instagram Ads,10173.18,3.4671715235550735
U9342,CMP9189,29575.56,Google Ads,3649.14,8.104802775448462
U1788,CMP1532,8794.86,Instagram Ads,53420.9,0.16463331767154804
U5611,CMP6504,52895.1,LinkedIn Ads,13979.92,3.783648261220379
U2385,CMP1874,42939.34,Instagram Ads,4370.13,9.825643630738673
U0887,CMP6231,51512.61,Google Ads,70119.46,0.7346407117225374
U0887,CMP6231,51512.61,Instagram Ads,10733.4,4.799281681480239
U6637,CMP4130,53631.34,Email Marketing,1952.32,27.470568349450907
U0881,CMP6877,72279.92,YouTube Ads,50615.57,1.428017505285429
U2633,CMP2696,68510.38,Facebook Ads,38063.76,1.7998847197439245
U1275,CMP6376,11487.82,Google Ads,117264.31,0.09796518650900687
U5185,CMP5186,20263.1,Google Ads,36327.07,0.5577961558694384
U5185,CMP5186,20263.1,Email Marketing,17880.73,1.133236730267724
U1597,CMP0061,73443.12,LinkedIn Ads,13980.03,5.253430786629212
U3132,CMP8948,28241.53,Facebook Ads,19739.31,1.4307252887765578
U3132,CMP8948,70107.69,Facebook Ads,19739.31,3.551678858075586
U8178,CMP0266,31221.22,Instagram Ads,70077.45,0.44552448754913315
U7518,CMP8888,41791.95,LinkedIn Ads,52917.29,0.789759830860575
U7168,CMP8893,46812.96,LinkedIn Ads,41217.22,1.1357621887162694
U6739,CMP1626,56565.7,Facebook Ads,25009.49,2.2617694323234896
U6739,CMP1626,56565.7,Google Ads,3231.34,17.50533834260709
U4750,CMP8925,58433.36,Google Ads,82848.46,0.7053041179039417
U4750,CMP8925,7064.25,Google Ads,82848.46,0.08526712506182975
U7602,CMP6244,59009.16,Google Ads,37752.67,1.5630460044282963
U7602,CMP6244,2826.82,Google Ads,37752.67,0.07487735304549321
U4334,CMP0125,18685.41,Instagram Ads,15881.43,1.1765571488209814
U8503,CMP6793,13403.0,Google Ads,326.6,41.03796693202694
U6445,CMP7046,10318.64,Facebook Ads,19117.79,0.5397402105578102
U2596,CMP6397,53469.34,Email Marketing,31167.42,1.7155523299650726
U4264,CMP8262,15879.38,Google Ads,111661.66,0.1422097790772589
U4264,CMP8262,15879.38,Instagram Ads,30380.95,0.5226755582034136
U8908,CMP0421,2627.77,LinkedIn Ads,382.31,6.873401166592556
U3634,CMP2139,62368.88,LinkedIn Ads,34109.82,1.8284728562038732
U3634,CMP2139,63153.92,LinkedIn Ads,34109.82,1.851487929282535
U0380,CMP6195,34699.38,Instagram Ads,6558.76,5.290539675182504
U0380,CMP6195,34699.38,Google Ads,4933.79,7.03300707975005
U0380,CMP6195,8428.88,Instagram Ads,6558.76,1.2851331654154137
U0380,CMP6195,8428.88,Google Ads,4933.79,1.708398614452581
U1521,CMP9764,27583.75,Google Ads,2530.66,10.899824551697977
U1521,CMP9764,27583.75,LinkedIn Ads,62228.48,0.4432656879936646
U1206,CMP3408,16364.47,LinkedIn Ads,17323.34,0.9446486647494075
U4895,CMP6149,42871.58,Instagram Ads,123823.14,0.34623237627474157
U9831,CMP0516,39489.82,Google Ads,31698.8,1.2457828056582583
U8385,CMP1993,27843.14,Facebook Ads,3468.73,8.026897452381707
U2074,CMP3555,15543.39,Google Ads,7519.8,2.0669951328492777
U7145,CMP5711,15084.27,Email Marketing,41236.82,0.36579615013960826
U9563,CMP3243,59711.9,Email Marketing,89993.94,0.6635102319111709
U5223,CMP7993,29191.16,LinkedIn Ads,45546.85,0.640904036173742
U8379,CMP9293,22540.41,Instagram Ads,5969.99,3.7756193896472188
U7036,CMP8692,21314.85,Instagram Ads,1329.38,16.033677353352687
U7036,CMP8692,6143.55,Instagram Ads,1329.38,4.621364846770675
U0179,CMP6090,42884.6,Instagram Ads,6204.1,6.9122999306909945
U8639,CMP3812,21395.1,YouTube Ads,1534.38,13.943807922418173
U8639,CMP3812,21395.1,YouTube Ads,3313.68,6.45659810241182
U5207,CMP1226,4437.24,YouTube Ads,100469.23,0.04416516380189238
U2804,CMP8170,29177.18,Google Ads,8141.98,3.5835484734671423
U0077,CMP0349,63241.98,Instagram Ads,6142.77,10.295352096855327
U1138,CMP0607,60336.62,YouTube Ads,3109.6,19.40333804990996
U5132,CMP4932,29954.56,Instagram Ads,27396.37,1.093376969284617
U1684,CMP7448,62040.15,LinkedIn Ads,35180.55,1.7634786835339413
U3132,CMP1723,28241.53,Instagram Ads,46441.47,0.6081101653328372
U3132,CMP1723,70107.69,Instagram Ads,46441.47,1.5095923966231044
U1230,CMP0861,27725.85,Instagram Ads,544.43,50.92638172033136
U1230,CMP0861,46246.74,Instagram Ads,544.43,84.94524548610474
U7549,CMP6219,64745.7,Instagram Ads,53065.46,1.2201100301401326
U8645,CMP9571,49849.22,LinkedIn Ads,104610.64,0.4765215087107774
U8645,CMP9571,70870.32,LinkedIn Ads,104610.64,0.6774676075014933
U1357,CMP5275,65560.77,Email Marketing,7802.33,8.402716880726656
U3482,CMP3374,35510.16,Email Marketing,3959.7,8.967891506932345
U8645,CMP3079,49849.22,LinkedIn Ads,4595.23,10.848035898094329
U8645,CMP3079,70870.32,LinkedIn Ads,4595.23,15.422583853256532
U3585,CMP7439,65188.52,Email Marketing,9202.61,7.083699081021579
U5033,CMP3327,11686.26,LinkedIn Ads,2436.88,4.795582876464988
U3065,CMP1756,49895.0,Email Marketing,1512.34,32.991919806392744
U3065,CMP1756,49895.0,Facebook Ads,18036.86,2.7662797183101713
U3065,CMP1756,30054.09,Email Marketing,1512.34,19.872574950077365
U3065,CMP1756,30054.09,Facebook Ads,18036.86,1.6662595374139402
U3475,CMP5767,32740.5,YouTube Ads,7247.64,4.517401526565889
U3475,CMP5767,32740.5,Instagram Ads,4674.07,7.004708958145685
U6268,CMP0871,14816.64,LinkedIn Ads,6587.13,2.249331651265422
U1789,CMP9733,19234.11,Instagram Ads,55981.02,0.34358269999367647
U1079,CMP3598,17565.03,Google Ads,1080.72,16.253081279147235
U1079,CMP3598,17565.03,Email Marketing,24927.5,0.7046446695416708
U4396,CMP6629,59090.28,LinkedIn Ads,5579.93,10.589788760790904
U3033,CMP4719,36149.31,Email Marketing,36961.14,0.9780355800713939
U7459,CMP3910,35989.1,Google Ads,7528.44,4.780419316618051
U7459,CMP3910,35989.1,Facebook Ads,3347.27,10.751776821110935
U7459,CMP3910,21030.24,Google Ads,7528.44,2.7934392782568502
U7459,CMP3910,21030.24,Facebook Ads,3347.27,6.28280359815611
U9733,CMP0342,824.73,Facebook Ads,2003.01,0.41174532328845087
U4763,CMP4056,13172.37,LinkedIn Ads,2390.03,5.5113827023091755
U4763,CMP4056,65921.49,LinkedIn Ads,2390.03,27.5818671732154
U8941,CMP1539,19575.1,Google Ads,29167.78,0.6711206680796413
U9761,CMP0223,51669.48,Email Marketing,1266.51,40.79674064950139
U9761,CMP0223,51669.48,Instagram Ads,50369.57,1.0258074468374458
U5853,CMP0340,43635.63,Facebook Ads,26028.16,1.6764777072217167
U1769,CMP7057,41210.04,Instagram Ads,2445.28,16.85289210233593
U5427,CMP7361,70936.04,YouTube Ads,20937.31,3.3880207151730564
U2015,CMP5068,72635.37,Facebook Ads,7459.67,9.737075500658875
U2411,CMP5686,39596.58,Instagram Ads,752.49,52.62073914603516
U4829,CMP9145,64108.42,Email Marketing,14248.13,4.499426942342609
U4829,CMP9145,16886.4,Email Marketing,14248.13,1.1851660533698107
U5772,CMP9717,19418.94,Google Ads,4318.53,4.496655111808879
U2338,CMP4642,68930.79,YouTube Ads,49700.78,1.3869156580641189
U6329,CMP3586,8036.8,Google Ads,20249.87,0.39688156022730026
U5284,CMP4949,57748.78,YouTube Ads,18169.15,3.1783974484221877
U4872,CMP2224,41277.93,LinkedIn Ads,13082.3,3.155250223584538
U8255,CMP7159,35527.12,Google Ads,11543.13,3.0777718001963077
U0433,CMP7644,11188.48,LinkedIn Ads,11423.81,0.9794000425427244
U8901,CMP4955,56833.63,Facebook Ads,38329.99,1.4827457559994146
U7541,CMP2064,20810.47,LinkedIn Ads,1558.07,13.356569345408102
U7889,CMP1754,5269.22,Instagram Ads,14300.71,0.3684586289771627
U7889,CMP1754,5269.22,Instagram Ads,41957.09,0.1255859260020178
U7889,CMP1754,5269.22,LinkedIn Ads,115468.28,0.04563348479772973
U3360,CMP9579,55726.48,Email Marketing,91874.84,0.6065477773893266
U0106,CMP2235,15651.96,Email Marketing,34632.8,0.45194035711810765
U0106,CMP2235,15651.96,Facebook Ads,20074.11,0.7797087890820563
U4051,CMP0001,2580.74,Facebook Ads,33518.19,0.07699520767678683
U3016,CMP7272,61760.22,LinkedIn Ads,1348.27,45.807011948645304
U0355,CMP7195,56036.44,Email Marketing,20816.88,2.6918750552436292
U4752,CMP2798,71962.54,YouTube Ads,54091.33,1.3303895467166362
U7602,CMP6019,59009.16,Email Marketing,15284.08,3.860825119994138
U7602,CMP6019,2826.82,Email Marketing,15284.08,0.18495192383185644
U7283,CMP1969,35492.1,YouTube Ads,1772.32,20.02578541121242
U3454,CMP7510,16578.26,Email Marketing,19644.87,0.8438976689588681
U3454,CMP7510,16578.26,Instagram Ads,1147.64,14.445522986302322
U3454,CMP7510,29753.85,Email Marketing,19644.87,1.5145862507616492
U3454,CMP7510,29753.85,Instagram Ads,1147.64,25.926117946394335
U5559,CMP2859,59162.24,Email Marketing,20842.44,2.8385467344514366
U9927,CMP4964,43549.32,LinkedIn Ads,9452.71,4.607072469164928
U9927,CMP4964,53356.14,LinkedIn Ads,9452.71,5.644533683991153
U5704,CMP8609,30730.22,Instagram Ads,12085.41,2.542753617792032
U8183,CMP0484,57173.26,Instagram Ads,26689.77,2.1421413522859134
U8183,CMP0484,57173.26,Email Marketing,4185.27,13.660590595110948
U1055,CMP3877,9249.67,Google Ads,25524.5,0.3623839840153578
U2852,CMP1195,30901.08,LinkedIn Ads,67982.09,0.45454736681381824
U2852,CMP1195,34126.1,LinkedIn Ads,67982.09,0.5019866261834551
U4688,CMP9401,12785.14,YouTube Ads,5887.78,2.171470401407661
U1577,CMP8660,11186.78,Facebook Ads,3631.92,3.0801284169254832
U3037,CMP5892,54825.04,LinkedIn Ads,79804.65,0.6869905450371627
U5769,CMP8130,42233.28,Facebook Ads,40520.42,1.042271526306983
U5769,CMP8130,42233.28,Google Ads,6690.85,6.312094875837897
U9325,CMP1101,39155.58,LinkedIn Ads,46981.54,0.8334247876932089
U0370,CMP1933,62240.02,LinkedIn Ads,3386.78,18.377343671570046
U3956,CMP5864,23933.78,Google Ads,4680.77,5.113214278847283
U0492,CMP0929,20120.42,YouTube Ads,23695.44,0.8491262453872981
U1022,CMP0974,60570.4,Facebook Ads,38456.75,1.5750264907981044
U9801,CMP9995,41693.32,Email Marketing,7946.07,5.247036585381201
U8317,CMP2122,32790.03,Instagram Ads,3167.35,10.352512352597598
U8753,CMP3732,51506.94,Google Ads,1218.91,42.25655708789
U2052,CMP9053,41553.7,LinkedIn Ads,7091.14,5.859946355593035
U7153,CMP7176,7580.33,Google Ads,52578.42,0.14417188648879142
U7153,CMP7176,12194.74,Google Ads,52578.42,0.23193431830016953
U4095,CMP3722,10158.66,LinkedIn Ads,109914.92,0.09242293948810588
U4791,CMP4631,36293.58,Google Ads,38005.2,0.9549635313062425
U5849,CMP1259,23226.88,YouTube Ads,14963.31,1.5522554835795022
U5849,CMP1259,23226.88,Google Ads,13889.44,1.6722690043659068
U5225,CMP9035,50685.5,Instagram Ads,47476.8,1.0675845886833146
U5225,CMP9035,8500.08,Instagram Ads,47476.8,0.17903649782630673
U2247,CMP6732,55836.72,Email Marketing,59288.08,0.9417866120812143
U7214,CMP2012,2330.76,Instagram Ads,7428.25,0.31376973042102785
U0979,CMP0554,37530.3,Instagram Ads,22679.58,1.654805776826555
U3022,CMP6269,4630.27,LinkedIn Ads,2654.7,1.7441782498964105
U4302,CMP0513,2780.37,YouTube Ads,4827.6,0.5759321401938851
U6359,CMP7112,74323.67,LinkedIn Ads,16380.0,4.537464590964591
U4262,CMP7595,56113.32,LinkedIn Ads,73937.55,0.7589285822968167
U1402,CMP3904,25811.78,Facebook Ads,3183.11,8.108981467809782
U9962,CMP0633,42956.74,YouTube Ads,11027.91,3.8952748072844265
U7643,CMP4334,19157.97,Facebook Ads,10760.32,1.7804275337536433
U7643,CMP4334,48102.42,Facebook Ads,10760.32,4.470352182834711
U9035,CMP3570,14100.44,LinkedIn Ads,12171.73,1.1584581649445067
U2407,CMP4525,18025.94,Instagram Ads,7075.98,2.5474831754753406
U5200,CMP0631,17675.46,YouTube Ads,10222.87,1.7290115202482275
U5200,CMP0631,17675.46,Facebook Ads,146660.95,0.1205191975096302
U8855,CMP4245,26717.43,Instagram Ads,6862.66,3.893159503749275
U5338,CMP8306,61834.95,LinkedIn Ads,4225.5,14.633759318423854
U9945,CMP1170,67381.38,Google Ads,16903.47,3.9862454277139547
U9945,CMP1170,67381.38,Email Marketing,11854.22,5.684168169647603
U4766,CMP7712,8637.74,Instagram Ads,2971.07,2.9072825615014115
U5637,CMP5130,44014.46,YouTube Ads,135780.61,0.3241586556430996
U9264,CMP2459,41456.3,LinkedIn Ads,25652.88,1.6160485684258454
U9947,CMP8831,39384.94,Email Marketing,31904.01,1.2344824365338403
U3983,CMP4411,24125.12,Facebook Ads,45187.11,0.5338938471612812
U9183,CMP3950,27650.55,LinkedIn Ads,59763.54,0.4626658661786099
U9183,CMP3950,13959.68,LinkedIn Ads,59763.54,0.23358187952052373
U8809,CMP9916,6957.09,Facebook Ads,22699.11,0.30649175231980463
U8809,CMP9916,6957.09,YouTube Ads,3064.02,2.270575910078916
U8809,CMP9916,44168.08,Facebook Ads,22699.11,1.9458066858127918
U8809,CMP9916,44168.08,YouTube Ads,3064.02,14.415075619610839
U6693,CMP9922,43518.87,Instagram Ads,11580.81,3.7578433632880603
U4316,CMP3246,35637.12,Facebook Ads,959.07,37.15799680940911
U2169,CMP2071,29567.48,Google Ads,3585.65,8.246058594676
U1951,CMP5806,45950.24,Facebook Ads,31016.21,1.4814911299607527
U7369,CMP0742,36175.12,Google Ads,112159.82,0.3225319013529087
U1373,CMP3006,44783.84,Email Marketing,127332.63,0.3517074924157303
U4577,CMP7431,37377.04,LinkedIn Ads,20368.39,1.8350512730755844
U4674,CMP9243,56979.54,YouTube Ads,54679.75,1.0420592632555927
U9424,CMP2347,26540.42,Google Ads,35130.47,0.7554814951237486
U4727,CMP1943,8629.36,Instagram Ads,20799.87,0.4148756698960138
U2767,CMP4566,3701.07,Facebook Ads,5753.03,0.6433253433408135
U6055,CMP8845,32417.82,YouTube Ads,850.57,38.11305359935102
U6055,CMP8845,35239.65,YouTube Ads,850.57,41.43062887240321
U1966,CMP8535,20281.95,Facebook Ads,45781.08,0.44302034814381835
U3645,CMP2242,38399.22,Instagram Ads,38078.58,1.0084204820662954
U5158,CMP7430,69978.33,Email Marketing,120537.57,0.5805520220790912
U0584,CMP8541,19009.1,LinkedIn Ads,28995.35,0.6555913275749388
U0584,CMP8541,19009.1,Instagram Ads,32867.01,0.5783641408208412
U7939,CMP6164,57773.97,Facebook Ads,23248.86,2.485023781811237
U7939,CMP6164,21733.02,Facebook Ads,23248.86,0.9347993837117174
U8040,CMP1454,53466.8,Email Marketing,57253.93,0.9338537983331451
U8040,CMP1454,53466.8,YouTube Ads,9096.66,5.877629811381321
U3846,CMP6852,40136.75,Email Marketing,23455.31,1.711201003099085
U6426,CMP2951,36461.2,Instagram Ads,17680.21,2.0622605726968173
U4054,CMP3587,13832.43,Google Ads,34412.06,0.40196460194478334
U2099,CMP5225,31341.21,Email Marketing,11184.38,2.802230432084747
U0997,CMP0475,50867.94,Instagram Ads,13330.55,3.8158920674690844
U4397,CMP6413,25983.24,LinkedIn Ads,23411.32,1.1098579661462917
U4397,CMP6413,25983.24,Facebook Ads,44158.1,0.588413903677921
U8783,CMP0748,71129.92,Instagram Ads,21712.56,3.2759803542281514
U6213,CMP5402,68482.96,Facebook Ads,12736.08,5.377083058523502
U8774,CMP9059,40525.64,Google Ads,9909.36,4.089632428330386
U8774,CMP9059,40525.64,Instagram Ads,24663.78,1.6431236412261219
U9060,CMP3758,63527.04,Instagram Ads,13124.33,4.840402519595286
U2572,CMP8628,17827.89,Google Ads,54097.22,0.3295527940252752
U6566,CMP4052,20797.4,Google Ads,14555.56,1.4288285713500548
U0331,CMP1254,40971.07,Google Ads,88347.98,0.4637465395360483
U9924,CMP2488,38792.4,Google Ads,158568.05,0.24464196917348738
U9924,CMP2488,38792.4,Facebook Ads,17345.23,2.2364880719367806
U9441,CMP4951,32642.94,Instagram Ads,7257.9,4.497573678336709
U8737,CMP6658,2028.03,YouTube Ads,15171.65,0.1336723428236217
U9468,CMP6450,17984.58,Instagram Ads,25945.6,0.6931649296990627
U1371,CMP7812,16170.38,YouTube Ads,10840.13,1.491714582758694
U7759,CMP8026,64422.44,Email Marketing,27080.6,2.3789147950931664
U7759,CMP8026,64422.44,YouTube Ads,1954.5,32.96108467638783
U7759,CMP8026,42822.96,Email Marketing,27080.6,1.5813150373329985
U7759,CMP8026,42822.96,YouTube Ads,1954.5,21.909930928626245
U2468,CMP0966,42724.44,LinkedIn Ads,13802.0,3.0955252861904072
U8939,CMP0092,18253.65,Instagram Ads,54634.67,0.33410378428203197
U1722,CMP7914,28644.69,YouTube Ads,34679.76,0.8259771693921757
U1722,CMP7914,28644.69,YouTube Ads,109408.75,0.2618135203994196
U7170,CMP0224,32245.53,Facebook Ads,28578.56,1.1283119233439332
U7170,CMP0224,32245.53,Instagram Ads,22983.09,1.4030110833660747
U6544,CMP8595,33084.34,LinkedIn Ads,28175.44,1.174226205517997
U2319,CMP4442,15931.29,YouTube Ads,38262.51,0.4163681368524961
U5410,CMP6083,53844.8,YouTube Ads,22686.14,2.3734667951445245
U0092,CMP0161,15545.62,Instagram Ads,7789.02,1.9958377305489008
U9740,CMP8811,47998.5,LinkedIn Ads,2944.74,16.299741233521466
U4657,CMP3704,23451.96,Instagram Ads,5265.35,4.454017301793803
U1270,CMP6608,55001.36,Instagram Ads,61528.85,0.8939117178364296
U9623,CMP2922,43492.44,Instagram Ads,4188.98,10.382584781975567
U7757,CMP9703,6082.88,Facebook Ads,24448.18,0.24880706866523397
U7757,CMP9703,6082.88,YouTube Ads,51689.6,0.11768092614375039
U7757,CMP9703,58914.84,Facebook Ads,24448.18,2.409784286601293
U7757,CMP9703,58914.84,YouTube Ads,51689.6,1.1397813099733796
U7757,CMP9703,54648.34,Facebook Ads,24448.18,2.2352723188392756
U7757,CMP9703,54648.34,YouTube Ads,51689.6,1.0572405280752801
U5298,CMP1497,38744.12,YouTube Ads,3429.81,11.296287549456093
U3945,CMP6970,58213.53,Email Marketing,21271.93,2.736636026914342
U3505,CMP7774,21371.96,Instagram Ads,31188.39,0.6852537113970936
U1971,CMP7164,26602.4,YouTube Ads,59595.49,0.44638277158221207
U1971,CMP7164,42073.24,YouTube Ads,59595.49,0.7059802679699421
U9172,CMP5992,14041.17,LinkedIn Ads,87191.5,0.1610382892827856
U9605,CMP0175,68394.78,Facebook Ads,35197.07,1.9431952716518732
U9605,CMP0175,68394.78,Facebook Ads,3152.43,21.69589174065721
U4505,CMP4158,4010.86,YouTube Ads,2620.08,1.530815852951055
U7714,CMP4146,37154.8,Instagram Ads,19241.53,1.9309691069265285
U2899,CMP8939,62679.28,Google Ads,58667.66,1.0683787285874364
U2899,CMP8939,62679.28,Google Ads,1285.99,48.74009906764438
U2899,CMP8939,62679.28,Google Ads,6463.43,9.697525926636475
U4547,CMP0919,55505.92,LinkedIn Ads,8567.08,6.478977668003567
U6606,CMP5186,5315.14,Google Ads,36327.07,0.14631347917682325
U6606,CMP5186,5315.14,Email Marketing,17880.73,0.29725520154937746
U0730,CMP8217,51887.22,Facebook Ads,17537.04,2.9587216542814523
U5746,CMP2834,42936.87,Email Marketing,810.43,52.980356107251716
U2991,CMP1411,44642.77,YouTube Ads,3500.7,12.752526637529638
U1332,CMP0330,51306.12,Facebook Ads,2199.91,23.32191771481561
U4704,CMP3131,42704.22,Email Marketing,17644.16,2.420303375167761
U4250,CMP3703,7611.6,Facebook Ads,21964.22,0.3465454270627411
U2794,CMP9482,12311.04,Instagram Ads,44940.46,0.27394112120792713
U4730,CMP3452,72660.42,Email Marketing,39910.66,1.820576758189416
U7663,CMP4407,9310.89,Google Ads,39508.05,0.2356707050841537
U9237,CMP3055,67669.67,LinkedIn Ads,12845.98,5.267770150661919
U5484,CMP1714,8190.42,Email Marketing,601.71,13.611906067707034
U7193,CMP5866,43515.42,Instagram Ads,23678.63,1.837750748248526
U5536,CMP6543,23037.87,LinkedIn Ads,16432.38,1.4019801148707611
U9462,CMP3839,12928.94,YouTube Ads,9077.27,1.4243203077577289
U2287,CMP4925,59301.28,YouTube Ads,51583.58,1.1496154396418394
U2709,CMP1482,11701.2,Instagram Ads,14469.54,0.8086780920471556
U7153,CMP2820,7580.33,Instagram Ads,4057.12,1.868401723389991
U7153,CMP2820,12194.74,Instagram Ads,4057.12,3.0057627085223015
U9009,CMP6132,16527.53,Google Ads,4404.13,3.7527343652435325
U9009,CMP6132,16527.53,LinkedIn Ads,65508.44,0.25229619267379894
U9009,CMP6132,16527.53,Google Ads,11561.48,1.4295341080899677
U6351,CMP6166,70193.24,LinkedIn Ads,63841.98,1.0994840698863038
U1175,CMP5360,55726.86,Email Marketing,42517.04,1.3106947238095596
U1175,CMP5360,55726.86,Instagram Ads,90702.69,0.6143903780582473
U5936,CMP0441,868.17,Facebook Ads,24049.34,0.03609953537186467
U0725,CMP6524,7644.14,Google Ads,18775.72,0.40712899425428156
U7876,CMP2948,14079.21,LinkedIn Ads,9667.98,1.4562721478530158
U6627,CMP8477,10308.91,Google Ads,6214.57,1.6588291708034506
U6582,CMP6292,32304.86,Email Marketing,1585.07,20.38071504728498
U5490,CMP1900,59072.98,YouTube Ads,37559.73,1.5727743516793118
U9670,CMP8712,61103.01,YouTube Ads,126356.02,0.4835781468900334
U9670,CMP8712,61103.01,LinkedIn Ads,6979.22,8.754991245440035
U8022,CMP7455,32953.08,LinkedIn Ads,3900.75,8.447883099403962
U8022,CMP7455,66770.56,LinkedIn Ads,3900.75,17.117364609369993
U8893,CMP6051,27248.75,Instagram Ads,40275.19,0.676564157735817
U5854,CMP7320,30168.93,Instagram Ads,8289.14,3.63957298344581
U5854,CMP7320,3751.92,Instagram Ads,8289.14,0.45263079161408787
U8085,CMP1378,72910.06,YouTube Ads,4687.38,15.554544329668172
U5351,CMP4000,45994.5,Email Marketing,49570.76,0.9278554534971826
U4948,CMP1657,1599.1,LinkedIn Ads,23239.28,0.06881022131494607
U4948,CMP1657,14406.82,LinkedIn Ads,23239.28,0.6199340082825285
U1908,CMP4209,74622.69,Email Marketing,23111.37,3.2288302251229593
U9394,CMP8423,70209.26,YouTube Ads,47681.55,1.4724617802902797
U2970,CMP3043,1125.04,Instagram Ads,18317.71,0.06141815761904736
U2970,CMP3043,37501.9,Instagram Ads,18317.71,2.0473028560884523
U9816,CMP0307,17183.28,LinkedIn Ads,15903.19,1.0804926558759593
U9984,CMP5319,47881.88,Facebook Ads,5095.04,9.397743687978897
U5238,CMP8872,35049.6,Google Ads,41287.59,0.8489136808421126
U5238,CMP8872,35049.6,LinkedIn Ads,12560.62,2.7904355039798987
U4190,CMP8176,64032.66,Facebook Ads,31564.73,2.028614215930249
U3401,CMP1288,22417.86,LinkedIn Ads,7257.49,3.0889274391008463
U3401,CMP1288,22417.86,Email Marketing,91735.61,0.2443746763116308
U3401,CMP1288,22417.86,LinkedIn Ads,6881.56,3.257671225710449
U2732,CMP7398,32791.16,LinkedIn Ads,15797.47,2.0757222517276506
U2732,CMP7398,32791.16,Email Marketing,1526.65,21.47916025284119
U6149,CMP0384,45828.8,Google Ads,34453.76,1.3301538061448155
U6149,CMP0384,45828.8,Instagram Ads,68137.27,0.6725951890940156
U9352,CMP2024,12564.48,Google Ads,11391.63,1.1029571711862132
U9819,CMP6572,27715.72,YouTube Ads,45893.87,0.6039089752073643
U8108,CMP5207,69397.86,YouTube Ads,41309.71,1.6799406241292907
U7603,CMP2911,68115.6,LinkedIn Ads,744.76,91.45979912992105
U0476,CMP9506,46020.68,Email Marketing,33648.17,1.3677023148658605
U5326,CMP1320,43020.98,YouTube Ads,58375.12,0.7369745878038452
U6379,CMP1491,15082.59,Instagram Ads,5600.1,2.693271548722344
U3274,CMP2645,5562.34,LinkedIn Ads,11188.05,0.4971679604578099
U7269,CMP3392,37890.96,YouTube Ads,25870.3,1.464650970417815
U0113,CMP9897,30921.24,Instagram Ads,11139.33,2.7758617439289437
U1983,CMP7704,53821.24,LinkedIn Ads,17408.83,3.091605811533572
U1983,CMP7704,43103.73,LinkedIn Ads,17408.83,2.4759693787577914
U5954,CMP7878,38733.32,Email Marketing,5829.73,6.644101870927128
U9500,CMP7210,27959.98,LinkedIn Ads,1324.34,21.112388057447482
U1592,CMP5568,6249.66,Instagram Ads,1701.37,3.6733103322616483
U1592,CMP5568,6249.66,Facebook Ads,36207.19,0.17260825819402167
U1592,CMP5568,6249.66,Google Ads,7723.08,0.8092186019049394
U5418,CMP8054,48885.18,Facebook Ads,11133.37,4.390869970188721
U5418,CMP8054,42941.16,Facebook Ads,11133.37,3.8569777165404546
U9234,CMP0586,23519.72,Facebook Ads,3636.32,6.468000616007392
U4832,CMP2594,61332.23,YouTube Ads,54541.76,1.1245003828259301
U4832,CMP2594,52359.87,YouTube Ads,54541.76,0.9599959737272872
U3468,CMP9953,44129.43,Instagram Ads,29428.69,1.4995376960374385
U6650,CMP5967,13402.95,Email Marketing,109140.15,0.12280494391843882
U7951,CMP2554,39748.84,YouTube Ads,30591.65,1.2993362567890256
U3383,CMP7930,45941.61,LinkedIn Ads,704.79,65.18482101051377
U0200,CMP1960,15787.84,Instagram Ads,76081.31,0.20751272553009406
U0200,CMP1960,15787.84,Email Marketing,16955.53,0.9311322028860202
U1101,CMP0539,63610.47,LinkedIn Ads,31978.87,1.9891406419301245
U1101,CMP0539,34449.58,LinkedIn Ads,31978.87,1.0772607037084176
U4196,CMP1302,49072.44,Google Ads,54669.33,0.8976228536182902
U4196,CMP1302,49072.44,LinkedIn Ads,25750.97,1.9056540394400676
U4355,CMP3742,55925.96,Email Marketing,42161.09,1.326482783058977
U3997,CMP1044,35222.15,Facebook Ads,9019.8,3.904981263442649
U7241,CMP0837,72780.78,Instagram Ads,7398.07,9.837806346790448
U7241,CMP0837,8165.79,Instagram Ads,7398.07,1.1037730110691033
U7042,CMP3523,33616.16,LinkedIn Ads,18713.88,1.7963223019491417
U7042,CMP3523,33616.16,YouTube Ads,31245.4,1.075875488871962
U6672,CMP3192,47611.27,YouTube Ads,149477.8,0.3185173316706561
U6672,CMP3192,39692.2,YouTube Ads,149477.8,0.2655390967755747
U4329,CMP8312,21190.16,LinkedIn Ads,45462.4,0.4661029774055043
U7989,CMP8243,73095.81,Instagram Ads,32307.82,2.2624804149583597
U4992,CMP8123,48112.82,Facebook Ads,5026.84,9.57118587422715
U8222,CMP2993,40132.17,Facebook Ads,10569.16,3.7971011887415838
U8222,CMP2993,66114.83,Facebook Ads,10569.16,6.255447925852197
U2563,CMP4917,13504.47,YouTube Ads,34048.17,0.39662836504869425
U9753,CMP9997,17732.73,Email Marketing,26612.2,0.6663383711230187
U5167,CMP7733,42574.02,Instagram Ads,9721.67,4.379290800860345
U5167,CMP7733,15726.33,Instagram Ads,9721.67,1.6176572543606191
U2293,CMP6835,61526.08,LinkedIn Ads,14241.22,4.320281548912242
U2293,CMP6835,61526.08,Google Ads,9784.31,6.288239027586003
U0388,CMP3418,29143.66,Email Marketing,32496.91,0.8968132662459293
U4489,CMP9175,12661.04,Email Marketing,12375.72,1.023054820244802
U4489,CMP9175,32777.0,Email Marketing,12375.72,2.648492370544906
U6391,CMP7860,19301.07,Email Marketing,74707.94,0.25835366361326517
U4523,CMP9603,69327.75,LinkedIn Ads,532.75,130.13186297512905
U2487,CMP7731,43376.04,Facebook Ads,13994.85,3.0994287184214193
U4272,CMP1442,22387.89,LinkedIn Ads,17431.78,1.2843146253566762
U7305,CMP2302,25425.66,Google Ads,99970.46,0.2543317295929217
U7305,CMP2302,35523.24,Google Ads,99970.46,0.3553373666581108
U2299,CMP5935,32479.32,Instagram Ads,7735.32,4.198833403142986
U6120,CMP7969,74677.35,Google Ads,10033.11,7.443090925944199
U1100,CMP8262,73086.39,Google Ads,111661.66,0.654534331658691
U1100,CMP8262,73086.39,Instagram Ads,30380.95,2.405665063139895
U9404,CMP1841,74476.52,YouTube Ads,37268.94,1.998353588806121
U5414,CMP1198,43460.37,Email Marketing,24686.74,1.7604742464983225
U9417,CMP8647,62245.53,Email Marketing,128871.77,0.48300360893623173
U9575,CMP0140,34738.18,Facebook Ads,18219.36,1.9066630221917784
U3378,CMP3283,20707.92,YouTube Ads,24689.54,0.8387325158751437
U3378,CMP3283,2697.16,YouTube Ads,24689.54,0.109243023563825
U5167,CMP0647,42574.02,Instagram Ads,25992.29,1.637948022278914
U5167,CMP0647,42574.02,Facebook Ads,55795.06,0.7630428213537184
U5167,CMP0647,15726.33,Instagram Ads,25992.29,0.605038263269608
U5167,CMP0647,15726.33,Facebook Ads,55795.06,0.2818588240607681
U2250,CMP6952,71140.02,Instagram Ads,15039.06,4.730350168162106
U7186,CMP7274,57995.54,Email Marketing,31748.32,1.8267278394573319
U1994,CMP2043,70596.66,Instagram Ads,1207.67,58.45691289839112
U1994,CMP2043,70596.66,Google Ads,39275.22,1.79748604845498
U1994,CMP2043,70596.66,Email Marketing,29602.55,2.3848168485485206
U8306,CMP9910,38523.6,Instagram Ads,20155.49,1.9113204392450889
U1640,CMP7487,62862.69,Google Ads,2434.28,25.82393561956718
U7723,CMP4927,48816.45,Facebook Ads,19893.72,2.453862324391818
U8498,CMP0744,35633.6,Facebook Ads,9606.99,3.709132621143563
U6798,CMP1003,13716.84,YouTube Ads,21033.1,0.652154936742563
U2661,CMP2481,23475.32,Email Marketing,26888.29,0.8730685365264953
U5433,CMP6115,55320.1,Instagram Ads,15921.33,3.474590376557737
U2782,CMP6680,26638.48,Google Ads,49717.81,0.5357935114197508
U6801,CMP1510,64376.0,LinkedIn Ads,3209.71,20.056640631085052
U2101,CMP0012,27894.51,Instagram Ads,71071.25,0.39248655398631654
U3216,CMP1580,10388.22,LinkedIn Ads,105383.45,0.09857544045103855
U3216,CMP1580,64441.38,LinkedIn Ads,105383.45,0.6114943095903579
U4626,CMP2337,17547.09,Facebook Ads,21646.02,0.8106381681251333
U8469,CMP4934,67540.26,Instagram Ads,108189.52,0.6242772867464427
U6309,CMP6915,32219.53,Instagram Ads,30700.01,1.0494957493499188
U6309,CMP6915,15443.79,Instagram Ads,30700.01,0.5030548849984089
U2653,CMP0235,43227.44,Facebook Ads,10408.43,4.153118193618058
U2653,CMP0235,51435.74,Facebook Ads,10408.43,4.941738571523275
U7426,CMP5635,33409.83,Facebook Ads,69717.56,0.4792168572738346
U4183,CMP4577,41505.88,Email Marketing,23634.7,1.7561416053514534
U6989,CMP1582,10122.44,Email Marketing,30544.67,0.3313979165595831
U5696,CMP7495,41832.42,Google Ads,17622.24,2.3738423719118567
U3193,CMP1360,58361.42,YouTube Ads,28275.08,2.0640585278626973
U3193,CMP1360,45612.99,YouTube Ads,28275.08,1.6131869476585035
U8603,CMP5799,40804.7,YouTube Ads,33199.46,1.2290772199306856
U3708,CMP8698,10323.1,Facebook Ads,5740.76,1.7982113866456706
U3708,CMP8698,32233.17,Facebook Ads,5740.76,5.614791421344909
U6902,CMP4562,10856.9,Google Ads,23097.48,0.4700469488446359
U5106,CMP4916,44853.38,LinkedIn Ads,1714.99,26.1537268438883
U5106,CMP4916,44853.38,Google Ads,8401.33,5.338842778464838
U3973,CMP0971,31861.44,LinkedIn Ads,3755.21,8.484596067863048
U2301,CMP3169,55669.38,Facebook Ads,4050.63,13.743388065560172
U0177,CMP2488,23853.68,Google Ads,158568.05,0.15043181775900002
U0177,CMP2488,23853.68,Facebook Ads,17345.23,1.3752299623585273
U8868,CMP9805,5977.41,LinkedIn Ads,28017.69,0.21334414079105024
U1849,CMP5594,44184.66,Instagram Ads,7552.43,5.850389874517209
U9815,CMP7984,63859.94,Instagram Ads,9428.7,6.772931581236013
U4520,CMP7086,25165.6,LinkedIn Ads,3051.6,8.24669026084677
U4520,CMP7086,25165.6,LinkedIn Ads,28956.87,0.8690718299318952
U3978,CMP4117,44638.02,Instagram Ads,324.5,137.55938366718027
U3978,CMP4117,33230.73,Instagram Ads,324.5,102.40594761171033
U6158,CMP4355,69449.3,Google Ads,99023.31,0.701342946423423
U1616,CMP0690,72529.68,YouTube Ads,21615.27,3.3554834151967565
U5691,CMP5910,2335.46,Google Ads,1140.11,2.0484514652094976
U5691,CMP5910,2335.46,YouTube Ads,116718.3,0.020009372994637516
U5691,CMP5910,34960.17,Google Ads,1140.11,30.663856996254747
U5691,CMP5910,34960.17,YouTube Ads,116718.3,0.2995260383333205
U0421,CMP8565,2542.73,Google Ads,80661.52,0.031523457529687014
U0421,CMP8565,20266.56,Google Ads,80661.52,0.25125437755202235
U0421,CMP8565,4745.79,Google Ads,80661.52,0.058835861263214474
U7482,CMP5390,51463.62,Google Ads,37111.53,1.386728598901743
U7482,CMP5390,51463.62,Email Marketing,9963.96,5.164976575578385
U4312,CMP4075,57982.56,Instagram Ads,3606.92,16.075366240448915
U8190,CMP5274,46517.9,Email Marketing,46964.97,0.9904807774815996
U8190,CMP5274,46517.9,LinkedIn Ads,23470.2,1.981998449097153
U6653,CMP3729,48231.02,Instagram Ads,16259.74,2.9662848237425687
U5522,CMP6271,12571.89,Facebook Ads,52911.26,0.2376033003183065
U9183,CMP5289,27650.55,Google Ads,5554.86,4.977722210820795
U9183,CMP5289,13959.68,Google Ads,5554.86,2.5130570347407497
U6630,CMP1245,26007.18,Facebook Ads,3514.22,7.400555457541077
U9341,CMP6501,33608.3,Facebook Ads,15524.32,2.1648806517773407
U3588,CMP4029,48856.22,YouTube Ads,3467.67,14.089062684742204
U7918,CMP2382,41678.53,LinkedIn Ads,3419.8,12.187417392829989
U7918,CMP2382,41678.53,Google Ads,20310.59,2.0520590489985766
U9429,CMP3150,53225.88,LinkedIn Ads,23878.41,2.2290378630737977
U9429,CMP3150,53225.88,LinkedIn Ads,27535.17,1.9330143957709358
U5246,CMP4319,71888.26,LinkedIn Ads,55409.81,1.2973922848679682
U1584,CMP5271,40500.48,Email Marketing,39430.76,1.0271290738499588
U9078,CMP9898,43388.74,Facebook Ads,86685.33,0.5005315201545636
U2808,CMP7541,42255.45,YouTube Ads,52941.32,0.7981563361094888
U1072,CMP5696,71090.82,LinkedIn Ads,8938.99,7.9528917696518295
U6493,CMP0452,23754.52,Email Marketing,40860.87,0.5813513026031996
U6493,CMP0452,23754.52,Email Marketing,15952.24,1.4891024708755636
U6671,CMP4992,44325.28,Google Ads,12737.79,3.479824993189556
U6671,CMP4992,44325.28,Instagram Ads,39269.93,1.1287333590867108
U6671,CMP4992,964.28,Google Ads,12737.79,0.07570230000651604
U6671,CMP4992,964.28,Instagram Ads,39269.93,0.0245551749137317
U1961,CMP0112,40085.56,YouTube Ads,12232.76,3.2769023507368735
U2970,CMP2642,1125.04,Google Ads,37463.01,0.03003068893823534
U2970,CMP2642,1125.04,Email Marketing,21001.77,0.05356881824722392
U2970,CMP2642,37501.9,Google Ads,37463.01,1.0010380906392733
U2970,CMP2642,37501.9,Email Marketing,21001.77,1.7856542567602636
U6348,CMP5437,35974.75,Google Ads,10989.46,3.2735684919914174
U7052,CMP5625,14454.06,Facebook Ads,5987.37,2.414091662950511
U8584,CMP3287,45757.34,Facebook Ads,6063.58,7.546258151125242
U0207,CMP0970,23490.09,Email Marketing,4533.55,5.181389860043454
U8163,CMP9308,73201.24,YouTube Ads,11881.02,6.161191547527064
U2909,CMP2535,61560.4,YouTube Ads,26593.36,2.3148786012749047
U1766,CMP0636,44565.39,YouTube Ads,32100.42,1.388311741715529
U5528,CMP1634,62508.93,LinkedIn Ads,13151.86,4.752858531036675
U2317,CMP7339,45034.62,Google Ads,9448.38,4.766385348599443
U2317,CMP7339,59708.5,Google Ads,9448.38,6.319443121466326
U1619,CMP5871,49369.2,Google Ads,81160.57,0.6082904543425458
U8952,CMP8640,24533.49,YouTube Ads,68514.07,0.35807958861588574
U1350,CMP3245,8495.66,Instagram Ads,67344.69,0.12615189111420663
U0904,CMP7932,71048.4,YouTube Ads,28637.09,2.4809923075284535
U0786,CMP9626,72532.54,Email Marketing,24879.87,2.91531024880757
U7108,CMP3085,13988.04,Instagram Ads,44486.92,0.31443039886780205
U7108,CMP3085,13988.04,Instagram Ads,8102.55,1.726375030083122
U5248,CMP0733,37524.18,Facebook Ads,18856.63,1.9899727575924222
U4759,CMP0256,61162.6,Google Ads,31710.0,1.92881110059918
U0734,CMP5420,19028.36,Facebook Ads,17291.93,1.1004185189276154
U4467,CMP4231,31629.63,LinkedIn Ads,31181.26,1.0143794702330824
U4467,CMP4231,31629.63,Facebook Ads,68988.12,0.4584793729703028
U6480,CMP6179,34097.77,Instagram Ads,14209.7,2.399612236711542
U1090,CMP3654,13176.97,Google Ads,8691.42,1.5160894307259343
U4665,CMP4203,57253.46,Email Marketing,49200.6,1.1636740202355256
U8491,CMP3312,1375.08,Google Ads,78321.55,0.017556853765023802
U8491,CMP3312,8868.78,Google Ads,78321.55,0.11323550159566556
U3961,CMP0624,33279.56,LinkedIn Ads,6211.03,5.358138666211562
U3448,CMP7243,1805.18,YouTube Ads,13714.26,0.1316279551357492
U0925,CMP5593,71051.48,Instagram Ads,15709.06,4.522961908605607
U0415,CMP1043,18998.88,Facebook Ads,7087.83,2.6804931833861705
U0415,CMP1043,51419.56,Facebook Ads,7087.83,7.254626592342085
U0930,CMP4716,31186.88,YouTube Ads,7691.56,4.054688515723728
U6069,CMP0287,8456.59,YouTube Ads,42980.54,0.19675392631176808
U9289,CMP0097,47400.28,LinkedIn Ads,683.33,69.3666017883014
U9364,CMP8939,51656.54,Google Ads,58667.66,0.8804942961761215
U9364,CMP8939,51656.54,Google Ads,1285.99,40.1686949354194
U9364,CMP8939,51656.54,Google Ads,6463.43,7.992124924382255
U5655,CMP7368,69017.42,Email Marketing,31558.54,2.1869649229653843
U2857,CMP7442,12653.5,YouTube Ads,9466.08,1.3367201629396752
U8872,CMP0344,63130.05,LinkedIn Ads,2073.37,30.44803870028022
U7273,CMP3410,54715.96,LinkedIn Ads,36664.93,1.4923241364431896
U7273,CMP3410,42730.78,LinkedIn Ads,36664.93,1.165440108572415
U7273,CMP3410,25831.75,LinkedIn Ads,36664.93,0.7045356420972302
U3129,CMP6536,54901.04,Facebook Ads,53295.88,1.0301179002954826
U6141,CMP5955,29917.59,LinkedIn Ads,112912.13,0.2649634720379467
U6753,CMP1781,25822.98,YouTube Ads,57856.81,0.44632567886131297
U0391,CMP2568,42878.92,Email Marketing,43131.11,0.9941529443596513
U3241,CMP4479,35542.05,Email Marketing,35717.5,0.9950878420942116
U1405,CMP2140,64772.01,LinkedIn Ads,4858.99,13.33034437197854
U3490,CMP5432,47024.96,Google Ads,17988.4,2.614182473149363
U4969,CMP9560,67635.66,LinkedIn Ads,41817.26,1.6174101316059446
U2594,CMP2675,35615.4,LinkedIn Ads,21009.12,1.6952352121364438
U2594,CMP2675,35615.4,Facebook Ads,29513.71,1.206740867210527
U0646,CMP4087,28918.2,Google Ads,45143.12,0.6405893079609916
U9371,CMP0327,2224.37,YouTube Ads,112504.64,0.019771362318923024
U2904,CMP9287,51044.96,Instagram Ads,13438.14,3.79851378241334
U4790,CMP2450,45508.83,Google Ads,63375.08,0.718087140876193
U4141,CMP8106,73666.2,Google Ads,136878.86,0.5381853706262604
U5024,CMP0385,25810.7,LinkedIn Ads,4832.24,5.34135307848948
U0175,CMP7506,29014.83,Email Marketing,8879.67,3.267557240302849
U6147,CMP7703,38809.38,LinkedIn Ads,5045.64,7.691666468475752
U4286,CMP6956,21661.86,LinkedIn Ads,27234.21,0.7953915314598808
U0377,CMP7371,6275.28,Email Marketing,12338.27,0.5086029078630958
U1236,CMP1065,55435.38,Facebook Ads,43966.88,1.2608440717194398
U5422,CMP1154,9806.9,Facebook Ads,100466.26,0.09761386559029868
U5422,CMP1154,54925.53,Facebook Ads,100466.26,0.5467062275434559
U0063,CMP2273,16358.76,Facebook Ads,7925.88,2.063967660373359
U8116,CMP1302,35588.88,Google Ads,54669.33,0.6509843819194417
U8116,CMP1302,35588.88,LinkedIn Ads,25750.97,1.3820403658580627
U2882,CMP9697,65954.61,Google Ads,17802.58,3.704778183836275
U3065,CMP3103,49895.0,Email Marketing,23569.63,2.1169191031000487
U3065,CMP3103,30054.09,Email Marketing,23569.63,1.2751192954662418
U3576,CMP9705,26348.36,Instagram Ads,38952.83,0.6764170921599277
U1060,CMP8693,26308.57,Instagram Ads,54881.01,0.47937474182781986
U1060,CMP8693,26308.57,Google Ads,30986.03,0.8490461669339376
U0197,CMP0990,44419.29,YouTube Ads,10064.11,4.413633197570376
U7386,CMP5923,36423.33,YouTube Ads,10797.68,3.37325518074253
U7386,CMP5923,36423.33,Email Marketing,14068.49,2.58900066744903
U0700,CMP4920,55772.42,LinkedIn Ads,46691.66,1.1944835544506234
U0700,CMP4920,55772.42,LinkedIn Ads,10439.06,5.342666868472832
U0700,CMP4920,35272.16,LinkedIn Ads,46691.66,0.7554274146603484
U0700,CMP4920,35272.16,LinkedIn Ads,10439.06,3.3788636141568307
U6318,CMP5315,11102.84,Google Ads,13752.65,0.8073236794363269
U6318,CMP5315,11102.84,Email Marketing,92154.67,0.12048049219860481
U6318,CMP5315,11102.84,LinkedIn Ads,40132.04,0.27665775275814536
U2831,CMP6250,16861.78,Email Marketing,15005.28,1.123723116129789
U2831,CMP6250,16861.78,Instagram Ads,5382.13,3.1329194946981955
U8149,CMP6411,62361.03,LinkedIn Ads,9739.1,6.40316148309392
U7092,CMP9001,72705.67,Instagram Ads,9119.89,7.972209094627238
U4741,CMP5790,70792.84,Google Ads,10577.06,6.6930545917296485
U2599,CMP3546,51541.27,LinkedIn Ads,3002.22,17.167719221109714
U2100,CMP1997,5437.04,YouTube Ads,8429.25,0.6450206127472788
U3825,CMP6063,67711.62,LinkedIn Ads,17260.29,3.9229711667648686
U5273,CMP4597,17747.8,YouTube Ads,40658.76,0.43650617972609096
U5136,CMP9985,56451.78,Email Marketing,22333.91,2.527626376214465
U5136,CMP9985,56451.78,Facebook Ads,25345.67,2.227275112474833
U1097,CMP5270,15093.75,Google Ads,43140.64,0.3498731126844664
U7762,CMP4526,45764.85,Email Marketing,13782.14,3.32059099675377
U7762,CMP4526,976.7,Email Marketing,13782.14,0.07086707869750272
U5148,CMP7907,10467.7,YouTube Ads,22455.04,0.46616260759277206
U5148,CMP7907,61942.12,YouTube Ads,22455.04,2.7584951975146783
U3194,CMP3084,19180.81,YouTube Ads,7949.58,2.4128079722450746
U4852,CMP6931,48566.13,Email Marketing,1427.59,34.01966250814309
U9098,CMP1290,57065.77,Instagram Ads,12989.09,4.393361659669769
U4666,CMP4482,24718.17,LinkedIn Ads,12779.77,1.9341639168780032
U6145,CMP2031,32993.77,Google Ads,35441.46,0.9309371002210405
U9268,CMP6481,38744.34,Facebook Ads,4569.44,8.479012745544312
U1676,CMP2161,18199.76,LinkedIn Ads,3684.47,4.939586969089177
U8069,CMP5904,39707.44,Instagram Ads,6940.96,5.72074179940527
U2607,CMP6488,18515.46,Email Marketing,6968.57,2.6569956246403494
U7843,CMP9138,57070.68,LinkedIn Ads,85522.66,0.6673164749552926
U7843,CMP9138,57070.68,Google Ads,12213.45,4.67277304938408
U6485,CMP2501,22255.72,Facebook Ads,21740.4,1.0237033357251937
U3422,CMP6799,1281.06,YouTube Ads,792.29,1.6169079503717074
U6508,CMP1321,1295.73,Facebook Ads,9175.51,0.14121612858576799
U6508,CMP1321,1295.73,YouTube Ads,76910.06,0.016847340907028288
U3303,CMP4611,15286.11,Instagram Ads,35648.27,0.42880369790735995
U7300,CMP4266,38751.52,LinkedIn Ads,10356.96,3.741592127419629
U3369,CMP3353,56235.03,Facebook Ads,1252.86,44.88532637325799
U3766,CMP3512,38699.13,YouTube Ads,31912.13,1.212677749808615
U5364,CMP0203,56724.0,Facebook Ads,8659.53,6.5504709839910475
U5364,CMP0203,42920.37,Facebook Ads,8659.53,4.9564318155835245
U4072,CMP8056,66417.62,LinkedIn Ads,127533.87,0.5207841650222015
U4072,CMP8056,66417.62,LinkedIn Ads,37002.87,1.7949315823340186
U4972,CMP0512,20687.22,YouTube Ads,1163.2,17.784748968363136
U4972,CMP0512,42932.24,YouTube Ads,1163.2,36.90873452544704
U6109,CMP1594,49281.74,Google Ads,25021.23,1.9695970182121343
U1972,CMP0574,66390.08,Google Ads,8595.31,7.723989012612693
U1972,CMP0574,59612.62,Google Ads,8595.31,6.935482257184442
U7459,CMP7808,35989.1,Facebook Ads,428.71,83.94742366634789
U7459,CMP7808,21030.24,Facebook Ads,428.71,49.05469898066293
U1068,CMP9228,2969.94,LinkedIn Ads,11656.01,0.25479902642499447
U0722,CMP7086,65820.9,LinkedIn Ads,3051.6,21.569307904050333
U0722,CMP7086,65820.9,LinkedIn Ads,28956.87,2.2730668059082353
U4456,CMP4614,34013.19,Email Marketing,28273.08,1.2030238658115777
U3794,CMP0723,7314.88,Google Ads,8757.65,0.8352560332966036
U3794,CMP0723,7314.88,YouTube Ads,88684.34,0.0824822059903699
U3794,CMP0723,63228.94,Google Ads,8757.65,7.219852357653024
U3794,CMP0723,63228.94,YouTube Ads,88684.34,0.7129662350760011
U9028,CMP7476,55338.23,LinkedIn Ads,12572.8,4.401424503690507
U4792,CMP6669,66790.11,Facebook Ads,30108.84,2.218289047336264
U2256,CMP8885,35391.72,LinkedIn Ads,14389.89,2.4594850968283986
U2256,CMP8885,35391.72,LinkedIn Ads,47313.14,0.7480315193622744
U2256,CMP8885,35391.72,Instagram Ads,632.05,55.99512696780319
U2377,CMP8835,47727.78,Email Marketing,1914.85,24.9250750711544
U6494,CMP2613,9057.09,YouTube Ads,28163.93,0.3215847362211169
U6494,CMP2613,32685.34,YouTube Ads,28163.93,1.160539029886809
U9019,CMP8913,17588.6,Google Ads,11313.57,1.5546463229555303
U8986,CMP5487,71288.87,LinkedIn Ads,10960.14,6.504375856512782
U8986,CMP5487,61587.54,LinkedIn Ads,10960.14,5.619229316413842
U7433,CMP9454,56683.94,Instagram Ads,5942.07,9.539426496153698
U5023,CMP0010,62023.47,YouTube Ads,5347.9,11.597724340395297
U3393,CMP1583,5726.37,Email Marketing,2400.34,2.385649532982827
U3393,CMP1583,5726.37,Facebook Ads,176.56,32.43299728137743
U4919,CMP1949,16227.3,LinkedIn Ads,8997.26,1.8035824239824123
U8192,CMP9662,19741.83,LinkedIn Ads,10587.03,1.8647184337817122
U5752,CMP6288,28962.57,YouTube Ads,13313.57,2.1754172622369508
U5752,CMP6288,58335.74,YouTube Ads,13313.57,4.381675238121706
U4021,CMP7987,28953.94,Google Ads,61841.49,0.4681960282651663
U4021,CMP7987,28953.94,Google Ads,25412.49,1.1393586382129417
U7393,CMP3955,7800.32,Email Marketing,49497.55,0.15759002213240855
U7393,CMP3955,7800.32,YouTube Ads,2697.74,2.8914276394315244
U1133,CMP2104,21149.54,YouTube Ads,9662.42,2.188845030541003
U8467,CMP6360,34290.65,YouTube Ads,5877.55,5.8341741031552266
U2537,CMP2667,36853.88,Google Ads,20849.03,1.7676544184549592
U4953,CMP6346,65018.25,Email Marketing,47141.26,1.379221726360305
U1664,CMP8084,55721.46,Facebook Ads,122108.12,0.4563288665815181
U7045,CMP9916,67403.44,Facebook Ads,22699.11,2.9694309600684785
U7045,CMP9916,67403.44,YouTube Ads,3064.02,21.99836815686582
U9131,CMP8905,5589.27,Google Ads,12131.5,0.4607237357292998
U1983,CMP5860,53821.24,LinkedIn Ads,78141.02,0.6887706354485774
U1983,CMP5860,43103.73,LinkedIn Ads,78141.02,0.5516146321099981
U1095,CMP3220,31434.24,LinkedIn Ads,75557.85,0.4160287779496108
U6402,CMP0652,38632.05,Facebook Ads,5064.67,7.627752647260335
U6402,CMP0652,70762.62,Facebook Ads,5064.67,13.971812576140202
U4970,CMP1848,18842.95,YouTube Ads,56165.59,0.3354892203571618
U1623,CMP3499,47779.7,Facebook Ads,85088.95,0.5615264966837644
U1115,CMP1162,42787.18,Facebook Ads,37301.2,1.1470724802419225
U1115,CMP1162,42787.18,LinkedIn Ads,37764.67,1.1329949394500205
U0978,CMP6775,24546.21,Email Marketing,32212.23,0.7620152345863667
U3682,CMP0454,48842.44,Facebook Ads,57637.74,0.847403801745176
U3682,CMP0454,71242.05,Facebook Ads,57637.74,1.2360312878332844
U3682,CMP0454,1383.81,Facebook Ads,57637.74,0.0240087484346194
U4713,CMP6661,6234.24,Email Marketing,17655.81,0.3530984984546163
U4713,CMP6661,45286.77,Email Marketing,17655.81,2.5649783272475175
U6055,CMP1087,32417.82,YouTube Ads,5577.07,5.812697348249171
U6055,CMP1087,35239.65,YouTube Ads,5577.07,6.3186673289020945
U7700,CMP5595,56988.27,Instagram Ads,41185.97,1.3836816275056771
U9405,CMP9660,7505.84,Email Marketing,73807.53,0.10169477287750993
U4395,CMP5611,38878.71,YouTube Ads,69085.86,0.5627592969096715
U3144,CMP5312,31306.78,Facebook Ads,13895.95,2.2529427638988335
U4834,CMP9794,27590.4,LinkedIn Ads,49989.13,0.5519279891448401
U1921,CMP9059,28776.47,Google Ads,9909.36,2.9039685711287104
U1921,CMP9059,28776.47,Instagram Ads,24663.78,1.1667501899546624
U1921,CMP9059,16025.73,Google Ads,9909.36,1.6172315871055243
U1921,CMP9059,16025.73,Instagram Ads,24663.78,0.6497677971503152
U7936,CMP5528,40652.6,LinkedIn Ads,115953.86,0.3505928996240401
U7936,CMP5528,40652.6,Facebook Ads,74239.8,0.5475849881061101
U9023,CMP4174,14777.91,YouTube Ads,2652.15,5.572049092245914
U8375,CMP4175,20478.31,LinkedIn Ads,57969.97,0.35325721231182283
U1957,CMP8021,27579.12,YouTube Ads,10404.28,2.6507475769587128
U4398,CMP0893,55919.46,Google Ads,2707.2,20.65582890070922
U4542,CMP3357,17863.76,Google Ads,2755.33,6.4833468223407
U2486,CMP9891,24266.3,YouTube Ads,20093.38,1.207676359079458
U1494,CMP2816,73416.44,YouTube Ads,105978.44,0.6927488270255724
U1494,CMP2816,73416.44,LinkedIn Ads,30130.81,2.436590320671764
U3966,CMP7967,66972.48,Google Ads,9580.98,6.990149233168214
U7131,CMP3611,29462.72,Email Marketing,62991.28,0.46772696157309396
U7131,CMP3611,29462.72,Instagram Ads,374.0,78.77732620320856
U2464,CMP3805,28977.07,Google Ads,13261.15,2.1851098886597318
U5609,CMP4452,38436.28,Facebook Ads,82175.6,0.467733487799298
U9847,CMP7245,13252.34,Email Marketing,54041.75,0.2452241091378425
U9847,CMP7245,13252.34,YouTube Ads,7930.77,1.671002941706795
U4763,CMP3394,13172.37,YouTube Ads,16403.02,0.803045414807761
U4763,CMP3394,13172.37,Facebook Ads,28221.28,0.46675310262326875
U4763,CMP3394,65921.49,YouTube Ads,16403.02,4.018862989864062
U4763,CMP3394,65921.49,Facebook Ads,28221.28,2.3358788120170315
U7410,CMP0398,26379.93,Email Marketing,28267.7,0.9332181252807975
U7166,CMP0336,20732.28,LinkedIn Ads,68083.1,0.3045143361568436
U8474,CMP4258,15281.64,LinkedIn Ads,4687.82,3.2598606601789317
U2602,CMP6250,41797.18,Email Marketing,15005.28,2.7854981713103655
U2602,CMP6250,41797.18,Instagram Ads,5382.13,7.765917954415817
U7142,CMP1299,31152.74,Google Ads,15965.36,1.9512707511762968
U7142,CMP1299,31152.74,YouTube Ads,9730.77,3.201467098698253
U2883,CMP8529,70694.7,Google Ads,5707.51,12.386259507210674
U1104,CMP2752,58898.42,Facebook Ads,1956.92,30.09751037344398
U2503,CMP2034,59177.94,LinkedIn Ads,56263.38,1.051802078012377
U0932,CMP2815,4339.58,Instagram Ads,19213.53,0.22586063050360866
U7577,CMP2168,53483.02,Facebook Ads,61445.48,0.8704142273768549
U2227,CMP4067,40020.32,Facebook Ads,2725.96,14.68118387650589
U7646,CMP6472,59139.06,YouTube Ads,57399.77,1.030301340928718
U2069,CMP6639,45285.02,Instagram Ads,18370.66,2.465073111145707
U4908,CMP4890,36926.2,Google Ads,72451.65,0.5096667915775556
U9674,CMP0263,23171.43,Facebook Ads,82532.11,0.2807565443316547
U7641,CMP2332,66266.97,Google Ads,12799.43,5.177337584564313
U1660,CMP2137,58882.48,LinkedIn Ads,5744.64,10.249986073975045
U1660,CMP2137,26778.72,LinkedIn Ads,5744.64,4.661514037433155
U8398,CMP6334,17143.5,Email Marketing,8935.74,1.9185316493094025
U8398,CMP6334,70097.81,Email Marketing,8935.74,7.844656402267748
U2719,CMP7856,56017.08,Google Ads,16274.48,3.4420196528552682
U6083,CMP4418,25552.54,Google Ads,1961.41,13.027638280624652
U8471,CMP7542,59060.97,Instagram Ads,40425.62,1.4609787060779773
U8471,CMP7542,48723.03,Instagram Ads,40425.62,1.2052512738209085
U8471,CMP7542,33301.03,Instagram Ads,40425.62,0.8237605261218008
U8290,CMP7101,66307.73,YouTube Ads,9318.74,7.115525274876217
U8290,CMP7101,61984.94,YouTube Ads,9318.74,6.651643891770776
U1527,CMP7207,30034.16,Email Marketing,22214.76,1.351991198644505
U3173,CMP0722,41368.9,Instagram Ads,696.63,59.38432166286264
U7908,CMP3451,26003.61,Google Ads,3803.95,6.835949473573523
U7908,CMP3451,68698.69,Google Ads,3803.95,18.0598299136424
U6097,CMP8086,42223.73,Google Ads,16554.23,2.550630865947858
U9663,CMP5417,60609.52,Email Marketing,63262.3,0.9580669687950011
U8337,CMP4019,74354.98,Facebook Ads,2980.96,24.943300144919757
U3664,CMP9695,67959.23,LinkedIn Ads,36169.71,1.8788989461071155
U3664,CMP9695,67959.23,Instagram Ads,8223.71,8.263816452671605
U3664,CMP9695,67959.23,YouTube Ads,19761.99,3.438885962395487
U6870,CMP1616,6773.85,Email Marketing,37118.01,0.1824949667290892
U7138,CMP7884,31506.04,Email Marketing,6739.15,4.675076233649644
U7138,CMP7884,31506.04,Email Marketing,21920.01,1.4373186873546135
U6494,CMP5469,9057.09,Instagram Ads,4504.62,2.0106224276409552
U6494,CMP5469,32685.34,Instagram Ads,4504.62,7.255959437200031
U9798,CMP4694,64100.0,Facebook Ads,35760.73,1.792469001611544
U8072,CMP1346,12027.66,Google Ads,968.78,12.415264559549124
U5854,CMP0035,30168.93,LinkedIn Ads,884.98,34.08995683518272
U5854,CMP0035,3751.92,LinkedIn Ads,884.98,4.239553436235847
U0648,CMP5076,69249.42,Instagram Ads,2571.68,26.92769706961986
U8620,CMP2785,11042.24,LinkedIn Ads,6675.8,1.6540699242038406
U3667,CMP9932,29959.47,Instagram Ads,9024.98,3.3196162207561684
U5021,CMP2668,61236.87,Email Marketing,32970.76,1.8573084150926458
U2437,CMP3853,6649.4,Instagram Ads,33402.9,0.1990665481140859
U4629,CMP1929,43760.82,Facebook Ads,4561.01,9.594545944867473
U9046,CMP7891,53401.47,LinkedIn Ads,19786.51,2.6988827236334254
U5654,CMP7754,45612.66,Email Marketing,2210.98,20.630064496286717
U5654,CMP7754,63203.26,Email Marketing,2210.98,28.58608399895069
U5302,CMP4132,25022.94,LinkedIn Ads,22156.43,1.1293759870159588
U4106,CMP6920,58988.54,Email Marketing,4095.19,14.404347539430406
U4106,CMP6920,65757.44,Email Marketing,4095.19,16.057237881514656
U4553,CMP2428,21612.16,Google Ads,6207.29,3.4817384075820526
U4553,CMP2428,31776.86,Google Ads,6207.29,5.11928071670568
U5525,CMP0152,58038.93,Email Marketing,47183.94,1.2300568795229903
U4481,CMP3305,40008.58,Facebook Ads,20327.18,1.9682307137537032
U8965,CMP3223,34640.4,LinkedIn Ads,7270.86,4.764278228435151
U7775,CMP5450,66414.32,Google Ads,65709.03,1.010733532362295
U0635,CMP3784,43782.6,Instagram Ads,19429.22,2.253440951309419
U3916,CMP4348,4296.46,Google Ads,6184.75,0.6946861231254295
U5017,CMP4484,37625.19,YouTube Ads,9650.74,3.8986844532129146
U6374,CMP3497,13909.83,YouTube Ads,76863.06,0.18096898562196198
U4024,CMP3282,10393.41,Google Ads,27595.33,0.3766365540836076
U2652,CMP4231,12920.12,LinkedIn Ads,31181.26,0.41435528904220037
U2652,CMP4231,12920.12,Facebook Ads,68988.12,0.18728036073457288
U1249,CMP4732,70329.88,Instagram Ads,69162.43,1.0168798291210996
U5531,CMP3925,48395.82,Google Ads,3510.96,13.784212864857475
U5531,CMP3925,62762.96,Google Ads,3510.96,17.87629594185066
U1365,CMP7624,13847.6,YouTube Ads,14686.62,0.9428718112131995
U1416,CMP3102,26151.02,YouTube Ads,8513.33,3.07177332489167
U5574,CMP8763,60690.16,Facebook Ads,84743.65,0.7161617419122259
U9607,CMP6594,17586.27,Facebook Ads,11069.38,1.5887312568544942
U3263,CMP8100,14714.98,YouTube Ads,26223.04,0.5611469913480664
U3263,CMP8100,14714.98,YouTube Ads,23035.82,0.6387868979702046
U0122,CMP5824,10705.41,Google Ads,85234.71,0.12559918371283246
U7757,CMP9743,6082.88,YouTube Ads,28711.46,0.21186244099046167
U7757,CMP9743,58914.84,YouTube Ads,28711.46,2.0519625264615593
U7757,CMP9743,54648.34,YouTube Ads,28711.46,1.903363326002927
U6974,CMP1963,8663.14,YouTube Ads,2545.32,3.4035563308346295
U2508,CMP4919,31343.22,YouTube Ads,15839.56,1.9787936028526045
U2508,CMP4919,31343.22,Email Marketing,10354.39,3.0270464991177657
U6667,CMP8700,25085.73,Instagram Ads,8449.51,2.9688976047131725
U5940,CMP1525,57773.91,Instagram Ads,24918.31,2.318532436589801
U5940,CMP1525,57773.91,Facebook Ads,64817.36,0.8913338957341058
U3794,CMP2028,7314.88,Facebook Ads,22700.61,0.322232750573663
U3794,CMP2028,7314.88,YouTube Ads,13133.37,0.5569690033860312
U3794,CMP2028,63228.94,Facebook Ads,22700.61,2.785341010660066
U3794,CMP2028,63228.94,YouTube Ads,13133.37,4.81437285327376
U8947,CMP8869,22842.8,Google Ads,170606.71,0.13389156850864775
U4409,CMP6614,7752.88,Google Ads,14411.24,0.537974525439865
U4409,CMP6614,7752.88,YouTube Ads,18498.28,0.41911356082835816
U6652,CMP9639,12541.41,Google Ads,3328.53,3.767852475417076
U9323,CMP9195,61059.44,Facebook Ads,3997.84,15.27310747803814
U8351,CMP3579,51344.77,Email Marketing,11610.93,4.422106584054851
U8351,CMP3579,20624.93,Email Marketing,11610.93,1.7763374682303656
U0973,CMP4478,50266.0,YouTube Ads,34721.09,1.447708006862688
U6743,CMP8648,19240.53,Instagram Ads,11159.66,1.724114354738406
U0024,CMP2043,14943.99,Instagram Ads,1207.67,12.37423302723426
U0024,CMP2043,14943.99,Google Ads,39275.22,0.3804941130819891
U0024,CMP2043,14943.99,Email Marketing,29602.55,0.5048210373768476
U4077,CMP2101,17891.03,Instagram Ads,4290.54,4.169878383606726
U4077,CMP2101,17891.03,YouTube Ads,11158.63,1.6033357141512892
U4531,CMP0763,21762.66,Google Ads,84678.82,0.2570024003641052
U4531,CMP0763,21762.66,Email Marketing,4141.43,5.254866072829916
U4531,CMP0763,49150.08,Google Ads,84678.82,0.5804294391442866
U4531,CMP0763,49150.08,Email Marketing,4141.43,11.867900700965608
U7325,CMP1815,48861.28,Email Marketing,1141.01,42.82283240287114
U4507,CMP6042,64438.4,Instagram Ads,44259.14,1.455934299672339
U3978,CMP3388,44638.02,LinkedIn Ads,28181.39,1.5839538078143058
U3978,CMP3388,33230.73,LinkedIn Ads,28181.39,1.1791728513036441
U7517,CMP0051,31445.28,LinkedIn Ads,4822.11,6.521062356520279
U7754,CMP4706,34491.36,Facebook Ads,6684.67,5.159770041004268
U4418,CMP3676,33281.1,LinkedIn Ads,20250.63,1.6434599812450277
U8351,CMP0281,51344.77,Facebook Ads,73942.96,0.6943834815376608
U8351,CMP0281,20624.93,Facebook Ads,73942.96,0.2789302727399606
U8463,CMP8553,2257.24,Instagram Ads,12111.45,0.1863723996713853
U9109,CMP1756,69388.98,Email Marketing,1512.34,45.88186518904479
U9109,CMP1756,69388.98,Facebook Ads,18036.86,3.847065398301034
U5364,CMP2998,56724.0,Email Marketing,11203.26,5.063169113275957
U5364,CMP2998,42920.37,Email Marketing,11203.26,3.831060780522812
U4116,CMP7882,15560.4,Facebook Ads,7568.49,2.0559451092622174
U4116,CMP7882,34955.93,Facebook Ads,7568.49,4.618613488291588
U3216,CMP9857,10388.22,Instagram Ads,18676.05,0.556232179716803
U3216,CMP9857,10388.22,YouTube Ads,12431.82,0.8356153805315714
U3216,CMP9857,64441.38,Instagram Ads,18676.05,3.4504823021998763
U3216,CMP9857,64441.38,YouTube Ads,12431.82,5.183583739146802
U9215,CMP7724,8412.03,Facebook Ads,30952.9,0.2717687195707026
U8766,CMP2245,38815.23,Facebook Ads,2489.5,15.59157662181161
U8766,CMP2245,74240.76,Facebook Ads,2489.5,29.82155452902189
U8766,CMP2245,62960.7,Facebook Ads,2489.5,25.29050010042177
U6077,CMP7230,43851.15,Email Marketing,7738.55,5.666584825322573
U6077,CMP7230,1618.56,Email Marketing,7738.55,0.2091554619405444
U3426,CMP6704,18325.68,Google Ads,34344.97,0.5335768236222073
U0724,CMP1533,40924.83,Instagram Ads,69221.16,0.5912184944603645
U1454,CMP0105,69417.23,LinkedIn Ads,31301.29,2.2177114745111144
U9115,CMP0002,7750.82,LinkedIn Ads,108745.2,0.07127505397939403
U9115,CMP0002,55613.37,LinkedIn Ads,108745.2,0.5114098829189703
U3838,CMP9367,15292.3,Google Ads,26759.19,0.5714784341379541
U3697,CMP3239,68836.89,Facebook Ads,6919.57,9.948145621765514
U3697,CMP3239,9502.3,Facebook Ads,6919.57,1.3732500718975311
U2522,CMP3346,67660.88,Instagram Ads,84821.77,0.7976829533267227
U6888,CMP6195,12446.92,Instagram Ads,6558.76,1.8977550634571168
U6888,CMP6195,12446.92,Google Ads,4933.79,2.522790795716883
U4361,CMP2519,66374.28,LinkedIn Ads,6121.28,10.843202728841026
U8731,CMP9695,71556.15,LinkedIn Ads,36169.71,1.9783445872250565
U8731,CMP9695,71556.15,Instagram Ads,8223.71,8.701200553035067
U8731,CMP9695,71556.15,YouTube Ads,19761.99,3.6208979966086408
U3509,CMP2821,22693.41,YouTube Ads,18755.08,1.2099873740874472
U2078,CMP8773,52745.01,LinkedIn Ads,5603.04,9.413641523173135
U2216,CMP1855,40772.64,YouTube Ads,60432.54,0.6746802302203415
U1216,CMP2072,39163.98,Facebook Ads,37955.14,1.0318491777398267
U1216,CMP2072,39163.98,Facebook Ads,9986.57,3.9216647958207878
U1216,CMP2072,6954.91,Facebook Ads,37955.14,0.18324026732611182
U1216,CMP2072,6954.91,Facebook Ads,9986.57,0.6964263005216005
U2922,CMP8808,63880.69,Facebook Ads,33866.51,1.8862495722175092
U2922,CMP8808,63880.69,Google Ads,9300.38,6.868610744937304
U7248,CMP2290,47813.7,Facebook Ads,17508.22,2.7309286723607538
U7248,CMP2290,47813.7,Email Marketing,48761.4,0.9805645449064218
U0491,CMP5274,2778.64,Email Marketing,46964.97,0.059164096133778
U0491,CMP5274,2778.64,LinkedIn Ads,23470.2,0.11839012875902206
U9599,CMP0397,14888.84,Email Marketing,1099.4,13.542696016008732
U9911,CMP1610,74138.91,LinkedIn Ads,48196.39,1.53826687019505
U4750,CMP6211,58433.36,Email Marketing,31023.72,1.8835059109610324
U4750,CMP6211,7064.25,Email Marketing,31023.72,0.22770480135844443
U8557,CMP2424,61958.5,Instagram Ads,87519.94,0.7079358143984102
U8557,CMP2424,61958.5,Email Marketing,28492.96,2.1745196006311733
U8557,CMP2424,61958.5,YouTube Ads,96475.7,0.6422187141425251
U8310,CMP8216,4027.88,YouTube Ads,3391.05,1.1877972899249494
U5595,CMP0046,39054.88,Email Marketing,9623.51,4.058278112663674
U5595,CMP0046,33769.68,Email Marketing,9623.51,3.5090814058488013
U2446,CMP2457,74307.06,LinkedIn Ads,21685.25,3.426617631800417
U0687,CMP0803,47157.51,Instagram Ads,23450.49,2.010939217048343
U0687,CMP0803,47157.51,YouTube Ads,4843.51,9.736226414315238
U9147,CMP6664,59149.35,Facebook Ads,22553.65,2.622606540404768
U2006,CMP8616,39996.75,Facebook Ads,648.37,61.688156453876644
U2908,CMP9107,66123.7,YouTube Ads,927.24,71.31238945688278
U6549,CMP8449,50720.24,Facebook Ads,18640.3,2.7209991255505543
U9363,CMP6555,54993.46,YouTube Ads,74275.54,0.7403979829698983
U6034,CMP4876,47578.46,Facebook Ads,3112.91,15.28423886331439
U6034,CMP4876,8478.9,Facebook Ads,3112.91,2.723785782435085
U6388,CMP4127,28494.63,Google Ads,6484.09,4.394545726539884
U5570,CMP0694,22567.11,Facebook Ads,29120.49,0.7749563966815118
U4585,CMP0382,72027.9,Email Marketing,9211.47,7.819370849603809
U9111,CMP8278,14000.25,Google Ads,13410.17,1.044002425025186
U1009,CMP5433,3537.42,Email Marketing,13216.2,0.2676578744268398
U5818,CMP0943,44343.78,Instagram Ads,2185.13,20.293428766251893
U5818,CMP0943,44343.78,Instagram Ads,16462.19,2.693674413914552
U1476,CMP2002,34514.73,Instagram Ads,26961.87,1.2801311630090941
U1476,CMP2002,34514.73,LinkedIn Ads,61234.89,0.5636448436504091
U9721,CMP2028,15450.76,Facebook Ads,22700.61,0.6806319301551809
U9721,CMP2028,15450.76,YouTube Ads,13133.37,1.1764505226000637
U6663,CMP2208,71748.63,LinkedIn Ads,106787.98,0.6718792695582406
U6663,CMP2208,10035.54,LinkedIn Ads,106787.98,0.09397630707126403
U6672,CMP8273,47611.27,LinkedIn Ads,13499.78,3.526818214815352
U6672,CMP8273,39692.2,LinkedIn Ads,13499.78,2.940210877510596
U9603,CMP0175,31565.43,Facebook Ads,35197.07,0.8968198205134689
U9603,CMP0175,31565.43,Facebook Ads,3152.43,10.013047077968425
U5470,CMP2096,37678.36,YouTube Ads,1063.95,35.413656656797784
U3502,CMP4648,59562.13,YouTube Ads,28208.56,2.1114913345452586
U9422,CMP0950,22449.07,Google Ads,10488.86,2.1402773990691073
U2283,CMP6505,61259.77,YouTube Ads,49078.0,1.248212437344635
U7394,CMP3533,31806.47,YouTube Ads,21333.73,1.490900559817716
U7394,CMP3533,55505.34,YouTube Ads,21333.73,2.601764435942519
U6673,CMP4181,2328.12,Google Ads,23239.62,0.10017891858816969
U8509,CMP5530,56165.96,Facebook Ads,32895.65,1.7073977866374428
U5920,CMP0295,45851.49,Google Ads,3202.84,14.315885276816823
U1638,CMP0447,67388.9,LinkedIn Ads,7226.94,9.324679601601785
U1783,CMP0853,36781.3,LinkedIn Ads,26018.5,1.4136595115014319
U4322,CMP9198,9350.26,Email Marketing,8183.21,1.14261518401703
U4890,CMP9086,50282.68,Google Ads,60013.07,0.837862152361144
U6133,CMP8661,66995.36,Facebook Ads,2651.38,25.268109437349604
U6133,CMP8661,4714.98,Facebook Ads,2651.38,1.778311671657778
U8314,CMP6072,22695.1,LinkedIn Ads,4519.31,5.021806426202229
U8314,CMP6072,53285.38,LinkedIn Ads,4519.31,11.790600777552324
U4182,CMP4741,56899.24,Instagram Ads,29028.35,1.960126565926069
U6159,CMP9385,41787.87,Email Marketing,13773.04,3.0340338806828413
U6159,CMP9385,41787.87,YouTube Ads,110504.78,0.37815441105805564
U4843,CMP9836,27938.9,Email Marketing,30614.83,0.9125936678400631
U0349,CMP9319,46694.68,LinkedIn Ads,7398.74,6.311166495916873
U0349,CMP9319,46694.68,Facebook Ads,17388.01,2.6854527918951048
U4824,CMP3186,42620.7,Facebook Ads,2828.2,15.06990311859133
U2540,CMP0898,34695.72,LinkedIn Ads,8445.62,4.108131789022002
U9203,CMP0501,17114.5,Email Marketing,23012.59,0.7437015998633791
U2270,CMP9870,2049.32,Instagram Ads,73753.07,0.02778623316968365
U2335,CMP4665,32985.51,Google Ads,61076.99,0.5400644334306587
U2403,CMP8999,7692.18,Facebook Ads,33034.92,0.23284996603594016
U2403,CMP8999,7692.18,Facebook Ads,77480.17,0.09927933818420895
U3550,CMP6266,60799.11,YouTube Ads,27641.67,2.1995454688519183
U4128,CMP2388,40954.0,Facebook Ads,32741.1,1.250843740741759
U0483,CMP9628,17362.3,Instagram Ads,30638.68,0.5666791128077319
U1026,CMP8420,73489.05,LinkedIn Ads,59729.91,1.2303559472967562
U1026,CMP8420,73489.05,Facebook Ads,10698.66,6.868995743392164
U5487,CMP8256,32324.42,Google Ads,17219.44,1.8772050659022594
U5487,CMP8256,32324.42,Facebook Ads,3066.23,10.542072838632457
U5487,CMP8256,28607.97,Google Ads,17219.44,1.6613763281500447
U5487,CMP8256,28607.97,Facebook Ads,3066.23,9.330014382482723
U0891,CMP4576,69645.62,Google Ads,34477.6,2.0200251757662944
U0891,CMP4576,13906.3,Google Ads,34477.6,0.4033430401188018
U2354,CMP8550,17122.92,Facebook Ads,80289.27,0.2132653591195934
U6402,CMP4426,38632.05,YouTube Ads,70096.91,0.5511234375381169
U6402,CMP4426,38632.05,Google Ads,37494.36,1.0303429635817227
U6402,CMP4426,70762.62,YouTube Ads,70096.91,1.0094969949459969
U6402,CMP4426,70762.62,Google Ads,37494.36,1.8872870479720147
U2248,CMP2290,60051.03,Facebook Ads,17508.22,3.4298763666437817
U2248,CMP2290,60051.03,Email Marketing,48761.4,1.2315280119110608
U2638,CMP8063,45433.52,Email Marketing,145801.84,0.31161143096685195
U1101,CMP4318,63610.47,Google Ads,62116.94,1.0240438437566306
U1101,CMP4318,34449.58,Google Ads,62116.94,0.5545923543561547
U1782,CMP2174,6626.96,Instagram Ads,8778.54,0.7549045741091343
U0008,CMP3358,56462.58,Facebook Ads,6646.32,8.495314700465823
U9396,CMP8410,14886.26,Email Marketing,12117.06,1.22853728544713
U0806,CMP1218,4298.08,Email Marketing,19528.06,0.22009764410801685
U7065,CMP6482,18310.68,Instagram Ads,7850.61,2.3323894576345023
U7590,CMP4099,13396.12,Google Ads,46243.45,0.28968686376124625
U8786,CMP1232,15108.87,Google Ads,7629.71,1.9802679263038832
U9937,CMP6880,32382.02,Facebook Ads,38230.24,0.8470263330808282
U8905,CMP3796,2914.9,YouTube Ads,9017.49,0.3232495960627625
U9644,CMP9379,32580.18,LinkedIn Ads,4727.89,6.891061340259608
U3866,CMP1950,60714.72,LinkedIn Ads,20646.99,2.940608776388229
U2801,CMP0254,26685.81,Instagram Ads,1746.29,15.281430919263125
U8833,CMP2609,36622.0,Google Ads,27424.46,1.3353772508191593
U8833,CMP2609,36622.0,Google Ads,8411.15,4.353982511309393
U8833,CMP2609,20419.47,Google Ads,27424.46,0.74457145190826
U8833,CMP2609,20419.47,Google Ads,8411.15,2.4276668469828744
U8833,CMP2609,2657.7,Google Ads,27424.46,0.09690983888105727
U8833,CMP2609,2657.7,Google Ads,8411.15,0.31597344001712013
U1192,CMP2464,42914.13,Email Marketing,15565.51,2.757001216150322
U4400,CMP9735,41387.8,Google Ads,57920.56,0.7145614614223343
U4400,CMP9735,45965.37,Google Ads,57920.56,0.793593328517542
U5422,CMP8958,9806.9,Google Ads,10306.35,0.9515395848190678
U5422,CMP8958,54925.53,Google Ads,10306.35,5.329290194879856
U2130,CMP8885,63575.56,LinkedIn Ads,14389.89,4.4180712986687185
U2130,CMP8885,63575.56,LinkedIn Ads,47313.14,1.343718890777488
U2130,CMP8885,63575.56,Instagram Ads,632.05,100.58628273079661
U2130,CMP8885,49019.5,LinkedIn Ads,14389.89,3.4065236078941536
U2130,CMP8885,49019.5,LinkedIn Ads,47313.14,1.03606524529972
U2130,CMP8885,49019.5,Instagram Ads,632.05,77.55636421169211
U5682,CMP8392,2294.91,YouTube Ads,15638.61,0.14674641800006522
U5682,CMP8392,38434.47,YouTube Ads,15638.61,2.4576653551690337
U3855,CMP0587,29744.34,Email Marketing,29882.32,0.9953825539650202
U4504,CMP8836,5463.46,Email Marketing,2958.4,1.8467617631151974
U2457,CMP7560,59930.58,LinkedIn Ads,49020.34,1.2225655717606203
U2457,CMP7560,33157.5,LinkedIn Ads,49020.34,0.6764028972463267
U0626,CMP2522,51356.04,Facebook Ads,53877.45,0.9532010145246296
U0850,CMP6531,2969.91,Email Marketing,42718.11,0.06952344099493166
U9326,CMP5905,10018.29,LinkedIn Ads,42577.71,0.23529424198718063
U4116,CMP8877,15560.4,Facebook Ads,98640.56,0.1577484961561451
U4116,CMP8877,34955.93,Facebook Ads,98640.56,0.35437684052077567
U2181,CMP3214,43521.94,Facebook Ads,14138.16,3.078331268000928
U1690,CMP6413,20109.09,LinkedIn Ads,23411.32,0.8589472955817955
U1690,CMP6413,20109.09,Facebook Ads,44158.1,0.45538847912387537
U2915,CMP5372,72670.63,Facebook Ads,52901.19,1.3737050149533498
U9961,CMP6614,17348.86,Google Ads,14411.24,1.2038422786658192
U9961,CMP6614,17348.86,YouTube Ads,18498.28,0.937863412165888
U9961,CMP6614,27746.6,Google Ads,14411.24,1.925344383966959
U9961,CMP6614,27746.6,YouTube Ads,18498.28,1.4999556715543283
U0421,CMP8266,2542.73,Google Ads,54872.35,0.04633900315915029
U0421,CMP8266,20266.56,Google Ads,54872.35,0.369340113918941
U0421,CMP8266,4745.79,Google Ads,54872.35,0.086487821279752
U4708,CMP9154,15166.35,Instagram Ads,2935.0,5.16741056218058
U7885,CMP1966,4231.58,Email Marketing,85683.98,0.049385894539446
U5968,CMP5466,7299.39,YouTube Ads,18875.98,0.38670257120425006
U5968,CMP5466,42669.4,YouTube Ads,18875.98,2.260513096538564
U2843,CMP7434,16674.22,Google Ads,85152.6,0.1958157472584513
U2843,CMP7434,16674.22,Google Ads,16519.95,1.0093384059879116
U7330,CMP7797,72015.17,YouTube Ads,10363.42,6.948977268121913
U7330,CMP7797,72015.17,Email Marketing,5647.46,12.751780446430784
U0577,CMP2453,29182.72,Email Marketing,13705.63,2.129250534269494
U9914,CMP2000,50257.41,YouTube Ads,17313.33,2.9028159227600927
U9914,CMP2000,50257.41,Email Marketing,46765.82,1.0746611520978357
U9914,CMP2000,20922.39,YouTube Ads,17313.33,1.208455565740386
U9914,CMP2000,20922.39,Email Marketing,46765.82,0.44738636038029483
U6590,CMP3851,25318.82,YouTube Ads,80776.77,0.31344184720433854
U8298,CMP7015,33583.46,LinkedIn Ads,6731.07,4.989319677257851
U4582,CMP2746,55166.92,Facebook Ads,49081.93,1.123976176160962
U4990,CMP5960,61072.04,Instagram Ads,5222.47,11.6940911101452
U4990,CMP5960,61072.04,Instagram Ads,26759.17,2.28228454021556
U0703,CMP5445,48208.0,Google Ads,34072.36,1.4148711741716746
U0703,CMP5445,48208.0,Google Ads,23924.86,2.014975218245791
U5341,CMP3803,1163.55,Google Ads,8069.13,0.14419770161095433
U9103,CMP7873,21830.28,Google Ads,23379.46,0.9337375628008516
U8039,CMP8517,52009.27,Instagram Ads,60178.01,0.864257060012453
U8039,CMP8517,52009.27,YouTube Ads,58527.83,0.8886246081564957
U6772,CMP3639,10382.94,LinkedIn Ads,85924.63,0.12083776211780022
U6772,CMP3639,10382.94,Instagram Ads,3743.9,2.773295226902428
U3427,CMP8443,60549.82,Email Marketing,51987.05,1.1647096728896906
U2070,CMP8903,65990.81,Google Ads,13064.61,5.051112126577065
U1473,CMP0117,20232.48,Email Marketing,2854.04,7.0890667264649405
U2705,CMP3342,53182.88,Email Marketing,32818.63,1.6205088390344144
U4266,CMP7472,20473.05,Facebook Ads,16166.77,1.2663661325051323
U1479,CMP6209,34427.82,Google Ads,16577.45,2.07678623672519
U1479,CMP6209,34427.82,Facebook Ads,2597.85,13.25242796928229
U2977,CMP9074,35556.36,Facebook Ads,16160.96,2.2001391006474864
U9249,CMP7491,71784.3,Email Marketing,8836.12,8.123961648325283
U3508,CMP0480,22826.02,Instagram Ads,3943.19,5.788719285654508
U3508,CMP0480,55160.77,Instagram Ads,3943.19,13.988869417907836
U9063,CMP5357,67330.46,Email Marketing,9142.07,7.364903134629248
U3330,CMP5959,20558.28,Email Marketing,41392.36,0.4966684673210225
U3586,CMP8014,19099.8,Email Marketing,117590.67,0.16242615166662458
U1909,CMP9356,61996.53,YouTube Ads,33110.91,1.8723897953876831
U1909,CMP9356,61996.53,Instagram Ads,24953.8,2.484452468161162
U1145,CMP9540,19051.83,LinkedIn Ads,1211.85,15.721277385815078
U8034,CMP9764,43783.71,Google Ads,2530.66,17.30130084641951
U8034,CMP9764,43783.71,LinkedIn Ads,62228.48,0.703596006201662
U1615,CMP8503,54893.32,Facebook Ads,1061.94,51.69154566171346
U4347,CMP0890,60954.34,YouTube Ads,2397.68,25.422216475926728
U5724,CMP7629,55693.6,YouTube Ads,73870.61,0.7539344808442762
U8766,CMP6099,38815.23,Email Marketing,17062.63,2.2748679423980946
U8766,CMP6099,74240.76,Email Marketing,17062.63,4.351073662149386
U8766,CMP6099,62960.7,Email Marketing,17062.63,3.6899762814993933
U6355,CMP0663,43270.44,YouTube Ads,55157.13,0.7844940445596065
U6355,CMP0663,43270.44,Facebook Ads,3766.05,11.489608475723902
U3442,CMP9402,58586.66,Instagram Ads,3632.85,16.126914130778868
U0394,CMP9457,36239.18,Facebook Ads,150893.56,0.2401638612012335
U9447,CMP8379,16373.47,Facebook Ads,11429.04,1.4326198875846088
U0794,CMP8190,12020.22,Google Ads,36010.93,0.33379365653705695
U2288,CMP2579,58024.74,Google Ads,73467.42,0.7898023368725893
U2961,CMP1463,54334.05,Google Ads,7952.81,6.83205684531631
U3244,CMP2229,16646.13,Email Marketing,69263.52,0.24033040769513303
U0220,CMP9370,49059.02,Facebook Ads,26595.43,1.8446409777920492
U2886,CMP4940,2436.18,YouTube Ads,5651.96,0.4310327744711569
U9445,CMP6469,11897.01,LinkedIn Ads,26555.21,0.44801039042809304
U9445,CMP6469,11897.01,Email Marketing,22379.14,0.5316115811420814
U5734,CMP6154,55851.82,Facebook Ads,2072.91,26.943678210824398
U9560,CMP0021,7964.73,Facebook Ads,121187.35,0.06572245370494527
U9007,CMP1944,29512.12,Facebook Ads,8241.51,3.580911750395255
U0421,CMP2136,2542.73,Facebook Ads,3453.72,0.7362293411162457
U0421,CMP2136,20266.56,Facebook Ads,3453.72,5.868037941697648
U0421,CMP2136,4745.79,Facebook Ads,3453.72,1.3741096556756194
U4554,CMP5929,46742.3,YouTube Ads,13163.25,3.550969555390956
U2130,CMP1399,63575.56,LinkedIn Ads,14137.31,4.497005441629278
U2130,CMP1399,49019.5,LinkedIn Ads,14137.31,3.4673852380686285
U0125,CMP1754,65084.24,Instagram Ads,14300.71,4.551119489871482
U0125,CMP1754,65084.24,Instagram Ads,41957.09,1.551209581026711
U0125,CMP1754,65084.24,LinkedIn Ads,115468.28,0.5636547110600417
U8133,CMP4092,28116.03,YouTube Ads,21406.4,1.3134403729725688
U8133,CMP4092,28116.03,Google Ads,1115.72,25.199897823826763
U5703,CMP5051,63380.26,YouTube Ads,4396.91,14.414727615529998
U7566,CMP4033,4026.18,Instagram Ads,4508.33,0.8930535253630502
U9075,CMP1942,30348.9,YouTube Ads,790.3,38.40174617233962
U0216,CMP1475,54712.16,LinkedIn Ads,20589.79,2.6572471113109946
U5616,CMP7337,7019.3,Google Ads,3079.38,2.2794523572927017
U3756,CMP0696,61115.04,LinkedIn Ads,6009.77,10.169281020737898
U2867,CMP5917,2590.66,YouTube Ads,16012.3,0.16179187249801716
U5822,CMP7129,32639.25,Facebook Ads,77261.85,0.42244976013388236
U3260,CMP8130,30641.55,Facebook Ads,40520.42,0.7562002072041701
U3260,CMP8130,30641.55,Google Ads,6690.85,4.579619928708609
U1294,CMP7201,39702.74,LinkedIn Ads,8571.5,4.631947733768885
U1294,CMP7201,39702.74,Instagram Ads,33211.96,1.195435017987496
U6603,CMP2265,23812.14,Email Marketing,627.6,37.94158699808795
U7957,CMP9656,68609.26,Google Ads,974.91,70.3749679457591
U9045,CMP0322,56978.58,Email Marketing,55489.35,1.0268381229911687
U1078,CMP4417,19722.48,YouTube Ads,892.14,22.106933889299885
U8142,CMP8223,74235.08,Google Ads,34372.27,2.1597374860607115
U1971,CMP3665,26602.4,Email Marketing,2683.53,9.913211329852842
U1971,CMP3665,42073.24,Email Marketing,2683.53,15.678319228777019
U4697,CMP1673,43148.08,LinkedIn Ads,4409.51,9.78523237275797
U8445,CMP3823,53200.56,Facebook Ads,20695.35,2.5706528278091456
U8445,CMP3823,22216.11,Facebook Ads,20695.35,1.0734831737564237
U2706,CMP1867,45789.6,YouTube Ads,624.31,73.34433214268553
U2706,CMP1867,2703.28,YouTube Ads,624.31,4.330028351299836
U1459,CMP0836,12508.11,YouTube Ads,77354.72,0.1616980838402621
U1372,CMP0450,52859.91,LinkedIn Ads,3767.44,14.030723780604337
U1372,CMP0450,52859.91,Email Marketing,17908.79,2.9516181718586236
U7350,CMP9365,73218.84,YouTube Ads,75220.14,0.9733940936563
U8327,CMP0368,69659.62,Email Marketing,56171.75,1.2401183869115702
U7394,CMP4261,31806.47,Instagram Ads,6279.42,5.065192326679853
U7394,CMP4261,55505.34,Instagram Ads,6279.42,8.839246299817498
U8833,CMP9357,36622.0,LinkedIn Ads,31615.39,1.1583599000360267
U8833,CMP9357,20419.47,LinkedIn Ads,31615.39,0.6458712038662183
U8833,CMP9357,2657.7,LinkedIn Ads,31615.39,0.08406348933225243
U2947,CMP0768,17012.25,LinkedIn Ads,28821.13,0.5902700553378719
U2947,CMP0768,7070.76,LinkedIn Ads,28821.13,0.2453325043119406
U8187,CMP6607,59516.14,Google Ads,26876.68,2.2144156197863722
U9480,CMP6939,47927.6,YouTube Ads,13600.46,3.523969042223572
U1449,CMP0707,27079.8,YouTube Ads,28889.51,0.9373575391206013
U9064,CMP8100,54422.74,YouTube Ads,26223.04,2.0753787508999717
U9064,CMP8100,54422.74,YouTube Ads,23035.82,2.362526708404563
U6524,CMP1754,4103.7,Instagram Ads,14300.71,0.2869577804178953
U6524,CMP1754,4103.7,Instagram Ads,41957.09,0.09780706907938563
U6524,CMP1754,4103.7,LinkedIn Ads,115468.28,0.035539630450890924
U6288,CMP6909,20413.72,Email Marketing,80213.39,0.2544926726074038
U1062,CMP7034,42391.86,Google Ads,21821.32,1.9426808277409433
U6663,CMP6324,71748.63,Facebook Ads,19050.83,3.766168193196832
U6663,CMP6324,10035.54,Facebook Ads,19050.83,0.5267770485590392
U8222,CMP9403,40132.17,Facebook Ads,21275.62,1.8862984956490105
U8222,CMP9403,66114.83,Facebook Ads,21275.62,3.1075395217624684
U7294,CMP4236,72923.9,LinkedIn Ads,25567.85,2.852171770406976
U7294,CMP4236,32299.89,LinkedIn Ads,25567.85,1.2633009815060712
U7294,CMP4236,51740.26,LinkedIn Ads,25567.85,2.0236453201970446
U9610,CMP1039,56845.22,Google Ads,2201.02,25.826762137554407
U7785,CMP2675,14603.6,LinkedIn Ads,21009.12,0.6951076484878949
U7785,CMP2675,14603.6,Facebook Ads,29513.71,0.4948073285263019
U0360,CMP0718,9894.78,Instagram Ads,17587.54,0.5626017055256164
U0360,CMP0718,71744.01,Instagram Ads,17587.54,4.079252129632683
U7028,CMP4950,65573.36,LinkedIn Ads,55639.34,1.1785430955866838
U7028,CMP4950,65573.36,LinkedIn Ads,2742.46,23.910416195678334
U7702,CMP4738,58100.68,Instagram Ads,4539.2,12.799762072611914
U0686,CMP4239,54914.32,YouTube Ads,74390.42,0.738190750905829
U7256,CMP6566,63698.48,LinkedIn Ads,5206.88,12.23352180192361
U6170,CMP3711,46522.76,Instagram Ads,57166.05,0.8138179916226501
U7215,CMP4080,42866.19,Facebook Ads,2527.02,16.963138400170955
U7215,CMP4080,42866.19,Email Marketing,48354.17,0.8865045145020586
U0808,CMP1480,10756.5,YouTube Ads,38787.15,0.2773212262308522
U0808,CMP1480,10756.5,Instagram Ads,42971.57,0.2503166628540684
U6251,CMP2959,9169.09,Google Ads,156807.21,0.05847365054196169
U8812,CMP1288,32027.73,LinkedIn Ads,7257.49,4.413058784786476
U8812,CMP1288,32027.73,Email Marketing,91735.61,0.3491308337078698
U8812,CMP1288,32027.73,LinkedIn Ads,6881.56,4.654138015217479
U4259,CMP6731,4893.99,Email Marketing,8967.81,0.5457285558012491
U4934,CMP0126,72867.15,Google Ads,4949.32,14.722658870309456
U4489,CMP2932,12661.04,Google Ads,34708.03,0.3647870536011408
U4489,CMP2932,32777.0,Google Ads,34708.03,0.9443635953985289
U5157,CMP0820,56902.77,Instagram Ads,11714.43,4.857493706479956
U5226,CMP8807,38351.82,Google Ads,60581.92,0.6330571893396578
U5226,CMP8807,964.29,Google Ads,60581.92,0.015917125109273525
U4229,CMP0474,10462.35,LinkedIn Ads,9553.99,1.0950765073021849
U5473,CMP3020,17745.97,LinkedIn Ads,8341.6,2.127406013234871
U1941,CMP0151,45012.42,Email Marketing,37243.75,1.2085898976338312
U1941,CMP0151,14192.52,Email Marketing,37243.75,0.381071186440678
U6574,CMP7405,5749.42,LinkedIn Ads,80225.96,0.07166533127182273
U1513,CMP1699,71773.48,Google Ads,17891.96,4.011493430568814
U0246,CMP8472,39083.07,Email Marketing,1410.43,27.710038782498952
U0246,CMP8472,39083.07,YouTube Ads,9815.48,3.981778782087071
U2833,CMP7884,43535.26,Email Marketing,6739.15,6.4600520837197575
U2833,CMP7884,43535.26,Email Marketing,21920.01,1.9860967216712038
U2833,CMP7884,70676.31,Email Marketing,6739.15,10.487422004258697
U2833,CMP7884,70676.31,Email Marketing,21920.01,3.2242827443965583
U4311,CMP0224,32305.36,Facebook Ads,28578.56,1.1304054507994805
U4311,CMP0224,32305.36,Instagram Ads,22983.09,1.4056143016452531
U7844,CMP1818,26419.65,Facebook Ads,3032.36,8.712570407207588
U2766,CMP6323,13731.02,YouTube Ads,6366.77,2.1566697085021134
U5314,CMP2022,56617.29,Email Marketing,89821.53,0.6303309462664464
U5314,CMP2022,11527.29,Email Marketing,89821.53,0.1283354892752328
U6020,CMP4397,25886.53,Google Ads,3400.08,7.613506152796405
U7332,CMP3225,57577.23,Google Ads,6393.45,9.005658916547405
U3380,CMP8049,48646.06,Email Marketing,14958.9,3.251981094866601
U8830,CMP2726,61608.84,LinkedIn Ads,1024.36,60.14373852942325
U1103,CMP7779,62132.6,Facebook Ads,90150.48,0.6892098633307332
U1103,CMP7779,62132.6,Instagram Ads,3574.65,17.38144993216119
U3761,CMP5390,38100.82,Google Ads,37111.53,1.0266572140787513
U3761,CMP5390,38100.82,Email Marketing,9963.96,3.823863202983553
U0194,CMP4371,47851.92,YouTube Ads,24357.06,1.9646016391140801
U4696,CMP8433,32305.11,Google Ads,66800.61,0.4836050149841446
U4696,CMP8433,32305.11,Facebook Ads,28291.51,1.1418658813191662
U4291,CMP4569,40231.47,Instagram Ads,53704.74,0.7491232617456113
U3563,CMP8767,41770.98,Instagram Ads,12220.33,3.418154828879417
U8231,CMP5252,74446.96,Facebook Ads,10503.1,7.088093991297808
U8231,CMP5252,65654.42,Facebook Ads,10503.1,6.250956384305586
U8646,CMP6325,66589.32,YouTube Ads,47699.4,1.3960200757242232
U2177,CMP9812,63101.12,Google Ads,28680.42,2.200146301902134
U9802,CMP2254,4129.26,Instagram Ads,6133.83,0.6731943989318256
U9802,CMP2254,53502.58,Instagram Ads,6133.83,8.722540402978238
U7366,CMP4388,9714.7,Facebook Ads,32275.64,0.3009917076779888
U7366,CMP4388,18441.33,Facebook Ads,32275.64,0.5713699248101665
U0493,CMP1691,42818.66,Facebook Ads,19279.38,2.220956275564878
U2749,CMP8472,61353.92,Email Marketing,1410.43,43.50015243578199
U2749,CMP8472,61353.92,YouTube Ads,9815.48,6.25073047879472
U8553,CMP3033,28920.63,Facebook Ads,161.52,179.05293462109955
U0184,CMP0489,22688.78,YouTube Ads,119000.5,0.19066121570917768
U9061,CMP6287,18864.68,LinkedIn Ads,27828.27,0.6778962544204149
U9061,CMP6287,18864.68,Google Ads,5602.77,3.3670273810989917
U4528,CMP1394,11015.26,YouTube Ads,20755.58,0.5307131865262257
U0572,CMP5069,58152.28,LinkedIn Ads,45058.12,1.2906059995401493
U5398,CMP7489,62681.26,LinkedIn Ads,574.47,109.11145925809876
U6389,CMP0321,6231.56,Email Marketing,4997.15,1.2470228029977088
U3684,CMP6439,20473.22,Instagram Ads,14464.17,1.4154438173776995
U3684,CMP6439,33941.31,Instagram Ads,14464.17,2.3465784763315143
U0688,CMP1648,28020.86,LinkedIn Ads,71357.76,0.39268132856188315
U2308,CMP3190,74426.7,Instagram Ads,9141.35,8.14176243115076
U2308,CMP3190,74426.7,LinkedIn Ads,27428.94,2.713436975690639
U2308,CMP3190,42884.5,Instagram Ads,9141.35,4.691265513299458
U2308,CMP3190,42884.5,LinkedIn Ads,27428.94,1.5634763866193881
U2308,CMP3190,31430.43,Instagram Ads,9141.35,3.438270058579969
U2308,CMP3190,31430.43,LinkedIn Ads,27428.94,1.1458856959109613
U8651,CMP6640,42183.74,Facebook Ads,52893.64,0.7975200799188711
U7952,CMP9270,3024.64,Google Ads,87296.9,0.03464773663211408
U9329,CMP9689,52221.1,LinkedIn Ads,16031.0,3.2575073295489987
U9329,CMP9689,2177.2,LinkedIn Ads,16031.0,0.135811864512507
U5874,CMP2073,13371.51,Google Ads,3227.09,4.143519393633273
U5874,CMP2073,43615.44,Google Ads,3227.09,13.515408618910536
U0096,CMP3061,11085.62,LinkedIn Ads,4000.67,2.77094086740471
U7546,CMP7553,53175.42,Instagram Ads,33853.1,1.5707695897864598
U1583,CMP2261,62732.84,LinkedIn Ads,21211.45,2.9574988980008436
U2258,CMP2371,12831.87,Instagram Ads,19405.63,0.6612447006358464
U4331,CMP7824,10542.86,Instagram Ads,18493.22,0.5700932557986116
U5226,CMP9070,38351.82,Email Marketing,5380.22,7.128299586262272
U5226,CMP9070,38351.82,Instagram Ads,43869.78,0.8742195652679362
U5226,CMP9070,964.29,Email Marketing,5380.22,0.17922873042366297
U5226,CMP9070,964.29,Instagram Ads,43869.78,0.021980734801952506
U9413,CMP2319,73841.31,Facebook Ads,1312.82,56.24633232278607
U9413,CMP2319,73841.31,Facebook Ads,70179.38,1.0521795718343478
U9413,CMP2319,5455.17,Facebook Ads,1312.82,4.155306896604257
U9413,CMP2319,5455.17,Facebook Ads,70179.38,0.07773180669307708
U7527,CMP3598,10848.93,Google Ads,1080.72,10.038613146791029
U7527,CMP3598,10848.93,Email Marketing,24927.5,0.4352193360746164
U5376,CMP7701,21808.16,Instagram Ads,22569.48,0.9662677208336213
U5376,CMP7701,21808.16,Facebook Ads,25731.32,0.8475336671418334
U5376,CMP7701,7355.24,Instagram Ads,22569.48,0.32589319736210137
U5376,CMP7701,7355.24,Facebook Ads,25731.32,0.2858477528552752
U1477,CMP8466,29669.34,Instagram Ads,21630.95,1.371615208763369
U1477,CMP8466,29669.34,Facebook Ads,16884.8,1.7571626551691464
U9216,CMP8885,24283.08,LinkedIn Ads,14389.89,1.6875097724861
U9216,CMP8885,24283.08,LinkedIn Ads,47313.14,0.5132417759632948
U9216,CMP8885,24283.08,Instagram Ads,632.05,38.419555414919714
U9216,CMP8885,71197.76,LinkedIn Ads,14389.89,4.947762630569101
U9216,CMP8885,71197.76,LinkedIn Ads,47313.14,1.5048200140595192
U9216,CMP8885,71197.76,Instagram Ads,632.05,112.64577169527728
U1790,CMP1904,18516.69,YouTube Ads,764.57,24.218436506794667
U1790,CMP1904,22514.58,YouTube Ads,764.57,29.44737564905764
U1790,CMP1904,14555.28,YouTube Ads,764.57,19.037210458166026
U0873,CMP0715,4005.87,Email Marketing,36466.76,0.10984990166387142
U7928,CMP1162,74107.1,Facebook Ads,37301.2,1.9867216068115774
U7928,CMP1162,74107.1,LinkedIn Ads,37764.67,1.962339403468904
U2308,CMP8261,74426.7,Facebook Ads,1001.42,74.32116394719499
U2308,CMP8261,74426.7,Email Marketing,44917.28,1.6569725504304802
U2308,CMP8261,74426.7,YouTube Ads,40225.78,1.8502239111336063
U2308,CMP8261,42884.5,Facebook Ads,1001.42,42.823690359689245
U2308,CMP8261,42884.5,Email Marketing,44917.28,0.9547439203798628
U2308,CMP8261,42884.5,YouTube Ads,40225.78,1.0660949271835127
U2308,CMP8261,31430.43,Facebook Ads,1001.42,31.38586207585229
U2308,CMP8261,31430.43,Email Marketing,44917.28,0.6997402781290408
U2308,CMP8261,31430.43,YouTube Ads,40225.78,0.7813504175680372
U4572,CMP9390,62847.68,Facebook Ads,13794.25,4.556078076009932
U1355,CMP8433,6001.2,Google Ads,66800.61,0.08983750298088596
U1355,CMP8433,6001.2,Facebook Ads,28291.51,0.21212017315441983
U6608,CMP5445,5852.52,Google Ads,34072.36,0.17176737977645223
U6608,CMP5445,5852.52,Google Ads,23924.86,0.24462086716494894
U3965,CMP4863,40098.02,Facebook Ads,60435.69,0.6634824554828446
U3175,CMP4473,74237.19,YouTube Ads,5719.94,12.978665860131402
U5209,CMP4909,73618.74,YouTube Ads,19912.24,3.6971601386885653
U0870,CMP4882,21294.99,LinkedIn Ads,3849.57,5.531784069389569
U5968,CMP6447,7299.39,Instagram Ads,42933.47,0.1700163066251109
U5968,CMP6447,42669.4,Instagram Ads,42933.47,0.9938493208212613
U1756,CMP0160,52712.91,YouTube Ads,11394.32,4.6262444797056785
U1366,CMP0452,38432.64,Email Marketing,40860.87,0.9405732183382292
U1366,CMP0452,38432.64,Email Marketing,15952.24,2.409231556195243
U7294,CMP1553,72923.9,YouTube Ads,1806.62,40.36482492167694
U7294,CMP1553,32299.89,YouTube Ads,1806.62,17.878629706302377
U7294,CMP1553,51740.26,YouTube Ads,1806.62,28.639260054687764
U3831,CMP2756,70581.88,Email Marketing,3867.6,18.249529423932156
U9272,CMP2903,12474.72,Google Ads,1854.68,6.726076735609377
U5686,CMP0832,44423.9,Google Ads,8057.58,5.51330548378049
U1637,CMP5568,63455.97,Instagram Ads,1701.37,37.29698419508984
U1637,CMP5568,63455.97,Facebook Ads,36207.19,1.752579252905293
U1637,CMP5568,63455.97,Google Ads,7723.08,8.216407184698333
U6000,CMP9748,17872.02,YouTube Ads,29173.43,0.6126129152451392
U6000,CMP9748,17872.02,YouTube Ads,6136.82,2.9122607474229327
U3543,CMP1078,15842.31,Google Ads,1891.86,8.373933589166217
U3515,CMP9486,46159.42,Google Ads,1039.83,44.391313964782704
U3628,CMP4657,46441.48,Google Ads,8944.12,5.192403500847484
U6125,CMP2856,11628.21,YouTube Ads,45581.24,0.25510955823053516
U9329,CMP6356,52221.1,Google Ads,1059.55,49.28611202869143
U9329,CMP6356,2177.2,Google Ads,1059.55,2.0548345995941673
U7824,CMP7021,52387.31,YouTube Ads,1508.48,34.728541313109886
U3176,CMP7848,43893.2,YouTube Ads,41684.64,1.0529825854319481
U6177,CMP6144,1347.7,Facebook Ads,477.92,2.81992802142618
U5130,CMP5701,29793.86,Instagram Ads,28186.72,1.05701763099786
U5130,CMP5701,29793.86,Google Ads,6592.18,4.519576225163754
U3061,CMP1733,58598.06,LinkedIn Ads,12215.05,4.797201812518164
U9361,CMP3627,74783.1,Instagram Ads,3088.03,24.217089859878303
U9361,CMP3627,67006.77,Instagram Ads,3088.03,21.69887274411194
U9106,CMP0761,18790.95,Instagram Ads,996.53,18.856381644305742
U0107,CMP1912,71858.31,Google Ads,33545.92,2.142087920080892
U7392,CMP7480,4704.33,Google Ads,34011.37,0.13831639242994326
U7392,CMP7480,4704.33,Instagram Ads,65448.5,0.07187834709733608
U7392,CMP7480,4704.33,Instagram Ads,75221.92,0.06253935023195366
U7392,CMP7480,14565.56,Google Ads,34011.37,0.42825560981518823
U7392,CMP7480,14565.56,Instagram Ads,65448.5,0.2225499438489805
U7392,CMP7480,14565.56,Instagram Ads,75221.92,0.19363451504561435
U6476,CMP9723,15928.41,Email Marketing,63094.76,0.2524521846188178
U6476,CMP9723,18590.0,Email Marketing,63094.76,0.29463619482822345
U8531,CMP2936,35049.33,Google Ads,24871.32,1.4092267720410498
U1877,CMP0405,12786.12,Email Marketing,2725.78,4.690811437460103
U1622,CMP9024,49773.81,Google Ads,8281.5,6.0102408983879725
U0071,CMP5777,7763.91,YouTube Ads,31474.95,0.24666949431214347
U0071,CMP5777,7763.91,YouTube Ads,14015.35,0.5539576250325535
U9016,CMP1837,33976.86,YouTube Ads,21155.52,1.606051753868494
U9016,CMP1837,44449.18,YouTube Ads,21155.52,2.1010677118785073
U1544,CMP9323,4050.93,Email Marketing,111366.1,0.036374893257463445
U9894,CMP5566,73447.4,Facebook Ads,70459.0,1.0424133183837407
U4524,CMP2533,4716.46,YouTube Ads,72543.83,0.06501531556853285
U2911,CMP8420,22620.0,LinkedIn Ads,59729.91,0.3787047393843386
U2911,CMP8420,22620.0,Facebook Ads,10698.66,2.114283471014127
U4546,CMP3747,49371.4,Facebook Ads,9181.16,5.377468642306637
U5897,CMP2158,7231.82,Email Marketing,27292.63,0.2649733646042906
U5897,CMP2158,15438.51,Email Marketing,27292.63,0.5656658958847132
U5897,CMP2158,15324.02,Email Marketing,27292.63,0.5614709905201514
U3406,CMP2074,53793.76,Email Marketing,1244.69,43.21860061541428
U2084,CMP3589,28440.1,Facebook Ads,15454.56,1.8402400327152633
U6671,CMP0679,44325.28,Facebook Ads,8008.02,5.5351110511712
U6671,CMP0679,964.28,Facebook Ads,8008.02,0.12041428467960869
U7487,CMP0942,67804.68,Instagram Ads,72255.72,0.9383987869749273
U2653,CMP8803,43227.44,Facebook Ads,6071.4,7.119847152221894
U2653,CMP8803,51435.74,Facebook Ads,6071.4,8.47180880851204
U2608,CMP1213,16949.1,LinkedIn Ads,28190.01,0.6012449091007772
U1096,CMP0478,12793.53,Instagram Ads,36967.11,0.34607871700005766
U0916,CMP1330,47340.82,Email Marketing,15742.8,3.007141042254237
U0916,CMP1330,47340.82,Facebook Ads,10017.03,4.726033564839079
U0916,CMP1330,66446.26,Email Marketing,15742.8,4.220739639708311
U0916,CMP1330,66446.26,Facebook Ads,10017.03,6.633329439963741
U6278,CMP6844,69792.23,LinkedIn Ads,110995.01,0.6287870959244024
U9523,CMP9345,49460.01,YouTube Ads,26620.14,1.8579921067282141
U3682,CMP7070,48842.44,LinkedIn Ads,17058.32,2.863262032837935
U3682,CMP7070,71242.05,LinkedIn Ads,17058.32,4.176381378705523
U3682,CMP7070,1383.81,LinkedIn Ads,17058.32,0.08112229105797053
U6314,CMP9905,62676.23,LinkedIn Ads,11106.51,5.64319754810467
U2252,CMP4842,52385.4,Facebook Ads,15211.9,3.443711830869254
U0644,CMP2479,71223.92,Google Ads,147397.07,0.48321123343903644
U5098,CMP1608,45358.29,Email Marketing,34183.79,1.326894706526105
U2196,CMP6231,66755.54,Google Ads,70119.46,0.9520258712773885
U2196,CMP6231,66755.54,Instagram Ads,10733.4,6.219421618499264
U3315,CMP0944,6507.96,Instagram Ads,12756.1,0.5101841471923236
U4376,CMP5994,54786.5,Email Marketing,39750.23,1.3782687546713566
U6577,CMP9236,54250.98,Email Marketing,17366.38,3.123908379293785
U7737,CMP5497,69891.1,Facebook Ads,20432.62,3.420564763598599
U2073,CMP8238,21952.14,LinkedIn Ads,3020.08,7.2687279807157426
U5020,CMP8774,26120.52,Email Marketing,1628.9,16.03568052059672
U9433,CMP6539,63062.25,YouTube Ads,11563.87,5.453386279852679
U9433,CMP6539,63434.79,YouTube Ads,11563.87,5.4856021383844675
U2240,CMP1849,54017.28,Google Ads,91740.68,0.5888040071209414
U2240,CMP1849,54017.28,Facebook Ads,4999.02,10.805573892482926
U0863,CMP4354,41176.29,Facebook Ads,19827.66,2.0767095058115785
U5062,CMP4061,4895.86,Facebook Ads,7790.76,0.6284187935451739
U0297,CMP6761,51704.68,Facebook Ads,48748.88,1.0606331878804192
U1301,CMP8122,18919.95,YouTube Ads,7070.93,2.675737137830526
U1301,CMP8122,33912.58,YouTube Ads,7070.93,4.79605653004626
U4578,CMP9126,68008.89,Instagram Ads,8198.32,8.295466632188058
U8161,CMP7548,15154.17,Instagram Ads,50517.76,0.2999770773684344
U5595,CMP2681,39054.88,Email Marketing,6774.99,5.76456644216449
U5595,CMP2681,33769.68,Email Marketing,6774.99,4.984461969685564
U3086,CMP2164,9027.03,YouTube Ads,48052.28,0.18785851576657758
U7198,CMP1015,69622.18,Email Marketing,10239.73,6.799220291941291
U0415,CMP5333,18998.88,Email Marketing,107324.19,0.17702327872215948
U0415,CMP5333,51419.56,Email Marketing,107324.19,0.4791050368048433
U3193,CMP2098,58361.42,Google Ads,12759.77,4.573861441076132
U3193,CMP2098,45612.99,Google Ads,12759.77,3.5747501718291157
U8669,CMP9399,37457.5,Email Marketing,30181.58,1.2410715409862572
U5752,CMP0575,28962.57,Facebook Ads,4147.99,6.982314325733669
U5752,CMP0575,58335.74,Facebook Ads,4147.99,14.063616353944923
U7941,CMP0439,54145.89,Facebook Ads,71959.15,0.7524531626624272
U7941,CMP0439,54145.89,YouTube Ads,39039.9,1.3869372103924447
U2769,CMP5772,57986.19,Email Marketing,65251.54,0.8886562677294666
U9961,CMP3717,17348.86,Email Marketing,57389.82,0.30229856096429647
U9961,CMP3717,27746.6,Email Marketing,57389.82,0.48347598929566254
U1428,CMP3639,35613.52,LinkedIn Ads,85924.63,0.4144739407082695
U1428,CMP3639,35613.52,Instagram Ads,3743.9,9.51241219049654
U9948,CMP0803,38295.74,Instagram Ads,23450.49,1.6330464736557742
U9948,CMP0803,38295.74,YouTube Ads,4843.51,7.906609050048415
U2556,CMP3276,48626.85,LinkedIn Ads,414.92,117.1957244770076
U1469,CMP9071,45071.66,Facebook Ads,68926.23,0.6539115805405287
U1469,CMP9071,32895.03,Facebook Ads,68926.23,0.4772498075115961
U1469,CMP9071,51136.68,Facebook Ads,68926.23,0.7419044970252979
U1469,CMP9071,21184.78,Facebook Ads,68926.23,0.30735439904373124
U1469,CMP9071,63254.73,Facebook Ads,68926.23,0.9177163758992768
U5314,CMP4295,56617.29,YouTube Ads,30942.95,1.8297314897254464
U5314,CMP4295,11527.29,YouTube Ads,30942.95,0.37253364659801347
U8329,CMP3551,50606.97,Email Marketing,12073.93,4.191424830191992
U8329,CMP3551,56762.82,Email Marketing,12073.93,4.7012712513655455
