User_id,Campaign_id,Revenue,Channel,Spend,ROI
U1680,CMP1825,41243.46,Google Ads,30915.23,33.408226301405485
U9864,CMP6913,53914.46,Google Ads,917.29,5777.580699669679
U9864,CMP6913,53914.46,Google Ads,7133.98,655.7416757546277
U2616,CMP8929,21381.94,LinkedIn Ads,24202.15,-11.652725067814233
U9892,CMP5515,34862.3,Google Ads,3471.42,904.2662656780224
U5926,CMP6202,5914.47,Google Ads,41702.74,-85.8175505973948
U4555,CMP3734,27838.78,Instagram Ads,9290.98,199.63233157320326
U1170,CMP5821,40409.88,Facebook Ads,65394.93,-38.20640223943967
U1170,CMP5821,40409.88,Google Ads,40753.84,-0.8439940874283238
U9126,CMP2678,63331.76,LinkedIn Ads,44805.47,41.348277342029895
U3457,CMP0917,16537.52,Facebook Ads,3551.1,365.7013319816395
U9198,CMP6483,44155.52,Email Marketing,8705.19,407.2321224464945
U8349,CMP9561,4248.39,LinkedIn Ads,36833.61,-88.46599613776657
U6253,CMP2505,19417.5,Email Marketing,23015.2,-15.631843303555915
U4372,CMP0189,22542.39,Email Marketing,27792.05,-18.88907079542531
U8318,CMP7434,63243.94,Google Ads,85152.6,-25.728703527549367
U8318,CMP7434,63243.94,Google Ads,16519.95,282.83372528367215
U8690,CMP9978,37028.97,Facebook Ads,25049.27,47.82454738201952
U1291,CMP5948,61339.73,Instagram Ads,1927.28,3082.70982939687
U2706,CMP8728,45789.6,Facebook Ads,15155.24,202.1370826196088
U2706,CMP8728,2703.28,Facebook Ads,15155.24,-82.1627371127082
U6119,CMP3471,9734.56,YouTube Ads,50096.75,-80.568479991217
U6119,CMP3471,9734.56,Facebook Ads,30704.8,-68.29629243636174
U3609,CMP1050,47609.4,Instagram Ads,4279.96,1012.3795549491117
U7954,CMP1105,54458.92,Google Ads,7243.57,651.8243076273163
U3120,CMP9356,32755.54,YouTube Ads,33110.91,-1.0732716195356835
U3120,CMP9356,32755.54,Instagram Ads,24953.8,31.264737234409196
U1613,CMP6736,25943.22,LinkedIn Ads,13384.0,93.83756724447102
U6913,CMP1791,19298.13,Facebook Ads,9852.67,95.8670086382676
U0242,CMP1236,30926.25,LinkedIn Ads,2884.27,972.2383826756858
U0242,CMP1236,30926.25,Google Ads,15911.78,94.36071891391157
U4346,CMP3503,52471.92,LinkedIn Ads,1990.78,2535.7467927144135
U3567,CMP9106,41007.99,Email Marketing,41791.36,-1.8744783610775113
U2580,CMP5139,63962.19,Google Ads,7026.78,810.2631646358645
U2580,CMP5139,63962.19,Instagram Ads,10173.18,528.7334933619576
U4034,CMP9750,46739.07,Google Ads,37336.38,25.183721614146855
U5148,CMP9563,10467.7,YouTube Ads,49802.29,-78.98148860223093
U5148,CMP9563,61942.12,YouTube Ads,49802.29,24.376047768084565
U9225,CMP4916,16576.71,LinkedIn Ads,1714.99,866.5776476830767
U9225,CMP4916,16576.71,Google Ads,8401.33,97.31054487801335
U7180,CMP2171,46167.08,Instagram Ads,4931.7,836.129123831539
U2201,CMP8667,8697.42,Google Ads,93182.4,-90.6662416937104
U3336,CMP2547,20350.8,Instagram Ads,15632.07,30.186213342186925
U3336,CMP2547,22063.06,Instagram Ads,15632.07,41.139721098997136
U0723,CMP4115,10463.36,Google Ads,13372.07,-21.752129625405782
U0159,CMP2648,52058.2,Email Marketing,67845.9,-23.26993967210988
U2089,CMP8939,67499.37,Google Ads,58667.66,15.0537962482226
U2089,CMP8939,67499.37,Google Ads,1285.99,5148.825418549133
U2089,CMP8939,67499.37,Google Ads,6463.43,944.327392731104
U5795,CMP0654,56398.71,Instagram Ads,19522.23,188.89481375846918
U6746,CMP3879,19176.42,Facebook Ads,5098.88,276.09082778963216
U6746,CMP3879,64602.21,Facebook Ads,5098.88,1166.9882405547885
U5729,CMP1772,2507.08,LinkedIn Ads,3394.47,-26.142225443147233
U5754,CMP6529,51204.23,Instagram Ads,13336.36,283.94456958270473
U2926,CMP8786,8798.9,Instagram Ads,2998.49,193.4443669980557
U1895,CMP5664,19663.14,Email Marketing,47505.77,-58.608943713574156
U3229,CMP7145,71203.94,Google Ads,79358.89,-10.276038387129654
U8309,CMP5410,24969.07,YouTube Ads,16152.4,54.58427230628266
U2852,CMP4845,30901.08,YouTube Ads,4357.15,609.2039521246687
U2852,CMP4845,34126.1,YouTube Ads,4357.15,683.2206832447815
U9940,CMP0007,33552.62,Instagram Ads,9120.97,267.86240937093316
U4650,CMP3502,46730.12,YouTube Ads,33244.23,40.56610726132023
U0401,CMP3849,46137.09,Email Marketing,31402.07,46.92372190750481
U6292,CMP1194,11707.17,LinkedIn Ads,65499.22,-82.12624516749972
U8487,CMP0091,19252.96,Google Ads,10274.71,87.38202830055545
U9158,CMP1989,66938.37,LinkedIn Ads,17977.46,272.3460933858287
U7374,CMP8271,48096.36,LinkedIn Ads,67380.63,-28.619901594864878
U4682,CMP8541,24488.43,LinkedIn Ads,28995.35,-15.543595783461825
U4682,CMP8541,24488.43,Instagram Ads,32867.01,-25.49237061722378
U3506,CMP1321,25317.94,Facebook Ads,9175.51,175.92951236498024
U3506,CMP1321,25317.94,YouTube Ads,76910.06,-67.08110746500523
U0321,CMP6813,1187.79,Google Ads,16489.04,-92.79648784889841
U9884,CMP4893,21015.45,LinkedIn Ads,69478.02,-69.752376363057
U2092,CMP0476,68089.47,LinkedIn Ads,51012.21,33.47680878754322
U7565,CMP9247,28898.46,Email Marketing,1264.83,2184.770285334788
U4134,CMP7450,56365.05,Instagram Ads,23250.74,142.4226067643438
U4134,CMP7450,56365.05,Google Ads,11573.21,387.03039174092584
U0660,CMP5734,63062.74,Facebook Ads,18985.43,232.16387514004157
U3572,CMP2497,57692.19,Facebook Ads,14485.62,298.272148516943
U5097,CMP9927,69719.87,YouTube Ads,31030.48,124.68189341576412
U3979,CMP6150,23142.51,LinkedIn Ads,12634.97,83.16236603648444
U3979,CMP6150,23142.51,Google Ads,66473.06,-65.18512913351665
U7019,CMP9838,38317.59,Google Ads,20796.08,84.25390746717648
U7533,CMP0208,13828.17,LinkedIn Ads,9219.21,49.99300373893209
U9708,CMP4426,18978.02,YouTube Ads,70096.91,-72.92602484189388
U9708,CMP4426,18978.02,Google Ads,37494.36,-49.384334070510874
U6210,CMP1420,63933.26,Instagram Ads,32001.44,99.78244728987197
U4527,CMP7989,71143.65,Facebook Ads,18315.54,288.43326486688346
U4527,CMP7989,59238.02,Facebook Ads,18315.54,223.43037660915263
U7801,CMP3955,34026.96,Email Marketing,49497.55,-31.255264149437707
U7801,CMP3955,34026.96,YouTube Ads,2697.74,1161.3135439293633
U9529,CMP1525,40170.96,Instagram Ads,24918.31,61.21061179510166
U9529,CMP1525,40170.96,Facebook Ads,64817.36,-38.024381122588146
U3778,CMP9018,24179.43,Instagram Ads,27276.99,-11.355945065786221
U4531,CMP8780,21762.66,Email Marketing,5243.13,315.07000589342624
U4531,CMP8780,21762.66,Google Ads,35008.16,-37.83546464595683
U4531,CMP8780,49150.08,Email Marketing,5243.13,837.4186793003415
U4531,CMP8780,49150.08,Google Ads,35008.16,40.39606765965419
U8752,CMP3181,73091.4,Instagram Ads,8618.27,748.0982842264165
U1681,CMP4787,35602.73,Email Marketing,23998.58,48.35348591458328
U1870,CMP5583,6250.6,Facebook Ads,5842.33,6.9881365824936355
U1941,CMP0879,45012.42,Facebook Ads,5163.92,771.6715208601217
U1941,CMP0879,14192.52,Facebook Ads,5163.92,174.84004399758325
U9643,CMP3698,46861.27,YouTube Ads,68811.61,-31.899180966700246
U2574,CMP1626,6323.56,Facebook Ads,25009.49,-74.71535805008418
U2574,CMP1626,6323.56,Google Ads,3231.34,95.69466537102255
U4721,CMP6694,64575.8,LinkedIn Ads,58869.44,9.693246614882018
U3684,CMP3825,20473.22,Instagram Ads,32712.32,-37.414344198149195
U3684,CMP3825,33941.31,Instagram Ads,32712.32,3.7569637372097056
U4729,CMP1170,51884.34,Google Ads,16903.47,206.94490539516437
U4729,CMP1170,51884.34,Email Marketing,11854.22,337.68666348355265
U9799,CMP6595,24682.38,Instagram Ads,49835.56,-50.47235347611223
U9620,CMP0424,20761.2,Google Ads,48150.39,-56.88259222822494
U2974,CMP2871,61207.68,LinkedIn Ads,55157.57,10.96877545548145
U2635,CMP7701,37538.58,Instagram Ads,22569.48,66.32452320567423
U2635,CMP7701,37538.58,Facebook Ads,25731.32,45.88672481629393
U5297,CMP6562,38958.76,YouTube Ads,2081.14,1771.9913124537516
U8168,CMP8890,4582.17,LinkedIn Ads,2856.65,60.40361962438521
U1990,CMP8999,60099.04,Facebook Ads,33034.92,81.92579246445884
U1990,CMP8999,60099.04,Facebook Ads,77480.17,-22.433004470692307
U3682,CMP2595,48842.44,Instagram Ads,1970.63,2378.5190522827725
U3682,CMP2595,71242.05,Instagram Ads,1970.63,3515.191588476781
U3682,CMP2595,1383.81,Instagram Ads,1970.63,-29.778294251077075
U7906,CMP8166,41681.43,Email Marketing,31678.6,31.57598504984438
U7906,CMP8166,41681.43,Instagram Ads,94159.26,-55.73305270241079
U4527,CMP3123,71143.65,YouTube Ads,110245.03,-35.46770316992975
U4527,CMP3123,59238.02,YouTube Ads,110245.03,-46.26694736261581
U8023,CMP0043,36712.35,Instagram Ads,84766.95,-56.690254869380105
U3913,CMP9043,64308.96,YouTube Ads,71158.18,-9.625344549284417
U6326,CMP0716,37528.16,Instagram Ads,115748.76,-67.5779161694691
U1634,CMP2069,54391.46,YouTube Ads,49066.0,10.85366649003383
U6513,CMP2530,25146.0,Google Ads,18711.53,34.38772778067855
U1122,CMP8743,69128.98,LinkedIn Ads,71901.85,-3.856465445603986
U7270,CMP1481,67829.24,LinkedIn Ads,19959.97,239.82636246447265
U4001,CMP5315,51373.68,Google Ads,13752.65,273.5547694444343
U4001,CMP5315,51373.68,Email Marketing,92154.67,-44.252765486545606
U4001,CMP5315,51373.68,LinkedIn Ads,40132.04,28.01163359749467
U8154,CMP2786,34990.38,Facebook Ads,11116.33,214.7655746096058
U4713,CMP7530,6234.24,Instagram Ads,3700.87,68.4533636685428
U4713,CMP7530,45286.77,Instagram Ads,3700.87,1123.6790268234224
U4098,CMP5662,74953.48,YouTube Ads,51567.8,45.34938469354906
U4848,CMP7917,73362.38,Google Ads,20163.94,263.8295888601137
U4690,CMP6485,26909.84,Instagram Ads,1382.68,1846.208811872595
U2241,CMP3116,47338.77,YouTube Ads,44432.08,6.541872448915277
U4836,CMP5062,13791.27,LinkedIn Ads,6478.79,112.86798923873131
U4211,CMP8838,65376.98,Instagram Ads,76901.85,-14.986466515434937
U6512,CMP1887,59458.14,LinkedIn Ads,5305.81,1020.6232413147097
U4296,CMP4333,48162.28,YouTube Ads,8780.19,448.5334599820733
U5375,CMP1776,5443.86,Email Marketing,5820.04,-6.463529460278629
U0610,CMP7607,7966.5,Email Marketing,15414.97,-48.319717780832526
U8851,CMP8808,54699.99,Facebook Ads,33866.51,61.51646567656365
U8851,CMP8808,54699.99,Google Ads,9300.38,488.1479036340451
U0537,CMP6798,33671.19,Email Marketing,13964.16,141.12578200192493
U5877,CMP3869,14843.28,Instagram Ads,12981.84,14.338799430589196
U0350,CMP7451,74169.94,Google Ads,48397.64,53.251150262698765
U5384,CMP9251,21337.65,Facebook Ads,6049.05,252.74381927740723
U0423,CMP2130,59406.36,YouTube Ads,18438.28,222.1903561503568
U6898,CMP9648,5469.18,Instagram Ads,993.01,450.7678673930776
U0711,CMP5932,34759.65,YouTube Ads,9816.72,254.08619172187863
U8033,CMP0511,67520.55,Google Ads,33265.69,102.97354421327198
U8033,CMP0511,26263.46,Google Ads,33265.69,-21.04940555870028
U9591,CMP9967,29032.16,Facebook Ads,1308.99,2117.90540798631
U1875,CMP8693,57845.49,Instagram Ads,54881.01,5.401649860306863
U1875,CMP8693,57845.49,Google Ads,30986.03,86.68248239609915
U6533,CMP3523,23956.71,LinkedIn Ads,18713.88,28.015729501311316
U6533,CMP3523,23956.71,YouTube Ads,31245.4,-23.32724176998855
U1528,CMP4177,55605.6,Instagram Ads,7320.27,659.6113258117529
U5401,CMP2132,27004.65,YouTube Ads,12506.61,115.92301990707314
U1698,CMP6930,12238.71,Email Marketing,4474.47,173.52312117412785
U9407,CMP3675,42401.7,Google Ads,41142.26,3.061183318563431
U4382,CMP9122,52925.38,Google Ads,107346.29,-50.69659137730797
U6567,CMP5568,47763.02,Instagram Ads,1701.37,2707.327036447098
U6567,CMP5568,47763.02,Facebook Ads,36207.19,31.91584323445148
U6567,CMP5568,47763.02,Google Ads,7723.08,518.4452316951267
U5586,CMP1504,54328.5,Email Marketing,16459.12,230.0814381327799
U0816,CMP9300,33651.14,YouTube Ads,819.96,4003.9977559880967
U1865,CMP7958,21781.05,YouTube Ads,25059.2,-13.081622717405189
U6476,CMP9718,15928.41,LinkedIn Ads,43553.83,-63.4282220415518
U6476,CMP9718,18590.0,LinkedIn Ads,43553.83,-57.31718657119248
U8150,CMP3461,28980.4,Facebook Ads,10179.04,184.7066128043509
U1181,CMP3771,33139.3,YouTube Ads,97576.24,-66.03753126785783
U1181,CMP3771,37050.44,YouTube Ads,97576.24,-62.02923990512444
U6844,CMP1276,2298.6,Instagram Ads,44698.01,-94.8574891812857
U7156,CMP2816,44473.7,YouTube Ads,105978.44,-58.0351437518801
U7156,CMP2816,44473.7,LinkedIn Ads,30130.81,47.60207243018025
U1252,CMP1289,40147.41,LinkedIn Ads,18054.73,122.36505336828634
U4194,CMP5725,12100.58,Instagram Ads,16381.09,-26.130800819725675
U9495,CMP1235,66242.07,Facebook Ads,86493.21,-23.413560440177903
U7246,CMP5296,21144.52,Email Marketing,13111.86,61.26255161357732
U0933,CMP5767,48616.48,YouTube Ads,7247.64,570.7904918014692
U0933,CMP5767,48616.48,Instagram Ads,4674.07,940.1316197660713
U9082,CMP1480,60878.84,YouTube Ads,38787.15,56.95620843501003
U9082,CMP1480,60878.84,Instagram Ads,42971.57,41.67236617140123
U7382,CMP3085,7011.44,Instagram Ads,44486.92,-84.23932247950633
U7382,CMP3085,7011.44,Instagram Ads,8102.55,-13.466254450759335
U8587,CMP2828,27769.43,Google Ads,29953.95,-7.292927977779226
U5483,CMP4635,42178.77,LinkedIn Ads,40567.98,3.970594542789642
U2318,CMP4656,52612.14,Instagram Ads,20942.93,151.2167113197628
U5382,CMP2113,62300.2,YouTube Ads,11385.63,447.18272067509656
U5382,CMP2113,48748.41,YouTube Ads,11385.63,328.157335167224
U5941,CMP8625,26123.62,Google Ads,79641.66,-67.19854910106093
U1658,CMP7968,55594.32,Facebook Ads,3194.67,1640.2210556958935
U2659,CMP0619,47136.98,Email Marketing,14544.89,224.07931582844563
U3892,CMP2713,56615.04,Email Marketing,3943.84,1335.5308531786277
U3179,CMP7356,73844.66,Facebook Ads,15902.62,364.3553074902123
U3272,CMP4617,19312.74,LinkedIn Ads,42942.09,-55.02608280127957
U3272,CMP4617,57011.73,LinkedIn Ads,42942.09,32.764218043416165
U2043,CMP7874,12653.19,Instagram Ads,13305.07,-4.899485684780307
U7392,CMP8411,4704.33,Facebook Ads,15268.85,-69.19001758482139
U7392,CMP8411,14565.56,Facebook Ads,15268.85,-4.606044332087884
U5222,CMP6127,25645.3,Facebook Ads,6505.78,294.19254877970053
U2274,CMP2255,46439.61,Google Ads,64798.29,-28.33204394745602
U9976,CMP1299,58380.82,Google Ads,15965.36,265.6718044566486
U9976,CMP1299,58380.82,YouTube Ads,9730.77,499.9609486196879
U7490,CMP4935,67957.16,Google Ads,2895.0,2247.3975820379965
U7490,CMP4935,67957.16,LinkedIn Ads,39940.16,70.14744057109435
U7033,CMP8783,18611.9,Google Ads,60494.07,-69.2335133013864
U1109,CMP3069,59141.12,Email Marketing,16931.74,249.29144907729506
U6117,CMP9080,27264.22,Google Ads,12724.49,114.26571909758269
U6117,CMP9080,18953.24,Google Ads,12724.49,48.95088133198267
U2186,CMP5650,25887.14,Facebook Ads,27970.23,-7.447525458317647
U2210,CMP2869,70812.67,Email Marketing,62483.7,13.329828419251744
U2210,CMP2869,70812.67,LinkedIn Ads,3950.2,1692.6350564528382
U5081,CMP4808,41070.03,Facebook Ads,4572.34,798.2278220779732
U5439,CMP0600,28075.43,Email Marketing,10680.15,162.8748659897099
U8130,CMP6554,69380.06,Email Marketing,27129.41,155.7374450826612
U2957,CMP4370,8367.9,Google Ads,27187.96,-69.22203799034573
U7273,CMP4844,54715.96,Instagram Ads,75084.68,-27.12766439172411
U7273,CMP4844,42730.78,Instagram Ads,75084.68,-43.089881983914694
U7273,CMP4844,25831.75,Instagram Ads,75084.68,-65.59651049987826
U1230,CMP5777,27725.85,YouTube Ads,31474.95,-11.911377142775452
U1230,CMP5777,27725.85,YouTube Ads,14015.35,97.82488485838739
U1230,CMP5777,46246.74,YouTube Ads,31474.95,46.93189345813098
U1230,CMP5777,46246.74,YouTube Ads,14015.35,229.97206634154693
U0571,CMP2622,58554.76,Google Ads,23480.96,149.37123524762194
U7372,CMP5934,57409.02,LinkedIn Ads,4123.09,1292.378531635254
U4090,CMP2256,14564.07,YouTube Ads,26485.78,-45.011738374327656
U7312,CMP6341,52278.06,YouTube Ads,9412.26,455.425158251047
U7312,CMP6341,9478.38,YouTube Ads,9412.26,0.7024880315673279
U7293,CMP3280,74003.17,Google Ads,6817.46,985.494744376938
U2581,CMP5693,52741.27,Email Marketing,7348.64,617.7010984345402
U3879,CMP5923,41886.09,YouTube Ads,10797.68,287.9174970919679
U3879,CMP5923,41886.09,Email Marketing,14068.49,197.7298203289763
U5068,CMP7658,36290.88,YouTube Ads,23420.53,54.9532824406621
U5068,CMP7658,36290.88,YouTube Ads,95320.58,-61.927550168074944
U5068,CMP7658,67809.42,YouTube Ads,23420.53,189.5298270363651
U5068,CMP7658,67809.42,YouTube Ads,95320.58,-28.861721151927533
U1216,CMP6709,39163.98,YouTube Ads,5972.09,555.783486183229
U1216,CMP6709,6954.91,YouTube Ads,5972.09,16.456885278018245
U7089,CMP9033,9968.97,Email Marketing,24541.72,-59.37949744353696
U5670,CMP4983,6605.36,Facebook Ads,25854.2,-74.45150111007109
U1531,CMP9025,44691.78,Instagram Ads,10373.24,330.83723118331403
U0675,CMP2527,71179.6,Facebook Ads,96240.3,-26.03971517129518
U0675,CMP2527,25725.76,Facebook Ads,96240.3,-73.26924375755272
U0497,CMP9450,22258.12,Instagram Ads,55774.0,-60.092301072184185
U4874,CMP4950,5198.55,LinkedIn Ads,55639.34,-90.65670081636482
U4874,CMP4950,5198.55,LinkedIn Ads,2742.46,89.55791515646536
U4874,CMP4950,50654.18,LinkedIn Ads,55639.34,-8.959775583247387
U4874,CMP4950,50654.18,LinkedIn Ads,2742.46,1747.0344143579123
U5122,CMP6810,26393.76,LinkedIn Ads,14548.25,81.42223291461171
U7643,CMP2143,19157.97,Instagram Ads,20270.08,-5.486460832912354
U7643,CMP2143,19157.97,Facebook Ads,20343.2,-5.8261728734908935
U7643,CMP2143,48102.42,Instagram Ads,20270.08,137.3074995263955
U7643,CMP2143,48102.42,Facebook Ads,20343.2,136.45454009202092
U5365,CMP0830,14845.19,Instagram Ads,49980.17,-70.29784012339293
U0380,CMP8164,34699.38,YouTube Ads,73949.61,-53.07699391518089
U0380,CMP8164,8428.88,YouTube Ads,73949.61,-88.60186010446843
U9790,CMP3525,21966.81,YouTube Ads,1516.24,1348.7686645913575
U6607,CMP1762,4548.46,LinkedIn Ads,13237.21,-65.63883174777767
U7379,CMP3190,74189.98,Instagram Ads,9141.35,711.5866912436346
U7379,CMP3190,74189.98,LinkedIn Ads,27428.94,170.4806674993638
U9140,CMP1947,45482.88,Facebook Ads,7730.51,488.3554901293705
U7762,CMP8194,45764.85,Google Ads,435.93,10398.210721904892
U7762,CMP8194,976.7,Google Ads,435.93,124.04973275525886
U4903,CMP2291,62250.48,Instagram Ads,14209.13,338.10198090945755
U4903,CMP2291,62250.48,Google Ads,1379.55,4412.375774709145
U6036,CMP8026,73507.42,Email Marketing,27080.6,171.43940680782555
U6036,CMP8026,73507.42,YouTube Ads,1954.5,3660.9322077257607
U9478,CMP5041,4563.12,Email Marketing,6291.72,-27.474204192176387
U3969,CMP2794,8909.74,YouTube Ads,31935.46,-72.10079328746166
U3969,CMP2794,8909.74,Instagram Ads,69843.11,-87.24320838519361
U3969,CMP2794,8909.74,Instagram Ads,13723.88,-35.07856378808325
U6724,CMP7226,35766.7,Instagram Ads,12547.57,185.04881821739187
U7838,CMP1021,71783.9,Email Marketing,6814.87,953.3421767399817
U4332,CMP8735,71832.3,Instagram Ads,42295.37,69.83490155068982
U3397,CMP9144,24290.28,Instagram Ads,20298.35,19.666278293555884
U3397,CMP9144,4127.79,Instagram Ads,20298.35,-79.66440622021001
U8900,CMP9184,26376.25,Email Marketing,5689.07,363.6302594272878
U5675,CMP2400,56239.89,Instagram Ads,6610.99,750.7029960716927
U1790,CMP3311,18516.69,YouTube Ads,34534.41,-46.38191299634192
U1790,CMP3311,22514.58,YouTube Ads,34534.41,-34.805372380764574
U1790,CMP3311,14555.28,YouTube Ads,34534.41,-57.85281983969034
U5412,CMP8701,57979.38,Facebook Ads,13209.45,338.9234979503309
U5412,CMP8701,57979.38,Facebook Ads,1018.58,5592.177344931178
U5412,CMP8701,57979.38,LinkedIn Ads,15165.97,282.29918692968533
U7823,CMP9017,72320.61,Facebook Ads,101822.81,-28.974057973846918
U3805,CMP4677,63887.24,Email Marketing,3402.88,1777.446163249953
U8117,CMP2869,69508.46,Email Marketing,62483.7,11.24254805653316
U8117,CMP2869,69508.46,LinkedIn Ads,3950.2,1659.6187534808369
U4663,CMP0614,39680.66,Google Ads,31003.72,27.986770619783698
U5418,CMP2199,48885.18,YouTube Ads,13422.55,264.20188414273
U5418,CMP2199,42941.16,YouTube Ads,13422.55,219.91804835891844
U3165,CMP3051,48175.4,Google Ads,91054.09,-47.09144861038092
U3028,CMP7008,70235.04,YouTube Ads,7231.08,871.293914601968
U4948,CMP4273,1599.1,LinkedIn Ads,29482.9,-94.57617805575435
U4948,CMP4273,14406.82,LinkedIn Ads,29482.9,-51.13499689650611
U5027,CMP5891,38062.14,Email Marketing,4312.62,782.5757891954311
U6022,CMP5096,71834.02,Email Marketing,25166.84,185.43122616903833
U7715,CMP2510,16967.07,LinkedIn Ads,30407.4,-44.200852424080985
U1280,CMP9762,62286.48,Google Ads,43554.9,43.006825868042405
U8526,CMP8282,16001.06,Facebook Ads,22774.26,-29.74059310818441
U8526,CMP8282,16001.06,Email Marketing,49253.93,-67.51313042431335
U2162,CMP8009,42620.4,Google Ads,61596.16,-30.806725614064256
U3571,CMP7576,32209.53,Email Marketing,2149.84,1398.229170542924
U0520,CMP1045,57846.18,YouTube Ads,3578.06,1516.6911678395556
U6155,CMP6888,65685.62,Instagram Ads,65983.15,-0.45091815107341626
U3649,CMP5698,35128.03,Google Ads,21101.68,66.47029999507149
U7547,CMP8921,14744.67,LinkedIn Ads,53381.11,-72.37848744621459
U3944,CMP1849,44850.36,Google Ads,91740.68,-51.111807760744746
U3944,CMP1849,44850.36,Facebook Ads,4999.02,797.1830478773838
U6591,CMP9795,16882.24,Email Marketing,5745.07,193.85612359814593
U5225,CMP0925,50685.5,Facebook Ads,15960.14,217.57553505169756
U5225,CMP0925,8500.08,Facebook Ads,15960.14,-46.74182056047127
U6776,CMP3882,42086.32,Instagram Ads,29063.09,44.81020428316466
U5643,CMP2870,59096.0,Email Marketing,86190.85,-31.43587747423306
U7759,CMP6822,64422.44,LinkedIn Ads,11614.53,454.6710887138782
U7759,CMP6822,42822.96,LinkedIn Ads,11614.53,268.7016177150517
U8684,CMP7587,19683.42,Google Ads,66666.37,-70.47473861258683
U0845,CMP1296,45668.98,LinkedIn Ads,9582.01,376.61169211887693
U7855,CMP1193,71808.72,Facebook Ads,85260.05,-15.776826309625669
U3975,CMP3471,15935.1,YouTube Ads,50096.75,-68.19134973825648
U3975,CMP3471,15935.1,Facebook Ads,30704.8,-48.10225111383236
U5887,CMP3922,38826.63,YouTube Ads,21694.62,78.96893331157678
U3329,CMP7636,4144.36,Google Ads,122544.3,-96.61807199518869
U9489,CMP3626,15317.24,Email Marketing,819.37,1769.3923380157926
U5531,CMP6224,48395.82,YouTube Ads,25425.43,90.34415543807913
U5531,CMP6224,62762.96,YouTube Ads,25425.43,146.85112503505349
U8001,CMP7551,71824.84,Facebook Ads,31789.71,125.93738665750647
U2253,CMP0555,53257.34,Google Ads,13399.28,297.46419210584446
U7917,CMP3584,1240.96,YouTube Ads,11054.32,-88.77398157462423
U4698,CMP6740,52566.03,Google Ads,4859.42,981.7346514604625
U8626,CMP2938,59774.02,Google Ads,5733.71,942.501626346641
U3701,CMP6113,63704.13,LinkedIn Ads,31605.21,101.56211586633977
U0920,CMP0520,13475.24,Google Ads,28721.08,-53.08240497919995
U3765,CMP7110,42833.73,Email Marketing,15090.0,183.855069582505
U0540,CMP0763,72139.08,Google Ads,84678.82,-14.808590861327547
U0540,CMP0763,72139.08,Email Marketing,4141.43,1641.8881883793758
U3940,CMP2363,67317.04,Email Marketing,5261.39,1179.453528440203
U8205,CMP6289,33203.8,Email Marketing,33023.67,0.5454572432440267
U6500,CMP1246,21044.54,Instagram Ads,84077.53,-74.9700782123357
U3044,CMP8039,28970.4,Facebook Ads,86882.6,-66.65569400547405
U6226,CMP4840,55669.41,Facebook Ads,4935.32,1027.979745994181
U5897,CMP5910,7231.82,Google Ads,1140.11,534.3089701870872
U5897,CMP5910,7231.82,YouTube Ads,116718.3,-93.80403929803639
U5897,CMP5910,15438.51,Google Ads,1140.11,1254.1246020120866
U5897,CMP5910,15438.51,YouTube Ads,116718.3,-86.77284538928343
U5897,CMP5910,15324.02,Google Ads,1140.11,1244.0825885221602
U5897,CMP5910,15324.02,YouTube Ads,116718.3,-86.8709362627797
U1469,CMP7354,45071.66,YouTube Ads,40944.36,10.08026502307034
U1469,CMP7354,32895.03,YouTube Ads,40944.36,-19.659191155998045
U1469,CMP7354,51136.68,YouTube Ads,40944.36,24.89309882972893
U1469,CMP7354,21184.78,YouTube Ads,40944.36,-48.259589354919704
U1469,CMP7354,63254.73,YouTube Ads,40944.36,54.489482800561554
U9168,CMP5316,13341.53,LinkedIn Ads,1938.59,588.2079243161268
U1037,CMP2778,32016.86,Facebook Ads,9233.9,246.73171682604317
U9729,CMP1261,8692.7,Instagram Ads,16022.68,-45.747527879231185
U9729,CMP1261,65776.89,Instagram Ads,16022.68,310.52364523288236
U7213,CMP0111,61897.48,LinkedIn Ads,52398.57,18.128185559262405
U3291,CMP9739,72369.66,Facebook Ads,17795.6,306.67164917170544
U5340,CMP5229,59100.58,Instagram Ads,157313.8,-62.431407797663006
U5340,CMP5229,59100.58,LinkedIn Ads,14375.65,311.115879977601
U9013,CMP1866,70765.89,YouTube Ads,49381.54,43.30434004285812
U9013,CMP1866,57490.69,YouTube Ads,49381.54,16.421419826113162
U8181,CMP7184,18720.07,Instagram Ads,19912.13,-5.98660213648666
U8181,CMP7184,18720.07,Email Marketing,689.26,2615.966398746482
U7852,CMP2526,38366.0,Email Marketing,11906.8,222.21923606678538
U9730,CMP6854,57844.84,YouTube Ads,6177.45,836.3870205343628
U6548,CMP5817,1533.16,Facebook Ads,9576.18,-83.98985816891495
U9425,CMP3638,29791.71,YouTube Ads,104852.5,-71.58702939844068
U7910,CMP9644,69100.65,Email Marketing,10961.42,530.3987074667333
U3390,CMP1902,36105.07,Email Marketing,6072.02,494.61381879506325
U1886,CMP7413,8870.17,Instagram Ads,2179.22,307.03416818861797
U5423,CMP2693,17965.28,Email Marketing,12010.99,49.5736821028075
U5423,CMP2693,17965.28,LinkedIn Ads,7135.21,151.7834793930382
U3233,CMP3023,29621.06,Facebook Ads,67183.79,-55.910406364392365
U9460,CMP3520,27910.12,Facebook Ads,46388.26,-39.83365618800964
U9460,CMP3520,27910.12,LinkedIn Ads,11561.58,141.40402955305416
U5135,CMP7497,29896.4,Google Ads,49216.4,-39.255207613722256
U5135,CMP7497,29896.4,Facebook Ads,24632.76,21.368454042502762
U5135,CMP7497,874.64,Google Ads,49216.4,-98.22286879983095
U5135,CMP7497,874.64,Facebook Ads,24632.76,-96.44928136351753
U4874,CMP5701,5198.55,Instagram Ads,28186.72,-81.55674019538279
U4874,CMP5701,5198.55,Google Ads,6592.18,-21.140654533098306
U4874,CMP5701,50654.18,Instagram Ads,28186.72,79.70938087155936
U4874,CMP5701,50654.18,Google Ads,6592.18,668.398010976642
U2317,CMP1932,45034.62,Facebook Ads,5748.91,683.3592802809577
U2317,CMP1932,59708.5,Facebook Ads,5748.91,938.6055791445683
U2839,CMP6287,22195.98,LinkedIn Ads,27828.27,-20.23945433905881
U2839,CMP6287,22195.98,Google Ads,5602.77,296.1608275906382
U7940,CMP5155,29257.86,LinkedIn Ads,16376.08,78.66217067820871
U7273,CMP8282,54715.96,Facebook Ads,22774.26,140.25351427444846
U7273,CMP8282,54715.96,Email Marketing,49253.93,11.089531332829683
U7273,CMP8282,42730.78,Facebook Ads,22774.26,87.62752335311885
U7273,CMP8282,42730.78,Email Marketing,49253.93,-13.24391779498611
U7273,CMP8282,25831.75,Facebook Ads,22774.26,13.425200204090066
U7273,CMP8282,25831.75,Email Marketing,49253.93,-47.55393122944707
U2756,CMP3614,58111.66,Instagram Ads,2129.91,2628.362231267988
U6011,CMP9007,54134.28,YouTube Ads,5497.31,884.7412643638434
U0529,CMP3581,64768.32,LinkedIn Ads,21720.18,198.19421386010612
U0529,CMP3581,64768.32,LinkedIn Ads,81615.18,-20.641821778742624
U5745,CMP7194,32541.4,Google Ads,15168.75,114.52921302018954
U4606,CMP2282,24781.28,Facebook Ads,3655.56,577.9065314206305
U1561,CMP4795,5151.98,Instagram Ads,42933.98,-88.00022732576853
U4056,CMP2079,11306.25,Email Marketing,2838.25,298.35285827534574
U1526,CMP4403,21408.26,Email Marketing,32509.98,-34.148652198494126
U7512,CMP6047,27348.04,LinkedIn Ads,34640.61,-21.05208308976083
U4400,CMP8757,41387.8,LinkedIn Ads,30635.11,35.09923744357374
U4400,CMP8757,45965.37,LinkedIn Ads,30635.11,50.04147202343978
U7530,CMP9276,64430.62,LinkedIn Ads,1473.58,4272.386975936156
U4946,CMP7480,49353.15,Google Ads,34011.37,45.107797774685345
U4946,CMP7480,49353.15,Instagram Ads,65448.5,-24.592389435968737
U4946,CMP7480,49353.15,Instagram Ads,75221.92,-34.38993580594592
U4946,CMP7480,50011.66,Google Ads,34011.37,47.04394442211531
U4946,CMP7480,50011.66,Instagram Ads,65448.5,-23.58623956240402
U4946,CMP7480,50011.66,Instagram Ads,75221.92,-33.514512790952416
U5006,CMP1351,49419.78,Instagram Ads,9404.73,425.47792440612335
U3706,CMP1560,1439.55,Google Ads,7739.45,-81.39984107397812
U3752,CMP5630,60592.29,Google Ads,27602.93,119.5139791319255
U2341,CMP5134,1379.25,Instagram Ads,5619.74,-75.45704961439496
U6746,CMP2689,19176.42,LinkedIn Ads,24217.06,-20.814417604779454
U6746,CMP2689,64602.21,LinkedIn Ads,24217.06,166.76322394213003
U7036,CMP1647,21314.85,Facebook Ads,19200.88,11.009755802859022
U7036,CMP1647,6143.55,Facebook Ads,19200.88,-68.00381024203058
U0440,CMP4066,39192.87,YouTube Ads,75074.0,-47.79434957508591
U8109,CMP3091,37844.01,Email Marketing,34119.5,10.91607438561527
U6338,CMP1164,41316.94,YouTube Ads,4409.42,837.0152990642762
U3535,CMP7718,30299.64,Google Ads,1288.64,2251.288179786441
U8809,CMP8210,6957.09,LinkedIn Ads,13187.62,-47.24529520868815
U8809,CMP8210,44168.08,LinkedIn Ads,13187.62,234.9207817635024
U1084,CMP8378,54949.41,Facebook Ads,12960.87,323.9639005714894
U7429,CMP3910,23714.79,Google Ads,7528.44,215.00270972472387
U7429,CMP3910,23714.79,Facebook Ads,3347.27,608.4815386867507
U8134,CMP2878,58886.79,Google Ads,1773.15,3221.026985872599
U1935,CMP4248,32627.36,Facebook Ads,17011.36,91.79748121255443
U7458,CMP1047,37846.05,Instagram Ads,128036.89,-70.44129234941586
U1890,CMP2735,940.71,Instagram Ads,17540.38,-94.63688928061991
U2933,CMP0202,68610.62,Facebook Ads,4727.49,1351.3117954770926
U4445,CMP6871,9615.53,Facebook Ads,20381.09,-52.82131622989742
U4445,CMP6871,70929.36,Facebook Ads,20381.09,248.01553793246586
U1130,CMP0863,63479.85,Facebook Ads,42536.79,49.23516795696148
U9238,CMP1416,18761.86,YouTube Ads,1029.95,1721.6282343803098
U9238,CMP1416,18761.86,YouTube Ads,11455.28,63.78351293028193
U2467,CMP9695,18050.08,LinkedIn Ads,36169.71,-50.09614398346018
U2467,CMP9695,18050.08,Instagram Ads,8223.71,119.48828448473989
U2467,CMP9695,18050.08,YouTube Ads,19761.99,-8.662639744276763
U1704,CMP0158,31921.32,Instagram Ads,1980.49,1511.7890017116974
U8516,CMP0982,28407.52,Facebook Ads,19129.0,48.50499241988604
U1227,CMP1392,33047.48,YouTube Ads,5247.59,529.7649016024499
U5346,CMP2142,18095.64,Facebook Ads,19460.52,-7.013584426315438
U7366,CMP3322,9714.7,Facebook Ads,4916.94,97.57613475047492
U7366,CMP3322,18441.33,Facebook Ads,4916.94,275.0570476759937
U1482,CMP3402,62109.21,LinkedIn Ads,27444.22,126.31071314834233
U4067,CMP9885,4384.59,Google Ads,7093.17,-38.18574769813778
U9014,CMP4263,8316.62,Facebook Ads,8099.36,2.682434167637951
U2142,CMP2291,51706.68,Instagram Ads,14209.13,263.89757852873475
U2142,CMP2291,51706.68,Google Ads,1379.55,3648.0830705664894
U0358,CMP1377,48714.52,YouTube Ads,40264.35,20.98672895501852
U0358,CMP1377,48714.52,Instagram Ads,37206.02,30.9318223233767
U0830,CMP2111,61760.14,Google Ads,3419.29,1706.2270237388464
U3067,CMP8129,66344.22,Google Ads,19583.03,238.78424329636428
U7849,CMP4027,29188.89,Email Marketing,20322.74,43.62674521250578
U0320,CMP3268,36366.57,Email Marketing,28308.38,28.46574053336856
U2947,CMP7941,17012.25,Instagram Ads,33853.44,-49.74735211547187
U2947,CMP7941,7070.76,Instagram Ads,33853.44,-79.11361445099818
U3814,CMP4603,49522.18,Google Ads,38408.52,28.935402874153976
U9433,CMP8744,63062.25,Email Marketing,16587.47,280.18003951175194
U9433,CMP8744,63434.79,Email Marketing,16587.47,282.4259516369886
U5879,CMP2847,52766.64,Facebook Ads,19969.13,164.2410560700441
U5879,CMP2847,12526.45,Facebook Ads,19969.13,-37.27092767686925
U8883,CMP9301,3568.82,YouTube Ads,22973.03,-84.46517503350668
U5436,CMP3812,10438.84,YouTube Ads,1534.38,580.3295142011757
U5436,CMP3812,10438.84,YouTube Ads,3313.68,215.0225730909442
U2321,CMP2908,27843.07,Instagram Ads,366.12,7504.902764121053
U4945,CMP6121,55127.14,Email Marketing,83304.81,-33.82478154622764
U5847,CMP7983,61223.22,Email Marketing,21971.41,178.64948130320266
U5847,CMP7983,73142.38,Email Marketing,21971.41,232.89797969270066
U9386,CMP5027,14269.58,Email Marketing,23051.91,-38.098057818202484
U5426,CMP3620,73691.68,Email Marketing,17040.62,332.4471762177667
U3436,CMP1454,26773.23,Email Marketing,57253.93,-53.23774280647634
U3436,CMP1454,26773.23,YouTube Ads,9096.66,194.31934358324924
U2726,CMP1771,28869.4,Email Marketing,573.74,4931.791403771743
U3696,CMP6150,60090.19,LinkedIn Ads,12634.97,375.5863290534129
U3696,CMP6150,60090.19,Google Ads,66473.06,-9.602190722075974
U3696,CMP6150,48836.7,LinkedIn Ads,12634.97,286.5201104553473
U3696,CMP6150,48836.7,Google Ads,66473.06,-26.53159039165641
U5601,CMP4832,55099.89,Google Ads,41928.3,31.414557709232177
U0508,CMP1526,45843.33,Instagram Ads,92035.28,-50.18939476253019
U6706,CMP2574,69473.83,Google Ads,4438.71,1465.1806493328017
U6438,CMP4347,37202.91,Email Marketing,8441.2,340.73010946310956
U6438,CMP4347,58770.46,Email Marketing,8441.2,596.2334739136614
U9834,CMP5912,2660.88,Google Ads,5871.09,-54.678262469149686
U7716,CMP4782,7516.92,Google Ads,7864.6,-4.4208224194491805
U0732,CMP6350,20307.51,Facebook Ads,28453.42,-28.628931074015007
U1585,CMP4401,60757.38,YouTube Ads,3195.48,1801.3537872244544
U6859,CMP9663,70274.83,Facebook Ads,9450.46,643.6127976839224
U8227,CMP3861,43182.8,LinkedIn Ads,3509.59,1130.4229268945946
U3472,CMP2416,32185.59,Google Ads,28013.17,14.8944942682317
U3472,CMP2416,32185.59,LinkedIn Ads,21710.16,48.251279585226456
U3472,CMP2416,56463.87,Google Ads,28013.17,101.56187250496822
U3472,CMP2416,56463.87,LinkedIn Ads,21710.16,160.0803955383102
U5239,CMP7134,42060.04,Facebook Ads,42263.52,-0.4814554017270591
U9627,CMP5344,31522.35,Instagram Ads,70546.92,-55.317184648174575
U1731,CMP9284,21992.4,YouTube Ads,121386.08,-81.8822718387479
U9978,CMP5634,21199.5,LinkedIn Ads,22585.31,-6.135890984006866
U3893,CMP9973,69122.0,Email Marketing,21077.92,227.93558377676737
U3893,CMP9973,69122.0,LinkedIn Ads,43067.69,60.49618635222831
U1610,CMP6103,73085.79,Google Ads,20108.16,263.46334025589607
U3080,CMP5258,61929.74,Instagram Ads,90013.31,-31.1993526290723
U1076,CMP7938,30701.34,YouTube Ads,5873.78,422.6845404492508
U1076,CMP7938,6702.64,YouTube Ads,5873.78,14.111185641954597
U0945,CMP8590,4504.02,YouTube Ads,1333.25,237.82261391336962
U2030,CMP3263,28405.65,Instagram Ads,43680.57,-34.969598611007136
U2680,CMP7309,51897.15,Facebook Ads,59004.49,-12.045422305997386
U3627,CMP0450,16099.77,LinkedIn Ads,3767.44,327.3397851060667
U3627,CMP0450,16099.77,Email Marketing,17908.79,-10.101296625846864
U0146,CMP6710,13610.14,YouTube Ads,8721.79,56.0475544584311
U4512,CMP0139,26641.66,Facebook Ads,42152.64,-36.79717332057969
U8381,CMP3576,48815.14,LinkedIn Ads,42042.32,16.109529635852635
U4530,CMP4632,21308.7,Instagram Ads,19904.3,7.055761820310192
U6621,CMP4896,11139.76,Facebook Ads,18864.84,-40.949618443623166
U9553,CMP8149,14851.2,Instagram Ads,16899.97,-12.122920928262005
U5874,CMP3644,13371.51,Email Marketing,85708.25,-84.3988064159518
U5874,CMP3644,43615.44,Email Marketing,85708.25,-49.11173661812019
U9160,CMP9147,25670.72,Facebook Ads,4821.66,432.40419274689634
U5429,CMP3642,22583.3,Instagram Ads,54989.7,-58.931763584816785
U5429,CMP3642,8249.46,Instagram Ads,54989.7,-84.99817238501028
U1167,CMP1930,9646.34,LinkedIn Ads,8886.08,8.55562857863085
U1167,CMP1930,9646.34,Instagram Ads,24334.58,-60.35953774423064
U2251,CMP6254,74048.97,YouTube Ads,6003.08,1133.5162949685828
U5450,CMP7497,47861.55,Google Ads,49216.4,-2.752842548418817
U5450,CMP7497,47861.55,Facebook Ads,24632.76,94.30039508362037
U8022,CMP7407,32953.08,Instagram Ads,9312.81,253.84679812000894
U8022,CMP7407,66770.56,Instagram Ads,9312.81,616.9754349116969
U3268,CMP6610,24674.32,LinkedIn Ads,8235.65,199.60379569311468
U3708,CMP8701,10323.1,Facebook Ads,13209.45,-21.85064480353081
U3708,CMP8701,10323.1,Facebook Ads,1018.58,913.4795499617114
U3708,CMP8701,10323.1,LinkedIn Ads,15165.97,-31.932477777550655
U3708,CMP8701,32233.17,Facebook Ads,13209.45,144.01598855364907
U3708,CMP8701,32233.17,Facebook Ads,1018.58,3064.5202144161476
U3708,CMP8701,32233.17,LinkedIn Ads,15165.97,112.53615825430221
U4886,CMP8247,39381.42,YouTube Ads,5165.1,662.4522274496137
U5886,CMP5536,68926.76,LinkedIn Ads,19052.12,261.78000138567256
U0360,CMP0314,9894.78,Facebook Ads,59758.77,-83.44212907996601
U0360,CMP0314,71744.01,Facebook Ads,59758.77,20.056035289882974
U0797,CMP0613,8777.43,LinkedIn Ads,67826.73,-87.0590399979477
U2025,CMP0324,52863.72,Google Ads,19068.09,177.23657691986983
U4424,CMP0153,10934.38,Instagram Ads,23341.3,-53.15436586651129
U8155,CMP1719,58513.46,YouTube Ads,14730.89,297.21605415558736
U8981,CMP8572,70034.49,Facebook Ads,26119.41,168.13197541598376
U8096,CMP3843,38744.12,Google Ads,1745.19,2120.0516849168284
U4328,CMP1660,61128.5,Instagram Ads,40262.2,51.826030370918645
U1557,CMP0647,11025.78,Instagram Ads,25992.29,-57.58057485508202
U1557,CMP0647,11025.78,Facebook Ads,55795.06,-80.23878816511713
U1523,CMP2794,9202.02,YouTube Ads,31935.46,-71.18557240133696
U1523,CMP2794,9202.02,Instagram Ads,69843.11,-86.82472759302956
U1523,CMP2794,9202.02,Instagram Ads,13723.88,-32.94884537025972
U2733,CMP7480,54686.02,Google Ads,34011.37,60.78746607384529
U2733,CMP7480,54686.02,Instagram Ads,65448.5,-16.444196582045432
U2733,CMP7480,54686.02,Instagram Ads,75221.92,-27.300419877610143
U7179,CMP2612,58602.94,Google Ads,53518.95,9.499420298791375
U1851,CMP0473,5452.7,Email Marketing,23989.03,-77.2700271749212
U9258,CMP5149,25868.82,Google Ads,137777.8,-81.22424657673442
U6306,CMP1561,74093.54,LinkedIn Ads,45069.0,64.40023075728327
U2710,CMP0191,18636.21,Email Marketing,36792.17,-49.34734754704601
U3851,CMP0825,60243.64,YouTube Ads,31698.55,90.05172160871712
U0292,CMP1443,3410.52,LinkedIn Ads,12079.68,-71.7664706349837
U8329,CMP0003,50606.97,Google Ads,105869.24,-52.19860839654653
U8329,CMP0003,56762.82,Google Ads,105869.24,-46.38402995997705
U5440,CMP5585,35880.18,Instagram Ads,5671.35,532.6567748419689
U3634,CMP5953,62368.88,Email Marketing,4137.87,1407.2701655682754
U3634,CMP5953,63153.92,Email Marketing,4137.87,1426.242245406453
U2690,CMP4784,53976.57,YouTube Ads,46016.15,17.299187350528015
U2690,CMP4784,23950.12,YouTube Ads,46016.15,-47.95279483398764
U6438,CMP6705,37202.91,Google Ads,15129.85,145.89080526244481
U6438,CMP6705,58770.46,Google Ads,15129.85,288.4404670237973
U9648,CMP5537,49640.42,Google Ads,8047.86,516.8151533451129
U9648,CMP5537,49640.42,Email Marketing,64771.33,-23.360505334690522
U9648,CMP5537,26655.84,Google Ads,8047.86,231.2164973048736
U9648,CMP5537,26655.84,Email Marketing,64771.33,-58.84623644442688
U9065,CMP8261,69384.54,Facebook Ads,1001.42,6828.6153661800245
U9065,CMP8261,69384.54,Email Marketing,44917.28,54.47182019926405
U9065,CMP8261,69384.54,YouTube Ads,40225.78,72.48774293500337
U1697,CMP2904,45757.44,Email Marketing,22497.54,103.38863715766257
U4483,CMP8260,34373.79,LinkedIn Ads,93346.23,-63.176027569619045
U4898,CMP2264,24057.87,LinkedIn Ads,104185.14,-76.90853993189432
U5658,CMP9070,49018.92,Email Marketing,5380.22,811.095085331083
U5658,CMP9070,49018.92,Instagram Ads,43869.78,11.73732806501423
U1891,CMP2914,44023.36,YouTube Ads,78283.4,-43.76411857430821
U0210,CMP6840,29029.62,Email Marketing,42711.2,-32.03276892243721
U4106,CMP0928,58988.54,Facebook Ads,50722.55,16.296479573680735
U4106,CMP0928,65757.44,Facebook Ads,50722.55,29.64143167092348
U9206,CMP8867,42424.34,Google Ads,16130.3,163.01023539549792
U6350,CMP8371,72463.11,Email Marketing,40803.5,77.59042729177644
U3696,CMP0213,60090.19,Email Marketing,11770.01,410.5364396461855
U3696,CMP0213,48836.7,Email Marketing,11770.01,314.92488111734815
U4820,CMP9641,6279.33,YouTube Ads,52557.83,-88.05253184920305
U4573,CMP2848,12698.97,Email Marketing,9346.7,35.86581360266188
U0655,CMP4179,4526.01,Google Ads,57738.71,-92.16122078238325
U5208,CMP4935,39405.02,Google Ads,2895.0,1261.1405872193436
U5208,CMP4935,39405.02,LinkedIn Ads,39940.16,-1.3398544222156512
U5725,CMP8277,25392.34,Facebook Ads,53517.79,-52.55345932632869
U0145,CMP4810,33840.8,Facebook Ads,156138.37,-78.32640368924051
U6323,CMP3995,21750.06,Google Ads,48695.7,-55.33474208194974
U0719,CMP8469,24533.22,Instagram Ads,75555.44,-67.52951210395969
U3454,CMP1573,16578.26,Facebook Ads,11611.76,42.771293929602386
U3454,CMP1573,29753.85,Facebook Ads,11611.76,156.2389336327998
U1182,CMP6951,34847.48,Google Ads,38290.99,-8.993003314879022
U9144,CMP0621,17652.69,Google Ads,903.99,1852.7527959380077
U0277,CMP6679,40461.45,LinkedIn Ads,49919.7,-18.946928767600767
U5861,CMP1037,59176.73,Email Marketing,6231.01,849.7132888568627
U6474,CMP9938,12357.02,Google Ads,59595.22,-79.2650819981871
U2361,CMP2235,68627.04,Email Marketing,34632.8,98.15619874800764
U2361,CMP2235,68627.04,Facebook Ads,20074.11,241.86840661927224
U0685,CMP6114,30010.56,Google Ads,88134.21,-65.94902251917843
U8398,CMP1395,17143.5,Instagram Ads,9047.47,89.48391097179655
U8398,CMP1395,70097.81,Instagram Ads,9047.47,674.778031869683
U0892,CMP4141,41562.6,Facebook Ads,5995.93,593.1802072405782
U0892,CMP4141,18328.22,Facebook Ads,5995.93,205.6776846961189
U5421,CMP1104,49418.87,Instagram Ads,6899.81,616.2352296657444
U5380,CMP4672,52239.27,YouTube Ads,3595.32,1352.9797069523713
U0080,CMP9267,17198.28,YouTube Ads,50909.32,-66.21781630554091
U7864,CMP7146,58276.44,Instagram Ads,16551.55,252.09052928577685
U8825,CMP9039,66560.43,Google Ads,6634.08,903.3106323710294
U9485,CMP1236,68043.04,LinkedIn Ads,2884.27,2259.1078505133014
U9485,CMP1236,68043.04,Google Ads,15911.78,327.62682741968524
U5994,CMP4270,58081.76,YouTube Ads,54616.27,6.345160517186556
U5962,CMP4768,18486.9,Facebook Ads,47500.83,-61.08089058654343
U9271,CMP2718,55101.33,YouTube Ads,5090.8,982.3707472302978
U6053,CMP5879,16102.98,Google Ads,13419.36,19.99812211610687
U5310,CMP5919,47792.36,LinkedIn Ads,67657.1,-29.36090964584649
U5310,CMP5919,47792.36,Email Marketing,35300.39,35.38762602906087
U6202,CMP4315,67443.33,YouTube Ads,26159.99,157.81099304701567
U5654,CMP8466,45612.66,Instagram Ads,21630.95,110.86757632004142
U5654,CMP8466,45612.66,Facebook Ads,16884.8,170.14036292997255
U5654,CMP8466,63203.26,Instagram Ads,21630.95,192.18901620132263
U5654,CMP8466,63203.26,Facebook Ads,16884.8,274.32045389936513
U4601,CMP2277,12433.78,LinkedIn Ads,3818.25,225.64080403326133
U7890,CMP1939,16394.78,Email Marketing,29183.77,-43.82226833613341
U2640,CMP6733,3659.92,Google Ads,1070.79,241.7962438946946
U6643,CMP2407,2132.54,Google Ads,20637.6,-89.66672481296274
U7892,CMP4645,31249.44,Google Ads,24772.73,26.14451455289748
U5615,CMP9547,5861.58,Facebook Ads,23822.17,-75.39443300085593
U6878,CMP6316,13923.6,Facebook Ads,501.41,2676.8891725334556
U7902,CMP9828,45558.0,Google Ads,65377.16,-30.31511310677919
U0712,CMP0020,17789.36,Email Marketing,82835.08,-78.52436431521525
U4171,CMP7900,64534.71,LinkedIn Ads,20077.71,221.42465450492114
U4171,CMP7900,64534.71,Email Marketing,13672.91,371.98957646909105
U0117,CMP9803,39342.32,YouTube Ads,12550.8,213.464639704242
U6981,CMP3366,20151.74,Email Marketing,30046.21,-32.93084219274244
U3338,CMP6940,42149.02,YouTube Ads,45808.89,-7.989431745672079
U9465,CMP6066,55381.84,YouTube Ads,27847.73,98.87380407666978
U1643,CMP1952,59116.53,Email Marketing,30448.09,94.15513419725178
U0087,CMP9021,69495.24,YouTube Ads,4792.25,1350.1589023944912
U0619,CMP1445,49471.0,Google Ads,8612.05,474.4393030695363
U0619,CMP1445,53400.64,Google Ads,8612.05,520.0688570084939
U8490,CMP9789,58958.98,Google Ads,21117.49,179.19501796851804
U5894,CMP8452,73191.7,Email Marketing,14042.03,421.233041091637
U8483,CMP4521,5844.83,LinkedIn Ads,31540.05,-81.468545547645
U5694,CMP9005,72257.0,Instagram Ads,170501.57,-57.6209180947718
U1745,CMP6619,22598.2,YouTube Ads,645.32,3401.859542552532
U4099,CMP1918,42565.27,YouTube Ads,37692.87,12.926582666695301
U0449,CMP3986,5765.91,Instagram Ads,59499.17,-90.3092597762288
U5786,CMP3611,52785.78,Email Marketing,62991.28,-16.20144883545786
U5786,CMP3611,52785.78,Instagram Ads,374.0,14013.844919786095
U1246,CMP4068,24055.05,Instagram Ads,12389.18,94.16176050392357
U3848,CMP9400,17768.66,Instagram Ads,9300.5,91.05058867802806
U1286,CMP4092,46326.66,YouTube Ads,21406.4,116.41499738395993
U1286,CMP4092,46326.66,Google Ads,1115.72,4052.1761732334276
U9413,CMP8872,73841.31,Google Ads,41287.59,78.84625864575773
U9413,CMP8872,73841.31,LinkedIn Ads,12560.62,487.87949957884234
U9413,CMP8872,5455.17,Google Ads,41287.59,-86.78738574956785
U9413,CMP8872,5455.17,LinkedIn Ads,12560.62,-56.56926170841885
U0888,CMP8375,70519.33,Instagram Ads,29208.67,141.4328690762024
U8491,CMP8233,1375.08,Instagram Ads,15551.88,-91.15811078789187
U8491,CMP8233,8868.78,Instagram Ads,15551.88,-42.97293960601547
U4255,CMP3453,18357.58,LinkedIn Ads,7170.74,156.00677196495764
U4255,CMP3453,27023.61,LinkedIn Ads,7170.74,276.8594315231065
U6100,CMP5622,34216.64,Instagram Ads,20750.55,64.8950991660462
U3864,CMP2149,29030.6,YouTube Ads,63543.19,-54.313593636076504
U8471,CMP2451,59060.97,LinkedIn Ads,1382.73,4171.330628539194
U8471,CMP2451,48723.03,LinkedIn Ads,1382.73,3423.683582478141
U8471,CMP2451,33301.03,LinkedIn Ads,1382.73,2308.3537639307747
U2677,CMP4112,19631.01,YouTube Ads,4167.69,371.02855538679705
U9181,CMP1578,2222.77,LinkedIn Ads,38985.29,-94.29843923182308
U8822,CMP5753,24887.96,Email Marketing,21146.91,17.69076427714498
U7599,CMP7988,13192.48,Email Marketing,6344.77,107.92684368385297
U7599,CMP7988,14482.22,Email Marketing,6344.77,128.25445209203798
U1297,CMP5528,24026.04,LinkedIn Ads,115953.86,-79.27965485581939
U1297,CMP5528,24026.04,Facebook Ads,74239.8,-67.63725117793959
U7290,CMP4774,39429.48,Email Marketing,34852.84,13.13132588334267
U4123,CMP6783,16384.94,Facebook Ads,675.1,2327.0389571915266
U4123,CMP6783,16384.94,YouTube Ads,27117.74,-39.57851944889214
U0882,CMP1688,57550.98,Google Ads,18037.99,219.05428487320373
U5069,CMP1703,21850.02,Instagram Ads,10312.31,111.88288559983168
U5847,CMP2072,61223.22,Facebook Ads,37955.14,61.304160648597275
U5847,CMP2072,61223.22,Facebook Ads,9986.57,513.0555335816001
U5847,CMP2072,73142.38,Facebook Ads,37955.14,92.70744357681201
U5847,CMP2072,73142.38,Facebook Ads,9986.57,632.4074231693164
U8836,CMP4464,34648.35,YouTube Ads,22503.84,53.96638973615169
U5689,CMP9241,60499.54,LinkedIn Ads,72443.02,-16.486722944460354
U0002,CMP5045,22042.1,Instagram Ads,11380.17,93.6886707316323
U7053,CMP0137,59909.98,Email Marketing,67674.03,-11.472717082165781
U2676,CMP6122,28843.08,Facebook Ads,47113.34,-38.7793775605805
U4455,CMP1298,40246.86,LinkedIn Ads,45862.65,-12.244800507602594
U7461,CMP6766,52760.08,Facebook Ads,2068.86,2450.200593563605
U0363,CMP3077,20737.74,Instagram Ads,427.81,4747.418246417802
U8087,CMP7184,23884.57,Instagram Ads,19912.13,19.949849664500977
U8087,CMP7184,23884.57,Email Marketing,689.26,3365.248237239939
U1315,CMP8166,58342.23,Email Marketing,31678.6,84.16921833666893
U1315,CMP8166,58342.23,Instagram Ads,94159.26,-38.03877600567379
U6252,CMP8900,53815.17,LinkedIn Ads,15212.25,253.76206675541093
U6252,CMP8900,57989.43,LinkedIn Ads,15212.25,281.2021890252921
U8539,CMP7258,29642.38,Facebook Ads,3585.4,726.7523846711664
U8535,CMP5114,48160.11,Instagram Ads,3448.25,1296.6536649024868
U7114,CMP5906,59733.48,Google Ads,70667.85,-15.472905996149594
U7787,CMP1961,28326.34,LinkedIn Ads,1673.1,1593.0452453529379
U0984,CMP4076,12178.44,Facebook Ads,11574.22,5.220394981260087
U5691,CMP1760,2335.46,Facebook Ads,15732.0,-85.15471650139843
U5691,CMP1760,34960.17,Facebook Ads,15732.0,122.22330282227307
U7169,CMP5869,52505.06,Email Marketing,10261.58,411.66642953619225
U4511,CMP9285,5864.08,Facebook Ads,23660.48,-75.2157183624339
U8290,CMP7363,66307.73,Instagram Ads,20240.7,227.59603175779492
U8290,CMP7363,61984.94,Instagram Ads,20240.7,206.23911228366612
U8831,CMP5966,51479.4,YouTube Ads,20605.24,149.83644936918955
U8831,CMP5966,56659.38,YouTube Ads,20605.24,174.97558873373956
U5277,CMP9036,49672.66,Facebook Ads,19296.69,157.41544275209898
U1618,CMP2127,62845.24,Facebook Ads,1119.61,5513.136717249757
U1618,CMP2127,67056.08,Facebook Ads,1119.61,5889.235537374622
U9928,CMP8027,69136.86,YouTube Ads,14252.23,385.09503425078043
U6815,CMP8052,61905.5,Google Ads,18822.95,228.88309218268125
U3538,CMP8668,54594.02,Google Ads,20574.9,165.34282062124234
U2932,CMP6314,31577.46,Facebook Ads,30859.72,2.3258150106352162
U1706,CMP9447,30565.62,Instagram Ads,111921.39,-72.69009972088446
U9013,CMP2592,70765.89,YouTube Ads,69299.85,2.115502414507381
U9013,CMP2592,57490.69,YouTube Ads,69299.85,-17.040671805205932
U9016,CMP5300,33976.86,YouTube Ads,28386.17,19.695119137241843
U9016,CMP5300,44449.18,YouTube Ads,28386.17,56.587450860753684
U2214,CMP0004,73841.28,Email Marketing,4407.71,1575.2753697498247
U9115,CMP5160,7750.82,Google Ads,84949.57,-90.87597500493527
U9115,CMP5160,55613.37,Google Ads,84949.57,-34.533665090947494
U4094,CMP5828,23047.46,Facebook Ads,5282.98,336.25870247473966
U2833,CMP6551,43535.26,YouTube Ads,5549.53,684.4855330091018
U2833,CMP6551,70676.31,YouTube Ads,5549.53,1173.554877620267
U6252,CMP1563,53815.17,YouTube Ads,15678.55,243.24073335863326
U6252,CMP1563,57989.43,YouTube Ads,15678.55,269.86475152357843
U9869,CMP7116,47690.37,LinkedIn Ads,10522.72,353.21333267444163
U5355,CMP4994,12124.92,YouTube Ads,4492.74,169.8780699528573
U7077,CMP6437,10565.04,LinkedIn Ads,53966.62,-80.42300963076806
U1394,CMP7797,58206.51,YouTube Ads,10363.42,461.6534889061719
U1394,CMP7797,58206.51,Email Marketing,5647.46,930.6670609442122
U9361,CMP2210,74783.1,LinkedIn Ads,18454.82,305.22259225503154
U9361,CMP2210,67006.77,LinkedIn Ads,18454.82,263.0854703540864
U9438,CMP4035,31458.47,Facebook Ads,9575.64,228.5260306360724
U4995,CMP5707,61752.62,Facebook Ads,37028.27,66.77155049371738
U3272,CMP7246,19312.74,YouTube Ads,6091.05,217.06750067722317
U3272,CMP7246,57011.73,YouTube Ads,6091.05,835.9918240697416
U2420,CMP1406,52264.29,Google Ads,6368.4,720.6816468814774
U3472,CMP5000,32185.59,LinkedIn Ads,1960.65,1541.577538061357
U3472,CMP5000,32185.59,Instagram Ads,13450.92,139.2816996904301
U3472,CMP5000,56463.87,LinkedIn Ads,1960.65,2779.8546400428427
U3472,CMP5000,56463.87,Instagram Ads,13450.92,319.7770115352705
U0302,CMP7914,50016.98,YouTube Ads,34679.76,44.22527722221838
U0302,CMP7914,50016.98,YouTube Ads,109408.75,-54.2842962742925
U4445,CMP4186,9615.53,Facebook Ads,2044.14,370.3948848904674
U4445,CMP4186,70929.36,Facebook Ads,2044.14,3369.887581085444
U5902,CMP6368,65155.23,Email Marketing,48142.66,35.33782719941108
U5902,CMP6368,22972.62,Email Marketing,48142.66,-52.282196289112406
U5169,CMP6333,7285.53,Facebook Ads,82574.84,-91.17705829039451
U8674,CMP8203,29959.94,LinkedIn Ads,16928.42,76.98013163662056
U8674,CMP8203,29959.94,Google Ads,46278.26,-35.261308441587914
U3870,CMP0302,5354.22,Instagram Ads,50701.67,-89.43975612637611
U6437,CMP6344,54944.31,Google Ads,15119.85,263.39189872915404
U9919,CMP3727,10534.08,LinkedIn Ads,12394.77,-15.011896146519865
U5063,CMP2271,39642.56,YouTube Ads,93284.89,-57.50377151112039
U8733,CMP7047,63084.54,Facebook Ads,21260.27,196.7250180736181
U4486,CMP0484,10517.28,Instagram Ads,26689.77,-60.59434007861439
U4486,CMP0484,10517.28,Email Marketing,4185.27,151.29274813811296
U4486,CMP0484,50249.28,Instagram Ads,26689.77,88.27168611793957
U4486,CMP0484,50249.28,Email Marketing,4185.27,1100.6221820814424
U3784,CMP4373,6651.04,YouTube Ads,33136.45,-79.92832666142571
U6127,CMP7809,35933.13,Facebook Ads,53548.92,-32.89662984799694
U4422,CMP3167,50596.92,Facebook Ads,7431.57,580.8375619149117
U5324,CMP3352,30811.36,Google Ads,32680.63,-5.719810175018047
U9729,CMP9961,8692.7,Email Marketing,24556.03,-64.60054821565213
U9729,CMP9961,65776.89,Email Marketing,24556.03,167.86451230105192
U4026,CMP0631,73799.43,YouTube Ads,10222.87,621.9051988335955
U4026,CMP0631,73799.43,Facebook Ads,146660.95,-49.68024549138678
U3111,CMP9138,66416.52,LinkedIn Ads,85522.66,-22.34044170281888
U3111,CMP9138,66416.52,Google Ads,12213.45,443.79818970069886
U8471,CMP4685,59060.97,LinkedIn Ads,13621.17,333.5968936589148
U8471,CMP4685,48723.03,LinkedIn Ads,13621.17,257.7007701981548
U8471,CMP4685,33301.03,LinkedIn Ads,13621.17,144.47995289685102
U8953,CMP8203,24766.98,LinkedIn Ads,16928.42,46.30414415521355
U8953,CMP8203,24766.98,Google Ads,46278.26,-46.48247362800589
U7450,CMP2931,52110.02,LinkedIn Ads,110711.3,-52.9316158332528
U7363,CMP2687,39643.44,Email Marketing,8494.79,366.6794588212304
U2800,CMP8384,49720.12,YouTube Ads,19421.82,156.001342819571
U7312,CMP2657,52278.06,Facebook Ads,2559.1,1942.8299011371184
U7312,CMP2657,9478.38,Facebook Ads,2559.1,270.37943026845375
U8170,CMP3324,66290.68,Google Ads,11386.42,482.1907149042455
U1301,CMP3554,18919.95,YouTube Ads,81894.68,-76.89721725513795
U1301,CMP3554,33912.58,YouTube Ads,81894.68,-58.5900085329108
U0903,CMP4557,11544.04,YouTube Ads,11581.83,-0.3262869511985503
U1785,CMP9472,50652.72,YouTube Ads,26161.07,93.618686085852
U5902,CMP9748,65155.23,YouTube Ads,29173.43,123.33757120777366
U5902,CMP9748,65155.23,YouTube Ads,6136.82,961.7099735693731
U5902,CMP9748,22972.62,YouTube Ads,29173.43,-21.254991271166954
U5902,CMP9748,22972.62,YouTube Ads,6136.82,274.3407823595934
U2205,CMP6209,21125.58,Google Ads,16577.45,27.435642996962745
U2205,CMP6209,21125.58,Facebook Ads,2597.85,713.194757203072
U1791,CMP6780,40024.29,YouTube Ads,17859.34,124.10844969634935
U4255,CMP7925,18357.58,Email Marketing,47423.7,-61.29028312847795
U4255,CMP7925,27023.61,Email Marketing,47423.7,-43.0166562288476
U2948,CMP9219,22318.74,LinkedIn Ads,81656.87,-72.66765184607247
U3397,CMP0026,24290.28,Google Ads,3872.32,527.2797702669201
U3397,CMP0026,4127.79,Google Ads,3872.32,6.5973369969423965
U4615,CMP9182,23046.09,Email Marketing,1316.24,1650.9033306995682
U9322,CMP5308,13790.46,Google Ads,12115.38,13.826062409928538
U2225,CMP5537,34950.88,Google Ads,8047.86,334.28787280096816
U2225,CMP5537,34950.88,Email Marketing,64771.33,-46.03958263633
U8538,CMP8798,51106.17,Instagram Ads,64471.69,-20.73083550314875
U1085,CMP8780,3064.6,Email Marketing,5243.13,-41.550180903391684
U1085,CMP8780,3064.6,Google Ads,35008.16,-91.24604092303052
U1915,CMP8754,24101.58,Facebook Ads,46689.54,-48.379058778475866
U7405,CMP4449,23197.14,LinkedIn Ads,19044.19,21.806913289564957
U7908,CMP6132,26003.61,Google Ads,4404.13,490.436930789963
U7908,CMP6132,26003.61,LinkedIn Ads,65508.44,-60.30494696561237
U7908,CMP6132,26003.61,Google Ads,11561.48,124.91592771859659
U7908,CMP6132,68698.69,Google Ads,4404.13,1459.8697132010182
U7908,CMP6132,68698.69,LinkedIn Ads,65508.44,4.869983165527984
U7908,CMP6132,68698.69,Google Ads,11561.48,494.20325079488106
U8457,CMP8580,54549.38,Instagram Ads,19526.33,179.36319830710633
U9737,CMP6351,66772.05,Email Marketing,2566.78,2501.3935748291633
U3439,CMP8530,22027.64,Email Marketing,14956.01,47.28286488174319
U3439,CMP8530,61617.42,Email Marketing,14956.01,311.99103236759
U4484,CMP5229,42302.22,Instagram Ads,157313.8,-73.1096572582952
U4484,CMP5229,42302.22,LinkedIn Ads,14375.65,194.2630072379336
U4642,CMP3385,6039.78,YouTube Ads,36734.36,-83.55822722922082
U0827,CMP5550,7144.38,YouTube Ads,2220.98,221.6769173968248
U7305,CMP2933,25425.66,Email Marketing,94631.14,-73.13182531669807
U7305,CMP2933,35523.24,Email Marketing,94631.14,-62.46136314113938
U7673,CMP8741,51572.49,Google Ads,22594.97,128.24765866031242
U4228,CMP7626,52696.38,LinkedIn Ads,4844.62,987.7298941919075
U1850,CMP5413,63548.14,Instagram Ads,12248.76,418.8128430959542
U1753,CMP5712,6016.11,YouTube Ads,12448.31,-51.671271040004626
U1753,CMP5712,6016.11,YouTube Ads,109645.83,-94.51314290748677
U3993,CMP8729,29248.36,LinkedIn Ads,47576.09,-38.522984969971255
U9294,CMP3412,18284.46,Email Marketing,58103.5,-68.53122445291592
U9703,CMP1277,41965.26,Email Marketing,162122.23,-74.11504887392678
U9772,CMP7295,48640.44,Facebook Ads,12544.98,287.7283184190011
U0004,CMP1484,34383.34,Facebook Ads,23642.64,45.42935983460391
U5188,CMP6390,68555.42,YouTube Ads,21996.43,211.66612036589575
U8363,CMP7123,22593.21,Email Marketing,9916.92,127.82486901174961
U1798,CMP8993,32804.88,Google Ads,3254.59,907.9573771196985
U8932,CMP6460,36009.2,Email Marketing,30593.75,17.701164453523997
U2057,CMP9101,48892.9,LinkedIn Ads,18027.28,171.2161790353287
U6814,CMP7975,69825.6,Email Marketing,4626.63,1409.210807866633
U6304,CMP2946,32289.32,LinkedIn Ads,42854.93,-24.65436298694223
U6304,CMP2946,67694.9,LinkedIn Ads,42854.93,57.96292281891486
U6732,CMP9469,3234.54,LinkedIn Ads,58771.82,-94.4964440441014
U6732,CMP9469,10338.46,LinkedIn Ads,58771.82,-82.40915459143515
U1312,CMP9309,39835.8,LinkedIn Ads,27276.53,46.0442365652816
U1450,CMP4579,55820.19,LinkedIn Ads,8044.53,593.890009733322
U1450,CMP4579,68644.98,LinkedIn Ads,8044.53,753.3124993007671
U8766,CMP1280,38815.23,Email Marketing,68376.49,-43.23307616404411
U8766,CMP1280,74240.76,Email Marketing,68376.49,8.57644199051456
U8766,CMP1280,62960.7,Email Marketing,68376.49,-7.9205440349453555
U4739,CMP9404,69272.68,Email Marketing,30348.66,128.25614046880486
U9473,CMP4982,49481.74,Email Marketing,7803.81,534.0715624803781
U4553,CMP0448,21612.16,Instagram Ads,3421.55,531.6482296035423
U4553,CMP0448,31776.86,Instagram Ads,3421.55,828.7270389151116
U2477,CMP4210,60732.16,Google Ads,24526.53,147.6182321755259
U1383,CMP3870,61763.0,LinkedIn Ads,38863.41,58.92326483960104
U2741,CMP8126,63256.11,LinkedIn Ads,28109.29,125.036313617313
U4938,CMP4332,69242.6,Google Ads,2347.08,2850.1593469332106
U8691,CMP6223,69596.28,Email Marketing,69586.25,0.014413767087605433
U5798,CMP6259,49165.89,Email Marketing,1622.7,2929.881678683675
U5798,CMP6259,49165.89,Email Marketing,35564.91,38.24269483600548
U9572,CMP5489,50890.37,Instagram Ads,14077.4,261.50404193956274
U5133,CMP9646,1379.36,Facebook Ads,40409.23,-96.58652243559207
U5760,CMP0196,19453.29,LinkedIn Ads,4858.17,300.4242338164371
U5760,CMP0196,63555.23,LinkedIn Ads,4858.17,1208.2133807585985
U3553,CMP0389,53324.58,YouTube Ads,3141.36,1597.4998089999235
U3553,CMP0389,53324.58,Facebook Ads,46542.16,14.572636938208278
U9275,CMP1416,14431.53,YouTube Ads,1029.95,1301.1874362833148
U9275,CMP1416,14431.53,YouTube Ads,11455.28,25.981468807397114
U6996,CMP7651,57931.38,Email Marketing,18236.93,217.65971575259647
U5451,CMP2654,20401.36,Google Ads,11612.22,75.68871413045913
U8062,CMP1138,57826.52,LinkedIn Ads,23886.94,142.0842518966431
U1154,CMP1741,58459.86,LinkedIn Ads,18492.2,216.13253155384436
U6398,CMP8155,25239.94,Facebook Ads,1204.84,1994.8789880814052
U7834,CMP9415,54786.74,Google Ads,110772.6,-50.54125298133293
U7899,CMP1149,70176.88,YouTube Ads,581.33,11971.780228097638
U1486,CMP5464,72098.72,Email Marketing,11544.94,524.50493462937
U6295,CMP7531,52419.26,Instagram Ads,18880.2,177.64144447622374
U7176,CMP1750,15087.14,Email Marketing,65377.99,-76.92321223090524
U5042,CMP9715,61024.53,Facebook Ads,11650.07,423.8125607828966
U6644,CMP0269,49298.36,Google Ads,4280.73,1051.6344174942126
U1181,CMP7510,33139.3,Email Marketing,19644.87,68.69187731962596
U1181,CMP7510,33139.3,Instagram Ads,1147.64,2787.6041267296364
U1181,CMP7510,37050.44,Email Marketing,19644.87,88.60109534957475
U1181,CMP7510,37050.44,Instagram Ads,1147.64,3128.4026349726396
U0236,CMP7721,67921.18,YouTube Ads,4402.26,1442.8707073185133
U1743,CMP1595,60088.76,LinkedIn Ads,24787.82,142.41244288525576
U6587,CMP1034,43515.56,Facebook Ads,46981.65,-7.377539954429024
U1979,CMP5269,31575.21,Facebook Ads,3636.71,768.2355755614278
U0667,CMP6061,63666.98,YouTube Ads,12485.94,409.9093860774599
U2940,CMP6163,44834.49,Facebook Ads,1169.88,3732.40075905221
U4440,CMP6820,18514.59,Email Marketing,27006.65,-31.444329452190484
U4935,CMP0617,42159.99,YouTube Ads,27703.2,52.184549077362895
U8316,CMP1926,47264.97,YouTube Ads,11633.42,306.2861136278068
U7773,CMP4529,50508.09,Google Ads,8401.21,501.20018425917226
U5478,CMP0886,8503.26,Email Marketing,14710.25,-42.19500008497476
U1161,CMP8805,44758.47,Facebook Ads,1857.07,2310.166014205173
U5344,CMP6866,55527.78,Facebook Ads,35149.61,57.975522345767125
U0891,CMP3277,69645.62,LinkedIn Ads,3770.56,1747.0895569888821
U0891,CMP3277,13906.3,LinkedIn Ads,3770.56,268.8125901722821
U5876,CMP2918,10195.47,LinkedIn Ads,12265.7,-16.878205075943495
U7514,CMP9318,26260.52,Google Ads,2706.65,870.2222304324532
U3764,CMP4836,39491.32,YouTube Ads,9412.38,319.567845752084
U4042,CMP3547,43775.43,YouTube Ads,28360.28,54.354717231282635
U0657,CMP9696,38188.06,Facebook Ads,19178.26,99.12160957250555
U8115,CMP8702,56666.1,LinkedIn Ads,97118.67,-41.652722385922296
U1487,CMP6663,23384.12,Facebook Ads,6018.24,288.5541287818365
U7599,CMP7525,13192.48,YouTube Ads,28136.59,-53.11272616902048
U7599,CMP7525,14482.22,YouTube Ads,28136.59,-48.52887290179798
U1159,CMP6069,40170.84,Email Marketing,79007.69,-49.155784709058075
U1327,CMP6978,69969.06,Instagram Ads,112306.94,-37.698364856170066
U0670,CMP5964,48876.82,Google Ads,7420.8,558.6462376024148
U3910,CMP1098,36278.15,YouTube Ads,16754.83,116.52353381084737
U8251,CMP9505,4793.66,Email Marketing,7889.2,-39.23769203468032
U7704,CMP5657,62034.39,LinkedIn Ads,48707.34,27.36148186289788
U1076,CMP4789,30701.34,LinkedIn Ads,100326.27,-69.398503502622
U1076,CMP4789,6702.64,LinkedIn Ads,100326.27,-93.31915758454889
U2425,CMP2930,15916.02,Instagram Ads,1469.67,982.965563697973
U7765,CMP0372,55524.92,Instagram Ads,67539.63,-17.78912617673506
U8514,CMP4777,43718.82,Facebook Ads,1278.46,3319.6470753875756
U7296,CMP5347,10547.61,LinkedIn Ads,80881.9,-86.95924551722945
U7296,CMP5347,64589.88,LinkedIn Ads,80881.9,-20.14297389156288
U0776,CMP5022,34602.54,Facebook Ads,10732.82,222.39933214197202
U2515,CMP2635,3805.5,Email Marketing,13576.12,-71.96916350179579
U9216,CMP9414,24283.08,Facebook Ads,19579.9,24.02044954264322
U9216,CMP9414,71197.76,Facebook Ads,19579.9,263.626780524926
U4941,CMP2424,69881.87,Instagram Ads,87519.94,-20.153201658959098
U4941,CMP2424,69881.87,Email Marketing,28492.96,145.2601274139296
U4941,CMP2424,69881.87,YouTube Ads,96475.7,-27.565314374500527
U8314,CMP2382,22695.1,LinkedIn Ads,3419.8,563.6382244575706
U8314,CMP2382,22695.1,Google Ads,20310.59,11.740230096713086
U8314,CMP2382,53285.38,LinkedIn Ads,3419.8,1458.143166267033
U8314,CMP2382,53285.38,Google Ads,20310.59,162.3526938409962
U5550,CMP4749,36314.35,YouTube Ads,40555.26,-10.457114564177381
U3611,CMP2285,24982.71,Email Marketing,7946.68,214.3792124509858
U3207,CMP3198,63821.76,YouTube Ads,30226.33,111.14624236551379
U3207,CMP3198,1702.95,YouTube Ads,30226.33,-94.36600473825304
U9914,CMP1432,50257.41,YouTube Ads,18198.52,176.16207252018296
U9914,CMP1432,20922.39,YouTube Ads,18198.52,14.967535821594277
U4664,CMP2424,73331.13,Instagram Ads,87519.94,-16.212088353808284
U4664,CMP2424,73331.13,Email Marketing,28492.96,157.3657843902494
U4664,CMP2424,73331.13,YouTube Ads,96475.7,-23.99005138081402
U7250,CMP9192,54804.04,Google Ads,28926.02,89.4627743464189
U1411,CMP6945,35990.02,Email Marketing,20425.89,76.19805061125854
U1450,CMP8607,55820.19,Instagram Ads,19398.18,187.7599341793921
U1450,CMP8607,68644.98,Instagram Ads,19398.18,253.87330151591541
U3265,CMP2866,41874.62,YouTube Ads,72989.33,-42.629121270191135
U3679,CMP4948,20253.76,YouTube Ads,50341.55,-59.76730950874576
U4010,CMP7743,21333.36,Google Ads,46678.56,-54.29730480117638
U4226,CMP9813,73088.72,Email Marketing,52469.9,39.29647283490153
U2669,CMP1960,24486.33,Instagram Ads,76081.31,-67.81557783376758
U2669,CMP1960,24486.33,Email Marketing,16955.53,44.41500796495305
U5833,CMP2220,40073.72,Instagram Ads,1934.28,1971.7641706474762
U9811,CMP1259,65528.91,YouTube Ads,14963.31,337.9305781942632
U9811,CMP1259,65528.91,Google Ads,13889.44,371.78943139536227
U5762,CMP4933,39224.18,Instagram Ads,25016.56,56.792860409264904
U8248,CMP7945,67356.46,LinkedIn Ads,5944.85,1033.0220274691542
U6838,CMP8613,61549.22,YouTube Ads,134275.1,-54.16185130377858
U7241,CMP0285,72780.78,LinkedIn Ads,37971.99,91.66964912821267
U7241,CMP0285,8165.79,LinkedIn Ads,37971.99,-78.49522766649838
U2333,CMP4992,10056.81,Google Ads,12737.79,-21.04745014637548
U2333,CMP4992,10056.81,Instagram Ads,39269.93,-74.39055786450346
U7066,CMP1288,3184.86,LinkedIn Ads,7257.49,-56.116233022711704
U7066,CMP1288,3184.86,Email Marketing,91735.61,-96.52821843120681
U7066,CMP1288,3184.86,LinkedIn Ads,6881.56,-53.71892419742035
U0710,CMP8413,1512.72,YouTube Ads,2428.0,-37.69686985172982
U5760,CMP2029,19453.29,YouTube Ads,44872.5,-56.64763496573625
U5760,CMP2029,63555.23,YouTube Ads,44872.5,41.63514401916542
U3963,CMP4545,8108.59,YouTube Ads,15584.13,-47.96892736392727
U2815,CMP0230,8077.41,YouTube Ads,17445.06,-53.69800963711218
U7204,CMP8261,62729.61,Facebook Ads,1001.42,6164.066026242736
U7204,CMP8261,62729.61,Email Marketing,44917.28,39.65585182361889
U7204,CMP8261,62729.61,YouTube Ads,40225.78,55.94380021966013
U2026,CMP6949,10841.49,Facebook Ads,18436.82,-41.19652955336115
U5376,CMP5919,21808.16,LinkedIn Ads,67657.1,-67.76663498731101
U5376,CMP5919,21808.16,Email Marketing,35300.39,-38.2211924570805
U5376,CMP5919,7355.24,LinkedIn Ads,67657.1,-89.12865020818215
U5376,CMP5919,7355.24,Email Marketing,35300.39,-79.1638562633444
U7012,CMP5112,63198.57,Email Marketing,23167.7,172.78741523759368
U7178,CMP6021,7061.68,Facebook Ads,4292.76,64.50209189425917
U1061,CMP6469,15619.56,LinkedIn Ads,26555.21,-41.18080783394294
U1061,CMP6469,15619.56,Email Marketing,22379.14,-30.20482467154681
U9535,CMP6624,59369.84,Google Ads,27176.71,118.45852570086666
U7939,CMP6558,57773.97,Instagram Ads,71948.28,-19.70069333137637
U7939,CMP6558,21733.02,Instagram Ads,71948.28,-69.79355170130543
U0487,CMP2002,62400.7,Instagram Ads,26961.87,131.4405491903937
U0487,CMP2002,62400.7,LinkedIn Ads,61234.89,1.9038329292336404
U4961,CMP0439,57192.74,Facebook Ads,71959.15,-20.520545337180884
U4961,CMP0439,57192.74,YouTube Ads,39039.9,46.498172382613674
U8033,CMP8519,67520.55,LinkedIn Ads,13014.05,418.8281126935888
U8033,CMP8519,26263.46,LinkedIn Ads,13014.05,101.80850695978579
U6286,CMP8857,28692.99,YouTube Ads,1309.27,2091.5258120937624
U2690,CMP0590,53976.57,Google Ads,32712.48,65.00298968467081
U2690,CMP0590,23950.12,Google Ads,32712.48,-26.785985043017224
U8838,CMP7987,42497.46,Google Ads,61841.49,-31.28001928802168
U8838,CMP7987,42497.46,Google Ads,25412.49,67.23060195990239
U5780,CMP8302,2839.92,Google Ads,24623.71,-88.46672576959362
U5592,CMP2101,26376.87,Instagram Ads,4290.54,514.7680711518829
U5592,CMP2101,26376.87,YouTube Ads,11158.63,136.38089980580054
U5114,CMP6750,51833.36,Instagram Ads,4924.7,952.5181229313463
U0613,CMP4996,32118.63,Google Ads,4096.74,684.004598778541
U0613,CMP4996,51416.26,Google Ads,4096.74,1155.053042174998
U5186,CMP6901,24689.79,Instagram Ads,4352.22,467.2918648413913
U5564,CMP8002,27727.57,Google Ads,28682.79,-3.330289696364967
U3508,CMP3306,22826.02,LinkedIn Ads,22093.35,3.316246743929743
U3508,CMP3306,55160.77,LinkedIn Ads,22093.35,149.67137170234483
U1553,CMP6587,5744.78,Facebook Ads,23433.16,-75.4843990311166
U4946,CMP8701,49353.15,Facebook Ads,13209.45,273.62002202968324
U4946,CMP8701,49353.15,Facebook Ads,1018.58,4745.289520705295
U4946,CMP8701,49353.15,LinkedIn Ads,15165.97,225.4203324943937
U4946,CMP8701,50011.66,Facebook Ads,13209.45,278.6051652415506
U4946,CMP8701,50011.66,Facebook Ads,1018.58,4809.939327298788
U4946,CMP8701,50011.66,LinkedIn Ads,15165.97,229.76235611701728
U8972,CMP3279,52972.38,LinkedIn Ads,28324.92,87.01687418711155
U4390,CMP3057,46370.85,YouTube Ads,25231.01,83.7851516843757
U7578,CMP7107,56172.69,YouTube Ads,12000.55,368.0842961364271
U3336,CMP4920,20350.8,LinkedIn Ads,46691.66,-56.414486013133825
U3336,CMP4920,20350.8,LinkedIn Ads,10439.06,94.94858732491241
U3336,CMP4920,22063.06,LinkedIn Ads,46691.66,-52.74732147025829
U3336,CMP4920,22063.06,LinkedIn Ads,10439.06,111.35102202688749
U2457,CMP4202,59930.58,Email Marketing,19051.67,214.56864411361317
U2457,CMP4202,33157.5,Email Marketing,19051.67,74.03986107254642
U3310,CMP7605,2913.78,LinkedIn Ads,35804.68,-91.86201356917587
U7961,CMP4552,67315.53,Email Marketing,20538.74,227.74907321481254
U1480,CMP9857,11186.6,Instagram Ads,18676.05,-40.10189520803382
U1480,CMP9857,11186.6,YouTube Ads,12431.82,-10.016393416249587
U8606,CMP9355,7450.96,Email Marketing,12076.36,-38.30127621236863
U6929,CMP2004,13755.21,Instagram Ads,53857.63,-74.46005329235616
U6140,CMP7201,41271.57,LinkedIn Ads,8571.5,381.4976375196873
U6140,CMP7201,41271.57,Instagram Ads,33211.96,24.26719169841226
U5050,CMP4037,45731.74,Instagram Ads,16613.96,175.2609251496934
U5068,CMP0896,36290.88,Email Marketing,27542.55,31.762963124329442
U5068,CMP0896,67809.42,Email Marketing,27542.55,146.1987724448172
U4187,CMP2000,61836.04,YouTube Ads,17313.33,257.15855932971874
U4187,CMP2000,61836.04,Email Marketing,46765.82,32.22485995113525
U6657,CMP4873,6697.02,Facebook Ads,25024.4,-73.23803967327888
U6921,CMP8056,20127.03,LinkedIn Ads,127533.87,-84.21828648342593
U6921,CMP8056,20127.03,LinkedIn Ads,37002.87,-45.606840766675674
U7427,CMP5765,4618.34,LinkedIn Ads,100794.85,-95.41807939592152
U3279,CMP3011,43503.84,Email Marketing,25877.44,68.11492945206325
U2132,CMP2586,59603.68,Facebook Ads,114770.52,-48.067082034654895
U9717,CMP7398,7016.62,LinkedIn Ads,15797.47,-55.58390046001036
U9717,CMP7398,7016.62,Email Marketing,1526.65,359.60894769593546
U9151,CMP2981,17731.52,LinkedIn Ads,30355.49,-41.58710664858317
U6571,CMP7577,20066.72,Facebook Ads,50863.37,-60.54779697059003
U7130,CMP6029,9549.54,Facebook Ads,2777.23,243.85124746600036
U2134,CMP3329,16755.82,Facebook Ads,19126.62,-12.395289915311745
U2392,CMP4637,18234.81,Email Marketing,30955.14,-41.09278782134405
U0170,CMP4069,24751.02,Instagram Ads,78189.55,-68.34484915183678
U9785,CMP6514,42107.25,Email Marketing,27366.39,53.86483200743686
U9802,CMP5454,4129.26,Facebook Ads,58871.56,-92.98598508345965
U9802,CMP5454,53502.58,Facebook Ads,58871.56,-9.119819484994105
U6077,CMP8267,43851.15,YouTube Ads,49565.66,-11.529171607923715
U6077,CMP8267,1618.56,YouTube Ads,49565.66,-96.73451337074903
U1469,CMP2784,45071.66,YouTube Ads,50517.11,-10.779417112340743
U1469,CMP2784,32895.03,YouTube Ads,50517.11,-34.88338901413798
U1469,CMP2784,51136.68,YouTube Ads,50517.11,1.2264557493490813
U1469,CMP2784,21184.78,YouTube Ads,50517.11,-58.06414895863996
U1469,CMP2784,63254.73,YouTube Ads,50517.11,25.214466940013004
U5908,CMP1915,65862.52,Instagram Ads,2022.51,3156.474380843605
U8050,CMP4322,69271.82,YouTube Ads,65582.64,5.625238630222888
U0588,CMP7209,53167.74,Google Ads,2273.34,2238.7500329911054
U9190,CMP1901,9102.45,LinkedIn Ads,4387.03,107.48547422743864
U2960,CMP2426,61825.95,Google Ads,4949.32,1149.180695529891
U2959,CMP9596,57792.81,Facebook Ads,971.54,5848.577516108446
U1999,CMP1546,69739.27,Instagram Ads,2812.48,2379.636121856867
U7862,CMP5301,44869.66,Facebook Ads,1403.69,3096.550520414052
U2119,CMP5398,48540.57,Google Ads,61174.13,-20.65180166845037
U2917,CMP0910,2273.02,Email Marketing,3423.42,-33.603823077507286
U2526,CMP2670,60231.7,LinkedIn Ads,32959.85,82.7426399088588
U6021,CMP5081,33824.1,Email Marketing,9881.18,242.30830730742682
U6034,CMP7806,47578.46,Instagram Ads,49191.85,-3.279791266236174
U6034,CMP7806,8478.9,Instagram Ads,49191.85,-82.7636081993257
U2541,CMP0663,48806.49,YouTube Ads,55157.13,-11.513724517573703
U2541,CMP0663,48806.49,Facebook Ads,3766.05,1195.9596925160313
U4922,CMP4763,67790.6,LinkedIn Ads,12826.54,428.51821301769616
U1254,CMP4074,38665.88,YouTube Ads,30749.96,25.742862754943417
U1254,CMP4074,58628.67,YouTube Ads,30749.96,90.6625894797912
U1340,CMP1549,55733.32,LinkedIn Ads,36634.86,52.13193117156719
U4877,CMP2942,34533.62,Facebook Ads,1662.19,1977.597627226731
U3459,CMP7372,73677.33,YouTube Ads,28116.68,162.04135765673615
U0218,CMP1743,34917.1,LinkedIn Ads,510.06,6745.684821393562
U5911,CMP9862,50876.34,Email Marketing,33709.06,50.927792112862235
U0261,CMP4959,2741.04,Google Ads,894.16,206.5491634606782
U3128,CMP2379,35159.34,Email Marketing,31611.87,11.22195555024109
U7296,CMP6913,10547.61,Google Ads,917.29,1049.8664544473395
U7296,CMP6913,10547.61,Google Ads,7133.98,47.850288338346914
U7296,CMP6913,64589.88,Google Ads,917.29,6941.380588472566
U7296,CMP6913,64589.88,Google Ads,7133.98,805.3835306518941
U0835,CMP3976,47557.94,Facebook Ads,40530.66,17.338182995292943
U4765,CMP7075,36843.0,LinkedIn Ads,76870.57,-52.07138440628189
U9444,CMP7994,20637.78,Facebook Ads,12262.2,68.3040563683515
U5682,CMP6835,2294.91,LinkedIn Ads,14241.22,-83.88543959014747
U5682,CMP6835,2294.91,Google Ads,9784.31,-76.54499908527019
U5682,CMP6835,38434.47,LinkedIn Ads,14241.22,169.88186405378192
U5682,CMP6835,38434.47,Google Ads,9784.31,292.817378026657
U9629,CMP3150,45455.94,LinkedIn Ads,23878.41,90.36418253979224
U9629,CMP3150,45455.94,LinkedIn Ads,27535.17,65.08320086638291
U5903,CMP7676,16135.24,Facebook Ads,45012.16,-64.1535976056248
U9925,CMP1413,31636.84,Email Marketing,6124.58,416.5552576666482
U5879,CMP4976,52766.64,Facebook Ads,7743.44,581.4366741396589
U5879,CMP4976,12526.45,Facebook Ads,7743.44,61.76854214664286
U3715,CMP8249,36862.62,Google Ads,3964.16,829.8973805295449
U3715,CMP8249,36862.62,YouTube Ads,1754.35,2001.212414854505
U8445,CMP5821,53200.56,Facebook Ads,65394.93,-18.64727127928725
U8445,CMP5821,53200.56,Google Ads,40753.84,30.541220164774664
U8445,CMP5821,22216.11,Facebook Ads,65394.93,-66.0277792177467
U8445,CMP5821,22216.11,Google Ads,40753.84,-45.48707557373734
U1670,CMP7174,8576.78,LinkedIn Ads,4303.59,99.29361300681525
U7234,CMP1935,65384.08,Facebook Ads,20368.81,221.00098140244816
U6812,CMP5960,60829.04,Instagram Ads,5222.47,1064.756140293769
U6812,CMP5960,60829.04,Instagram Ads,26759.17,127.32035410664832
U5909,CMP4699,12007.14,YouTube Ads,2854.95,320.5726895392213
U6707,CMP8678,51403.24,LinkedIn Ads,10166.54,405.61193877169615
U1141,CMP0488,30572.58,LinkedIn Ads,1355.26,2155.8461107093844
U2474,CMP2693,73518.5,Email Marketing,12010.99,512.0935909529524
U2474,CMP2693,73518.5,LinkedIn Ads,7135.21,930.3621056703305
U9071,CMP8517,24041.86,Instagram Ads,60178.01,-60.04876199794577
U9071,CMP8517,24041.86,YouTube Ads,58527.83,-58.92234514759901
U6619,CMP0130,66652.8,Instagram Ads,93969.82,-29.069992897719715
U1381,CMP7245,29707.02,Email Marketing,54041.75,-45.02950034001489
U1381,CMP7245,29707.02,YouTube Ads,7930.77,274.57926531723905
U9041,CMP2065,56960.68,YouTube Ads,14820.84,284.32828368702445
U9041,CMP2065,42753.75,YouTube Ads,14820.84,188.47049155108618
U6927,CMP0384,5200.96,Google Ads,34453.76,-84.9045213062377
U6927,CMP0384,5200.96,Instagram Ads,68137.27,-92.36693809423242
U2044,CMP4256,55461.76,Email Marketing,13780.85,302.455291219337
U8738,CMP5554,22965.72,Facebook Ads,118747.58,-80.6600521880109
U1725,CMP9385,15047.24,Email Marketing,13773.04,9.251407096762943
U1725,CMP9385,15047.24,YouTube Ads,110504.78,-86.38317727070267
U1343,CMP5920,66721.82,LinkedIn Ads,5233.8,1174.8255569567045
U9638,CMP3520,30062.6,Facebook Ads,46388.26,-35.19351663545906
U9638,CMP3520,30062.6,LinkedIn Ads,11561.58,160.02155414744348
U8021,CMP9574,38304.6,LinkedIn Ads,139313.49,-72.50474451540909
U8021,CMP9574,38304.6,LinkedIn Ads,1277.19,2899.130904563925
U3484,CMP7500,56177.36,Facebook Ads,148922.15,-62.27736438132272
U1981,CMP9160,3740.96,Instagram Ads,22326.75,-83.2444937126989
U0459,CMP1930,44529.6,LinkedIn Ads,8886.08,401.11635276747444
U0459,CMP1930,44529.6,Instagram Ads,24334.58,82.98898111247449
U0035,CMP5000,5766.66,LinkedIn Ads,1960.65,194.11980720679364
U0035,CMP5000,5766.66,Instagram Ads,13450.92,-57.12813696014846
U6182,CMP6842,45723.94,LinkedIn Ads,32081.05,42.526320054985746
U7358,CMP2270,7381.64,YouTube Ads,120319.11,-93.86494797044294
U7260,CMP6712,65047.05,LinkedIn Ads,14073.78,362.1860651509403
U9165,CMP0407,40981.2,YouTube Ads,62946.39,-34.895074999535325
U0306,CMP0867,40240.56,YouTube Ads,25031.27,60.76115994114561
U7279,CMP0311,24542.01,Instagram Ads,17938.64,36.8108730650707
U0395,CMP0738,19845.45,LinkedIn Ads,2273.11,773.0527779121995
U1469,CMP1628,45071.66,YouTube Ads,6115.09,637.056363847466
U1469,CMP1628,32895.03,YouTube Ads,6115.09,437.9320664127592
U1469,CMP1628,51136.68,YouTube Ads,6115.09,736.2375696841747
U1469,CMP1628,21184.78,YouTube Ads,6115.09,246.43447602570032
U1469,CMP1628,63254.73,YouTube Ads,6115.09,934.4039090185099
U1618,CMP5330,62845.24,Facebook Ads,1462.37,4197.492426677243
U1618,CMP5330,67056.08,Facebook Ads,1462.37,4485.438705662726
U9602,CMP6153,56614.95,Google Ads,1720.2,3191.1841646320195
U1073,CMP1886,47790.44,Instagram Ads,3987.9,1098.3861180069712
U9089,CMP0306,42942.24,Instagram Ads,69438.21,-38.15762243871207
U6117,CMP1375,27264.22,Email Marketing,27799.93,-1.9270192406959268
U6117,CMP1375,18953.24,Email Marketing,27799.93,-31.822706028396468
U4740,CMP6943,5217.99,YouTube Ads,986.87,428.7413742438214
U5758,CMP7901,63170.81,Instagram Ads,36187.13,74.56706293093706
U1470,CMP0746,62414.49,Facebook Ads,108714.56,-42.58865601810834
U5614,CMP9118,53300.74,Instagram Ads,23425.82,127.52987942364452
U5382,CMP4030,62300.2,Email Marketing,17617.49,253.62699226734335
U5382,CMP4030,48748.41,Email Marketing,17617.49,176.70462704959672
U9107,CMP9975,57363.04,LinkedIn Ads,742.16,7629.201250404226
U7294,CMP1330,72923.9,Email Marketing,15742.8,363.2206468988998
U7294,CMP1330,72923.9,Facebook Ads,10017.03,627.9992173328819
U7294,CMP1330,32299.89,Email Marketing,15742.8,105.17245979114263
U7294,CMP1330,32299.89,Facebook Ads,10017.03,222.4497680450193
U7294,CMP1330,51740.26,Email Marketing,15742.8,228.65983179612272
U7294,CMP1330,51740.26,Facebook Ads,10017.03,416.5229613967414
U0139,CMP9852,70266.4,Instagram Ads,25794.76,172.40571340845972
U0139,CMP9852,37891.05,Instagram Ads,25794.76,46.894369243986006
U5863,CMP0154,46298.12,Facebook Ads,5898.87,684.8642197573434
U5863,CMP0154,46298.12,Google Ads,102262.37,-54.726142177225114
U9930,CMP3624,73831.58,Facebook Ads,9504.1,676.8392588461822
U9041,CMP6490,56960.68,Google Ads,26799.82,112.54127826231668
U9041,CMP6490,42753.75,Google Ads,26799.82,59.52998938052569
U2088,CMP9880,17676.42,YouTube Ads,4055.34,335.8800988326502
U8732,CMP4495,42338.61,Facebook Ads,8499.72,398.1177027007949
U7087,CMP0033,51252.88,LinkedIn Ads,15680.85,226.85013886364578
U0770,CMP8120,34077.96,Instagram Ads,20434.38,66.7677707862925
U3697,CMP6421,68836.89,Facebook Ads,12889.24,434.0647703045331
U3697,CMP6421,9502.3,Facebook Ads,12889.24,-26.277266929625025
U0457,CMP2695,2533.74,Instagram Ads,7588.57,-66.61110064214996
U0892,CMP5478,41562.6,Instagram Ads,5296.71,684.6870982175727
U0892,CMP5478,18328.22,Instagram Ads,5296.71,246.0302716214405
U2046,CMP9830,3225.77,YouTube Ads,11198.52,-71.19467572500652
U4940,CMP1066,5634.93,Facebook Ads,16392.9,-65.62578921362298
U1571,CMP0915,64945.27,YouTube Ads,6098.19,964.992563367163
U1660,CMP0174,58882.48,LinkedIn Ads,63232.05,-6.878742662937544
U1660,CMP0174,26778.72,LinkedIn Ads,63232.05,-57.65008409501194
U9752,CMP8475,63177.87,Instagram Ads,7138.33,785.0511254032806
U7888,CMP9392,18804.07,Facebook Ads,58583.25,-67.90196856610038
U5862,CMP0723,40929.92,Google Ads,8757.65,367.3619064475059
U5862,CMP0723,40929.92,YouTube Ads,88684.34,-53.847635332235654
U8482,CMP2416,11486.58,Google Ads,28013.17,-58.995786624648325
U8482,CMP2416,11486.58,LinkedIn Ads,21710.16,-47.09122364828265
U3298,CMP8309,50338.62,YouTube Ads,4105.09,1126.2488763949145
U5500,CMP7658,25149.96,YouTube Ads,23420.53,7.384247922655894
U5500,CMP7658,25149.96,YouTube Ads,95320.58,-73.61539344389217
U3655,CMP7444,47076.06,Google Ads,34352.7,37.037438105301774
U0111,CMP7877,27323.08,Email Marketing,19065.11,43.314567815239464
U5897,CMP1888,7231.82,Facebook Ads,10936.52,-33.8745780193334
U5897,CMP1888,15438.51,Facebook Ads,10936.52,41.164739789256544
U5897,CMP1888,15324.02,Facebook Ads,10936.52,40.11788027635848
U4030,CMP3588,13823.74,Instagram Ads,24537.97,-43.6638809159845
U5545,CMP1658,18581.13,Google Ads,20983.38,-11.448346262613555
U7107,CMP6101,11474.1,Email Marketing,43275.22,-73.48575004355841
U5210,CMP2143,18907.81,Instagram Ads,20270.08,-6.720595083985857
U5210,CMP2143,18907.81,Facebook Ads,20343.2,-7.055871249360962
U4050,CMP9623,21545.44,Facebook Ads,40125.44,-46.304788184254186
U1063,CMP8328,56534.62,YouTube Ads,26861.71,110.46545435863912
U6126,CMP8343,53887.0,Instagram Ads,45686.11,17.95051055999296
U0600,CMP7763,15822.78,Instagram Ads,45565.27,-65.27447329951079
U9362,CMP3841,41628.48,LinkedIn Ads,12949.08,221.47828262702834
U0675,CMP1377,71179.6,YouTube Ads,40264.35,76.78070054527146
U0675,CMP1377,71179.6,Instagram Ads,37206.02,91.31205111430896
U0675,CMP1377,25725.76,YouTube Ads,40264.35,-36.10784726439146
U0675,CMP1377,25725.76,Instagram Ads,37206.02,-30.855920627898385
U4474,CMP7661,33545.37,LinkedIn Ads,50731.21,-33.87626670051828
U8957,CMP1244,21274.56,Instagram Ads,11261.35,88.91660413715941
U5469,CMP1613,19314.26,Google Ads,2494.73,674.2024186986166
U4279,CMP4497,61806.44,Facebook Ads,46095.58,34.08322446533919
U8400,CMP6617,17599.28,LinkedIn Ads,87397.14,-79.86286507773596
U7680,CMP3439,7126.28,LinkedIn Ads,27614.28,-74.19349698779037
U9150,CMP3078,43630.0,LinkedIn Ads,42514.18,2.6245831390844176
U5568,CMP5007,51667.89,Email Marketing,5088.02,915.481267762312
U2280,CMP8809,47515.58,Instagram Ads,2983.83,1492.4358961468984
U1044,CMP9959,36002.24,YouTube Ads,19271.47,86.81626258920568
U9059,CMP9331,51910.08,LinkedIn Ads,20828.03,149.23182845425134
U4651,CMP0440,49723.06,Facebook Ads,6161.81,706.955423812159
U6732,CMP7450,3234.54,Instagram Ads,23250.74,-86.08844277644496
U6732,CMP7450,3234.54,Google Ads,11573.21,-72.05148787587885
U6732,CMP7450,10338.46,Instagram Ads,23250.74,-55.534920608978474
U6732,CMP7450,10338.46,Google Ads,11573.21,-10.669036507589512
U2129,CMP7836,61478.79,Email Marketing,16255.21,278.20975551838455
U3326,CMP7779,34827.51,Facebook Ads,90150.48,-61.36736044001096
U3326,CMP7779,34827.51,Instagram Ads,3574.65,874.2914690948763
U4045,CMP0122,43015.26,Facebook Ads,9717.93,342.6380926802313
U7477,CMP7540,53589.86,LinkedIn Ads,5698.96,840.3445540940803
U7080,CMP6408,49686.69,YouTube Ads,12004.75,313.8919177825444
U4486,CMP9317,10517.28,Google Ads,2724.73,285.9934745828027
U4486,CMP9317,50249.28,Google Ads,2724.73,1744.1930026094326
U1254,CMP3560,38665.88,LinkedIn Ads,21157.39,82.7535437972264
U1254,CMP3560,58628.67,LinkedIn Ads,21157.39,177.10728969877664
U0438,CMP7389,50914.94,Facebook Ads,10209.16,398.71820992128636
U0619,CMP6245,49471.0,Instagram Ads,115201.99,-57.057165418757094
U0619,CMP6245,53400.64,Instagram Ads,115201.99,-53.64607850958131
U8986,CMP5360,71288.87,Email Marketing,42517.04,67.67129132225573
U8986,CMP5360,71288.87,Instagram Ads,90702.69,-21.403797395645054
U8986,CMP5360,61587.54,Email Marketing,42517.04,44.85378097816781
U8986,CMP5360,61587.54,Instagram Ads,90702.69,-32.099544125979065
U1647,CMP7714,40448.04,Instagram Ads,12845.91,214.87095892778325
U7220,CMP2760,53795.12,Google Ads,3344.53,1508.4508137167254
U8567,CMP8722,49758.0,Facebook Ads,19203.8,159.1049688082567
U0798,CMP6400,19290.21,Email Marketing,12599.46,53.10346633903358
U5524,CMP3909,5440.48,Facebook Ads,810.11,571.5729962597671
U1765,CMP1583,47288.9,Email Marketing,2400.34,1870.0917370039242
U1765,CMP1583,47288.9,Facebook Ads,176.56,26683.473040326237
U1735,CMP3394,1863.34,YouTube Ads,16403.02,-88.64026258579213
U1735,CMP3394,1863.34,Facebook Ads,28221.28,-93.39739373975951
U4563,CMP5182,4012.47,Google Ads,18867.21,-78.73310362263419
U8785,CMP3581,71958.33,LinkedIn Ads,21720.18,231.2971163222404
U8785,CMP3581,71958.33,LinkedIn Ads,81615.18,-11.832173867655493
U2178,CMP5315,57307.44,Google Ads,13752.65,316.7010721570025
U2178,CMP5315,57307.44,Email Marketing,92154.67,-37.813851430426695
U2178,CMP5315,57307.44,LinkedIn Ads,40132.04,42.79722635579951
U9586,CMP5210,48313.95,Email Marketing,5043.7,857.9068937486369
U2033,CMP8249,32565.96,Google Ads,3964.16,721.5097271553116
U2033,CMP8249,32565.96,YouTube Ads,1754.35,1756.2977741043692
U2485,CMP1301,3564.57,Google Ads,9173.04,-61.140799560451065
U0649,CMP9799,61093.76,LinkedIn Ads,26357.97,131.78476946441626
U8837,CMP0389,60257.79,YouTube Ads,3141.36,1818.207082282833
U8837,CMP0389,60257.79,Facebook Ads,46542.16,29.469259699163075
U0100,CMP3645,71559.34,YouTube Ads,35123.89,103.73409665045644
U3349,CMP2319,32398.3,Facebook Ads,1312.82,2367.8402218125866
U3349,CMP2319,32398.3,Facebook Ads,70179.38,-53.835015356362504
U9927,CMP5104,43549.32,Facebook Ads,22299.41,95.29359745392367
U9927,CMP5104,53356.14,Facebook Ads,22299.41,139.27153229614595
U6525,CMP3300,33522.18,Instagram Ads,13495.63,148.39285013000506
U0325,CMP9985,6930.04,Email Marketing,22333.91,-68.97077135172479
U0325,CMP9985,6930.04,Facebook Ads,25345.67,-72.65789383354237
U4216,CMP4919,34430.02,YouTube Ads,15839.56,117.3672753536083
U4216,CMP4919,34430.02,Email Marketing,10354.39,232.51615981240806
U3207,CMP9211,63821.76,YouTube Ads,5323.89,1098.7805908837333
U3207,CMP9211,1702.95,YouTube Ads,5323.89,-68.01305060773231
U6293,CMP6132,74073.51,Google Ads,4404.13,1581.9101615983177
U6293,CMP6132,74073.51,LinkedIn Ads,65508.44,13.074758000648453
U6293,CMP6132,74073.51,Google Ads,11561.48,540.6922816110049
U3183,CMP6698,68546.64,Google Ads,15764.68,334.8114899890134
U0946,CMP5712,32235.0,YouTube Ads,12448.31,158.95081340358655
U0946,CMP5712,32235.0,YouTube Ads,109645.83,-70.60079713017814
U0463,CMP3971,11730.4,LinkedIn Ads,5687.5,106.2487912087912
U2645,CMP7463,7603.71,Email Marketing,7451.27,2.0458257451414266
U6930,CMP6298,52118.88,LinkedIn Ads,15810.63,229.64454926843524
U1457,CMP8736,58419.32,Email Marketing,38272.6,52.64006103583243
U2760,CMP2339,5935.72,Instagram Ads,24750.86,-76.01812623884584
U2796,CMP6846,53025.51,YouTube Ads,40831.16,29.865303851274366
U3042,CMP7971,14317.66,Facebook Ads,9898.4,44.646205447345025
U1790,CMP3144,18516.69,Instagram Ads,49298.93,-62.4399758777726
U1790,CMP3144,22514.58,Instagram Ads,49298.93,-54.33048952583758
U1790,CMP3144,14555.28,Instagram Ads,49298.93,-70.47546468047075
U7830,CMP2043,8235.08,Instagram Ads,1207.67,581.8982006674008
U7830,CMP2043,8235.08,Google Ads,39275.22,-79.03237715791279
U7830,CMP2043,8235.08,Email Marketing,29602.55,-72.18118033750471
U0119,CMP4360,74027.08,Google Ads,3083.13,2301.0366089006952
U5515,CMP4356,26223.5,LinkedIn Ads,52487.65,-50.03872339493195
U5834,CMP3926,34676.25,Instagram Ads,60008.63,-42.21456147224158
U4579,CMP6584,34304.91,Email Marketing,1329.41,2480.461257249456
U5279,CMP7786,65602.52,YouTube Ads,31595.61,107.63175643704935
U1334,CMP5334,70654.71,Email Marketing,25751.33,174.37305179965463
U2346,CMP1646,64367.6,Email Marketing,32249.46,99.59279938330751
U8991,CMP0521,33886.78,Facebook Ads,26466.33,28.03732138154401
U1466,CMP7900,2919.72,LinkedIn Ads,20077.71,-85.45790331666309
U1466,CMP7900,2919.72,Email Marketing,13672.91,-78.64595027686133
U7804,CMP5350,10829.91,LinkedIn Ads,14361.46,-24.59046642890068
U9842,CMP8061,28743.02,Google Ads,97709.8,-70.58327823821152
U4245,CMP6253,9020.14,Email Marketing,120014.21,-92.48410667370139
U5135,CMP9703,29896.4,Facebook Ads,24448.18,22.28476720966551
U5135,CMP9703,29896.4,YouTube Ads,51689.6,-42.161672754287125
U5135,CMP9703,874.64,Facebook Ads,24448.18,-96.42247398374849
U5135,CMP9703,874.64,YouTube Ads,51689.6,-98.30789946140037
U5981,CMP9668,50032.9,YouTube Ads,32202.03,55.37188183477875
U5177,CMP3640,17003.64,Google Ads,1490.02,1041.1685749184574
U0563,CMP7468,38051.56,Facebook Ads,11980.04,217.62464899950245
U8111,CMP2023,5116.83,Instagram Ads,102753.62,-95.0202922291205
U0862,CMP5459,29841.74,Facebook Ads,60694.28,-50.83269790827076
U7757,CMP2609,6082.88,Google Ads,27424.46,-77.8195085700867
U7757,CMP2609,6082.88,Google Ads,8411.15,-27.680757090290857
U7757,CMP2609,58914.84,Google Ads,27424.46,114.82588900565406
U7757,CMP2609,58914.84,Google Ads,8411.15,600.4373955998882
U7757,CMP2609,54648.34,Google Ads,27424.46,99.26860911755418
U7757,CMP2609,54648.34,Google Ads,8411.15,549.7130594508479
U6452,CMP4638,56605.78,Instagram Ads,47941.48,18.072658582922337
U2254,CMP0887,22362.81,Email Marketing,53005.25,-57.81019804641993
U1671,CMP3437,71317.06,Facebook Ads,7226.73,886.8510377445954
U0860,CMP2757,25882.57,Google Ads,15208.17,70.18858942265899
U3947,CMP2435,51832.82,Email Marketing,45265.95,14.507306264421718
U1469,CMP2827,45071.66,Email Marketing,99679.7,-54.78351158761513
U1469,CMP2827,32895.03,Email Marketing,99679.7,-66.99926865751
U1469,CMP2827,51136.68,Email Marketing,99679.7,-48.699002906308905
U1469,CMP2827,21184.78,Email Marketing,99679.7,-78.74714711220038
U1469,CMP2827,63254.73,Email Marketing,99679.7,-36.54201407106963
U8016,CMP7293,38598.82,Instagram Ads,504.05,7557.736335680983
U9714,CMP9615,74996.6,YouTube Ads,29000.35,158.60584441222267
U8807,CMP7106,52780.08,Instagram Ads,4558.24,1057.9048053634738
U8831,CMP9111,51479.4,YouTube Ads,14663.39,251.07434229056173
U8831,CMP9111,56659.38,YouTube Ads,14663.39,286.4002798807097
U7328,CMP1923,10314.59,Facebook Ads,32452.97,-68.21680727526633
U1387,CMP2642,27744.3,Google Ads,37463.01,-25.942149336105143
U1387,CMP2642,27744.3,Email Marketing,21001.77,32.10457975684906
U8511,CMP2812,33785.32,LinkedIn Ads,349.14,9576.72566878616
U3439,CMP8036,22027.64,Email Marketing,38458.91,-42.724221773315996
U3439,CMP8036,61617.42,Email Marketing,38458.91,60.21624117792208
U2199,CMP0602,44689.9,Facebook Ads,11590.23,285.5825121675756
U4271,CMP2106,12876.46,Email Marketing,26472.21,-51.35857565348718
U8781,CMP1365,55151.12,Instagram Ads,133015.58,-58.537849475978675
U9912,CMP3157,12146.73,Email Marketing,65352.31,-81.41346495632672
U2042,CMP7105,41466.38,LinkedIn Ads,2452.4,1590.8489642798888
U2398,CMP5397,8022.56,Email Marketing,14600.55,-45.053028824256614
U9648,CMP6204,49640.42,Google Ads,4790.75,936.172206856964
U9648,CMP6204,26655.84,Google Ads,4790.75,456.40223347075096
U2798,CMP4621,26379.09,YouTube Ads,10745.02,145.500613307374
U9705,CMP8712,51734.38,YouTube Ads,126356.02,-59.05665594721962
U9705,CMP8712,51734.38,LinkedIn Ads,6979.22,641.2630637807663
U0867,CMP2548,58481.46,Email Marketing,3122.12,1773.1329993722213
U7679,CMP9973,71481.76,Email Marketing,21077.92,239.13099584778763
U7679,CMP9973,71481.76,LinkedIn Ads,43067.69,65.97537504333293
U5124,CMP3749,6444.46,Instagram Ads,28124.59,-77.08603040968775
U9080,CMP1535,51019.71,Facebook Ads,2069.72,2365.053727074194
U8723,CMP2236,1782.09,LinkedIn Ads,61841.75,-97.11830599877915
U8653,CMP0120,45847.48,Email Marketing,69146.15,-33.69481887277888
U2185,CMP2762,32137.12,Email Marketing,10523.66,205.37968729510453
U8833,CMP2794,36622.0,YouTube Ads,31935.46,14.675035211642484
U8833,CMP2794,36622.0,Instagram Ads,69843.11,-47.565336079679156
U8833,CMP2794,36622.0,Instagram Ads,13723.88,166.84873374002106
U8833,CMP2794,20419.47,YouTube Ads,31935.46,-36.060197661157844
U8833,CMP2794,20419.47,Instagram Ads,69843.11,-70.76380189828316
U8833,CMP2794,20419.47,Instagram Ads,13723.88,48.78787922948906
U8833,CMP2794,2657.7,YouTube Ads,31935.46,-91.67790287035163
U8833,CMP2794,2657.7,Instagram Ads,69843.11,-96.19475707768454
U8833,CMP2794,2657.7,Instagram Ads,13723.88,-80.63448529133161
U8447,CMP3491,46617.84,Google Ads,87959.69,-47.000904618922604
U5799,CMP0943,66847.08,Instagram Ads,2185.13,2959.180918297767
U5799,CMP0943,66847.08,Instagram Ads,16462.19,306.0643207252498
U1389,CMP6588,12163.02,Instagram Ads,1013.95,1099.5680260367867
U6133,CMP7986,66995.36,Google Ads,6934.46,866.1222359058961
U6133,CMP7986,4714.98,Google Ads,6934.46,-32.0065297081532
U2292,CMP4416,1181.42,Google Ads,93266.19,-98.73328158896595
U6899,CMP3252,50215.71,Google Ads,3896.65,1188.6892587222358
U8120,CMP7853,24872.91,Email Marketing,5289.87,370.1988895757363
U0347,CMP6552,37875.07,YouTube Ads,30814.78,22.91202468425866
U0132,CMP3875,21705.09,Google Ads,56658.23,-61.69119649519585
U4088,CMP7028,20317.16,Facebook Ads,38887.19,-47.753591864056006
U8231,CMP4053,74446.96,Email Marketing,18078.48,311.798779543413
U8231,CMP4053,65654.42,Email Marketing,18078.48,263.1633854173581
U3149,CMP2437,46522.7,Facebook Ads,3047.19,1426.741030260666
U3792,CMP0835,36330.24,LinkedIn Ads,34203.2,6.218833325536795
U4597,CMP6998,19087.43,Email Marketing,1597.77,1094.629389711911
U3474,CMP0780,68204.79,Facebook Ads,170.61,39877.01775980305
U1828,CMP7060,51459.88,Facebook Ads,18274.83,181.58883010129227
U8665,CMP2135,49030.94,Instagram Ads,46658.94,5.0836988581395115
U1972,CMP9574,66390.08,LinkedIn Ads,139313.49,-52.34483035347115
U1972,CMP9574,66390.08,LinkedIn Ads,1277.19,5098.136534110038
U1972,CMP9574,59612.62,LinkedIn Ads,139313.49,-57.20972893579797
U1972,CMP9574,59612.62,LinkedIn Ads,1277.19,4567.482520220171
U8956,CMP3121,54607.29,Facebook Ads,137473.61,-60.277983534439805
U6852,CMP3310,66950.31,YouTube Ads,8385.6,698.3961791642816
U7146,CMP9181,39639.39,Instagram Ads,50344.76,-21.26411964224281
U4746,CMP8256,59733.48,Google Ads,17219.44,246.89560171527071
U4746,CMP8256,59733.48,Facebook Ads,3066.23,1848.108263241831
U1229,CMP3117,38563.92,Email Marketing,59449.23,-35.131338118256544
U2622,CMP6394,52481.6,LinkedIn Ads,13919.56,277.0349062757731
U4972,CMP8402,20687.22,LinkedIn Ads,88348.96,-76.58464796869143
U4972,CMP8402,42932.24,LinkedIn Ads,88348.96,-51.40606069386669
U2428,CMP2804,65598.67,Facebook Ads,3974.6,1550.4470890152468
U9915,CMP4080,71022.27,Facebook Ads,2527.02,2710.514756511622
U9915,CMP4080,71022.27,Email Marketing,48354.17,46.879307410301955
U4832,CMP9000,61332.23,Instagram Ads,21597.39,183.97982348793073
U4832,CMP9000,52359.87,Instagram Ads,21597.39,142.43609991762895
U8805,CMP5825,54403.22,Facebook Ads,25906.16,110.00109626436338
U3378,CMP6259,20707.92,Email Marketing,1622.7,1176.1397670549084
U3378,CMP6259,20707.92,Email Marketing,35564.91,-41.77429381938546
U3378,CMP6259,2697.16,Email Marketing,1622.7,66.21433413446724
U3378,CMP6259,2697.16,Email Marketing,35564.91,-92.41623274176709
U6040,CMP6480,37575.12,Facebook Ads,29749.29,26.305938729966332
U4622,CMP3032,66480.04,Facebook Ads,26413.34,151.69115303100628
U6987,CMP6459,48650.07,Email Marketing,5900.13,724.5592893715901
U9885,CMP1643,2288.16,Email Marketing,17866.38,-87.19292884176873
U4386,CMP0223,1752.15,Email Marketing,1266.51,38.344742639221174
U4386,CMP0223,1752.15,Instagram Ads,50369.57,-96.52141163801875
U1393,CMP0154,57155.62,Facebook Ads,5898.87,868.924895785125
U1393,CMP0154,57155.62,Google Ads,102262.37,-44.108844729493356
U0916,CMP7280,47340.82,Facebook Ads,30107.44,57.23960589143415
U0916,CMP7280,66446.26,Facebook Ads,30107.44,120.69714329747063
U6805,CMP0348,17405.22,Google Ads,8962.26,94.2057025794833
U6304,CMP6999,32289.32,LinkedIn Ads,20911.41,54.41005651938343
U6304,CMP6999,67694.9,LinkedIn Ads,20911.41,223.72231236439814
U5855,CMP2779,9537.56,Google Ads,8964.98,6.3868519505899615
U5487,CMP1390,32324.42,Google Ads,7228.03,347.20926725539323
U5487,CMP1390,28607.97,Google Ads,7228.03,295.7920761258601
U8180,CMP4941,20456.03,YouTube Ads,26301.64,-22.22526808214241
U7319,CMP1252,43654.83,Google Ads,5267.91,728.6935426003861
U6309,CMP4563,32219.53,Facebook Ads,14154.95,127.62023179170536
U6309,CMP4563,15443.79,Facebook Ads,14154.95,9.105224674053954
U4029,CMP6783,37659.84,Facebook Ads,675.1,5478.4091245741365
U4029,CMP6783,37659.84,YouTube Ads,27117.74,38.87528975497219
U9519,CMP8071,58412.0,YouTube Ads,44240.03,32.03426851202407
U0282,CMP3594,71852.97,Email Marketing,4688.68,1432.4775843094433
U4829,CMP1805,64108.42,Google Ads,52163.57,22.898835336615186
U4829,CMP1805,16886.4,Google Ads,52163.57,-67.62798251730086
U1921,CMP6899,28776.47,Facebook Ads,3369.84,753.9417301711654
U1921,CMP6899,16025.73,Facebook Ads,3369.84,375.56352823872936
U1209,CMP6959,12494.36,Instagram Ads,3344.77,273.5491528565492
U6824,CMP5985,55959.18,Facebook Ads,2120.6,2538.8371215693674
U7275,CMP8642,22042.6,Email Marketing,19160.75,15.040382030974772
U6495,CMP0984,34481.52,Email Marketing,2566.84,1243.3451247448222
U2570,CMP4228,28783.84,YouTube Ads,38134.27,-24.519756114382147
U6428,CMP2051,45677.44,Email Marketing,22533.22,102.71155209952238
U0896,CMP7675,15208.74,LinkedIn Ads,57178.33,-73.40121685960398
U2667,CMP1711,16484.31,Google Ads,8368.41,96.98258092038992
U3938,CMP5065,42686.16,Facebook Ads,23269.42,83.44316274320549
U0139,CMP7927,70266.4,Google Ads,1536.8,4472.254034357105
U0139,CMP7927,37891.05,Google Ads,1536.8,2365.581077563769
U5429,CMP6401,22583.3,Email Marketing,16438.91,37.37711320276101
U5429,CMP6401,8249.46,Email Marketing,16438.91,-49.817475732880105
U0613,CMP2461,32118.63,Google Ads,60367.48,-46.794814029010325
U0613,CMP2461,51416.26,Google Ads,60367.48,-14.827884152195853
U2308,CMP1529,74426.7,Email Marketing,15516.56,379.65979572791906
U2308,CMP1529,42884.5,Email Marketing,15516.56,176.37891388297408
U2308,CMP1529,31430.43,Email Marketing,15516.56,102.56055465902236
U7060,CMP8574,51453.36,Instagram Ads,9478.54,442.8405640531136
U8152,CMP3422,57649.06,YouTube Ads,12792.14,350.6600146652554
U4844,CMP8965,43556.0,Google Ads,8576.49,407.853445873545
U4195,CMP1462,11178.21,Google Ads,13586.16,-17.723551025455322
U6702,CMP9319,33481.46,LinkedIn Ads,7398.74,352.52921443380905
U6702,CMP9319,33481.46,Facebook Ads,17388.01,92.55486970619411
U0700,CMP5139,55772.42,Google Ads,7026.78,693.7123405030469
U0700,CMP5139,55772.42,Instagram Ads,10173.18,448.22995366247324
U0700,CMP5139,35272.16,Google Ads,7026.78,401.9676153230926
U0700,CMP5139,35272.16,Instagram Ads,10173.18,246.71715235550735
U9342,CMP9189,29575.56,Google Ads,3649.14,710.4802775448462
U1788,CMP1532,8794.86,Instagram Ads,53420.9,-83.5366682328452
U5611,CMP6504,52895.1,LinkedIn Ads,13979.92,278.3648261220379
U2385,CMP1874,42939.34,Instagram Ads,4370.13,882.5643630738673
U0887,CMP6231,51512.61,Google Ads,70119.46,-26.535928827746254
U0887,CMP6231,51512.61,Instagram Ads,10733.4,379.92816814802393
U6637,CMP4130,53631.34,Email Marketing,1952.32,2647.056834945091
U0881,CMP6877,72279.92,YouTube Ads,50615.57,42.80175052854289
U2633,CMP2696,68510.38,Facebook Ads,38063.76,79.98847197439244
U1275,CMP6376,11487.82,Google Ads,117264.31,-90.2034813490993
U5185,CMP5186,20263.1,Google Ads,36327.07,-44.220384413056166
U5185,CMP5186,20263.1,Email Marketing,17880.73,13.323673026772392
U1597,CMP0061,73443.12,LinkedIn Ads,13980.03,425.3430786629213
U3132,CMP8948,28241.53,Facebook Ads,19739.31,43.07252887765579
U3132,CMP8948,70107.69,Facebook Ads,19739.31,255.16788580755866
U8178,CMP0266,31221.22,Instagram Ads,70077.45,-55.44755124508668
U7518,CMP8888,41791.95,LinkedIn Ads,52917.29,-21.0240169139425
U7168,CMP8893,46812.96,LinkedIn Ads,41217.22,13.57621887162695
U6739,CMP1626,56565.7,Facebook Ads,25009.49,126.17694323234898
U6739,CMP1626,56565.7,Google Ads,3231.34,1650.5338342607092
U4750,CMP8925,58433.36,Google Ads,82848.46,-29.469588209605835
U4750,CMP8925,7064.25,Google Ads,82848.46,-91.47328749381703
U7602,CMP6244,59009.16,Google Ads,37752.67,56.304600442829624
U7602,CMP6244,2826.82,Google Ads,37752.67,-92.51226469545067
U4334,CMP0125,18685.41,Instagram Ads,15881.43,17.655714882098145
U8503,CMP6793,13403.0,Google Ads,326.6,4003.796693202694
U6445,CMP7046,10318.64,Facebook Ads,19117.79,-46.02597894421898
U2596,CMP6397,53469.34,Email Marketing,31167.42,71.55523299650724
U4264,CMP8262,15879.38,Google Ads,111661.66,-85.7790220922741
U4264,CMP8262,15879.38,Instagram Ads,30380.95,-47.73244417965864
U8908,CMP0421,2627.77,LinkedIn Ads,382.31,587.3401166592556
U3634,CMP2139,62368.88,LinkedIn Ads,34109.82,82.84728562038732
U3634,CMP2139,63153.92,LinkedIn Ads,34109.82,85.1487929282535
U0380,CMP6195,34699.38,Instagram Ads,6558.76,429.0539675182504
U0380,CMP6195,34699.38,Google Ads,4933.79,603.300707975005
U0380,CMP6195,8428.88,Instagram Ads,6558.76,28.51331654154137
U0380,CMP6195,8428.88,Google Ads,4933.79,70.8398614452581
U1521,CMP9764,27583.75,Google Ads,2530.66,989.9824551697977
U1521,CMP9764,27583.75,LinkedIn Ads,62228.48,-55.67343120063354
U1206,CMP3408,16364.47,LinkedIn Ads,17323.34,-5.535133525059259
U4895,CMP6149,42871.58,Instagram Ads,123823.14,-65.37676237252585
U9831,CMP0516,39489.82,Google Ads,31698.8,24.57828056582584
U8385,CMP1993,27843.14,Facebook Ads,3468.73,702.6897452381708
U2074,CMP3555,15543.39,Google Ads,7519.8,106.69951328492778
U7145,CMP5711,15084.27,Email Marketing,41236.82,-63.42038498603917
U9563,CMP3243,59711.9,Email Marketing,89993.94,-33.64897680888291
U5223,CMP7993,29191.16,LinkedIn Ads,45546.85,-35.9095963826258
U8379,CMP9293,22540.41,Instagram Ads,5969.99,277.5619389647219
U7036,CMP8692,21314.85,Instagram Ads,1329.38,1503.367735335269
U7036,CMP8692,6143.55,Instagram Ads,1329.38,362.1364846770675
U0179,CMP6090,42884.6,Instagram Ads,6204.1,591.2299930690995
U8639,CMP3812,21395.1,YouTube Ads,1534.38,1294.3807922418173
U8639,CMP3812,21395.1,YouTube Ads,3313.68,545.659810241182
U5207,CMP1226,4437.24,YouTube Ads,100469.23,-95.58348361981076
U2804,CMP8170,29177.18,Google Ads,8141.98,258.3548473467142
U0077,CMP0349,63241.98,Instagram Ads,6142.77,929.5352096855329
U1138,CMP0607,60336.62,YouTube Ads,3109.6,1840.3338049909958
U5132,CMP4932,29954.56,Instagram Ads,27396.37,9.337696928461698
U1684,CMP7448,62040.15,LinkedIn Ads,35180.55,76.34786835339412
U3132,CMP1723,28241.53,Instagram Ads,46441.47,-39.18898346671628
U3132,CMP1723,70107.69,Instagram Ads,46441.47,50.95923966231043
U1230,CMP0861,27725.85,Instagram Ads,544.43,4992.638172033136
U1230,CMP0861,46246.74,Instagram Ads,544.43,8394.524548610474
U7549,CMP6219,64745.7,Instagram Ads,53065.46,22.011003014013255
U8645,CMP9571,49849.22,LinkedIn Ads,104610.64,-52.34784912892225
U8645,CMP9571,70870.32,LinkedIn Ads,104610.64,-32.25323924985068
U1357,CMP5275,65560.77,Email Marketing,7802.33,740.2716880726655
U3482,CMP3374,35510.16,Email Marketing,3959.7,796.7891506932344
U8645,CMP3079,49849.22,LinkedIn Ads,4595.23,984.8035898094331
U8645,CMP3079,70870.32,LinkedIn Ads,4595.23,1442.2583853256533
U3585,CMP7439,65188.52,Email Marketing,9202.61,608.3699081021579
U5033,CMP3327,11686.26,LinkedIn Ads,2436.88,379.5582876464988
U3065,CMP1756,49895.0,Email Marketing,1512.34,3199.191980639275
U3065,CMP1756,49895.0,Facebook Ads,18036.86,176.62797183101716
U3065,CMP1756,30054.09,Email Marketing,1512.34,1887.2574950077365
U3065,CMP1756,30054.09,Facebook Ads,18036.86,66.625953741394
U3475,CMP5767,32740.5,YouTube Ads,7247.64,351.7401526565889
U3475,CMP5767,32740.5,Instagram Ads,4674.07,600.4708958145685
U6268,CMP0871,14816.64,LinkedIn Ads,6587.13,124.93316512654218
U1789,CMP9733,19234.11,Instagram Ads,55981.02,-65.64173000063236
U1079,CMP3598,17565.03,Google Ads,1080.72,1525.3081279147234
U1079,CMP3598,17565.03,Email Marketing,24927.5,-29.535533045832917
U4396,CMP6629,59090.28,LinkedIn Ads,5579.93,958.9788760790905
U3033,CMP4719,36149.31,Email Marketing,36961.14,-2.1964419928606147
U7459,CMP3910,35989.1,Google Ads,7528.44,378.0419316618051
U7459,CMP3910,35989.1,Facebook Ads,3347.27,975.1776821110935
U7459,CMP3910,21030.24,Google Ads,7528.44,179.34392782568506
U7459,CMP3910,21030.24,Facebook Ads,3347.27,528.280359815611
U9733,CMP0342,824.73,Facebook Ads,2003.01,-58.82546767115491
U4763,CMP4056,13172.37,LinkedIn Ads,2390.03,451.13827023091756
U4763,CMP4056,65921.49,LinkedIn Ads,2390.03,2658.18671732154
U8941,CMP1539,19575.1,Google Ads,29167.78,-32.887933192035874
U9761,CMP0223,51669.48,Email Marketing,1266.51,3979.674064950139
U9761,CMP0223,51669.48,Instagram Ads,50369.57,2.5807446837445776
U5853,CMP0340,43635.63,Facebook Ads,26028.16,67.64777072217167
U1769,CMP7057,41210.04,Instagram Ads,2445.28,1585.289210233593
U5427,CMP7361,70936.04,YouTube Ads,20937.31,238.80207151730568
U2015,CMP5068,72635.37,Facebook Ads,7459.67,873.7075500658875
U2411,CMP5686,39596.58,Instagram Ads,752.49,5162.073914603517
U4829,CMP9145,64108.42,Email Marketing,14248.13,349.94269423426095
U4829,CMP9145,16886.4,Email Marketing,14248.13,18.51660533698108
U5772,CMP9717,19418.94,Google Ads,4318.53,349.66551118088796
U2338,CMP4642,68930.79,YouTube Ads,49700.78,38.69156580641188
U6329,CMP3586,8036.8,Google Ads,20249.87,-60.31184397726997
U5284,CMP4949,57748.78,YouTube Ads,18169.15,217.83974484221878
U4872,CMP2224,41277.93,LinkedIn Ads,13082.3,215.5250223584538
U8255,CMP7159,35527.12,Google Ads,11543.13,207.77718001963078
U0433,CMP7644,11188.48,LinkedIn Ads,11423.81,-2.059995745727563
U8901,CMP4955,56833.63,Facebook Ads,38329.99,48.27457559994146
U7541,CMP2064,20810.47,LinkedIn Ads,1558.07,1235.6569345408102
U7889,CMP1754,5269.22,Instagram Ads,14300.71,-63.15413710228373
U7889,CMP1754,5269.22,Instagram Ads,41957.09,-87.44140739979822
U7889,CMP1754,5269.22,LinkedIn Ads,115468.28,-95.43665152022702
U3360,CMP9579,55726.48,Email Marketing,91874.84,-39.34522226106733
U0106,CMP2235,15651.96,Email Marketing,34632.8,-54.80596428818924
U0106,CMP2235,15651.96,Facebook Ads,20074.11,-22.029121091794362
U4051,CMP0001,2580.74,Facebook Ads,33518.19,-92.30047923232132
U3016,CMP7272,61760.22,LinkedIn Ads,1348.27,4480.70119486453
U0355,CMP7195,56036.44,Email Marketing,20816.88,169.1875055243629
U4752,CMP2798,71962.54,YouTube Ads,54091.33,33.03895467166363
U7602,CMP6019,59009.16,Email Marketing,15284.08,286.0825119994138
U7602,CMP6019,2826.82,Email Marketing,15284.08,-81.50480761681436
U7283,CMP1969,35492.1,YouTube Ads,1772.32,1902.578541121242
U3454,CMP7510,16578.26,Email Marketing,19644.87,-15.610233104113188
U3454,CMP7510,16578.26,Instagram Ads,1147.64,1344.5522986302321
U3454,CMP7510,29753.85,Email Marketing,19644.87,51.45862507616492
U3454,CMP7510,29753.85,Instagram Ads,1147.64,2492.6117946394334
U5559,CMP2859,59162.24,Email Marketing,20842.44,183.85467344514367
U9927,CMP4964,43549.32,LinkedIn Ads,9452.71,360.7072469164928
U9927,CMP4964,53356.14,LinkedIn Ads,9452.71,464.4533683991153
U5704,CMP8609,30730.22,Instagram Ads,12085.41,154.2753617792032
U8183,CMP0484,57173.26,Instagram Ads,26689.77,114.21413522859135
U8183,CMP0484,57173.26,Email Marketing,4185.27,1266.0590595110948
U1055,CMP3877,9249.67,Google Ads,25524.5,-63.761601598464225
U2852,CMP1195,30901.08,LinkedIn Ads,67982.09,-54.545263318618176
U2852,CMP1195,34126.1,LinkedIn Ads,67982.09,-49.80133738165449
U4688,CMP9401,12785.14,YouTube Ads,5887.78,117.14704014076614
U1577,CMP8660,11186.78,Facebook Ads,3631.92,208.01284169254834
U3037,CMP5892,54825.04,LinkedIn Ads,79804.65,-31.300945496283735
U5769,CMP8130,42233.28,Facebook Ads,40520.42,4.227152630698301
U5769,CMP8130,42233.28,Google Ads,6690.85,531.2094875837897
U9325,CMP1101,39155.58,LinkedIn Ads,46981.54,-16.657521230679112
U0370,CMP1933,62240.02,LinkedIn Ads,3386.78,1737.7343671570045
U3956,CMP5864,23933.78,Google Ads,4680.77,411.32142788472834
U0492,CMP0929,20120.42,YouTube Ads,23695.44,-15.087375461270188
U1022,CMP0974,60570.4,Facebook Ads,38456.75,57.50264907981044
U9801,CMP9995,41693.32,Email Marketing,7946.07,424.70365853812007
U8317,CMP2122,32790.03,Instagram Ads,3167.35,935.2512352597598
U8753,CMP3732,51506.94,Google Ads,1218.91,4125.655708789
U2052,CMP9053,41553.7,LinkedIn Ads,7091.14,485.9946355593035
U7153,CMP7176,7580.33,Google Ads,52578.42,-85.58281135112085
U7153,CMP7176,12194.74,Google Ads,52578.42,-76.80656816998305
U4095,CMP3722,10158.66,LinkedIn Ads,109914.92,-90.75770605118942
U4791,CMP4631,36293.58,Google Ads,38005.2,-4.503646869375758
U5849,CMP1259,23226.88,YouTube Ads,14963.31,55.225548357950224
U5849,CMP1259,23226.88,Google Ads,13889.44,67.22690043659068
U5225,CMP9035,50685.5,Instagram Ads,47476.8,6.7584588683314735
U5225,CMP9035,8500.08,Instagram Ads,47476.8,-82.09635021736932
U2247,CMP6732,55836.72,Email Marketing,59288.08,-5.821338791878571
U7214,CMP2012,2330.76,Instagram Ads,7428.25,-68.62302695789721
U0979,CMP0554,37530.3,Instagram Ads,22679.58,65.4805776826555
U3022,CMP6269,4630.27,LinkedIn Ads,2654.7,74.41782498964105
U4302,CMP0513,2780.37,YouTube Ads,4827.6,-42.40678598061149
U6359,CMP7112,74323.67,LinkedIn Ads,16380.0,353.7464590964591
U4262,CMP7595,56113.32,LinkedIn Ads,73937.55,-24.107141770318332
U1402,CMP3904,25811.78,Facebook Ads,3183.11,710.8981467809783
U9962,CMP0633,42956.74,YouTube Ads,11027.91,289.52748072844264
U7643,CMP4334,19157.97,Facebook Ads,10760.32,78.04275337536431
U7643,CMP4334,48102.42,Facebook Ads,10760.32,347.0352182834711
U9035,CMP3570,14100.44,LinkedIn Ads,12171.73,15.845816494450673
U2407,CMP4525,18025.94,Instagram Ads,7075.98,154.74831754753404
U5200,CMP0631,17675.46,YouTube Ads,10222.87,72.90115202482276
U5200,CMP0631,17675.46,Facebook Ads,146660.95,-87.94808024903699
U8855,CMP4245,26717.43,Instagram Ads,6862.66,289.3159503749275
U5338,CMP8306,61834.95,LinkedIn Ads,4225.5,1363.3759318423854
U9945,CMP1170,67381.38,Google Ads,16903.47,298.62454277139545
U9945,CMP1170,67381.38,Email Marketing,11854.22,468.4168169647603
U4766,CMP7712,8637.74,Instagram Ads,2971.07,190.7282561501412
U5637,CMP5130,44014.46,YouTube Ads,135780.61,-67.58413443569005
U9264,CMP2459,41456.3,LinkedIn Ads,25652.88,61.604856842584546
U9947,CMP8831,39384.94,Email Marketing,31904.01,23.448243653384022
U3983,CMP4411,24125.12,Facebook Ads,45187.11,-46.61061528387189
U9183,CMP3950,27650.55,LinkedIn Ads,59763.54,-53.73341338213902
U9183,CMP3950,13959.68,LinkedIn Ads,59763.54,-76.64181204794764
U8809,CMP9916,6957.09,Facebook Ads,22699.11,-69.35082476801954
U8809,CMP9916,6957.09,YouTube Ads,3064.02,127.0575910078916
U8809,CMP9916,44168.08,Facebook Ads,22699.11,94.58066858127918
U8809,CMP9916,44168.08,YouTube Ads,3064.02,1341.5075619610839
U6693,CMP9922,43518.87,Instagram Ads,11580.81,275.7843363288061
U4316,CMP3246,35637.12,Facebook Ads,959.07,3615.7996809409115
U2169,CMP2071,29567.48,Google Ads,3585.65,724.6058594676
U1951,CMP5806,45950.24,Facebook Ads,31016.21,48.149112996075274
U7369,CMP0742,36175.12,Google Ads,112159.82,-67.74680986470914
U1373,CMP3006,44783.84,Email Marketing,127332.63,-64.82925075842697
U4577,CMP7431,37377.04,LinkedIn Ads,20368.39,83.50512730755844
U4674,CMP9243,56979.54,YouTube Ads,54679.75,4.205926325559281
U9424,CMP2347,26540.42,Google Ads,35130.47,-24.451850487625137
U4727,CMP1943,8629.36,Instagram Ads,20799.87,-58.51243301039861
U2767,CMP4566,3701.07,Facebook Ads,5753.03,-35.667465665918655
U6055,CMP8845,32417.82,YouTube Ads,850.57,3711.305359935102
U6055,CMP8845,35239.65,YouTube Ads,850.57,4043.0628872403213
U1966,CMP8535,20281.95,Facebook Ads,45781.08,-55.69796518561816
U3645,CMP2242,38399.22,Instagram Ads,38078.58,0.8420482066295523
U5158,CMP7430,69978.33,Email Marketing,120537.57,-41.94479779209088
U0584,CMP8541,19009.1,LinkedIn Ads,28995.35,-34.44086724250613
U0584,CMP8541,19009.1,Instagram Ads,32867.01,-42.163585917915874
U7939,CMP6164,57773.97,Facebook Ads,23248.86,148.50237818112373
U7939,CMP6164,21733.02,Facebook Ads,23248.86,-6.520061628828253
U8040,CMP1454,53466.8,Email Marketing,57253.93,-6.614620166685496
U8040,CMP1454,53466.8,YouTube Ads,9096.66,487.76298113813203
U3846,CMP6852,40136.75,Email Marketing,23455.31,71.1201003099085
U6426,CMP2951,36461.2,Instagram Ads,17680.21,106.22605726968175
U4054,CMP3587,13832.43,Google Ads,34412.06,-59.803539805521666
U2099,CMP5225,31341.21,Email Marketing,11184.38,180.2230432084747
U0997,CMP0475,50867.94,Instagram Ads,13330.55,281.5892067469084
U4397,CMP6413,25983.24,LinkedIn Ads,23411.32,10.98579661462917
U4397,CMP6413,25983.24,Facebook Ads,44158.1,-41.158609632207906
U8783,CMP0748,71129.92,Instagram Ads,21712.56,227.59803542281517
U6213,CMP5402,68482.96,Facebook Ads,12736.08,437.70830585235024
U8774,CMP9059,40525.64,Google Ads,9909.36,308.96324283303863
U8774,CMP9059,40525.64,Instagram Ads,24663.78,64.31236412261218
U9060,CMP3758,63527.04,Instagram Ads,13124.33,384.0402519595286
U2572,CMP8628,17827.89,Google Ads,54097.22,-67.04472059747248
U6566,CMP4052,20797.4,Google Ads,14555.56,42.88285713500547
U0331,CMP1254,40971.07,Google Ads,88347.98,-53.62534604639517
U9924,CMP2488,38792.4,Google Ads,158568.05,-75.53580308265127
U9924,CMP2488,38792.4,Facebook Ads,17345.23,123.64880719367805
U9441,CMP4951,32642.94,Instagram Ads,7257.9,349.7573678336709
U8737,CMP6658,2028.03,YouTube Ads,15171.65,-86.63276571763782
U9468,CMP6450,17984.58,Instagram Ads,25945.6,-30.683507030093725
U1371,CMP7812,16170.38,YouTube Ads,10840.13,49.17145827586939
U7759,CMP8026,64422.44,Email Marketing,27080.6,137.89147950931667
U7759,CMP8026,64422.44,YouTube Ads,1954.5,3196.1084676387823
U7759,CMP8026,42822.96,Email Marketing,27080.6,58.13150373329986
U7759,CMP8026,42822.96,YouTube Ads,1954.5,2090.9930928626245
U2468,CMP0966,42724.44,LinkedIn Ads,13802.0,209.55252861904071
U8939,CMP0092,18253.65,Instagram Ads,54634.67,-66.58962157179681
U1722,CMP7914,28644.69,YouTube Ads,34679.76,-17.402283060782437
U1722,CMP7914,28644.69,YouTube Ads,109408.75,-73.81864796005803
U7170,CMP0224,32245.53,Facebook Ads,28578.56,12.831192334393327
U7170,CMP0224,32245.53,Instagram Ads,22983.09,40.30110833660747
U6544,CMP8595,33084.34,LinkedIn Ads,28175.44,17.422620551799717
U2319,CMP4442,15931.29,YouTube Ads,38262.51,-58.36318631475039
U5410,CMP6083,53844.8,YouTube Ads,22686.14,137.34667951445246
U0092,CMP0161,15545.62,Instagram Ads,7789.02,99.58377305489009
U9740,CMP8811,47998.5,LinkedIn Ads,2944.74,1529.9741233521468
U4657,CMP3704,23451.96,Instagram Ads,5265.35,345.40173017938025
U1270,CMP6608,55001.36,Instagram Ads,61528.85,-10.608828216357038
U9623,CMP2922,43492.44,Instagram Ads,4188.98,938.2584781975567
U7757,CMP9703,6082.88,Facebook Ads,24448.18,-75.11929313347659
U7757,CMP9703,6082.88,YouTube Ads,51689.6,-88.23190738562496
U7757,CMP9703,58914.84,Facebook Ads,24448.18,140.97842866012928
U7757,CMP9703,58914.84,YouTube Ads,51689.6,13.978130997337953
U7757,CMP9703,54648.34,Facebook Ads,24448.18,123.52723188392754
U7757,CMP9703,54648.34,YouTube Ads,51689.6,5.724052807528009
U5298,CMP1497,38744.12,YouTube Ads,3429.81,1029.6287549456094
U3945,CMP6970,58213.53,Email Marketing,21271.93,173.6636026914342
U3505,CMP7774,21371.96,Instagram Ads,31188.39,-31.474628860290643
U1971,CMP7164,26602.4,YouTube Ads,59595.49,-55.36172284177879
U1971,CMP7164,42073.24,YouTube Ads,59595.49,-29.4019732030058
U9172,CMP5992,14041.17,LinkedIn Ads,87191.5,-83.89617107172145
U9605,CMP0175,68394.78,Facebook Ads,35197.07,94.31952716518732
U9605,CMP0175,68394.78,Facebook Ads,3152.43,2069.5891740657207
U4505,CMP4158,4010.86,YouTube Ads,2620.08,53.081585295105505
U7714,CMP4146,37154.8,Instagram Ads,19241.53,93.09691069265284
U2899,CMP8939,62679.28,Google Ads,58667.66,6.8378728587436335
U2899,CMP8939,62679.28,Google Ads,1285.99,4774.009906764438
U2899,CMP8939,62679.28,Google Ads,6463.43,869.7525926636475
U4547,CMP0919,55505.92,LinkedIn Ads,8567.08,547.8977668003566
U6606,CMP5186,5315.14,Google Ads,36327.07,-85.36865208231768
U6606,CMP5186,5315.14,Email Marketing,17880.73,-70.27447984506226
U0730,CMP8217,51887.22,Facebook Ads,17537.04,195.87216542814522
U5746,CMP2834,42936.87,Email Marketing,810.43,5198.035610725172
U2991,CMP1411,44642.77,YouTube Ads,3500.7,1175.2526637529638
U1332,CMP0330,51306.12,Facebook Ads,2199.91,2232.1917714815613
U4704,CMP3131,42704.22,Email Marketing,17644.16,142.0303375167761
U4250,CMP3703,7611.6,Facebook Ads,21964.22,-65.34545729372589
U2794,CMP9482,12311.04,Instagram Ads,44940.46,-72.60588787920729
U4730,CMP3452,72660.42,Email Marketing,39910.66,82.05767581894159
U7663,CMP4407,9310.89,Google Ads,39508.05,-76.43292949158463
U9237,CMP3055,67669.67,LinkedIn Ads,12845.98,426.777015066192
U5484,CMP1714,8190.42,Email Marketing,601.71,1261.1906067707034
U7193,CMP5866,43515.42,Instagram Ads,23678.63,83.7750748248526
U5536,CMP6543,23037.87,LinkedIn Ads,16432.38,40.198011487076116
U9462,CMP3839,12928.94,YouTube Ads,9077.27,42.43203077577289
U2287,CMP4925,59301.28,YouTube Ads,51583.58,14.961543964183946
U2709,CMP1482,11701.2,Instagram Ads,14469.54,-19.13219079528444
U7153,CMP2820,7580.33,Instagram Ads,4057.12,86.8401723389991
U7153,CMP2820,12194.74,Instagram Ads,4057.12,200.57627085223015
U9009,CMP6132,16527.53,Google Ads,4404.13,275.2734365243532
U9009,CMP6132,16527.53,LinkedIn Ads,65508.44,-74.7703807326201
U9009,CMP6132,16527.53,Google Ads,11561.48,42.953410808996765
U6351,CMP6166,70193.24,LinkedIn Ads,63841.98,9.948406988630367
U1175,CMP5360,55726.86,Email Marketing,42517.04,31.069472380955965
U1175,CMP5360,55726.86,Instagram Ads,90702.69,-38.56096219417528
U5936,CMP0441,868.17,Facebook Ads,24049.34,-96.39004646281354
U0725,CMP6524,7644.14,Google Ads,18775.72,-59.28710057457185
U7876,CMP2948,14079.21,LinkedIn Ads,9667.98,45.627214785301575
U6627,CMP8477,10308.91,Google Ads,6214.57,65.88291708034507
U6582,CMP6292,32304.86,Email Marketing,1585.07,1938.071504728498
U5490,CMP1900,59072.98,YouTube Ads,37559.73,57.27743516793118
U9670,CMP8712,61103.01,YouTube Ads,126356.02,-51.64218531099666
U9670,CMP8712,61103.01,LinkedIn Ads,6979.22,775.4991245440035
U8022,CMP7455,32953.08,LinkedIn Ads,3900.75,744.7883099403962
U8022,CMP7455,66770.56,LinkedIn Ads,3900.75,1611.7364609369993
U8893,CMP6051,27248.75,Instagram Ads,40275.19,-32.3435842264183
U5854,CMP7320,30168.93,Instagram Ads,8289.14,263.957298344581
U5854,CMP7320,3751.92,Instagram Ads,8289.14,-54.73692083859121
U8085,CMP1378,72910.06,YouTube Ads,4687.38,1455.4544329668172
U5351,CMP4000,45994.5,Email Marketing,49570.76,-7.214454650281743
U4948,CMP1657,1599.1,LinkedIn Ads,23239.28,-93.1189778685054
U4948,CMP1657,14406.82,LinkedIn Ads,23239.28,-38.00659917174714
U1908,CMP4209,74622.69,Email Marketing,23111.37,222.88302251229592
U9394,CMP8423,70209.26,YouTube Ads,47681.55,47.24617802902798
U2970,CMP3043,1125.04,Instagram Ads,18317.71,-93.85818423809525
U2970,CMP3043,37501.9,Instagram Ads,18317.71,104.73028560884524
U9816,CMP0307,17183.28,LinkedIn Ads,15903.19,8.049265587595936
U9984,CMP5319,47881.88,Facebook Ads,5095.04,839.7743687978897
U5238,CMP8872,35049.6,Google Ads,41287.59,-15.108631915788736
U5238,CMP8872,35049.6,LinkedIn Ads,12560.62,179.04355039798986
U4190,CMP8176,64032.66,Facebook Ads,31564.73,102.86142159302489
U3401,CMP1288,22417.86,LinkedIn Ads,7257.49,208.89274391008462
U3401,CMP1288,22417.86,Email Marketing,91735.61,-75.56253236883693
U3401,CMP1288,22417.86,LinkedIn Ads,6881.56,225.76712257104492
U2732,CMP7398,32791.16,LinkedIn Ads,15797.47,107.57222517276503
U2732,CMP7398,32791.16,Email Marketing,1526.65,2047.916025284119
U6149,CMP0384,45828.8,Google Ads,34453.76,33.01538061448156
U6149,CMP0384,45828.8,Instagram Ads,68137.27,-32.740481090598436
U9352,CMP2024,12564.48,Google Ads,11391.63,10.295717118621308
U9819,CMP6572,27715.72,YouTube Ads,45893.87,-39.60910247926357
U8108,CMP5207,69397.86,YouTube Ads,41309.71,67.99406241292907
U7603,CMP2911,68115.6,LinkedIn Ads,744.76,9045.979912992107
U0476,CMP9506,46020.68,Email Marketing,33648.17,36.770231486586056
U5326,CMP1320,43020.98,YouTube Ads,58375.12,-26.302541219615478
U6379,CMP1491,15082.59,Instagram Ads,5600.1,169.32715487223442
U3274,CMP2645,5562.34,LinkedIn Ads,11188.05,-50.283203954219005
U7269,CMP3392,37890.96,YouTube Ads,25870.3,46.465097041781505
U0113,CMP9897,30921.24,Instagram Ads,11139.33,177.58617439289438
U1983,CMP7704,53821.24,LinkedIn Ads,17408.83,209.16058115335719
U1983,CMP7704,43103.73,LinkedIn Ads,17408.83,147.59693787577913
U5954,CMP7878,38733.32,Email Marketing,5829.73,564.4101870927127
U9500,CMP7210,27959.98,LinkedIn Ads,1324.34,2011.2388057447483
U1592,CMP5568,6249.66,Instagram Ads,1701.37,267.33103322616483
U1592,CMP5568,6249.66,Facebook Ads,36207.19,-82.73917418059783
U1592,CMP5568,6249.66,Google Ads,7723.08,-19.07813980950605
U5418,CMP8054,48885.18,Facebook Ads,11133.37,339.086997018872
U5418,CMP8054,42941.16,Facebook Ads,11133.37,285.6977716540454
U9234,CMP0586,23519.72,Facebook Ads,3636.32,546.8000616007392
U4832,CMP2594,61332.23,YouTube Ads,54541.76,12.45003828259301
U4832,CMP2594,52359.87,YouTube Ads,54541.76,-4.000402627271286
U3468,CMP9953,44129.43,Instagram Ads,29428.69,49.95376960374384
U6650,CMP5967,13402.95,Email Marketing,109140.15,-87.71950560815613
U7951,CMP2554,39748.84,YouTube Ads,30591.65,29.93362567890256
U3383,CMP7930,45941.61,LinkedIn Ads,704.79,6418.482101051377
U0200,CMP1960,15787.84,Instagram Ads,76081.31,-79.2487274469906
U0200,CMP1960,15787.84,Email Marketing,16955.53,-6.886779711397985
U1101,CMP0539,63610.47,LinkedIn Ads,31978.87,98.91406419301246
U1101,CMP0539,34449.58,LinkedIn Ads,31978.87,7.726070370841755
U4196,CMP1302,49072.44,Google Ads,54669.33,-10.237714638170981
U4196,CMP1302,49072.44,LinkedIn Ads,25750.97,90.56540394400677
U4355,CMP3742,55925.96,Email Marketing,42161.09,32.6482783058977
U3997,CMP1044,35222.15,Facebook Ads,9019.8,290.4981263442649
U7241,CMP0837,72780.78,Instagram Ads,7398.07,883.7806346790447
U7241,CMP0837,8165.79,Instagram Ads,7398.07,10.37730110691032
U7042,CMP3523,33616.16,LinkedIn Ads,18713.88,79.63223019491416
U7042,CMP3523,33616.16,YouTube Ads,31245.4,7.587548887196202
U6672,CMP3192,47611.27,YouTube Ads,149477.8,-68.1482668329344
U6672,CMP3192,39692.2,YouTube Ads,149477.8,-73.44609032244253
U4329,CMP8312,21190.16,LinkedIn Ads,45462.4,-53.389702259449564
U7989,CMP8243,73095.81,Instagram Ads,32307.82,126.24804149583599
U4992,CMP8123,48112.82,Facebook Ads,5026.84,857.1185874227148
U8222,CMP2993,40132.17,Facebook Ads,10569.16,279.71011887415835
U8222,CMP2993,66114.83,Facebook Ads,10569.16,525.5447925852196
U2563,CMP4917,13504.47,YouTube Ads,34048.17,-60.337163495130575
U9753,CMP9997,17732.73,Email Marketing,26612.2,-33.366162887698124
U5167,CMP7733,42574.02,Instagram Ads,9721.67,337.92908008603456
U5167,CMP7733,15726.33,Instagram Ads,9721.67,61.76572543606191
U2293,CMP6835,61526.08,LinkedIn Ads,14241.22,332.02815489122423
U2293,CMP6835,61526.08,Google Ads,9784.31,528.8239027586004
U0388,CMP3418,29143.66,Email Marketing,32496.91,-10.318673375407077
U4489,CMP9175,12661.04,Email Marketing,12375.72,2.305482024480204
U4489,CMP9175,32777.0,Email Marketing,12375.72,164.84923705449057
U6391,CMP7860,19301.07,Email Marketing,74707.94,-74.16463363867348
U4523,CMP9603,69327.75,LinkedIn Ads,532.75,12913.186297512906
U2487,CMP7731,43376.04,Facebook Ads,13994.85,209.94287184214193
U4272,CMP1442,22387.89,LinkedIn Ads,17431.78,28.431462535667617
U7305,CMP2302,25425.66,Google Ads,99970.46,-74.56682704070784
U7305,CMP2302,35523.24,Google Ads,99970.46,-64.46626333418892
U2299,CMP5935,32479.32,Instagram Ads,7735.32,319.88334031429855
U6120,CMP7969,74677.35,Google Ads,10033.11,644.3090925944199
U1100,CMP8262,73086.39,Google Ads,111661.66,-34.54656683413089
U1100,CMP8262,73086.39,Instagram Ads,30380.95,140.56650631398952
U9404,CMP1841,74476.52,YouTube Ads,37268.94,99.83535888061212
U5414,CMP1198,43460.37,Email Marketing,24686.74,76.04742464983227
U9417,CMP8647,62245.53,Email Marketing,128871.77,-51.69963910637683
U9575,CMP0140,34738.18,Facebook Ads,18219.36,90.66630221917784
U3378,CMP3283,20707.92,YouTube Ads,24689.54,-16.12674841248562
U3378,CMP3283,2697.16,YouTube Ads,24689.54,-89.0756976436175
U5167,CMP0647,42574.02,Instagram Ads,25992.29,63.79480222789141
U5167,CMP0647,42574.02,Facebook Ads,55795.06,-23.69571786462816
U5167,CMP0647,15726.33,Instagram Ads,25992.29,-39.496173673039195
U5167,CMP0647,15726.33,Facebook Ads,55795.06,-71.81411759392319
U2250,CMP6952,71140.02,Instagram Ads,15039.06,373.03501681621066
U7186,CMP7274,57995.54,Email Marketing,31748.32,82.6727839457332
U1994,CMP2043,70596.66,Instagram Ads,1207.67,5745.691289839112
U1994,CMP2043,70596.66,Google Ads,39275.22,79.74860484549801
U1994,CMP2043,70596.66,Email Marketing,29602.55,138.48168485485203
U8306,CMP9910,38523.6,Instagram Ads,20155.49,91.13204392450889
U1640,CMP7487,62862.69,Google Ads,2434.28,2482.3935619567183
U7723,CMP4927,48816.45,Facebook Ads,19893.72,145.38623243918178
U8498,CMP0744,35633.6,Facebook Ads,9606.99,270.9132621143563
U6798,CMP1003,13716.84,YouTube Ads,21033.1,-34.784506325743706
U2661,CMP2481,23475.32,Email Marketing,26888.29,-12.693146347350467
U5433,CMP6115,55320.1,Instagram Ads,15921.33,247.4590376557737
U2782,CMP6680,26638.48,Google Ads,49717.81,-46.42064885802492
U6801,CMP1510,64376.0,LinkedIn Ads,3209.71,1905.6640631085052
U2101,CMP0012,27894.51,Instagram Ads,71071.25,-60.75134460136835
U3216,CMP1580,10388.22,LinkedIn Ads,105383.45,-90.14245595489614
U3216,CMP1580,64441.38,LinkedIn Ads,105383.45,-38.85056904096421
U4626,CMP2337,17547.09,Facebook Ads,21646.02,-18.93618318748666
U8469,CMP4934,67540.26,Instagram Ads,108189.52,-37.572271325355736
U6309,CMP6915,32219.53,Instagram Ads,30700.01,4.94957493499188
U6309,CMP6915,15443.79,Instagram Ads,30700.01,-49.694511500159116
U2653,CMP0235,43227.44,Facebook Ads,10408.43,315.31181936180576
U2653,CMP0235,51435.74,Facebook Ads,10408.43,394.17385715232746
U7426,CMP5635,33409.83,Facebook Ads,69717.56,-52.07831427261653
U4183,CMP4577,41505.88,Email Marketing,23634.7,75.61416053514534
U6989,CMP1582,10122.44,Email Marketing,30544.67,-66.86020834404168
U5696,CMP7495,41832.42,Google Ads,17622.24,137.38423719118563
U3193,CMP1360,58361.42,YouTube Ads,28275.08,106.40585278626973
U3193,CMP1360,45612.99,YouTube Ads,28275.08,61.31869476585033
U8603,CMP5799,40804.7,YouTube Ads,33199.46,22.907721993068556
U3708,CMP8698,10323.1,Facebook Ads,5740.76,79.82113866456706
U3708,CMP8698,32233.17,Facebook Ads,5740.76,461.47914213449087
U6902,CMP4562,10856.9,Google Ads,23097.48,-52.99530511553642
U5106,CMP4916,44853.38,LinkedIn Ads,1714.99,2515.37268438883
U5106,CMP4916,44853.38,Google Ads,8401.33,433.8842778464838
U3973,CMP0971,31861.44,LinkedIn Ads,3755.21,748.4596067863048
U2301,CMP3169,55669.38,Facebook Ads,4050.63,1274.3388065560173
U0177,CMP2488,23853.68,Google Ads,158568.05,-84.9568182241
U0177,CMP2488,23853.68,Facebook Ads,17345.23,37.522996235852744
U8868,CMP9805,5977.41,LinkedIn Ads,28017.69,-78.66558592089497
U1849,CMP5594,44184.66,Instagram Ads,7552.43,485.03898745172086
U9815,CMP7984,63859.94,Instagram Ads,9428.7,577.2931581236014
U4520,CMP7086,25165.6,LinkedIn Ads,3051.6,724.669026084677
U4520,CMP7086,25165.6,LinkedIn Ads,28956.87,-13.092817006810476
U3978,CMP4117,44638.02,Instagram Ads,324.5,13655.938366718026
U3978,CMP4117,33230.73,Instagram Ads,324.5,10140.594761171033
U6158,CMP4355,69449.3,Google Ads,99023.31,-29.865705357657703
U1616,CMP0690,72529.68,YouTube Ads,21615.27,235.5483415196756
U5691,CMP5910,2335.46,Google Ads,1140.11,104.84514652094975
U5691,CMP5910,2335.46,YouTube Ads,116718.3,-97.99906270053624
U5691,CMP5910,34960.17,Google Ads,1140.11,2966.385699625475
U5691,CMP5910,34960.17,YouTube Ads,116718.3,-70.04739616666795
U0421,CMP8565,2542.73,Google Ads,80661.52,-96.8476542470313
U0421,CMP8565,20266.56,Google Ads,80661.52,-74.87456224479777
U0421,CMP8565,4745.79,Google Ads,80661.52,-94.11641387367857
U7482,CMP5390,51463.62,Google Ads,37111.53,38.67285989017431
U7482,CMP5390,51463.62,Email Marketing,9963.96,416.4976575578385
U4312,CMP4075,57982.56,Instagram Ads,3606.92,1507.5366240448916
U8190,CMP5274,46517.9,Email Marketing,46964.97,-0.951922251840041
U8190,CMP5274,46517.9,LinkedIn Ads,23470.2,98.1998449097153
U6653,CMP3729,48231.02,Instagram Ads,16259.74,196.6284823742569
U5522,CMP6271,12571.89,Facebook Ads,52911.26,-76.23966996816934
U9183,CMP5289,27650.55,Google Ads,5554.86,397.77222108207945
U9183,CMP5289,13959.68,Google Ads,5554.86,151.30570347407496
U6630,CMP1245,26007.18,Facebook Ads,3514.22,640.0555457541076
U9341,CMP6501,33608.3,Facebook Ads,15524.32,116.48806517773404
U3588,CMP4029,48856.22,YouTube Ads,3467.67,1308.9062684742205
U7918,CMP2382,41678.53,LinkedIn Ads,3419.8,1118.7417392829989
U7918,CMP2382,41678.53,Google Ads,20310.59,105.20590489985766
U9429,CMP3150,53225.88,LinkedIn Ads,23878.41,122.90378630737975
U9429,CMP3150,53225.88,LinkedIn Ads,27535.17,93.30143957709359
U5246,CMP4319,71888.26,LinkedIn Ads,55409.81,29.739228486796826
U1584,CMP5271,40500.48,Email Marketing,39430.76,2.712907384995879
U9078,CMP9898,43388.74,Facebook Ads,86685.33,-49.94684798454364
U2808,CMP7541,42255.45,YouTube Ads,52941.32,-20.184366389051128
U1072,CMP5696,71090.82,LinkedIn Ads,8938.99,695.289176965183
U6493,CMP0452,23754.52,Email Marketing,40860.87,-41.864869739680046
U6493,CMP0452,23754.52,Email Marketing,15952.24,48.91024708755636
U6671,CMP4992,44325.28,Google Ads,12737.79,247.9824993189556
U6671,CMP4992,44325.28,Instagram Ads,39269.93,12.873335908671082
U6671,CMP4992,964.28,Google Ads,12737.79,-92.4297699993484
U6671,CMP4992,964.28,Instagram Ads,39269.93,-97.54448250862683
U1961,CMP0112,40085.56,YouTube Ads,12232.76,227.69023507368735
U2970,CMP2642,1125.04,Google Ads,37463.01,-96.99693110617646
U2970,CMP2642,1125.04,Email Marketing,21001.77,-94.6431181752776
U2970,CMP2642,37501.9,Google Ads,37463.01,0.10380906392732303
U2970,CMP2642,37501.9,Email Marketing,21001.77,78.56542567602635
U6348,CMP5437,35974.75,Google Ads,10989.46,227.35684919914175
U7052,CMP5625,14454.06,Facebook Ads,5987.37,141.40916629505108
U8584,CMP3287,45757.34,Facebook Ads,6063.58,654.6258151125242
U0207,CMP0970,23490.09,Email Marketing,4533.55,418.1389860043454
U8163,CMP9308,73201.24,YouTube Ads,11881.02,516.1191547527064
U2909,CMP2535,61560.4,YouTube Ads,26593.36,131.48786012749048
U1766,CMP0636,44565.39,YouTube Ads,32100.42,38.8311741715529
U5528,CMP1634,62508.93,LinkedIn Ads,13151.86,375.2858531036674
U2317,CMP7339,45034.62,Google Ads,9448.38,376.63853485994434
U2317,CMP7339,59708.5,Google Ads,9448.38,531.9443121466327
U1619,CMP5871,49369.2,Google Ads,81160.57,-39.17095456574542
U8952,CMP8640,24533.49,YouTube Ads,68514.07,-64.19204113841141
U1350,CMP3245,8495.66,Instagram Ads,67344.69,-87.38481088857934
U0904,CMP7932,71048.4,YouTube Ads,28637.09,148.09923075284536
U0786,CMP9626,72532.54,Email Marketing,24879.87,191.53102488075703
U7108,CMP3085,13988.04,Instagram Ads,44486.92,-68.55696011321979
U7108,CMP3085,13988.04,Instagram Ads,8102.55,72.63750300831221
U5248,CMP0733,37524.18,Facebook Ads,18856.63,98.99727575924223
U4759,CMP0256,61162.6,Google Ads,31710.0,92.881110059918
U0734,CMP5420,19028.36,Facebook Ads,17291.93,10.041851892761539
U4467,CMP4231,31629.63,LinkedIn Ads,31181.26,1.4379470233082392
U4467,CMP4231,31629.63,Facebook Ads,68988.12,-54.152062702969715
U6480,CMP6179,34097.77,Instagram Ads,14209.7,139.9612236711542
U1090,CMP3654,13176.97,Google Ads,8691.42,51.608943072593426
U4665,CMP4203,57253.46,Email Marketing,49200.6,16.36740202355256
U8491,CMP3312,1375.08,Google Ads,78321.55,-98.24431462349762
U8491,CMP3312,8868.78,Google Ads,78321.55,-88.67644984043345
U3961,CMP0624,33279.56,LinkedIn Ads,6211.03,435.81386662115625
U3448,CMP7243,1805.18,YouTube Ads,13714.26,-86.83720448642508
U0925,CMP5593,71051.48,Instagram Ads,15709.06,352.2961908605607
U0415,CMP1043,18998.88,Facebook Ads,7087.83,168.04931833861704
U0415,CMP1043,51419.56,Facebook Ads,7087.83,625.4626592342084
U0930,CMP4716,31186.88,YouTube Ads,7691.56,305.46885157237284
U6069,CMP0287,8456.59,YouTube Ads,42980.54,-80.32460736882318
U9289,CMP0097,47400.28,LinkedIn Ads,683.33,6836.66017883014
U9364,CMP8939,51656.54,Google Ads,58667.66,-11.950570382387847
U9364,CMP8939,51656.54,Google Ads,1285.99,3916.8694935419408
U9364,CMP8939,51656.54,Google Ads,6463.43,699.2124924382255
U5655,CMP7368,69017.42,Email Marketing,31558.54,118.69649229653842
U2857,CMP7442,12653.5,YouTube Ads,9466.08,33.672016293967516
U8872,CMP0344,63130.05,LinkedIn Ads,2073.37,2944.803870028022
U7273,CMP3410,54715.96,LinkedIn Ads,36664.93,49.23241364431897
U7273,CMP3410,42730.78,LinkedIn Ads,36664.93,16.544010857241506
U7273,CMP3410,25831.75,LinkedIn Ads,36664.93,-29.546435790276977
U3129,CMP6536,54901.04,Facebook Ads,53295.88,3.0117900295482567
U6141,CMP5955,29917.59,LinkedIn Ads,112912.13,-73.50365279620533
U6753,CMP1781,25822.98,YouTube Ads,57856.81,-55.36743211386871
U0391,CMP2568,42878.92,Email Marketing,43131.11,-0.584705564034875
U3241,CMP4479,35542.05,Email Marketing,35717.5,-0.4912157905788398
U1405,CMP2140,64772.01,LinkedIn Ads,4858.99,1233.034437197854
U3490,CMP5432,47024.96,Google Ads,17988.4,161.41824731493625
U4969,CMP9560,67635.66,LinkedIn Ads,41817.26,61.74101316059445
U2594,CMP2675,35615.4,LinkedIn Ads,21009.12,69.52352121364439
U2594,CMP2675,35615.4,Facebook Ads,29513.71,20.6740867210527
U0646,CMP4087,28918.2,Google Ads,45143.12,-35.94106920390084
U9371,CMP0327,2224.37,YouTube Ads,112504.64,-98.0228637681077
U2904,CMP9287,51044.96,Instagram Ads,13438.14,279.85137824133403
U4790,CMP2450,45508.83,Google Ads,63375.08,-28.191285912380703
U4141,CMP8106,73666.2,Google Ads,136878.86,-46.181462937373965
U5024,CMP0385,25810.7,LinkedIn Ads,4832.24,434.1353078489479
U0175,CMP7506,29014.83,Email Marketing,8879.67,226.75572403028497
U6147,CMP7703,38809.38,LinkedIn Ads,5045.64,669.1666468475752
U4286,CMP6956,21661.86,LinkedIn Ads,27234.21,-20.460846854011915
U0377,CMP7371,6275.28,Email Marketing,12338.27,-49.139709213690416
U1236,CMP1065,55435.38,Facebook Ads,43966.88,26.084407171943973
U5422,CMP1154,9806.9,Facebook Ads,100466.26,-90.23861344097014
U5422,CMP1154,54925.53,Facebook Ads,100466.26,-45.32937724565441
U0063,CMP2273,16358.76,Facebook Ads,7925.88,106.39676603733592
U8116,CMP1302,35588.88,Google Ads,54669.33,-34.90156180805582
U8116,CMP1302,35588.88,LinkedIn Ads,25750.97,38.204036585806264
U2882,CMP9697,65954.61,Google Ads,17802.58,270.47781838362755
U3065,CMP3103,49895.0,Email Marketing,23569.63,111.69191031000484
U3065,CMP3103,30054.09,Email Marketing,23569.63,27.511929546624188
U3576,CMP9705,26348.36,Instagram Ads,38952.83,-32.358290784007224
U1060,CMP8693,26308.57,Instagram Ads,54881.01,-52.06252581721802
U1060,CMP8693,26308.57,Google Ads,30986.03,-15.095383306606234
U0197,CMP0990,44419.29,YouTube Ads,10064.11,341.3633197570376
U7386,CMP5923,36423.33,YouTube Ads,10797.68,237.325518074253
U7386,CMP5923,36423.33,Email Marketing,14068.49,158.900066744903
U0700,CMP4920,55772.42,LinkedIn Ads,46691.66,19.44835544506234
U0700,CMP4920,55772.42,LinkedIn Ads,10439.06,434.26668684728315
U0700,CMP4920,35272.16,LinkedIn Ads,46691.66,-24.457258533965167
U0700,CMP4920,35272.16,LinkedIn Ads,10439.06,237.88636141568307
U6318,CMP5315,11102.84,Google Ads,13752.65,-19.267632056367315
U6318,CMP5315,11102.84,Email Marketing,92154.67,-87.95195078013953
U6318,CMP5315,11102.84,LinkedIn Ads,40132.04,-72.33422472418546
U2831,CMP6250,16861.78,Email Marketing,15005.28,12.372311612978885
U2831,CMP6250,16861.78,Instagram Ads,5382.13,213.2919494698195
U8149,CMP6411,62361.03,LinkedIn Ads,9739.1,540.316148309392
U7092,CMP9001,72705.67,Instagram Ads,9119.89,697.2209094627237
U4741,CMP5790,70792.84,Google Ads,10577.06,569.3054591729649
U2599,CMP3546,51541.27,LinkedIn Ads,3002.22,1616.771922110971
U2100,CMP1997,5437.04,YouTube Ads,8429.25,-35.497938725272114
U3825,CMP6063,67711.62,LinkedIn Ads,17260.29,292.29711667648684
U5273,CMP4597,17747.8,YouTube Ads,40658.76,-56.3493820273909
U5136,CMP9985,56451.78,Email Marketing,22333.91,152.76263762144646
U5136,CMP9985,56451.78,Facebook Ads,25345.67,122.7275112474833
U1097,CMP5270,15093.75,Google Ads,43140.64,-65.01268873155335
U7762,CMP4526,45764.85,Email Marketing,13782.14,232.05909967537698
U7762,CMP4526,976.7,Email Marketing,13782.14,-92.91329213024973
U5148,CMP7907,10467.7,YouTube Ads,22455.04,-53.3837392407228
U5148,CMP7907,61942.12,YouTube Ads,22455.04,175.84951975146782
U3194,CMP3084,19180.81,YouTube Ads,7949.58,141.2807972245075
U4852,CMP6931,48566.13,Email Marketing,1427.59,3301.96625081431
U9098,CMP1290,57065.77,Instagram Ads,12989.09,339.33616596697686
U4666,CMP4482,24718.17,LinkedIn Ads,12779.77,93.4163916878003
U6145,CMP2031,32993.77,Google Ads,35441.46,-6.906289977895952
U9268,CMP6481,38744.34,Facebook Ads,4569.44,747.9012745544311
U1676,CMP2161,18199.76,LinkedIn Ads,3684.47,393.9586969089177
U8069,CMP5904,39707.44,Instagram Ads,6940.96,472.074179940527
U2607,CMP6488,18515.46,Email Marketing,6968.57,165.69956246403495
U7843,CMP9138,57070.68,LinkedIn Ads,85522.66,-33.26835250447075
U7843,CMP9138,57070.68,Google Ads,12213.45,367.277304938408
U6485,CMP2501,22255.72,Facebook Ads,21740.4,2.3703335725193635
U3422,CMP6799,1281.06,YouTube Ads,792.29,61.69079503717073
U6508,CMP1321,1295.73,Facebook Ads,9175.51,-85.8783871414232
U6508,CMP1321,1295.73,YouTube Ads,76910.06,-98.31526590929718
U3303,CMP4611,15286.11,Instagram Ads,35648.27,-57.119630209264
U7300,CMP4266,38751.52,LinkedIn Ads,10356.96,274.1592127419629
U3369,CMP3353,56235.03,Facebook Ads,1252.86,4388.5326373257985
U3766,CMP3512,38699.13,YouTube Ads,31912.13,21.267774980861496
U5364,CMP0203,56724.0,Facebook Ads,8659.53,555.0470983991047
U5364,CMP0203,42920.37,Facebook Ads,8659.53,395.6431815583525
U4072,CMP8056,66417.62,LinkedIn Ads,127533.87,-47.92158349777985
U4072,CMP8056,66417.62,LinkedIn Ads,37002.87,79.49315823340187
U4972,CMP0512,20687.22,YouTube Ads,1163.2,1678.4748968363135
U4972,CMP0512,42932.24,YouTube Ads,1163.2,3590.8734525447044
U6109,CMP1594,49281.74,Google Ads,25021.23,96.95970182121341
U1972,CMP0574,66390.08,Google Ads,8595.31,672.3989012612693
U1972,CMP0574,59612.62,Google Ads,8595.31,593.5482257184442
U7459,CMP7808,35989.1,Facebook Ads,428.71,8294.74236663479
U7459,CMP7808,21030.24,Facebook Ads,428.71,4805.469898066292
U1068,CMP9228,2969.94,LinkedIn Ads,11656.01,-74.52009735750055
U0722,CMP7086,65820.9,LinkedIn Ads,3051.6,2056.9307904050333
U0722,CMP7086,65820.9,LinkedIn Ads,28956.87,127.30668059082353
U4456,CMP4614,34013.19,Email Marketing,28273.08,20.302386581157766
U3794,CMP0723,7314.88,Google Ads,8757.65,-16.47439667033964
U3794,CMP0723,7314.88,YouTube Ads,88684.34,-91.751779400963
U3794,CMP0723,63228.94,Google Ads,8757.65,621.9852357653024
U3794,CMP0723,63228.94,YouTube Ads,88684.34,-28.70337649239989
U9028,CMP7476,55338.23,LinkedIn Ads,12572.8,340.1424503690507
U4792,CMP6669,66790.11,Facebook Ads,30108.84,121.82890473362642
U2256,CMP8885,35391.72,LinkedIn Ads,14389.89,145.94850968283987
U2256,CMP8885,35391.72,LinkedIn Ads,47313.14,-25.196848063772553
U2256,CMP8885,35391.72,Instagram Ads,632.05,5499.512696780318
U2377,CMP8835,47727.78,Email Marketing,1914.85,2392.50750711544
U6494,CMP2613,9057.09,YouTube Ads,28163.93,-67.84152637788831
U6494,CMP2613,32685.34,YouTube Ads,28163.93,16.053902988680914
U9019,CMP8913,17588.6,Google Ads,11313.57,55.46463229555303
U8986,CMP5487,71288.87,LinkedIn Ads,10960.14,550.4375856512783
U8986,CMP5487,61587.54,LinkedIn Ads,10960.14,461.92293164138414
U7433,CMP9454,56683.94,Instagram Ads,5942.07,853.9426496153699
U5023,CMP0010,62023.47,YouTube Ads,5347.9,1059.7724340395296
U3393,CMP1583,5726.37,Email Marketing,2400.34,138.56495329828275
U3393,CMP1583,5726.37,Facebook Ads,176.56,3143.2997281377434
U4919,CMP1949,16227.3,LinkedIn Ads,8997.26,80.35824239824123
U8192,CMP9662,19741.83,LinkedIn Ads,10587.03,86.47184337817122
U5752,CMP6288,28962.57,YouTube Ads,13313.57,117.54172622369508
U5752,CMP6288,58335.74,YouTube Ads,13313.57,338.1675238121706
U4021,CMP7987,28953.94,Google Ads,61841.49,-53.18039717348337
U4021,CMP7987,28953.94,Google Ads,25412.49,13.935863821294161
U7393,CMP3955,7800.32,Email Marketing,49497.55,-84.24099778675914
U7393,CMP3955,7800.32,YouTube Ads,2697.74,189.14276394315243
U1133,CMP2104,21149.54,YouTube Ads,9662.42,118.88450305410032
U8467,CMP6360,34290.65,YouTube Ads,5877.55,483.41741031552266
U2537,CMP2667,36853.88,Google Ads,20849.03,76.76544184549593
U4953,CMP6346,65018.25,Email Marketing,47141.26,37.92217263603051
U1664,CMP8084,55721.46,Facebook Ads,122108.12,-54.367113341848196
U7045,CMP9916,67403.44,Facebook Ads,22699.11,196.94309600684784
U7045,CMP9916,67403.44,YouTube Ads,3064.02,2099.8368156865818
U9131,CMP8905,5589.27,Google Ads,12131.5,-53.92762642707002
U1983,CMP5860,53821.24,LinkedIn Ads,78141.02,-31.12293645514226
U1983,CMP5860,43103.73,LinkedIn Ads,78141.02,-44.838536789000194
U1095,CMP3220,31434.24,LinkedIn Ads,75557.85,-58.39712220503892
U6402,CMP0652,38632.05,Facebook Ads,5064.67,662.7752647260336
U6402,CMP0652,70762.62,Facebook Ads,5064.67,1297.1812576140203
U4970,CMP1848,18842.95,YouTube Ads,56165.59,-66.45107796428384
U1623,CMP3499,47779.7,Facebook Ads,85088.95,-43.84735033162356
U1115,CMP1162,42787.18,Facebook Ads,37301.2,14.70724802419226
U1115,CMP1162,42787.18,LinkedIn Ads,37764.67,13.299493945002041
U0978,CMP6775,24546.21,Email Marketing,32212.23,-23.79847654136333
U3682,CMP0454,48842.44,Facebook Ads,57637.74,-15.259619825482392
U3682,CMP0454,71242.05,Facebook Ads,57637.74,23.603128783328433
U3682,CMP0454,1383.81,Facebook Ads,57637.74,-97.59912515653807
U4713,CMP6661,6234.24,Email Marketing,17655.81,-64.69015015453837
U4713,CMP6661,45286.77,Email Marketing,17655.81,156.49783272475176
U6055,CMP1087,32417.82,YouTube Ads,5577.07,481.26973482491707
U6055,CMP1087,35239.65,YouTube Ads,5577.07,531.8667328902095
U7700,CMP5595,56988.27,Instagram Ads,41185.97,38.36816275056772
U9405,CMP9660,7505.84,Email Marketing,73807.53,-89.83052271224902
U4395,CMP5611,38878.71,YouTube Ads,69085.86,-43.72407030903285
U3144,CMP5312,31306.78,Facebook Ads,13895.95,125.29427638988335
U4834,CMP9794,27590.4,LinkedIn Ads,49989.13,-44.807201085515985
U1921,CMP9059,28776.47,Google Ads,9909.36,190.39685711287106
U1921,CMP9059,28776.47,Instagram Ads,24663.78,16.675018995466235
U1921,CMP9059,16025.73,Google Ads,9909.36,61.723158710552426
U1921,CMP9059,16025.73,Instagram Ads,24663.78,-35.02322028496848
U7936,CMP5528,40652.6,LinkedIn Ads,115953.86,-64.94071003759599
U7936,CMP5528,40652.6,Facebook Ads,74239.8,-45.241501189388984
U9023,CMP4174,14777.91,YouTube Ads,2652.15,457.2049092245914
U8375,CMP4175,20478.31,LinkedIn Ads,57969.97,-64.67427876881771
U1957,CMP8021,27579.12,YouTube Ads,10404.28,165.07475769587128
U4398,CMP0893,55919.46,Google Ads,2707.2,1965.582890070922
U4542,CMP3357,17863.76,Google Ads,2755.33,548.33468223407
U2486,CMP9891,24266.3,YouTube Ads,20093.38,20.76763590794579
U1494,CMP2816,73416.44,YouTube Ads,105978.44,-30.72511729744276
U1494,CMP2816,73416.44,LinkedIn Ads,30130.81,143.65903206717644
U3966,CMP7967,66972.48,Google Ads,9580.98,599.0149233168215
U7131,CMP3611,29462.72,Email Marketing,62991.28,-53.22730384269061
U7131,CMP3611,29462.72,Instagram Ads,374.0,7777.732620320856
U2464,CMP3805,28977.07,Google Ads,13261.15,118.51098886597318
U5609,CMP4452,38436.28,Facebook Ads,82175.6,-53.226651220070195
U9847,CMP7245,13252.34,Email Marketing,54041.75,-75.47758908621576
U9847,CMP7245,13252.34,YouTube Ads,7930.77,67.1002941706795
U4763,CMP3394,13172.37,YouTube Ads,16403.02,-19.695458519223898
U4763,CMP3394,13172.37,Facebook Ads,28221.28,-53.324689737673125
U4763,CMP3394,65921.49,YouTube Ads,16403.02,301.8862989864062
U4763,CMP3394,65921.49,Facebook Ads,28221.28,133.58788120170314
U7410,CMP0398,26379.93,Email Marketing,28267.7,-6.67818747192025
U7166,CMP0336,20732.28,LinkedIn Ads,68083.1,-69.54856638431565
U8474,CMP4258,15281.64,LinkedIn Ads,4687.82,225.98606601789317
U2602,CMP6250,41797.18,Email Marketing,15005.28,178.54981713103655
U2602,CMP6250,41797.18,Instagram Ads,5382.13,676.5917954415818
U7142,CMP1299,31152.74,Google Ads,15965.36,95.12707511762967
U7142,CMP1299,31152.74,YouTube Ads,9730.77,220.14670986982532
U2883,CMP8529,70694.7,Google Ads,5707.51,1138.6259507210675
U1104,CMP2752,58898.42,Facebook Ads,1956.92,2909.7510373443984
U2503,CMP2034,59177.94,LinkedIn Ads,56263.38,5.180207801237688
U0932,CMP2815,4339.58,Instagram Ads,19213.53,-77.41393694963912
U7577,CMP2168,53483.02,Facebook Ads,61445.48,-12.958577262314504
U2227,CMP4067,40020.32,Facebook Ads,2725.96,1368.118387650589
U7646,CMP6472,59139.06,YouTube Ads,57399.77,3.0301340928718026
U2069,CMP6639,45285.02,Instagram Ads,18370.66,146.5073111145707
U4908,CMP4890,36926.2,Google Ads,72451.65,-49.03332084224445
U9674,CMP0263,23171.43,Facebook Ads,82532.11,-71.92434556683453
U7641,CMP2332,66266.97,Google Ads,12799.43,417.7337584564313
U1660,CMP2137,58882.48,LinkedIn Ads,5744.64,924.9986073975044
U1660,CMP2137,26778.72,LinkedIn Ads,5744.64,366.15140374331554
U8398,CMP6334,17143.5,Email Marketing,8935.74,91.85316493094025
U8398,CMP6334,70097.81,Email Marketing,8935.74,684.4656402267748
U2719,CMP7856,56017.08,Google Ads,16274.48,244.20196528552682
U6083,CMP4418,25552.54,Google Ads,1961.41,1202.763828062465
U8471,CMP7542,59060.97,Instagram Ads,40425.62,46.09787060779772
U8471,CMP7542,48723.03,Instagram Ads,40425.62,20.52512738209085
U8471,CMP7542,33301.03,Instagram Ads,40425.62,-17.62394738781991
U8290,CMP7101,66307.73,YouTube Ads,9318.74,611.5525274876217
U8290,CMP7101,61984.94,YouTube Ads,9318.74,565.1643891770776
U1527,CMP7207,30034.16,Email Marketing,22214.76,35.19911986445049
U3173,CMP0722,41368.9,Instagram Ads,696.63,5838.432166286265
U7908,CMP3451,26003.61,Google Ads,3803.95,583.5949473573523
U7908,CMP3451,68698.69,Google Ads,3803.95,1705.98299136424
U6097,CMP8086,42223.73,Google Ads,16554.23,155.06308659478577
U9663,CMP5417,60609.52,Email Marketing,63262.3,-4.1933031204998965
U8337,CMP4019,74354.98,Facebook Ads,2980.96,2394.3300144919754
U3664,CMP9695,67959.23,LinkedIn Ads,36169.71,87.88989461071155
U3664,CMP9695,67959.23,Instagram Ads,8223.71,726.3816452671605
U3664,CMP9695,67959.23,YouTube Ads,19761.99,243.8885962395487
U6870,CMP1616,6773.85,Email Marketing,37118.01,-81.75050332709108
U7138,CMP7884,31506.04,Email Marketing,6739.15,367.50762336496445
U7138,CMP7884,31506.04,Email Marketing,21920.01,43.73186873546136
U6494,CMP5469,9057.09,Instagram Ads,4504.62,101.06224276409554
U6494,CMP5469,32685.34,Instagram Ads,4504.62,625.5959437200031
U9798,CMP4694,64100.0,Facebook Ads,35760.73,79.24690016115441
U8072,CMP1346,12027.66,Google Ads,968.78,1141.5264559549123
U5854,CMP0035,30168.93,LinkedIn Ads,884.98,3308.995683518272
U5854,CMP0035,3751.92,LinkedIn Ads,884.98,323.9553436235847
U0648,CMP5076,69249.42,Instagram Ads,2571.68,2592.7697069619862
U8620,CMP2785,11042.24,LinkedIn Ads,6675.8,65.40699242038407
U3667,CMP9932,29959.47,Instagram Ads,9024.98,231.96162207561684
U5021,CMP2668,61236.87,Email Marketing,32970.76,85.73084150926456
U2437,CMP3853,6649.4,Instagram Ads,33402.9,-80.0933451885914
U4629,CMP1929,43760.82,Facebook Ads,4561.01,859.4545944867473
U9046,CMP7891,53401.47,LinkedIn Ads,19786.51,169.88827236334254
U5654,CMP7754,45612.66,Email Marketing,2210.98,1963.0064496286714
U5654,CMP7754,63203.26,Email Marketing,2210.98,2758.608399895069
U5302,CMP4132,25022.94,LinkedIn Ads,22156.43,12.937598701595872
U4106,CMP6920,58988.54,Email Marketing,4095.19,1340.4347539430405
U4106,CMP6920,65757.44,Email Marketing,4095.19,1505.7237881514654
U4553,CMP2428,21612.16,Google Ads,6207.29,248.17384075820524
U4553,CMP2428,31776.86,Google Ads,6207.29,411.92807167056793
U5525,CMP0152,58038.93,Email Marketing,47183.94,23.005687952299017
U4481,CMP3305,40008.58,Facebook Ads,20327.18,96.82307137537032
U8965,CMP3223,34640.4,LinkedIn Ads,7270.86,376.42782284351506
U7775,CMP5450,66414.32,Google Ads,65709.03,1.0733532362294926
U0635,CMP3784,43782.6,Instagram Ads,19429.22,125.34409513094194
U3916,CMP4348,4296.46,Google Ads,6184.75,-30.531387687457052
U5017,CMP4484,37625.19,YouTube Ads,9650.74,289.86844532129146
U6374,CMP3497,13909.83,YouTube Ads,76863.06,-81.9031014378038
U4024,CMP3282,10393.41,Google Ads,27595.33,-62.33634459163924
U2652,CMP4231,12920.12,LinkedIn Ads,31181.26,-58.56447109577997
U2652,CMP4231,12920.12,Facebook Ads,68988.12,-81.27196392654271
U1249,CMP4732,70329.88,Instagram Ads,69162.43,1.6879829121099588
U5531,CMP3925,48395.82,Google Ads,3510.96,1278.4212864857475
U5531,CMP3925,62762.96,Google Ads,3510.96,1687.629594185066
U1365,CMP7624,13847.6,YouTube Ads,14686.62,-5.712818878680053
U1416,CMP3102,26151.02,YouTube Ads,8513.33,207.17733248916704
U5574,CMP8763,60690.16,Facebook Ads,84743.65,-28.383825808777402
U9607,CMP6594,17586.27,Facebook Ads,11069.38,58.87312568544942
U3263,CMP8100,14714.98,YouTube Ads,26223.04,-43.88530086519336
U3263,CMP8100,14714.98,YouTube Ads,23035.82,-36.12131020297954
U0122,CMP5824,10705.41,Google Ads,85234.71,-87.44008162871675
U7757,CMP9743,6082.88,YouTube Ads,28711.46,-78.81375590095384
U7757,CMP9743,58914.84,YouTube Ads,28711.46,105.19625264615593
U7757,CMP9743,54648.34,YouTube Ads,28711.46,90.3363326002927
U6974,CMP1963,8663.14,YouTube Ads,2545.32,240.35563308346295
U2508,CMP4919,31343.22,YouTube Ads,15839.56,97.87936028526046
U2508,CMP4919,31343.22,Email Marketing,10354.39,202.70464991177656
U6667,CMP8700,25085.73,Instagram Ads,8449.51,196.8897604713173
U5940,CMP1525,57773.91,Instagram Ads,24918.31,131.8532436589801
U5940,CMP1525,57773.91,Facebook Ads,64817.36,-10.866610426589416
U3794,CMP2028,7314.88,Facebook Ads,22700.61,-67.77672494263369
U3794,CMP2028,7314.88,YouTube Ads,13133.37,-44.303099661396885
U3794,CMP2028,63228.94,Facebook Ads,22700.61,178.5341010660066
U3794,CMP2028,63228.94,YouTube Ads,13133.37,381.437285327376
U8947,CMP8869,22842.8,Google Ads,170606.71,-86.61084314913523
U4409,CMP6614,7752.88,Google Ads,14411.24,-46.2025474560135
U4409,CMP6614,7752.88,YouTube Ads,18498.28,-58.088643917164184
U6652,CMP9639,12541.41,Google Ads,3328.53,276.7852475417075
U9323,CMP9195,61059.44,Facebook Ads,3997.84,1427.3107478038141
U8351,CMP3579,51344.77,Email Marketing,11610.93,342.21065840548516
U8351,CMP3579,20624.93,Email Marketing,11610.93,77.63374682303656
U0973,CMP4478,50266.0,YouTube Ads,34721.09,44.77080068626879
U6743,CMP8648,19240.53,Instagram Ads,11159.66,72.41143547384058
U0024,CMP2043,14943.99,Instagram Ads,1207.67,1137.4233027234259
U0024,CMP2043,14943.99,Google Ads,39275.22,-61.9505886918011
U0024,CMP2043,14943.99,Email Marketing,29602.55,-49.51789626231524
U4077,CMP2101,17891.03,Instagram Ads,4290.54,316.9878383606725
U4077,CMP2101,17891.03,YouTube Ads,11158.63,60.333571415128915
U4531,CMP0763,21762.66,Google Ads,84678.82,-74.29975996358948
U4531,CMP0763,21762.66,Email Marketing,4141.43,425.4866072829916
U4531,CMP0763,49150.08,Google Ads,84678.82,-41.957056085571345
U4531,CMP0763,49150.08,Email Marketing,4141.43,1086.7900700965608
U7325,CMP1815,48861.28,Email Marketing,1141.01,4182.283240287114
U4507,CMP6042,64438.4,Instagram Ads,44259.14,45.59342996723389
U3978,CMP3388,44638.02,LinkedIn Ads,28181.39,58.395380781430575
U3978,CMP3388,33230.73,LinkedIn Ads,28181.39,17.917285130364412
U7517,CMP0051,31445.28,LinkedIn Ads,4822.11,552.1062356520279
U7754,CMP4706,34491.36,Facebook Ads,6684.67,415.9770041004268
U4418,CMP3676,33281.1,LinkedIn Ads,20250.63,64.34599812450278
U8351,CMP0281,51344.77,Facebook Ads,73942.96,-30.561651846233918
U8351,CMP0281,20624.93,Facebook Ads,73942.96,-72.10697272600393
U8463,CMP8553,2257.24,Instagram Ads,12111.45,-81.36276003286147
U9109,CMP1756,69388.98,Email Marketing,1512.34,4488.186518904479
U9109,CMP1756,69388.98,Facebook Ads,18036.86,284.7065398301034
U5364,CMP2998,56724.0,Email Marketing,11203.26,406.3169113275957
U5364,CMP2998,42920.37,Email Marketing,11203.26,283.1060780522812
U4116,CMP7882,15560.4,Facebook Ads,7568.49,105.59451092622174
U4116,CMP7882,34955.93,Facebook Ads,7568.49,361.8613488291588
U3216,CMP9857,10388.22,Instagram Ads,18676.05,-44.376782028319695
U3216,CMP9857,10388.22,YouTube Ads,12431.82,-16.438461946842864
U3216,CMP9857,64441.38,Instagram Ads,18676.05,245.04823021998763
U3216,CMP9857,64441.38,YouTube Ads,12431.82,418.3583739146802
U9215,CMP7724,8412.03,Facebook Ads,30952.9,-72.82312804292974
U8766,CMP2245,38815.23,Facebook Ads,2489.5,1459.157662181161
U8766,CMP2245,74240.76,Facebook Ads,2489.5,2882.1554529021887
U8766,CMP2245,62960.7,Facebook Ads,2489.5,2429.050010042177
U6077,CMP7230,43851.15,Email Marketing,7738.55,466.6584825322573
U6077,CMP7230,1618.56,Email Marketing,7738.55,-79.08445380594556
U3426,CMP6704,18325.68,Google Ads,34344.97,-46.64231763777927
U0724,CMP1533,40924.83,Instagram Ads,69221.16,-40.87815055396356
U1454,CMP0105,69417.23,LinkedIn Ads,31301.29,121.77114745111142
U9115,CMP0002,7750.82,LinkedIn Ads,108745.2,-92.87249460206061
U9115,CMP0002,55613.37,LinkedIn Ads,108745.2,-48.859011708102976
U3838,CMP9367,15292.3,Google Ads,26759.19,-42.852156586204586
U3697,CMP3239,68836.89,Facebook Ads,6919.57,894.8145621765514
U3697,CMP3239,9502.3,Facebook Ads,6919.57,37.325007189753116
U2522,CMP3346,67660.88,Instagram Ads,84821.77,-20.231704667327737
U6888,CMP6195,12446.92,Instagram Ads,6558.76,89.77550634571169
U6888,CMP6195,12446.92,Google Ads,4933.79,152.2790795716883
U4361,CMP2519,66374.28,LinkedIn Ads,6121.28,984.3202728841027
U8731,CMP9695,71556.15,LinkedIn Ads,36169.71,97.83445872250564
U8731,CMP9695,71556.15,Instagram Ads,8223.71,770.1200553035065
U8731,CMP9695,71556.15,YouTube Ads,19761.99,262.08979966086406
U3509,CMP2821,22693.41,YouTube Ads,18755.08,20.99873740874471
U2078,CMP8773,52745.01,LinkedIn Ads,5603.04,841.3641523173135
U2216,CMP1855,40772.64,YouTube Ads,60432.54,-32.53197697796585
U1216,CMP2072,39163.98,Facebook Ads,37955.14,3.184917773982664
U1216,CMP2072,39163.98,Facebook Ads,9986.57,292.16647958207875
U1216,CMP2072,6954.91,Facebook Ads,37955.14,-81.67597326738881
U1216,CMP2072,6954.91,Facebook Ads,9986.57,-30.357369947839945
U2922,CMP8808,63880.69,Facebook Ads,33866.51,88.62495722175092
U2922,CMP8808,63880.69,Google Ads,9300.38,586.8610744937305
U7248,CMP2290,47813.7,Facebook Ads,17508.22,173.09286723607536
U7248,CMP2290,47813.7,Email Marketing,48761.4,-1.9435455093578204
U0491,CMP5274,2778.64,Email Marketing,46964.97,-94.08359038662219
U0491,CMP5274,2778.64,LinkedIn Ads,23470.2,-88.1609871240978
U9599,CMP0397,14888.84,Email Marketing,1099.4,1254.269601600873
U9911,CMP1610,74138.91,LinkedIn Ads,48196.39,53.826687019504995
U4750,CMP6211,58433.36,Email Marketing,31023.72,88.35059109610324
U4750,CMP6211,7064.25,Email Marketing,31023.72,-77.22951986415556
U8557,CMP2424,61958.5,Instagram Ads,87519.94,-29.20641856015898
U8557,CMP2424,61958.5,Email Marketing,28492.96,117.45196006311735
U8557,CMP2424,61958.5,YouTube Ads,96475.7,-35.778128585747496
U8310,CMP8216,4027.88,YouTube Ads,3391.05,18.779728992494945
U5595,CMP0046,39054.88,Email Marketing,9623.51,305.8278112663674
U5595,CMP0046,33769.68,Email Marketing,9623.51,250.90814058488013
U2446,CMP2457,74307.06,LinkedIn Ads,21685.25,242.6617631800417
U0687,CMP0803,47157.51,Instagram Ads,23450.49,101.09392170483432
U0687,CMP0803,47157.51,YouTube Ads,4843.51,873.6226414315238
U9147,CMP6664,59149.35,Facebook Ads,22553.65,162.2606540404768
U2006,CMP8616,39996.75,Facebook Ads,648.37,6068.815645387664
U2908,CMP9107,66123.7,YouTube Ads,927.24,7031.238945688278
U6549,CMP8449,50720.24,Facebook Ads,18640.3,172.09991255505543
U9363,CMP6555,54993.46,YouTube Ads,74275.54,-25.960201703010167
U6034,CMP4876,47578.46,Facebook Ads,3112.91,1428.4238863314392
U6034,CMP4876,8478.9,Facebook Ads,3112.91,172.37857824350849
U6388,CMP4127,28494.63,Google Ads,6484.09,339.45457265398846
U5570,CMP0694,22567.11,Facebook Ads,29120.49,-22.50436033184881
U4585,CMP0382,72027.9,Email Marketing,9211.47,681.9370849603808
U9111,CMP8278,14000.25,Google Ads,13410.17,4.40024250251861
U1009,CMP5433,3537.42,Email Marketing,13216.2,-73.23421255731603
U5818,CMP0943,44343.78,Instagram Ads,2185.13,1929.3428766251893
U5818,CMP0943,44343.78,Instagram Ads,16462.19,169.36744139145523
U1476,CMP2002,34514.73,Instagram Ads,26961.87,28.013116300909413
U1476,CMP2002,34514.73,LinkedIn Ads,61234.89,-43.635515634959084
U9721,CMP2028,15450.76,Facebook Ads,22700.61,-31.936806984481912
U9721,CMP2028,15450.76,YouTube Ads,13133.37,17.645052260006374
U6663,CMP2208,71748.63,LinkedIn Ads,106787.98,-32.81207304417594
U6663,CMP2208,10035.54,LinkedIn Ads,106787.98,-90.6023692928736
U6672,CMP8273,47611.27,LinkedIn Ads,13499.78,252.68182148153522
U6672,CMP8273,39692.2,LinkedIn Ads,13499.78,194.0210877510596
U9603,CMP0175,31565.43,Facebook Ads,35197.07,-10.318017948653111
U9603,CMP0175,31565.43,Facebook Ads,3152.43,901.3047077968425
U5470,CMP2096,37678.36,YouTube Ads,1063.95,3441.3656656797784
U3502,CMP4648,59562.13,YouTube Ads,28208.56,111.14913345452584
U9422,CMP0950,22449.07,Google Ads,10488.86,114.02773990691075
U2283,CMP6505,61259.77,YouTube Ads,49078.0,24.8212437344635
U7394,CMP3533,31806.47,YouTube Ads,21333.73,49.0900559817716
U7394,CMP3533,55505.34,YouTube Ads,21333.73,160.1764435942519
U6673,CMP4181,2328.12,Google Ads,23239.62,-89.98210814118303
U8509,CMP5530,56165.96,Facebook Ads,32895.65,70.73977866374427
U5920,CMP0295,45851.49,Google Ads,3202.84,1331.5885276816823
U1638,CMP0447,67388.9,LinkedIn Ads,7226.94,832.4679601601783
U1783,CMP0853,36781.3,LinkedIn Ads,26018.5,41.365951150143175
U4322,CMP9198,9350.26,Email Marketing,8183.21,14.261518401703002
U4890,CMP9086,50282.68,Google Ads,60013.07,-16.2137847638856
U6133,CMP8661,66995.36,Facebook Ads,2651.38,2426.810943734961
U6133,CMP8661,4714.98,Facebook Ads,2651.38,77.8311671657778
U8314,CMP6072,22695.1,LinkedIn Ads,4519.31,402.1806426202229
U8314,CMP6072,53285.38,LinkedIn Ads,4519.31,1079.0600777552324
U4182,CMP4741,56899.24,Instagram Ads,29028.35,96.01265659260689
U6159,CMP9385,41787.87,Email Marketing,13773.04,203.40338806828413
U6159,CMP9385,41787.87,YouTube Ads,110504.78,-62.18455889419444
U4843,CMP9836,27938.9,Email Marketing,30614.83,-8.740633215993688
U0349,CMP9319,46694.68,LinkedIn Ads,7398.74,531.1166495916873
U0349,CMP9319,46694.68,Facebook Ads,17388.01,168.5452791895105
U4824,CMP3186,42620.7,Facebook Ads,2828.2,1406.990311859133
U2540,CMP0898,34695.72,LinkedIn Ads,8445.62,310.81317890220015
U9203,CMP0501,17114.5,Email Marketing,23012.59,-25.629840013662086
U2270,CMP9870,2049.32,Instagram Ads,73753.07,-97.22137668303162
U2335,CMP4665,32985.51,Google Ads,61076.99,-45.99355665693414
U2403,CMP8999,7692.18,Facebook Ads,33034.92,-76.71500339640598
U2403,CMP8999,7692.18,Facebook Ads,77480.17,-90.07206618157909
U3550,CMP6266,60799.11,YouTube Ads,27641.67,119.95454688519183
U4128,CMP2388,40954.0,Facebook Ads,32741.1,25.084374074175887
U0483,CMP9628,17362.3,Instagram Ads,30638.68,-43.33208871922681
U1026,CMP8420,73489.05,LinkedIn Ads,59729.91,23.035594729675633
U1026,CMP8420,73489.05,Facebook Ads,10698.66,586.8995743392163
U5487,CMP8256,32324.42,Google Ads,17219.44,87.72050659022594
U5487,CMP8256,32324.42,Facebook Ads,3066.23,954.2072838632457
U5487,CMP8256,28607.97,Google Ads,17219.44,66.13763281500445
U5487,CMP8256,28607.97,Facebook Ads,3066.23,833.0014382482723
U0891,CMP4576,69645.62,Google Ads,34477.6,102.00251757662946
U0891,CMP4576,13906.3,Google Ads,34477.6,-59.66569598811983
U2354,CMP8550,17122.92,Facebook Ads,80289.27,-78.67346408804066
U6402,CMP4426,38632.05,YouTube Ads,70096.91,-44.887656246188314
U6402,CMP4426,38632.05,Google Ads,37494.36,3.0342963581722753
U6402,CMP4426,70762.62,YouTube Ads,70096.91,0.949699494599679
U6402,CMP4426,70762.62,Google Ads,37494.36,88.72870479720149
U2248,CMP2290,60051.03,Facebook Ads,17508.22,242.98763666437816
U2248,CMP2290,60051.03,Email Marketing,48761.4,23.15280119110607
U2638,CMP8063,45433.52,Email Marketing,145801.84,-68.8388569033148
U1101,CMP4318,63610.47,Google Ads,62116.94,2.404384375663062
U1101,CMP4318,34449.58,Google Ads,62116.94,-44.540764564384524
U1782,CMP2174,6626.96,Instagram Ads,8778.54,-24.509542589086575
U0008,CMP3358,56462.58,Facebook Ads,6646.32,749.5314700465823
U9396,CMP8410,14886.26,Email Marketing,12117.06,22.853728544712997
U0806,CMP1218,4298.08,Email Marketing,19528.06,-77.9902355891983
U7065,CMP6482,18310.68,Instagram Ads,7850.61,133.23894576345023
U7590,CMP4099,13396.12,Google Ads,46243.45,-71.03131362387536
U8786,CMP1232,15108.87,Google Ads,7629.71,98.02679263038831
U9937,CMP6880,32382.02,Facebook Ads,38230.24,-15.297366691917178
U8905,CMP3796,2914.9,YouTube Ads,9017.49,-67.67504039372375
U9644,CMP9379,32580.18,LinkedIn Ads,4727.89,589.1061340259608
U3866,CMP1950,60714.72,LinkedIn Ads,20646.99,194.06087763882286
U2801,CMP0254,26685.81,Instagram Ads,1746.29,1428.1430919263125
U8833,CMP2609,36622.0,Google Ads,27424.46,33.53772508191593
U8833,CMP2609,36622.0,Google Ads,8411.15,335.3982511309393
U8833,CMP2609,20419.47,Google Ads,27424.46,-25.542854809173992
U8833,CMP2609,20419.47,Google Ads,8411.15,142.7666846982874
U8833,CMP2609,2657.7,Google Ads,27424.46,-90.30901611189427
U8833,CMP2609,2657.7,Google Ads,8411.15,-68.40265599828798
U1192,CMP2464,42914.13,Email Marketing,15565.51,175.70012161503217
U4400,CMP9735,41387.8,Google Ads,57920.56,-28.54385385776656
U4400,CMP9735,45965.37,Google Ads,57920.56,-20.640667148245797
U5422,CMP8958,9806.9,Google Ads,10306.35,-4.846041518093221
U5422,CMP8958,54925.53,Google Ads,10306.35,432.92901948798556
U2130,CMP8885,63575.56,LinkedIn Ads,14389.89,341.80712986687183
U2130,CMP8885,63575.56,LinkedIn Ads,47313.14,34.371889077748804
U2130,CMP8885,63575.56,Instagram Ads,632.05,9958.628273079661
U2130,CMP8885,49019.5,LinkedIn Ads,14389.89,240.65236078941535
U2130,CMP8885,49019.5,LinkedIn Ads,47313.14,3.6065245299720132
U2130,CMP8885,49019.5,Instagram Ads,632.05,7655.636421169212
U5682,CMP8392,2294.91,YouTube Ads,15638.61,-85.32535819999349
U5682,CMP8392,38434.47,YouTube Ads,15638.61,145.76653551690336
U3855,CMP0587,29744.34,Email Marketing,29882.32,-0.4617446034979866
U4504,CMP8836,5463.46,Email Marketing,2958.4,84.67617631151974
U2457,CMP7560,59930.58,LinkedIn Ads,49020.34,22.25655717606203
U2457,CMP7560,33157.5,LinkedIn Ads,49020.34,-32.35971027536732
U0626,CMP2522,51356.04,Facebook Ads,53877.45,-4.679898547537043
U0850,CMP6531,2969.91,Email Marketing,42718.11,-93.04765590050683
U9326,CMP5905,10018.29,LinkedIn Ads,42577.71,-76.47057580128194
U4116,CMP8877,15560.4,Facebook Ads,98640.56,-84.2251503843855
U4116,CMP8877,34955.93,Facebook Ads,98640.56,-64.56231594792243
U2181,CMP3214,43521.94,Facebook Ads,14138.16,207.8331268000928
U1690,CMP6413,20109.09,LinkedIn Ads,23411.32,-14.10527044182045
U1690,CMP6413,20109.09,Facebook Ads,44158.1,-54.46115208761246
U2915,CMP5372,72670.63,Facebook Ads,52901.19,37.370501495334985
U9961,CMP6614,17348.86,Google Ads,14411.24,20.384227866581924
U9961,CMP6614,17348.86,YouTube Ads,18498.28,-6.213658783411206
U9961,CMP6614,27746.6,Google Ads,14411.24,92.5344383966959
U9961,CMP6614,27746.6,YouTube Ads,18498.28,49.99556715543283
U0421,CMP8266,2542.73,Google Ads,54872.35,-95.36609968408497
U0421,CMP8266,20266.56,Google Ads,54872.35,-63.0659886081059
U0421,CMP8266,4745.79,Google Ads,54872.35,-91.35121787202479
U4708,CMP9154,15166.35,Instagram Ads,2935.0,416.74105621805796
U7885,CMP1966,4231.58,Email Marketing,85683.98,-95.0614105460554
U5968,CMP5466,7299.39,YouTube Ads,18875.98,-61.329742879575
U5968,CMP5466,42669.4,YouTube Ads,18875.98,126.0513096538564
U2843,CMP7434,16674.22,Google Ads,85152.6,-80.41842527415487
U2843,CMP7434,16674.22,Google Ads,16519.95,0.9338405987911611
U7330,CMP7797,72015.17,YouTube Ads,10363.42,594.8977268121913
U7330,CMP7797,72015.17,Email Marketing,5647.46,1175.1780446430785
U0577,CMP2453,29182.72,Email Marketing,13705.63,112.92505342694939
U9914,CMP2000,50257.41,YouTube Ads,17313.33,190.2815922760093
U9914,CMP2000,50257.41,Email Marketing,46765.82,7.466115209783563
U9914,CMP2000,20922.39,YouTube Ads,17313.33,20.8455565740386
U9914,CMP2000,20922.39,Email Marketing,46765.82,-55.261363961970524
U6590,CMP3851,25318.82,YouTube Ads,80776.77,-68.65581527956614
U8298,CMP7015,33583.46,LinkedIn Ads,6731.07,398.93196772578506
U4582,CMP2746,55166.92,Facebook Ads,49081.93,12.397617616096184
U4990,CMP5960,61072.04,Instagram Ads,5222.47,1069.4091110145198
U4990,CMP5960,61072.04,Instagram Ads,26759.17,128.228454021556
U0703,CMP5445,48208.0,Google Ads,34072.36,41.48711741716746
U0703,CMP5445,48208.0,Google Ads,23924.86,101.49752182457912
U5341,CMP3803,1163.55,Google Ads,8069.13,-85.58022983890456
U9103,CMP7873,21830.28,Google Ads,23379.46,-6.626243719914833
U8039,CMP8517,52009.27,Instagram Ads,60178.01,-13.574293998754703
U8039,CMP8517,52009.27,YouTube Ads,58527.83,-11.137539184350427
U6772,CMP3639,10382.94,LinkedIn Ads,85924.63,-87.91622378821997
U6772,CMP3639,10382.94,Instagram Ads,3743.9,177.3295226902428
U3427,CMP8443,60549.82,Email Marketing,51987.05,16.470967288969074
U2070,CMP8903,65990.81,Google Ads,13064.61,405.1112126577065
U1473,CMP0117,20232.48,Email Marketing,2854.04,608.906672646494
U2705,CMP3342,53182.88,Email Marketing,32818.63,62.05088390344143
U4266,CMP7472,20473.05,Facebook Ads,16166.77,26.636613250513236
U1479,CMP6209,34427.82,Google Ads,16577.45,107.678623672519
U1479,CMP6209,34427.82,Facebook Ads,2597.85,1225.2427969282292
U2977,CMP9074,35556.36,Facebook Ads,16160.96,120.01391006474864
U9249,CMP7491,71784.3,Email Marketing,8836.12,712.3961648325283
U3508,CMP0480,22826.02,Instagram Ads,3943.19,478.87192856545084
U3508,CMP0480,55160.77,Instagram Ads,3943.19,1298.8869417907833
U9063,CMP5357,67330.46,Email Marketing,9142.07,636.4903134629249
U3330,CMP5959,20558.28,Email Marketing,41392.36,-50.33315326789774
U3586,CMP8014,19099.8,Email Marketing,117590.67,-83.75738483333754
U1909,CMP9356,61996.53,YouTube Ads,33110.91,87.23897953876832
U1909,CMP9356,61996.53,Instagram Ads,24953.8,148.44524681611617
U1145,CMP9540,19051.83,LinkedIn Ads,1211.85,1472.127738581508
U8034,CMP9764,43783.71,Google Ads,2530.66,1630.1300846419513
U8034,CMP9764,43783.71,LinkedIn Ads,62228.48,-29.640399379833802
U1615,CMP8503,54893.32,Facebook Ads,1061.94,5069.154566171346
U4347,CMP0890,60954.34,YouTube Ads,2397.68,2442.221647592673
U5724,CMP7629,55693.6,YouTube Ads,73870.61,-24.606551915572382
U8766,CMP6099,38815.23,Email Marketing,17062.63,127.48679423980947
U8766,CMP6099,74240.76,Email Marketing,17062.63,335.1073662149386
U8766,CMP6099,62960.7,Email Marketing,17062.63,268.9976281499393
U6355,CMP0663,43270.44,YouTube Ads,55157.13,-21.550595544039357
U6355,CMP0663,43270.44,Facebook Ads,3766.05,1048.96084757239
U3442,CMP9402,58586.66,Instagram Ads,3632.85,1512.6914130778866
U0394,CMP9457,36239.18,Facebook Ads,150893.56,-75.98361387987666
U9447,CMP8379,16373.47,Facebook Ads,11429.04,43.26198875846089
U0794,CMP8190,12020.22,Google Ads,36010.93,-66.62063434629431
U2288,CMP2579,58024.74,Google Ads,73467.42,-21.01976631274108
U2961,CMP1463,54334.05,Google Ads,7952.81,583.205684531631
U3244,CMP2229,16646.13,Email Marketing,69263.52,-75.9669592304867
U0220,CMP9370,49059.02,Facebook Ads,26595.43,84.4640977792049
U2886,CMP4940,2436.18,YouTube Ads,5651.96,-56.89672255288431
U9445,CMP6469,11897.01,LinkedIn Ads,26555.21,-55.1989609571907
U9445,CMP6469,11897.01,Email Marketing,22379.14,-46.83884188579185
U5734,CMP6154,55851.82,Facebook Ads,2072.91,2594.36782108244
U9560,CMP0021,7964.73,Facebook Ads,121187.35,-93.42775462950547
U9007,CMP1944,29512.12,Facebook Ads,8241.51,258.0911750395255
U0421,CMP2136,2542.73,Facebook Ads,3453.72,-26.377065888375427
U0421,CMP2136,20266.56,Facebook Ads,3453.72,486.8037941697648
U0421,CMP2136,4745.79,Facebook Ads,3453.72,37.41096556756194
U4554,CMP5929,46742.3,YouTube Ads,13163.25,255.0969555390956
U2130,CMP1399,63575.56,LinkedIn Ads,14137.31,349.70054416292777
U2130,CMP1399,49019.5,LinkedIn Ads,14137.31,246.73852380686284
U0125,CMP1754,65084.24,Instagram Ads,14300.71,355.1119489871482
U0125,CMP1754,65084.24,Instagram Ads,41957.09,55.12095810267109
U0125,CMP1754,65084.24,LinkedIn Ads,115468.28,-43.63452889399582
U8133,CMP4092,28116.03,YouTube Ads,21406.4,31.344037297256882
U8133,CMP4092,28116.03,Google Ads,1115.72,2419.9897823826764
U5703,CMP5051,63380.26,YouTube Ads,4396.91,1341.472761553
U7566,CMP4033,4026.18,Instagram Ads,4508.33,-10.694647463694984
U9075,CMP1942,30348.9,YouTube Ads,790.3,3740.174617233962
U0216,CMP1475,54712.16,LinkedIn Ads,20589.79,165.72471113109947
U5616,CMP7337,7019.3,Google Ads,3079.38,127.94523572927017
U3756,CMP0696,61115.04,LinkedIn Ads,6009.77,916.9281020737899
U2867,CMP5917,2590.66,YouTube Ads,16012.3,-83.82081275019829
U5822,CMP7129,32639.25,Facebook Ads,77261.85,-57.75502398661176
U3260,CMP8130,30641.55,Facebook Ads,40520.42,-24.379979279582983
U3260,CMP8130,30641.55,Google Ads,6690.85,357.96199287086085
U1294,CMP7201,39702.74,LinkedIn Ads,8571.5,363.1947733768885
U1294,CMP7201,39702.74,Instagram Ads,33211.96,19.543501798749606
U6603,CMP2265,23812.14,Email Marketing,627.6,3694.1586998087955
U7957,CMP9656,68609.26,Google Ads,974.91,6937.49679457591
U9045,CMP0322,56978.58,Email Marketing,55489.35,2.6838122991168634
U1078,CMP4417,19722.48,YouTube Ads,892.14,2110.6933889299885
U8142,CMP8223,74235.08,Google Ads,34372.27,115.97374860607115
U1971,CMP3665,26602.4,Email Marketing,2683.53,891.3211329852844
U1971,CMP3665,42073.24,Email Marketing,2683.53,1467.831922877702
U4697,CMP1673,43148.08,LinkedIn Ads,4409.51,878.5232372757971
U8445,CMP3823,53200.56,Facebook Ads,20695.35,157.06528278091457
U8445,CMP3823,22216.11,Facebook Ads,20695.35,7.348317375642364
U2706,CMP1867,45789.6,YouTube Ads,624.31,7234.4332142685535
U2706,CMP1867,2703.28,YouTube Ads,624.31,333.00283512998357
U1459,CMP0836,12508.11,YouTube Ads,77354.72,-83.83019161597379
U1372,CMP0450,52859.91,LinkedIn Ads,3767.44,1303.0723780604337
U1372,CMP0450,52859.91,Email Marketing,17908.79,195.16181718586236
U7350,CMP9365,73218.84,YouTube Ads,75220.14,-2.660590634370001
U8327,CMP0368,69659.62,Email Marketing,56171.75,24.011838691157024
U7394,CMP4261,31806.47,Instagram Ads,6279.42,406.51923266798525
U7394,CMP4261,55505.34,Instagram Ads,6279.42,783.92462998175
U8833,CMP9357,36622.0,LinkedIn Ads,31615.39,15.83599000360268
U8833,CMP9357,20419.47,LinkedIn Ads,31615.39,-35.41287961337816
U8833,CMP9357,2657.7,LinkedIn Ads,31615.39,-91.59365106677475
U2947,CMP0768,17012.25,LinkedIn Ads,28821.13,-40.97299446621282
U2947,CMP0768,7070.76,LinkedIn Ads,28821.13,-75.46674956880595
U8187,CMP6607,59516.14,Google Ads,26876.68,121.44156197863725
U9480,CMP6939,47927.6,YouTube Ads,13600.46,252.3969042223572
U1449,CMP0707,27079.8,YouTube Ads,28889.51,-6.264246087939876
U9064,CMP8100,54422.74,YouTube Ads,26223.04,107.53787508999717
U9064,CMP8100,54422.74,YouTube Ads,23035.82,136.2526708404563
U6524,CMP1754,4103.7,Instagram Ads,14300.71,-71.30422195821046
U6524,CMP1754,4103.7,Instagram Ads,41957.09,-90.21929309206145
U6524,CMP1754,4103.7,LinkedIn Ads,115468.28,-96.44603695491091
U6288,CMP6909,20413.72,Email Marketing,80213.39,-74.55073273925962
U1062,CMP7034,42391.86,Google Ads,21821.32,94.26808277409432
U6663,CMP6324,71748.63,Facebook Ads,19050.83,276.6168193196832
U6663,CMP6324,10035.54,Facebook Ads,19050.83,-47.32229514409608
U8222,CMP9403,40132.17,Facebook Ads,21275.62,88.62984956490104
U8222,CMP9403,66114.83,Facebook Ads,21275.62,210.75395217624683
U7294,CMP4236,72923.9,LinkedIn Ads,25567.85,185.21717704069758
U7294,CMP4236,32299.89,LinkedIn Ads,25567.85,26.330098150607117
U7294,CMP4236,51740.26,LinkedIn Ads,25567.85,102.36453201970446
U9610,CMP1039,56845.22,Google Ads,2201.02,2482.6762137554406
U7785,CMP2675,14603.6,LinkedIn Ads,21009.12,-30.489235151210515
U7785,CMP2675,14603.6,Facebook Ads,29513.71,-50.51926714736982
U0360,CMP0718,9894.78,Instagram Ads,17587.54,-43.73982944743835
U0360,CMP0718,71744.01,Instagram Ads,17587.54,307.9252129632683
U7028,CMP4950,65573.36,LinkedIn Ads,55639.34,17.85430955866839
U7028,CMP4950,65573.36,LinkedIn Ads,2742.46,2291.0416195678335
U7702,CMP4738,58100.68,Instagram Ads,4539.2,1179.9762072611916
U0686,CMP4239,54914.32,YouTube Ads,74390.42,-26.180924909417097
U7256,CMP6566,63698.48,LinkedIn Ads,5206.88,1123.352180192361
U6170,CMP3711,46522.76,Instagram Ads,57166.05,-18.618200837734985
U7215,CMP4080,42866.19,Facebook Ads,2527.02,1596.3138400170956
U7215,CMP4080,42866.19,Email Marketing,48354.17,-11.349548549794147
U0808,CMP1480,10756.5,YouTube Ads,38787.15,-72.26787737691478
U0808,CMP1480,10756.5,Instagram Ads,42971.57,-74.96833371459316
U6251,CMP2959,9169.09,Google Ads,156807.21,-94.15263494580384
U8812,CMP1288,32027.73,LinkedIn Ads,7257.49,341.30587847864757
U8812,CMP1288,32027.73,Email Marketing,91735.61,-65.08691662921302
U8812,CMP1288,32027.73,LinkedIn Ads,6881.56,365.4138015217479
U4259,CMP6731,4893.99,Email Marketing,8967.81,-45.427144419875084
U4934,CMP0126,72867.15,Google Ads,4949.32,1372.2658870309456
U4489,CMP2932,12661.04,Google Ads,34708.03,-63.52129463988593
U4489,CMP2932,32777.0,Google Ads,34708.03,-5.563640460147115
U5157,CMP0820,56902.77,Instagram Ads,11714.43,385.74937064799565
U5226,CMP8807,38351.82,Google Ads,60581.92,-36.69428106603422
U5226,CMP8807,964.29,Google Ads,60581.92,-98.40828748907265
U4229,CMP0474,10462.35,LinkedIn Ads,9553.99,9.507650730218481
U5473,CMP3020,17745.97,LinkedIn Ads,8341.6,112.74060132348711
U1941,CMP0151,45012.42,Email Marketing,37243.75,20.85898976338311
U1941,CMP0151,14192.52,Email Marketing,37243.75,-61.892881355932204
U6574,CMP7405,5749.42,LinkedIn Ads,80225.96,-92.83346687281772
U1513,CMP1699,71773.48,Google Ads,17891.96,301.14934305688143
U0246,CMP8472,39083.07,Email Marketing,1410.43,2671.003878249895
U0246,CMP8472,39083.07,YouTube Ads,9815.48,298.1778782087071
U2833,CMP7884,43535.26,Email Marketing,6739.15,546.0052083719758
U2833,CMP7884,43535.26,Email Marketing,21920.01,98.6096721671204
U2833,CMP7884,70676.31,Email Marketing,6739.15,948.7422004258697
U2833,CMP7884,70676.31,Email Marketing,21920.01,222.42827443965587
U4311,CMP0224,32305.36,Facebook Ads,28578.56,13.040545079948041
U4311,CMP0224,32305.36,Instagram Ads,22983.09,40.56143016452531
U7844,CMP1818,26419.65,Facebook Ads,3032.36,771.2570407207587
U2766,CMP6323,13731.02,YouTube Ads,6366.77,115.66697085021131
U5314,CMP2022,56617.29,Email Marketing,89821.53,-36.96690537335536
U5314,CMP2022,11527.29,Email Marketing,89821.53,-87.16645107247672
U6020,CMP4397,25886.53,Google Ads,3400.08,661.3506152796404
U7332,CMP3225,57577.23,Google Ads,6393.45,800.5658916547405
U3380,CMP8049,48646.06,Email Marketing,14958.9,225.19810948666012
U8830,CMP2726,61608.84,LinkedIn Ads,1024.36,5914.373852942325
U1103,CMP7779,62132.6,Facebook Ads,90150.48,-31.079013666926674
U1103,CMP7779,62132.6,Instagram Ads,3574.65,1638.144993216119
U3761,CMP5390,38100.82,Google Ads,37111.53,2.6657214078751292
U3761,CMP5390,38100.82,Email Marketing,9963.96,282.38632029835526
U0194,CMP4371,47851.92,YouTube Ads,24357.06,96.46016391140802
U4696,CMP8433,32305.11,Google Ads,66800.61,-51.639498501585535
U4696,CMP8433,32305.11,Facebook Ads,28291.51,14.186588131916617
U4291,CMP4569,40231.47,Instagram Ads,53704.74,-25.087673825438866
U3563,CMP8767,41770.98,Instagram Ads,12220.33,241.81548288794167
U8231,CMP5252,74446.96,Facebook Ads,10503.1,608.8093991297808
U8231,CMP5252,65654.42,Facebook Ads,10503.1,525.0956384305586
U8646,CMP6325,66589.32,YouTube Ads,47699.4,39.6020075724223
U2177,CMP9812,63101.12,Google Ads,28680.42,120.01463019021341
U9802,CMP2254,4129.26,Instagram Ads,6133.83,-32.68056010681743
U9802,CMP2254,53502.58,Instagram Ads,6133.83,772.2540402978237
U7366,CMP4388,9714.7,Facebook Ads,32275.64,-69.90082923220112
U7366,CMP4388,18441.33,Facebook Ads,32275.64,-42.863007518983345
U0493,CMP1691,42818.66,Facebook Ads,19279.38,122.09562755648781
U2749,CMP8472,61353.92,Email Marketing,1410.43,4250.015243578199
U2749,CMP8472,61353.92,YouTube Ads,9815.48,525.073047879472
U8553,CMP3033,28920.63,Facebook Ads,161.52,17805.293462109956
U0184,CMP0489,22688.78,YouTube Ads,119000.5,-80.93387842908223
U9061,CMP6287,18864.68,LinkedIn Ads,27828.27,-32.21037455795851
U9061,CMP6287,18864.68,Google Ads,5602.77,236.70273810989917
U4528,CMP1394,11015.26,YouTube Ads,20755.58,-46.928681347377434
U0572,CMP5069,58152.28,LinkedIn Ads,45058.12,29.060599954014936
U5398,CMP7489,62681.26,LinkedIn Ads,574.47,10811.145925809877
U6389,CMP0321,6231.56,Email Marketing,4997.15,24.702280299770887
U3684,CMP6439,20473.22,Instagram Ads,14464.17,41.54438173776996
U3684,CMP6439,33941.31,Instagram Ads,14464.17,134.65784763315142
U0688,CMP1648,28020.86,LinkedIn Ads,71357.76,-60.73186714381169
U2308,CMP3190,74426.7,Instagram Ads,9141.35,714.176243115076
U2308,CMP3190,74426.7,LinkedIn Ads,27428.94,171.34369756906392
U2308,CMP3190,42884.5,Instagram Ads,9141.35,369.1265513299458
U2308,CMP3190,42884.5,LinkedIn Ads,27428.94,56.347638661938824
U2308,CMP3190,31430.43,Instagram Ads,9141.35,243.8270058579969
U2308,CMP3190,31430.43,LinkedIn Ads,27428.94,14.588569591096126
U8651,CMP6640,42183.74,Facebook Ads,52893.64,-20.247992008112888
U7952,CMP9270,3024.64,Google Ads,87296.9,-96.5352263367886
U9329,CMP9689,52221.1,LinkedIn Ads,16031.0,225.75073295489986
U9329,CMP9689,2177.2,LinkedIn Ads,16031.0,-86.4188135487493
U5874,CMP2073,13371.51,Google Ads,3227.09,314.3519393633273
U5874,CMP2073,43615.44,Google Ads,3227.09,1251.5408618910535
U0096,CMP3061,11085.62,LinkedIn Ads,4000.67,177.09408674047097
U7546,CMP7553,53175.42,Instagram Ads,33853.1,57.076958978645976
U1583,CMP2261,62732.84,LinkedIn Ads,21211.45,195.7498898000844
U2258,CMP2371,12831.87,Instagram Ads,19405.63,-33.87552993641536
U4331,CMP7824,10542.86,Instagram Ads,18493.22,-42.990674420138845
U5226,CMP9070,38351.82,Email Marketing,5380.22,612.829958626227
U5226,CMP9070,38351.82,Instagram Ads,43869.78,-12.578043473206382
U5226,CMP9070,964.29,Email Marketing,5380.22,-82.07712695763371
U5226,CMP9070,964.29,Instagram Ads,43869.78,-97.80192651980475
U9413,CMP2319,73841.31,Facebook Ads,1312.82,5524.633232278606
U9413,CMP2319,73841.31,Facebook Ads,70179.38,5.217957183434782
U9413,CMP2319,5455.17,Facebook Ads,1312.82,315.5306896604257
U9413,CMP2319,5455.17,Facebook Ads,70179.38,-92.2268193306923
U7527,CMP3598,10848.93,Google Ads,1080.72,903.8613146791029
U7527,CMP3598,10848.93,Email Marketing,24927.5,-56.47806639253836
U5376,CMP7701,21808.16,Instagram Ads,22569.48,-3.3732279166378656
U5376,CMP7701,21808.16,Facebook Ads,25731.32,-15.246633285816664
U5376,CMP7701,7355.24,Instagram Ads,22569.48,-67.41068026378986
U5376,CMP7701,7355.24,Facebook Ads,25731.32,-71.41522471447249
U1477,CMP8466,29669.34,Instagram Ads,21630.95,37.161520876336915
U1477,CMP8466,29669.34,Facebook Ads,16884.8,75.71626551691463
U9216,CMP8885,24283.08,LinkedIn Ads,14389.89,68.75097724860998
U9216,CMP8885,24283.08,LinkedIn Ads,47313.14,-48.67582240367052
U9216,CMP8885,24283.08,Instagram Ads,632.05,3741.9555414919714
U9216,CMP8885,71197.76,LinkedIn Ads,14389.89,394.77626305691007
U9216,CMP8885,71197.76,LinkedIn Ads,47313.14,50.48200140595191
U9216,CMP8885,71197.76,Instagram Ads,632.05,11164.577169527725
U1790,CMP1904,18516.69,YouTube Ads,764.57,2321.843650679467
U1790,CMP1904,22514.58,YouTube Ads,764.57,2844.737564905764
U1790,CMP1904,14555.28,YouTube Ads,764.57,1803.721045816603
U0873,CMP0715,4005.87,Email Marketing,36466.76,-89.01500983361285
U7928,CMP1162,74107.1,Facebook Ads,37301.2,98.67216068115773
U7928,CMP1162,74107.1,LinkedIn Ads,37764.67,96.23394034689039
U2308,CMP8261,74426.7,Facebook Ads,1001.42,7332.116394719499
U2308,CMP8261,74426.7,Email Marketing,44917.28,65.69725504304802
U2308,CMP8261,74426.7,YouTube Ads,40225.78,85.02239111336063
U2308,CMP8261,42884.5,Facebook Ads,1001.42,4182.369035968924
U2308,CMP8261,42884.5,Email Marketing,44917.28,-4.5256079620137255
U2308,CMP8261,42884.5,YouTube Ads,40225.78,6.609492718351269
U2308,CMP8261,31430.43,Facebook Ads,1001.42,3038.5862075852297
U2308,CMP8261,31430.43,Email Marketing,44917.28,-30.025972187095924
U2308,CMP8261,31430.43,YouTube Ads,40225.78,-21.864958243196277
U4572,CMP9390,62847.68,Facebook Ads,13794.25,355.60780760099317
U1355,CMP8433,6001.2,Google Ads,66800.61,-91.0162497019114
U1355,CMP8433,6001.2,Facebook Ads,28291.51,-78.78798268455802
U6608,CMP5445,5852.52,Google Ads,34072.36,-82.82326202235477
U6608,CMP5445,5852.52,Google Ads,23924.86,-75.5379132835051
U3965,CMP4863,40098.02,Facebook Ads,60435.69,-33.65175445171554
U3175,CMP4473,74237.19,YouTube Ads,5719.94,1197.86658601314
U5209,CMP4909,73618.74,YouTube Ads,19912.24,269.7160138688565
U0870,CMP4882,21294.99,LinkedIn Ads,3849.57,453.17840693895687
U5968,CMP6447,7299.39,Instagram Ads,42933.47,-82.99836933748891
U5968,CMP6447,42669.4,Instagram Ads,42933.47,-0.6150679178738633
U1756,CMP0160,52712.91,YouTube Ads,11394.32,362.62444797056787
U1366,CMP0452,38432.64,Email Marketing,40860.87,-5.942678166177086
U1366,CMP0452,38432.64,Email Marketing,15952.24,140.9231556195243
U7294,CMP1553,72923.9,YouTube Ads,1806.62,3936.482492167695
U7294,CMP1553,32299.89,YouTube Ads,1806.62,1687.8629706302377
U7294,CMP1553,51740.26,YouTube Ads,1806.62,2763.926005468776
U3831,CMP2756,70581.88,Email Marketing,3867.6,1724.9529423932156
U9272,CMP2903,12474.72,Google Ads,1854.68,572.6076735609377
U5686,CMP0832,44423.9,Google Ads,8057.58,451.330548378049
U1637,CMP5568,63455.97,Instagram Ads,1701.37,3629.698419508984
U1637,CMP5568,63455.97,Facebook Ads,36207.19,75.2579252905293
U1637,CMP5568,63455.97,Google Ads,7723.08,721.6407184698332
U6000,CMP9748,17872.02,YouTube Ads,29173.43,-38.738708475486085
U6000,CMP9748,17872.02,YouTube Ads,6136.82,191.22607474229326
U3543,CMP1078,15842.31,Google Ads,1891.86,737.3933589166218
U3515,CMP9486,46159.42,Google Ads,1039.83,4339.13139647827
U3628,CMP4657,46441.48,Google Ads,8944.12,419.2403500847484
U6125,CMP2856,11628.21,YouTube Ads,45581.24,-74.48904417694648
U9329,CMP6356,52221.1,Google Ads,1059.55,4828.611202869142
U9329,CMP6356,2177.2,Google Ads,1059.55,105.48345995941672
U7824,CMP7021,52387.31,YouTube Ads,1508.48,3372.854131310988
U3176,CMP7848,43893.2,YouTube Ads,41684.64,5.298258543194802
U6177,CMP6144,1347.7,Facebook Ads,477.92,181.992802142618
U5130,CMP5701,29793.86,Instagram Ads,28186.72,5.701763099785996
U5130,CMP5701,29793.86,Google Ads,6592.18,351.95762251637547
U3061,CMP1733,58598.06,LinkedIn Ads,12215.05,379.72018125181637
U9361,CMP3627,74783.1,Instagram Ads,3088.03,2321.70898598783
U9361,CMP3627,67006.77,Instagram Ads,3088.03,2069.887274411194
U9106,CMP0761,18790.95,Instagram Ads,996.53,1785.6381644305743
U0107,CMP1912,71858.31,Google Ads,33545.92,114.20879200808922
U7392,CMP7480,4704.33,Google Ads,34011.37,-86.16836075700567
U7392,CMP7480,4704.33,Instagram Ads,65448.5,-92.81216529026639
U7392,CMP7480,4704.33,Instagram Ads,75221.92,-93.74606497680463
U7392,CMP7480,14565.56,Google Ads,34011.37,-57.17443901848118
U7392,CMP7480,14565.56,Instagram Ads,65448.5,-77.74500561510196
U7392,CMP7480,14565.56,Instagram Ads,75221.92,-80.63654849543856
U6476,CMP9723,15928.41,Email Marketing,63094.76,-74.75478153811824
U6476,CMP9723,18590.0,Email Marketing,63094.76,-70.53638051717766
U8531,CMP2936,35049.33,Google Ads,24871.32,40.92267720410498
U1877,CMP0405,12786.12,Email Marketing,2725.78,369.0811437460103
U1622,CMP9024,49773.81,Google Ads,8281.5,501.02408983879724
U0071,CMP5777,7763.91,YouTube Ads,31474.95,-75.33305056878565
U0071,CMP5777,7763.91,YouTube Ads,14015.35,-44.604237496744645
U9016,CMP1837,33976.86,YouTube Ads,21155.52,60.60517538684939
U9016,CMP1837,44449.18,YouTube Ads,21155.52,110.10677118785073
U1544,CMP9323,4050.93,Email Marketing,111366.1,-96.36251067425367
U9894,CMP5566,73447.4,Facebook Ads,70459.0,4.241331838374082
U4524,CMP2533,4716.46,YouTube Ads,72543.83,-93.4984684431467
U2911,CMP8420,22620.0,LinkedIn Ads,59729.91,-62.12952606156614
U2911,CMP8420,22620.0,Facebook Ads,10698.66,111.4283471014127
U4546,CMP3747,49371.4,Facebook Ads,9181.16,437.74686423066373
U5897,CMP2158,7231.82,Email Marketing,27292.63,-73.50266353957095
U5897,CMP2158,15438.51,Email Marketing,27292.63,-43.43341041152868
U5897,CMP2158,15324.02,Email Marketing,27292.63,-43.85290094798486
U3406,CMP2074,53793.76,Email Marketing,1244.69,4221.860061541427
U2084,CMP3589,28440.1,Facebook Ads,15454.56,84.02400327152633
U6671,CMP0679,44325.28,Facebook Ads,8008.02,453.51110511712005
U6671,CMP0679,964.28,Facebook Ads,8008.02,-87.95857153203913
U7487,CMP0942,67804.68,Instagram Ads,72255.72,-6.160121302507273
U2653,CMP8803,43227.44,Facebook Ads,6071.4,611.9847152221893
U2653,CMP8803,51435.74,Facebook Ads,6071.4,747.1808808512039
U2608,CMP1213,16949.1,LinkedIn Ads,28190.01,-39.87550908992228
U1096,CMP0478,12793.53,Instagram Ads,36967.11,-65.39212829999424
U0916,CMP1330,47340.82,Email Marketing,15742.8,200.71410422542368
U0916,CMP1330,47340.82,Facebook Ads,10017.03,372.6033564839079
U0916,CMP1330,66446.26,Email Marketing,15742.8,322.0739639708311
U0916,CMP1330,66446.26,Facebook Ads,10017.03,563.3329439963741
U6278,CMP6844,69792.23,LinkedIn Ads,110995.01,-37.12129040755976
U9523,CMP9345,49460.01,YouTube Ads,26620.14,85.79921067282142
U3682,CMP7070,48842.44,LinkedIn Ads,17058.32,186.3262032837935
U3682,CMP7070,71242.05,LinkedIn Ads,17058.32,317.6381378705523
U3682,CMP7070,1383.81,LinkedIn Ads,17058.32,-91.88777089420294
U6314,CMP9905,62676.23,LinkedIn Ads,11106.51,464.319754810467
U2252,CMP4842,52385.4,Facebook Ads,15211.9,244.37118308692538
U0644,CMP2479,71223.92,Google Ads,147397.07,-51.67887665609635
U5098,CMP1608,45358.29,Email Marketing,34183.79,32.68947065261049
U2196,CMP6231,66755.54,Google Ads,70119.46,-4.797412872261156
U2196,CMP6231,66755.54,Instagram Ads,10733.4,521.9421618499263
U3315,CMP0944,6507.96,Instagram Ads,12756.1,-48.98158528076764
U4376,CMP5994,54786.5,Email Marketing,39750.23,37.82687546713565
U6577,CMP9236,54250.98,Email Marketing,17366.38,212.3908379293785
U7737,CMP5497,69891.1,Facebook Ads,20432.62,242.05647635985991
U2073,CMP8238,21952.14,LinkedIn Ads,3020.08,626.8727980715742
U5020,CMP8774,26120.52,Email Marketing,1628.9,1503.568052059672
U9433,CMP6539,63062.25,YouTube Ads,11563.87,445.33862798526786
U9433,CMP6539,63434.79,YouTube Ads,11563.87,448.56021383844677
U2240,CMP1849,54017.28,Google Ads,91740.68,-41.119599287905864
U2240,CMP1849,54017.28,Facebook Ads,4999.02,980.5573892482923
U0863,CMP4354,41176.29,Facebook Ads,19827.66,107.67095058115785
U5062,CMP4061,4895.86,Facebook Ads,7790.76,-37.1581206454826
U0297,CMP6761,51704.68,Facebook Ads,48748.88,6.063318788041906
U1301,CMP8122,18919.95,YouTube Ads,7070.93,167.5737137830526
U1301,CMP8122,33912.58,YouTube Ads,7070.93,379.605653004626
U4578,CMP9126,68008.89,Instagram Ads,8198.32,729.5466632188059
U8161,CMP7548,15154.17,Instagram Ads,50517.76,-70.00229226315656
U5595,CMP2681,39054.88,Email Marketing,6774.99,476.45664421644904
U5595,CMP2681,33769.68,Email Marketing,6774.99,398.4461969685565
U3086,CMP2164,9027.03,YouTube Ads,48052.28,-81.21414842334225
U7198,CMP1015,69622.18,Email Marketing,10239.73,579.9220291941292
U0415,CMP5333,18998.88,Email Marketing,107324.19,-82.29767212778405
U0415,CMP5333,51419.56,Email Marketing,107324.19,-52.089496319515675
U3193,CMP2098,58361.42,Google Ads,12759.77,357.3861441076132
U3193,CMP2098,45612.99,Google Ads,12759.77,257.47501718291164
U8669,CMP9399,37457.5,Email Marketing,30181.58,24.10715409862571
U5752,CMP0575,28962.57,Facebook Ads,4147.99,598.2314325733669
U5752,CMP0575,58335.74,Facebook Ads,4147.99,1306.3616353944922
U7941,CMP0439,54145.89,Facebook Ads,71959.15,-24.754683733757272
U7941,CMP0439,54145.89,YouTube Ads,39039.9,38.69372103924446
U2769,CMP5772,57986.19,Email Marketing,65251.54,-11.134373227053336
U9961,CMP3717,17348.86,Email Marketing,57389.82,-69.77014390357036
U9961,CMP3717,27746.6,Email Marketing,57389.82,-51.652401070433754
U1428,CMP3639,35613.52,LinkedIn Ads,85924.63,-58.552605929173055
U1428,CMP3639,35613.52,Instagram Ads,3743.9,851.2412190496539
U9948,CMP0803,38295.74,Instagram Ads,23450.49,63.30464736557742
U9948,CMP0803,38295.74,YouTube Ads,4843.51,690.6609050048414
U2556,CMP3276,48626.85,LinkedIn Ads,414.92,11619.57244770076
U1469,CMP9071,45071.66,Facebook Ads,68926.23,-34.60884194594713
U1469,CMP9071,32895.03,Facebook Ads,68926.23,-52.275019248840394
U1469,CMP9071,51136.68,Facebook Ads,68926.23,-25.809550297470203
U1469,CMP9071,21184.78,Facebook Ads,68926.23,-69.26456009562688
U1469,CMP9071,63254.73,Facebook Ads,68926.23,-8.228362410072323
U5314,CMP4295,56617.29,YouTube Ads,30942.95,82.97314897254464
U5314,CMP4295,11527.29,YouTube Ads,30942.95,-62.74663534019865
U8329,CMP3551,50606.97,Email Marketing,12073.93,319.14248301919923
U8329,CMP3551,56762.82,Email Marketing,12073.93,370.1271251365545
